series_id,country,period,value,unit,frequency,published_at,source_url,note
industry_janfeb_yoy,CHN,1999-02,10.6,%,M,,https://data.stats.gov.cn/dg/website/publicrelease/web/external/stream/esData,来源指标：规上工业增加值累计增长 (%)；原始值 10.6；目录 3f2e14f0542348ed9fe02476eca3450b；YYYY-02表示当年1—2月累计同比，不是2月单月
industry_janfeb_yoy,CHN,2000-02,10.4,%,M,,https://data.stats.gov.cn/dg/website/publicrelease/web/external/stream/esData,来源指标：规上工业增加值累计增长 (%)；原始值 10.4；目录 3f2e14f0542348ed9fe02476eca3450b；YYYY-02表示当年1—2月累计同比，不是2月单月
industry_janfeb_yoy,CHN,2001-02,10.2,%,M,,https://data.stats.gov.cn/dg/website/publicrelease/web/external/stream/esData,来源指标：规上工业增加值累计增长 (%)；原始值 10.2；目录 3f2e14f0542348ed9fe02476eca3450b；YYYY-02表示当年1—2月累计同比，不是2月单月
industry_janfeb_yoy,CHN,2002-02,10.9,%,M,,https://data.stats.gov.cn/dg/website/publicrelease/web/external/stream/esData,来源指标：规上工业增加值累计增长 (%)；原始值 10.9；目录 3f2e14f0542348ed9fe02476eca3450b；YYYY-02表示当年1—2月累计同比，不是2月单月
industry_janfeb_yoy,CHN,2003-02,17.5,%,M,,https://data.stats.gov.cn/dg/website/publicrelease/web/external/stream/esData,来源指标：规上工业增加值累计增长 (%)；原始值 17.5；目录 3f2e14f0542348ed9fe02476eca3450b；YYYY-02表示当年1—2月累计同比，不是2月单月
industry_janfeb_yoy,CHN,2004-02,16.6,%,M,,https://data.stats.gov.cn/dg/website/publicrelease/web/external/stream/esData,来源指标：规上工业增加值累计增长 (%)；原始值 16.6；目录 3f2e14f0542348ed9fe02476eca3450b；YYYY-02表示当年1—2月累计同比，不是2月单月
industry_janfeb_yoy,CHN,2005-02,16.9,%,M,,https://data.stats.gov.cn/dg/website/publicrelease/web/external/stream/esData,来源指标：规上工业增加值累计增长 (%)；原始值 16.9；目录 3f2e14f0542348ed9fe02476eca3450b；YYYY-02表示当年1—2月累计同比，不是2月单月
industry_janfeb_yoy,CHN,2006-02,16.2,%,M,,https://data.stats.gov.cn/dg/website/publicrelease/web/external/stream/esData,来源指标：规上工业增加值累计增长 (%)；原始值 16.2；目录 3f2e14f0542348ed9fe02476eca3450b；YYYY-02表示当年1—2月累计同比，不是2月单月
industry_janfeb_yoy,CHN,2007-02,18.5,%,M,,https://data.stats.gov.cn/dg/website/publicrelease/web/external/stream/esData,来源指标：规上工业增加值累计增长 (%)；原始值 18.5；目录 3f2e14f0542348ed9fe02476eca3450b；YYYY-02表示当年1—2月累计同比，不是2月单月
industry_janfeb_yoy,CHN,2008-02,15.4,%,M,,https://data.stats.gov.cn/dg/website/publicrelease/web/external/stream/esData,来源指标：规上工业增加值累计增长 (%)；原始值 15.4；目录 3f2e14f0542348ed9fe02476eca3450b；YYYY-02表示当年1—2月累计同比，不是2月单月
industry_janfeb_yoy,CHN,2009-02,3.8,%,M,,https://data.stats.gov.cn/dg/website/publicrelease/web/external/stream/esData,来源指标：规上工业增加值累计增长 (%)；原始值 3.8；目录 3f2e14f0542348ed9fe02476eca3450b；YYYY-02表示当年1—2月累计同比，不是2月单月
industry_janfeb_yoy,CHN,2010-02,20.7,%,M,,https://data.stats.gov.cn/dg/website/publicrelease/web/external/stream/esData,来源指标：规上工业增加值累计增长 (%)；原始值 20.7；目录 3f2e14f0542348ed9fe02476eca3450b；YYYY-02表示当年1—2月累计同比，不是2月单月
industry_janfeb_yoy,CHN,2011-02,14.1,%,M,,https://data.stats.gov.cn/dg/website/publicrelease/web/external/stream/esData,来源指标：规上工业增加值累计增长 (%)；原始值 14.1；目录 3f2e14f0542348ed9fe02476eca3450b；YYYY-02表示当年1—2月累计同比，不是2月单月
industry_janfeb_yoy,CHN,2012-02,11.4,%,M,,https://data.stats.gov.cn/dg/website/publicrelease/web/external/stream/esData,来源指标：规上工业增加值累计增长 (%)；原始值 11.4；目录 3f2e14f0542348ed9fe02476eca3450b；YYYY-02表示当年1—2月累计同比，不是2月单月
industry_janfeb_yoy,CHN,2013-02,9.9,%,M,,https://data.stats.gov.cn/dg/website/publicrelease/web/external/stream/esData,来源指标：规上工业增加值累计增长 (%)；原始值 9.9；目录 3f2e14f0542348ed9fe02476eca3450b；YYYY-02表示当年1—2月累计同比，不是2月单月
industry_janfeb_yoy,CHN,2014-02,8.6,%,M,,https://data.stats.gov.cn/dg/website/publicrelease/web/external/stream/esData,来源指标：规上工业增加值累计增长 (%)；原始值 8.6；目录 3f2e14f0542348ed9fe02476eca3450b；YYYY-02表示当年1—2月累计同比，不是2月单月
industry_janfeb_yoy,CHN,2015-02,6.8,%,M,,https://data.stats.gov.cn/dg/website/publicrelease/web/external/stream/esData,来源指标：规上工业增加值累计增长 (%)；原始值 6.8；目录 3f2e14f0542348ed9fe02476eca3450b；YYYY-02表示当年1—2月累计同比，不是2月单月
industry_janfeb_yoy,CHN,2016-02,5.4,%,M,,https://data.stats.gov.cn/dg/website/publicrelease/web/external/stream/esData,来源指标：规上工业增加值累计增长 (%)；原始值 5.4；目录 3f2e14f0542348ed9fe02476eca3450b；YYYY-02表示当年1—2月累计同比，不是2月单月
industry_janfeb_yoy,CHN,2017-02,6.3,%,M,,https://data.stats.gov.cn/dg/website/publicrelease/web/external/stream/esData,来源指标：规上工业增加值累计增长 (%)；原始值 6.3；目录 3f2e14f0542348ed9fe02476eca3450b；YYYY-02表示当年1—2月累计同比，不是2月单月
industry_janfeb_yoy,CHN,2018-02,7.2,%,M,,https://data.stats.gov.cn/dg/website/publicrelease/web/external/stream/esData,来源指标：规上工业增加值累计增长 (%)；原始值 7.2；目录 3f2e14f0542348ed9fe02476eca3450b；YYYY-02表示当年1—2月累计同比，不是2月单月
industry_janfeb_yoy,CHN,2019-02,5.3,%,M,,https://data.stats.gov.cn/dg/website/publicrelease/web/external/stream/esData,来源指标：规上工业增加值累计增长 (%)；原始值 5.3；目录 3f2e14f0542348ed9fe02476eca3450b；YYYY-02表示当年1—2月累计同比，不是2月单月
industry_janfeb_yoy,CHN,2020-02,-13.5,%,M,,https://data.stats.gov.cn/dg/website/publicrelease/web/external/stream/esData,来源指标：规上工业增加值累计增长 (%)；原始值 -13.5；目录 3f2e14f0542348ed9fe02476eca3450b；YYYY-02表示当年1—2月累计同比，不是2月单月
industry_janfeb_yoy,CHN,2021-02,35.1,%,M,,https://data.stats.gov.cn/dg/website/publicrelease/web/external/stream/esData,来源指标：规上工业增加值累计增长 (%)；原始值 35.1；目录 3f2e14f0542348ed9fe02476eca3450b；YYYY-02表示当年1—2月累计同比，不是2月单月
industry_janfeb_yoy,CHN,2022-02,7.5,%,M,,https://data.stats.gov.cn/dg/website/publicrelease/web/external/stream/esData,来源指标：规上工业增加值累计增长 (%)；原始值 7.5；目录 3f2e14f0542348ed9fe02476eca3450b；YYYY-02表示当年1—2月累计同比，不是2月单月
industry_janfeb_yoy,CHN,2023-02,2.4,%,M,,https://data.stats.gov.cn/dg/website/publicrelease/web/external/stream/esData,来源指标：规上工业增加值累计增长 (%)；原始值 2.4；目录 3f2e14f0542348ed9fe02476eca3450b；YYYY-02表示当年1—2月累计同比，不是2月单月
industry_janfeb_yoy,CHN,2024-02,7.0,%,M,,https://data.stats.gov.cn/dg/website/publicrelease/web/external/stream/esData,来源指标：规上工业增加值累计增长 (%)；原始值 7.0；目录 3f2e14f0542348ed9fe02476eca3450b；YYYY-02表示当年1—2月累计同比，不是2月单月
industry_janfeb_yoy,CHN,2025-02,5.9,%,M,,https://data.stats.gov.cn/dg/website/publicrelease/web/external/stream/esData,来源指标：规上工业增加值累计增长 (%)；原始值 5.9；目录 3f2e14f0542348ed9fe02476eca3450b；YYYY-02表示当年1—2月累计同比，不是2月单月
industry_janfeb_yoy,CHN,2026-02,6.3,%,M,,https://data.stats.gov.cn/dg/website/publicrelease/web/external/stream/esData,来源指标：规上工业增加值累计增长 (%)；原始值 6.3；目录 3f2e14f0542348ed9fe02476eca3450b；YYYY-02表示当年1—2月累计同比，不是2月单月
industry_yoy,CHN,1998-07,7.6,%,M,,https://data.stats.gov.cn/dg/website/publicrelease/web/external/stream/esData,来源指标：规上工业增加值同比增长 (%)；原始值 7.6；目录 3f2e14f0542348ed9fe02476eca3450b；2011年规上起点从500万元提高至2000万元；2013年起1—2月合并调查
industry_yoy,CHN,1998-08,7.9,%,M,,https://data.stats.gov.cn/dg/website/publicrelease/web/external/stream/esData,来源指标：规上工业增加值同比增长 (%)；原始值 7.9；目录 3f2e14f0542348ed9fe02476eca3450b；2011年规上起点从500万元提高至2000万元；2013年起1—2月合并调查
industry_yoy,CHN,1998-09,10.2,%,M,,https://data.stats.gov.cn/dg/website/publicrelease/web/external/stream/esData,来源指标：规上工业增加值同比增长 (%)；原始值 10.2；目录 3f2e14f0542348ed9fe02476eca3450b；2011年规上起点从500万元提高至2000万元；2013年起1—2月合并调查
industry_yoy,CHN,1998-10,10.6,%,M,,https://data.stats.gov.cn/dg/website/publicrelease/web/external/stream/esData,来源指标：规上工业增加值同比增长 (%)；原始值 10.6；目录 3f2e14f0542348ed9fe02476eca3450b；2011年规上起点从500万元提高至2000万元；2013年起1—2月合并调查
industry_yoy,CHN,1998-11,11.0,%,M,,https://data.stats.gov.cn/dg/website/publicrelease/web/external/stream/esData,来源指标：规上工业增加值同比增长 (%)；原始值 11.0；目录 3f2e14f0542348ed9fe02476eca3450b；2011年规上起点从500万元提高至2000万元；2013年起1—2月合并调查
industry_yoy,CHN,1998-12,11.5,%,M,,https://data.stats.gov.cn/dg/website/publicrelease/web/external/stream/esData,来源指标：规上工业增加值同比增长 (%)；原始值 11.5；目录 3f2e14f0542348ed9fe02476eca3450b；2011年规上起点从500万元提高至2000万元；2013年起1—2月合并调查
industry_yoy,CHN,1999-02,2.1,%,M,,https://data.stats.gov.cn/dg/website/publicrelease/web/external/stream/esData,来源指标：规上工业增加值同比增长 (%)；原始值 2.1；目录 3f2e14f0542348ed9fe02476eca3450b；2011年规上起点从500万元提高至2000万元；2013年起1—2月合并调查
industry_yoy,CHN,1999-03,9.0,%,M,,https://data.stats.gov.cn/dg/website/publicrelease/web/external/stream/esData,来源指标：规上工业增加值同比增长 (%)；原始值 9.0；目录 3f2e14f0542348ed9fe02476eca3450b；2011年规上起点从500万元提高至2000万元；2013年起1—2月合并调查
industry_yoy,CHN,1999-04,9.1,%,M,,https://data.stats.gov.cn/dg/website/publicrelease/web/external/stream/esData,来源指标：规上工业增加值同比增长 (%)；原始值 9.1；目录 3f2e14f0542348ed9fe02476eca3450b；2011年规上起点从500万元提高至2000万元；2013年起1—2月合并调查
industry_yoy,CHN,1999-05,8.9,%,M,,https://data.stats.gov.cn/dg/website/publicrelease/web/external/stream/esData,来源指标：规上工业增加值同比增长 (%)；原始值 8.9；目录 3f2e14f0542348ed9fe02476eca3450b；2011年规上起点从500万元提高至2000万元；2013年起1—2月合并调查
industry_yoy,CHN,1999-06,9.1,%,M,,https://data.stats.gov.cn/dg/website/publicrelease/web/external/stream/esData,来源指标：规上工业增加值同比增长 (%)；原始值 9.1；目录 3f2e14f0542348ed9fe02476eca3450b；2011年规上起点从500万元提高至2000万元；2013年起1—2月合并调查
industry_yoy,CHN,1999-07,9.3,%,M,,https://data.stats.gov.cn/dg/website/publicrelease/web/external/stream/esData,来源指标：规上工业增加值同比增长 (%)；原始值 9.3；目录 3f2e14f0542348ed9fe02476eca3450b；2011年规上起点从500万元提高至2000万元；2013年起1—2月合并调查
industry_yoy,CHN,1999-08,9.5,%,M,,https://data.stats.gov.cn/dg/website/publicrelease/web/external/stream/esData,来源指标：规上工业增加值同比增长 (%)；原始值 9.5；目录 3f2e14f0542348ed9fe02476eca3450b；2011年规上起点从500万元提高至2000万元；2013年起1—2月合并调查
industry_yoy,CHN,1999-09,8.2,%,M,,https://data.stats.gov.cn/dg/website/publicrelease/web/external/stream/esData,来源指标：规上工业增加值同比增长 (%)；原始值 8.2；目录 3f2e14f0542348ed9fe02476eca3450b；2011年规上起点从500万元提高至2000万元；2013年起1—2月合并调查
industry_yoy,CHN,1999-10,7.0,%,M,,https://data.stats.gov.cn/dg/website/publicrelease/web/external/stream/esData,来源指标：规上工业增加值同比增长 (%)；原始值 7.0；目录 3f2e14f0542348ed9fe02476eca3450b；2011年规上起点从500万元提高至2000万元；2013年起1—2月合并调查
industry_yoy,CHN,1999-11,7.6,%,M,,https://data.stats.gov.cn/dg/website/publicrelease/web/external/stream/esData,来源指标：规上工业增加值同比增长 (%)；原始值 7.6；目录 3f2e14f0542348ed9fe02476eca3450b；2011年规上起点从500万元提高至2000万元；2013年起1—2月合并调查
industry_yoy,CHN,1999-12,7.4,%,M,,https://data.stats.gov.cn/dg/website/publicrelease/web/external/stream/esData,来源指标：规上工业增加值同比增长 (%)；原始值 7.4；目录 3f2e14f0542348ed9fe02476eca3450b；2011年规上起点从500万元提高至2000万元；2013年起1—2月合并调查
industry_yoy,CHN,2000-02,12.0,%,M,,https://data.stats.gov.cn/dg/website/publicrelease/web/external/stream/esData,来源指标：规上工业增加值同比增长 (%)；原始值 12.0；目录 3f2e14f0542348ed9fe02476eca3450b；2011年规上起点从500万元提高至2000万元；2013年起1—2月合并调查
industry_yoy,CHN,2000-03,11.9,%,M,,https://data.stats.gov.cn/dg/website/publicrelease/web/external/stream/esData,来源指标：规上工业增加值同比增长 (%)；原始值 11.9；目录 3f2e14f0542348ed9fe02476eca3450b；2011年规上起点从500万元提高至2000万元；2013年起1—2月合并调查
industry_yoy,CHN,2000-04,11.4,%,M,,https://data.stats.gov.cn/dg/website/publicrelease/web/external/stream/esData,来源指标：规上工业增加值同比增长 (%)；原始值 11.4；目录 3f2e14f0542348ed9fe02476eca3450b；2011年规上起点从500万元提高至2000万元；2013年起1—2月合并调查
industry_yoy,CHN,2000-05,11.5,%,M,,https://data.stats.gov.cn/dg/website/publicrelease/web/external/stream/esData,来源指标：规上工业增加值同比增长 (%)；原始值 11.5；目录 3f2e14f0542348ed9fe02476eca3450b；2011年规上起点从500万元提高至2000万元；2013年起1—2月合并调查
industry_yoy,CHN,2000-06,12.2,%,M,,https://data.stats.gov.cn/dg/website/publicrelease/web/external/stream/esData,来源指标：规上工业增加值同比增长 (%)；原始值 12.2；目录 3f2e14f0542348ed9fe02476eca3450b；2011年规上起点从500万元提高至2000万元；2013年起1—2月合并调查
industry_yoy,CHN,2000-07,12.8,%,M,,https://data.stats.gov.cn/dg/website/publicrelease/web/external/stream/esData,来源指标：规上工业增加值同比增长 (%)；原始值 12.8；目录 3f2e14f0542348ed9fe02476eca3450b；2011年规上起点从500万元提高至2000万元；2013年起1—2月合并调查
industry_yoy,CHN,2000-08,12.8,%,M,,https://data.stats.gov.cn/dg/website/publicrelease/web/external/stream/esData,来源指标：规上工业增加值同比增长 (%)；原始值 12.8；目录 3f2e14f0542348ed9fe02476eca3450b；2011年规上起点从500万元提高至2000万元；2013年起1—2月合并调查
industry_yoy,CHN,2000-09,12.0,%,M,,https://data.stats.gov.cn/dg/website/publicrelease/web/external/stream/esData,来源指标：规上工业增加值同比增长 (%)；原始值 12.0；目录 3f2e14f0542348ed9fe02476eca3450b；2011年规上起点从500万元提高至2000万元；2013年起1—2月合并调查
industry_yoy,CHN,2000-10,11.4,%,M,,https://data.stats.gov.cn/dg/website/publicrelease/web/external/stream/esData,来源指标：规上工业增加值同比增长 (%)；原始值 11.4；目录 3f2e14f0542348ed9fe02476eca3450b；2011年规上起点从500万元提高至2000万元；2013年起1—2月合并调查
industry_yoy,CHN,2000-11,10.6,%,M,,https://data.stats.gov.cn/dg/website/publicrelease/web/external/stream/esData,来源指标：规上工业增加值同比增长 (%)；原始值 10.6；目录 3f2e14f0542348ed9fe02476eca3450b；2011年规上起点从500万元提高至2000万元；2013年起1—2月合并调查
industry_yoy,CHN,2000-12,10.4,%,M,,https://data.stats.gov.cn/dg/website/publicrelease/web/external/stream/esData,来源指标：规上工业增加值同比增长 (%)；原始值 10.4；目录 3f2e14f0542348ed9fe02476eca3450b；2011年规上起点从500万元提高至2000万元；2013年起1—2月合并调查
industry_yoy,CHN,2001-02,19.0,%,M,,https://data.stats.gov.cn/dg/website/publicrelease/web/external/stream/esData,来源指标：规上工业增加值同比增长 (%)；原始值 19.0；目录 3f2e14f0542348ed9fe02476eca3450b；2011年规上起点从500万元提高至2000万元；2013年起1—2月合并调查
industry_yoy,CHN,2001-03,12.1,%,M,,https://data.stats.gov.cn/dg/website/publicrelease/web/external/stream/esData,来源指标：规上工业增加值同比增长 (%)；原始值 12.1；目录 3f2e14f0542348ed9fe02476eca3450b；2011年规上起点从500万元提高至2000万元；2013年起1—2月合并调查
industry_yoy,CHN,2001-04,11.5,%,M,,https://data.stats.gov.cn/dg/website/publicrelease/web/external/stream/esData,来源指标：规上工业增加值同比增长 (%)；原始值 11.5；目录 3f2e14f0542348ed9fe02476eca3450b；2011年规上起点从500万元提高至2000万元；2013年起1—2月合并调查
industry_yoy,CHN,2001-05,10.2,%,M,,https://data.stats.gov.cn/dg/website/publicrelease/web/external/stream/esData,来源指标：规上工业增加值同比增长 (%)；原始值 10.2；目录 3f2e14f0542348ed9fe02476eca3450b；2011年规上起点从500万元提高至2000万元；2013年起1—2月合并调查
industry_yoy,CHN,2001-06,10.1,%,M,,https://data.stats.gov.cn/dg/website/publicrelease/web/external/stream/esData,来源指标：规上工业增加值同比增长 (%)；原始值 10.1；目录 3f2e14f0542348ed9fe02476eca3450b；2011年规上起点从500万元提高至2000万元；2013年起1—2月合并调查
industry_yoy,CHN,2001-07,8.1,%,M,,https://data.stats.gov.cn/dg/website/publicrelease/web/external/stream/esData,来源指标：规上工业增加值同比增长 (%)；原始值 8.1；目录 3f2e14f0542348ed9fe02476eca3450b；2011年规上起点从500万元提高至2000万元；2013年起1—2月合并调查
industry_yoy,CHN,2001-08,8.1,%,M,,https://data.stats.gov.cn/dg/website/publicrelease/web/external/stream/esData,来源指标：规上工业增加值同比增长 (%)；原始值 8.1；目录 3f2e14f0542348ed9fe02476eca3450b；2011年规上起点从500万元提高至2000万元；2013年起1—2月合并调查
industry_yoy,CHN,2001-09,9.5,%,M,,https://data.stats.gov.cn/dg/website/publicrelease/web/external/stream/esData,来源指标：规上工业增加值同比增长 (%)；原始值 9.5；目录 3f2e14f0542348ed9fe02476eca3450b；2011年规上起点从500万元提高至2000万元；2013年起1—2月合并调查
industry_yoy,CHN,2001-10,8.8,%,M,,https://data.stats.gov.cn/dg/website/publicrelease/web/external/stream/esData,来源指标：规上工业增加值同比增长 (%)；原始值 8.8；目录 3f2e14f0542348ed9fe02476eca3450b；2011年规上起点从500万元提高至2000万元；2013年起1—2月合并调查
industry_yoy,CHN,2001-11,7.9,%,M,,https://data.stats.gov.cn/dg/website/publicrelease/web/external/stream/esData,来源指标：规上工业增加值同比增长 (%)；原始值 7.9；目录 3f2e14f0542348ed9fe02476eca3450b；2011年规上起点从500万元提高至2000万元；2013年起1—2月合并调查
industry_yoy,CHN,2001-12,8.7,%,M,,https://data.stats.gov.cn/dg/website/publicrelease/web/external/stream/esData,来源指标：规上工业增加值同比增长 (%)；原始值 8.7；目录 3f2e14f0542348ed9fe02476eca3450b；2011年规上起点从500万元提高至2000万元；2013年起1—2月合并调查
industry_yoy,CHN,2002-02,2.7,%,M,,https://data.stats.gov.cn/dg/website/publicrelease/web/external/stream/esData,来源指标：规上工业增加值同比增长 (%)；原始值 2.7；目录 3f2e14f0542348ed9fe02476eca3450b；2011年规上起点从500万元提高至2000万元；2013年起1—2月合并调查
industry_yoy,CHN,2002-03,10.9,%,M,,https://data.stats.gov.cn/dg/website/publicrelease/web/external/stream/esData,来源指标：规上工业增加值同比增长 (%)；原始值 10.9；目录 3f2e14f0542348ed9fe02476eca3450b；2011年规上起点从500万元提高至2000万元；2013年起1—2月合并调查
industry_yoy,CHN,2002-04,12.1,%,M,,https://data.stats.gov.cn/dg/website/publicrelease/web/external/stream/esData,来源指标：规上工业增加值同比增长 (%)；原始值 12.1；目录 3f2e14f0542348ed9fe02476eca3450b；2011年规上起点从500万元提高至2000万元；2013年起1—2月合并调查
industry_yoy,CHN,2002-05,12.9,%,M,,https://data.stats.gov.cn/dg/website/publicrelease/web/external/stream/esData,来源指标：规上工业增加值同比增长 (%)；原始值 12.9；目录 3f2e14f0542348ed9fe02476eca3450b；2011年规上起点从500万元提高至2000万元；2013年起1—2月合并调查
industry_yoy,CHN,2002-06,12.4,%,M,,https://data.stats.gov.cn/dg/website/publicrelease/web/external/stream/esData,来源指标：规上工业增加值同比增长 (%)；原始值 12.4；目录 3f2e14f0542348ed9fe02476eca3450b；2011年规上起点从500万元提高至2000万元；2013年起1—2月合并调查
industry_yoy,CHN,2002-07,12.8,%,M,,https://data.stats.gov.cn/dg/website/publicrelease/web/external/stream/esData,来源指标：规上工业增加值同比增长 (%)；原始值 12.8；目录 3f2e14f0542348ed9fe02476eca3450b；2011年规上起点从500万元提高至2000万元；2013年起1—2月合并调查
industry_yoy,CHN,2002-08,12.7,%,M,,https://data.stats.gov.cn/dg/website/publicrelease/web/external/stream/esData,来源指标：规上工业增加值同比增长 (%)；原始值 12.7；目录 3f2e14f0542348ed9fe02476eca3450b；2011年规上起点从500万元提高至2000万元；2013年起1—2月合并调查
industry_yoy,CHN,2002-09,13.8,%,M,,https://data.stats.gov.cn/dg/website/publicrelease/web/external/stream/esData,来源指标：规上工业增加值同比增长 (%)；原始值 13.8；目录 3f2e14f0542348ed9fe02476eca3450b；2011年规上起点从500万元提高至2000万元；2013年起1—2月合并调查
industry_yoy,CHN,2002-10,14.2,%,M,,https://data.stats.gov.cn/dg/website/publicrelease/web/external/stream/esData,来源指标：规上工业增加值同比增长 (%)；原始值 14.2；目录 3f2e14f0542348ed9fe02476eca3450b；2011年规上起点从500万元提高至2000万元；2013年起1—2月合并调查
industry_yoy,CHN,2002-11,14.5,%,M,,https://data.stats.gov.cn/dg/website/publicrelease/web/external/stream/esData,来源指标：规上工业增加值同比增长 (%)；原始值 14.5；目录 3f2e14f0542348ed9fe02476eca3450b；2011年规上起点从500万元提高至2000万元；2013年起1—2月合并调查
industry_yoy,CHN,2002-12,14.9,%,M,,https://data.stats.gov.cn/dg/website/publicrelease/web/external/stream/esData,来源指标：规上工业增加值同比增长 (%)；原始值 14.9；目录 3f2e14f0542348ed9fe02476eca3450b；2011年规上起点从500万元提高至2000万元；2013年起1—2月合并调查
industry_yoy,CHN,2003-02,19.8,%,M,,https://data.stats.gov.cn/dg/website/publicrelease/web/external/stream/esData,来源指标：规上工业增加值同比增长 (%)；原始值 19.8；目录 3f2e14f0542348ed9fe02476eca3450b；2011年规上起点从500万元提高至2000万元；2013年起1—2月合并调查
industry_yoy,CHN,2003-03,16.9,%,M,,https://data.stats.gov.cn/dg/website/publicrelease/web/external/stream/esData,来源指标：规上工业增加值同比增长 (%)；原始值 16.9；目录 3f2e14f0542348ed9fe02476eca3450b；2011年规上起点从500万元提高至2000万元；2013年起1—2月合并调查
industry_yoy,CHN,2003-04,14.9,%,M,,https://data.stats.gov.cn/dg/website/publicrelease/web/external/stream/esData,来源指标：规上工业增加值同比增长 (%)；原始值 14.9；目录 3f2e14f0542348ed9fe02476eca3450b；2011年规上起点从500万元提高至2000万元；2013年起1—2月合并调查
industry_yoy,CHN,2003-05,13.7,%,M,,https://data.stats.gov.cn/dg/website/publicrelease/web/external/stream/esData,来源指标：规上工业增加值同比增长 (%)；原始值 13.7；目录 3f2e14f0542348ed9fe02476eca3450b；2011年规上起点从500万元提高至2000万元；2013年起1—2月合并调查
industry_yoy,CHN,2003-06,16.9,%,M,,https://data.stats.gov.cn/dg/website/publicrelease/web/external/stream/esData,来源指标：规上工业增加值同比增长 (%)；原始值 16.9；目录 3f2e14f0542348ed9fe02476eca3450b；2011年规上起点从500万元提高至2000万元；2013年起1—2月合并调查
industry_yoy,CHN,2003-07,16.5,%,M,,https://data.stats.gov.cn/dg/website/publicrelease/web/external/stream/esData,来源指标：规上工业增加值同比增长 (%)；原始值 16.5；目录 3f2e14f0542348ed9fe02476eca3450b；2011年规上起点从500万元提高至2000万元；2013年起1—2月合并调查
industry_yoy,CHN,2003-08,17.1,%,M,,https://data.stats.gov.cn/dg/website/publicrelease/web/external/stream/esData,来源指标：规上工业增加值同比增长 (%)；原始值 17.1；目录 3f2e14f0542348ed9fe02476eca3450b；2011年规上起点从500万元提高至2000万元；2013年起1—2月合并调查
industry_yoy,CHN,2003-09,16.3,%,M,,https://data.stats.gov.cn/dg/website/publicrelease/web/external/stream/esData,来源指标：规上工业增加值同比增长 (%)；原始值 16.3；目录 3f2e14f0542348ed9fe02476eca3450b；2011年规上起点从500万元提高至2000万元；2013年起1—2月合并调查
industry_yoy,CHN,2003-10,17.2,%,M,,https://data.stats.gov.cn/dg/website/publicrelease/web/external/stream/esData,来源指标：规上工业增加值同比增长 (%)；原始值 17.2；目录 3f2e14f0542348ed9fe02476eca3450b；2011年规上起点从500万元提高至2000万元；2013年起1—2月合并调查
industry_yoy,CHN,2003-11,17.9,%,M,,https://data.stats.gov.cn/dg/website/publicrelease/web/external/stream/esData,来源指标：规上工业增加值同比增长 (%)；原始值 17.9；目录 3f2e14f0542348ed9fe02476eca3450b；2011年规上起点从500万元提高至2000万元；2013年起1—2月合并调查
industry_yoy,CHN,2003-12,18.1,%,M,,https://data.stats.gov.cn/dg/website/publicrelease/web/external/stream/esData,来源指标：规上工业增加值同比增长 (%)；原始值 18.1；目录 3f2e14f0542348ed9fe02476eca3450b；2011年规上起点从500万元提高至2000万元；2013年起1—2月合并调查
industry_yoy,CHN,2004-02,23.2,%,M,,https://data.stats.gov.cn/dg/website/publicrelease/web/external/stream/esData,来源指标：规上工业增加值同比增长 (%)；原始值 23.2；目录 3f2e14f0542348ed9fe02476eca3450b；2011年规上起点从500万元提高至2000万元；2013年起1—2月合并调查
industry_yoy,CHN,2004-03,19.4,%,M,,https://data.stats.gov.cn/dg/website/publicrelease/web/external/stream/esData,来源指标：规上工业增加值同比增长 (%)；原始值 19.4；目录 3f2e14f0542348ed9fe02476eca3450b；2011年规上起点从500万元提高至2000万元；2013年起1—2月合并调查
industry_yoy,CHN,2004-04,19.1,%,M,,https://data.stats.gov.cn/dg/website/publicrelease/web/external/stream/esData,来源指标：规上工业增加值同比增长 (%)；原始值 19.1；目录 3f2e14f0542348ed9fe02476eca3450b；2011年规上起点从500万元提高至2000万元；2013年起1—2月合并调查
industry_yoy,CHN,2004-05,17.5,%,M,,https://data.stats.gov.cn/dg/website/publicrelease/web/external/stream/esData,来源指标：规上工业增加值同比增长 (%)；原始值 17.5；目录 3f2e14f0542348ed9fe02476eca3450b；2011年规上起点从500万元提高至2000万元；2013年起1—2月合并调查
industry_yoy,CHN,2004-06,16.2,%,M,,https://data.stats.gov.cn/dg/website/publicrelease/web/external/stream/esData,来源指标：规上工业增加值同比增长 (%)；原始值 16.2；目录 3f2e14f0542348ed9fe02476eca3450b；2011年规上起点从500万元提高至2000万元；2013年起1—2月合并调查
industry_yoy,CHN,2004-07,15.5,%,M,,https://data.stats.gov.cn/dg/website/publicrelease/web/external/stream/esData,来源指标：规上工业增加值同比增长 (%)；原始值 15.5；目录 3f2e14f0542348ed9fe02476eca3450b；2011年规上起点从500万元提高至2000万元；2013年起1—2月合并调查
industry_yoy,CHN,2004-08,15.9,%,M,,https://data.stats.gov.cn/dg/website/publicrelease/web/external/stream/esData,来源指标：规上工业增加值同比增长 (%)；原始值 15.9；目录 3f2e14f0542348ed9fe02476eca3450b；2011年规上起点从500万元提高至2000万元；2013年起1—2月合并调查
industry_yoy,CHN,2004-09,16.1,%,M,,https://data.stats.gov.cn/dg/website/publicrelease/web/external/stream/esData,来源指标：规上工业增加值同比增长 (%)；原始值 16.1；目录 3f2e14f0542348ed9fe02476eca3450b；2011年规上起点从500万元提高至2000万元；2013年起1—2月合并调查
industry_yoy,CHN,2004-10,15.7,%,M,,https://data.stats.gov.cn/dg/website/publicrelease/web/external/stream/esData,来源指标：规上工业增加值同比增长 (%)；原始值 15.7；目录 3f2e14f0542348ed9fe02476eca3450b；2011年规上起点从500万元提高至2000万元；2013年起1—2月合并调查
industry_yoy,CHN,2004-11,14.8,%,M,,https://data.stats.gov.cn/dg/website/publicrelease/web/external/stream/esData,来源指标：规上工业增加值同比增长 (%)；原始值 14.8；目录 3f2e14f0542348ed9fe02476eca3450b；2011年规上起点从500万元提高至2000万元；2013年起1—2月合并调查
industry_yoy,CHN,2004-12,14.4,%,M,,https://data.stats.gov.cn/dg/website/publicrelease/web/external/stream/esData,来源指标：规上工业增加值同比增长 (%)；原始值 14.4；目录 3f2e14f0542348ed9fe02476eca3450b；2011年规上起点从500万元提高至2000万元；2013年起1—2月合并调查
industry_yoy,CHN,2005-02,7.6,%,M,,https://data.stats.gov.cn/dg/website/publicrelease/web/external/stream/esData,来源指标：规上工业增加值同比增长 (%)；原始值 7.6；目录 3f2e14f0542348ed9fe02476eca3450b；2011年规上起点从500万元提高至2000万元；2013年起1—2月合并调查
industry_yoy,CHN,2005-03,15.1,%,M,,https://data.stats.gov.cn/dg/website/publicrelease/web/external/stream/esData,来源指标：规上工业增加值同比增长 (%)；原始值 15.1；目录 3f2e14f0542348ed9fe02476eca3450b；2011年规上起点从500万元提高至2000万元；2013年起1—2月合并调查
industry_yoy,CHN,2005-04,16.0,%,M,,https://data.stats.gov.cn/dg/website/publicrelease/web/external/stream/esData,来源指标：规上工业增加值同比增长 (%)；原始值 16.0；目录 3f2e14f0542348ed9fe02476eca3450b；2011年规上起点从500万元提高至2000万元；2013年起1—2月合并调查
industry_yoy,CHN,2005-05,16.6,%,M,,https://data.stats.gov.cn/dg/website/publicrelease/web/external/stream/esData,来源指标：规上工业增加值同比增长 (%)；原始值 16.6；目录 3f2e14f0542348ed9fe02476eca3450b；2011年规上起点从500万元提高至2000万元；2013年起1—2月合并调查
industry_yoy,CHN,2005-06,16.8,%,M,,https://data.stats.gov.cn/dg/website/publicrelease/web/external/stream/esData,来源指标：规上工业增加值同比增长 (%)；原始值 16.8；目录 3f2e14f0542348ed9fe02476eca3450b；2011年规上起点从500万元提高至2000万元；2013年起1—2月合并调查
industry_yoy,CHN,2005-07,16.1,%,M,,https://data.stats.gov.cn/dg/website/publicrelease/web/external/stream/esData,来源指标：规上工业增加值同比增长 (%)；原始值 16.1；目录 3f2e14f0542348ed9fe02476eca3450b；2011年规上起点从500万元提高至2000万元；2013年起1—2月合并调查
industry_yoy,CHN,2005-08,16.0,%,M,,https://data.stats.gov.cn/dg/website/publicrelease/web/external/stream/esData,来源指标：规上工业增加值同比增长 (%)；原始值 16.0；目录 3f2e14f0542348ed9fe02476eca3450b；2011年规上起点从500万元提高至2000万元；2013年起1—2月合并调查
industry_yoy,CHN,2005-09,16.5,%,M,,https://data.stats.gov.cn/dg/website/publicrelease/web/external/stream/esData,来源指标：规上工业增加值同比增长 (%)；原始值 16.5；目录 3f2e14f0542348ed9fe02476eca3450b；2011年规上起点从500万元提高至2000万元；2013年起1—2月合并调查
industry_yoy,CHN,2005-10,16.1,%,M,,https://data.stats.gov.cn/dg/website/publicrelease/web/external/stream/esData,来源指标：规上工业增加值同比增长 (%)；原始值 16.1；目录 3f2e14f0542348ed9fe02476eca3450b；2011年规上起点从500万元提高至2000万元；2013年起1—2月合并调查
industry_yoy,CHN,2005-11,16.6,%,M,,https://data.stats.gov.cn/dg/website/publicrelease/web/external/stream/esData,来源指标：规上工业增加值同比增长 (%)；原始值 16.6；目录 3f2e14f0542348ed9fe02476eca3450b；2011年规上起点从500万元提高至2000万元；2013年起1—2月合并调查
industry_yoy,CHN,2005-12,16.5,%,M,,https://data.stats.gov.cn/dg/website/publicrelease/web/external/stream/esData,来源指标：规上工业增加值同比增长 (%)；原始值 16.5；目录 3f2e14f0542348ed9fe02476eca3450b；2011年规上起点从500万元提高至2000万元；2013年起1—2月合并调查
industry_yoy,CHN,2006-02,20.1,%,M,,https://data.stats.gov.cn/dg/website/publicrelease/web/external/stream/esData,来源指标：规上工业增加值同比增长 (%)；原始值 20.1；目录 3f2e14f0542348ed9fe02476eca3450b；2011年规上起点从500万元提高至2000万元；2013年起1—2月合并调查
industry_yoy,CHN,2006-03,17.8,%,M,,https://data.stats.gov.cn/dg/website/publicrelease/web/external/stream/esData,来源指标：规上工业增加值同比增长 (%)；原始值 17.8；目录 3f2e14f0542348ed9fe02476eca3450b；2011年规上起点从500万元提高至2000万元；2013年起1—2月合并调查
industry_yoy,CHN,2006-04,16.6,%,M,,https://data.stats.gov.cn/dg/website/publicrelease/web/external/stream/esData,来源指标：规上工业增加值同比增长 (%)；原始值 16.6；目录 3f2e14f0542348ed9fe02476eca3450b；2011年规上起点从500万元提高至2000万元；2013年起1—2月合并调查
industry_yoy,CHN,2006-05,17.9,%,M,,https://data.stats.gov.cn/dg/website/publicrelease/web/external/stream/esData,来源指标：规上工业增加值同比增长 (%)；原始值 17.9；目录 3f2e14f0542348ed9fe02476eca3450b；2011年规上起点从500万元提高至2000万元；2013年起1—2月合并调查
industry_yoy,CHN,2006-06,19.5,%,M,,https://data.stats.gov.cn/dg/website/publicrelease/web/external/stream/esData,来源指标：规上工业增加值同比增长 (%)；原始值 19.5；目录 3f2e14f0542348ed9fe02476eca3450b；2011年规上起点从500万元提高至2000万元；2013年起1—2月合并调查
industry_yoy,CHN,2006-07,16.7,%,M,,https://data.stats.gov.cn/dg/website/publicrelease/web/external/stream/esData,来源指标：规上工业增加值同比增长 (%)；原始值 16.7；目录 3f2e14f0542348ed9fe02476eca3450b；2011年规上起点从500万元提高至2000万元；2013年起1—2月合并调查
industry_yoy,CHN,2006-08,15.7,%,M,,https://data.stats.gov.cn/dg/website/publicrelease/web/external/stream/esData,来源指标：规上工业增加值同比增长 (%)；原始值 15.7；目录 3f2e14f0542348ed9fe02476eca3450b；2011年规上起点从500万元提高至2000万元；2013年起1—2月合并调查
industry_yoy,CHN,2006-09,16.1,%,M,,https://data.stats.gov.cn/dg/website/publicrelease/web/external/stream/esData,来源指标：规上工业增加值同比增长 (%)；原始值 16.1；目录 3f2e14f0542348ed9fe02476eca3450b；2011年规上起点从500万元提高至2000万元；2013年起1—2月合并调查
industry_yoy,CHN,2006-10,14.7,%,M,,https://data.stats.gov.cn/dg/website/publicrelease/web/external/stream/esData,来源指标：规上工业增加值同比增长 (%)；原始值 14.7；目录 3f2e14f0542348ed9fe02476eca3450b；2011年规上起点从500万元提高至2000万元；2013年起1—2月合并调查
industry_yoy,CHN,2006-11,14.9,%,M,,https://data.stats.gov.cn/dg/website/publicrelease/web/external/stream/esData,来源指标：规上工业增加值同比增长 (%)；原始值 14.9；目录 3f2e14f0542348ed9fe02476eca3450b；2011年规上起点从500万元提高至2000万元；2013年起1—2月合并调查
industry_yoy,CHN,2006-12,14.7,%,M,,https://data.stats.gov.cn/dg/website/publicrelease/web/external/stream/esData,来源指标：规上工业增加值同比增长 (%)；原始值 14.7；目录 3f2e14f0542348ed9fe02476eca3450b；2011年规上起点从500万元提高至2000万元；2013年起1—2月合并调查
industry_yoy,CHN,2007-02,12.6,%,M,,https://data.stats.gov.cn/dg/website/publicrelease/web/external/stream/esData,来源指标：规上工业增加值同比增长 (%)；原始值 12.6；目录 3f2e14f0542348ed9fe02476eca3450b；2011年规上起点从500万元提高至2000万元；2013年起1—2月合并调查
industry_yoy,CHN,2007-03,17.6,%,M,,https://data.stats.gov.cn/dg/website/publicrelease/web/external/stream/esData,来源指标：规上工业增加值同比增长 (%)；原始值 17.6；目录 3f2e14f0542348ed9fe02476eca3450b；2011年规上起点从500万元提高至2000万元；2013年起1—2月合并调查
industry_yoy,CHN,2007-04,17.4,%,M,,https://data.stats.gov.cn/dg/website/publicrelease/web/external/stream/esData,来源指标：规上工业增加值同比增长 (%)；原始值 17.4；目录 3f2e14f0542348ed9fe02476eca3450b；2011年规上起点从500万元提高至2000万元；2013年起1—2月合并调查
industry_yoy,CHN,2007-05,18.1,%,M,,https://data.stats.gov.cn/dg/website/publicrelease/web/external/stream/esData,来源指标：规上工业增加值同比增长 (%)；原始值 18.1；目录 3f2e14f0542348ed9fe02476eca3450b；2011年规上起点从500万元提高至2000万元；2013年起1—2月合并调查
industry_yoy,CHN,2007-06,19.4,%,M,,https://data.stats.gov.cn/dg/website/publicrelease/web/external/stream/esData,来源指标：规上工业增加值同比增长 (%)；原始值 19.4；目录 3f2e14f0542348ed9fe02476eca3450b；2011年规上起点从500万元提高至2000万元；2013年起1—2月合并调查
industry_yoy,CHN,2007-07,18.0,%,M,,https://data.stats.gov.cn/dg/website/publicrelease/web/external/stream/esData,来源指标：规上工业增加值同比增长 (%)；原始值 18.0；目录 3f2e14f0542348ed9fe02476eca3450b；2011年规上起点从500万元提高至2000万元；2013年起1—2月合并调查
industry_yoy,CHN,2007-08,17.5,%,M,,https://data.stats.gov.cn/dg/website/publicrelease/web/external/stream/esData,来源指标：规上工业增加值同比增长 (%)；原始值 17.5；目录 3f2e14f0542348ed9fe02476eca3450b；2011年规上起点从500万元提高至2000万元；2013年起1—2月合并调查
industry_yoy,CHN,2007-09,18.9,%,M,,https://data.stats.gov.cn/dg/website/publicrelease/web/external/stream/esData,来源指标：规上工业增加值同比增长 (%)；原始值 18.9；目录 3f2e14f0542348ed9fe02476eca3450b；2011年规上起点从500万元提高至2000万元；2013年起1—2月合并调查
industry_yoy,CHN,2007-10,17.9,%,M,,https://data.stats.gov.cn/dg/website/publicrelease/web/external/stream/esData,来源指标：规上工业增加值同比增长 (%)；原始值 17.9；目录 3f2e14f0542348ed9fe02476eca3450b；2011年规上起点从500万元提高至2000万元；2013年起1—2月合并调查
industry_yoy,CHN,2007-11,17.3,%,M,,https://data.stats.gov.cn/dg/website/publicrelease/web/external/stream/esData,来源指标：规上工业增加值同比增长 (%)；原始值 17.3；目录 3f2e14f0542348ed9fe02476eca3450b；2011年规上起点从500万元提高至2000万元；2013年起1—2月合并调查
industry_yoy,CHN,2007-12,17.4,%,M,,https://data.stats.gov.cn/dg/website/publicrelease/web/external/stream/esData,来源指标：规上工业增加值同比增长 (%)；原始值 17.4；目录 3f2e14f0542348ed9fe02476eca3450b；2011年规上起点从500万元提高至2000万元；2013年起1—2月合并调查
industry_yoy,CHN,2008-02,15.4,%,M,,https://data.stats.gov.cn/dg/website/publicrelease/web/external/stream/esData,来源指标：规上工业增加值同比增长 (%)；原始值 15.4；目录 3f2e14f0542348ed9fe02476eca3450b；2011年规上起点从500万元提高至2000万元；2013年起1—2月合并调查
industry_yoy,CHN,2008-03,17.8,%,M,,https://data.stats.gov.cn/dg/website/publicrelease/web/external/stream/esData,来源指标：规上工业增加值同比增长 (%)；原始值 17.8；目录 3f2e14f0542348ed9fe02476eca3450b；2011年规上起点从500万元提高至2000万元；2013年起1—2月合并调查
industry_yoy,CHN,2008-04,15.7,%,M,,https://data.stats.gov.cn/dg/website/publicrelease/web/external/stream/esData,来源指标：规上工业增加值同比增长 (%)；原始值 15.7；目录 3f2e14f0542348ed9fe02476eca3450b；2011年规上起点从500万元提高至2000万元；2013年起1—2月合并调查
industry_yoy,CHN,2008-05,16.0,%,M,,https://data.stats.gov.cn/dg/website/publicrelease/web/external/stream/esData,来源指标：规上工业增加值同比增长 (%)；原始值 16.0；目录 3f2e14f0542348ed9fe02476eca3450b；2011年规上起点从500万元提高至2000万元；2013年起1—2月合并调查
industry_yoy,CHN,2008-06,16.0,%,M,,https://data.stats.gov.cn/dg/website/publicrelease/web/external/stream/esData,来源指标：规上工业增加值同比增长 (%)；原始值 16.0；目录 3f2e14f0542348ed9fe02476eca3450b；2011年规上起点从500万元提高至2000万元；2013年起1—2月合并调查
industry_yoy,CHN,2008-07,14.7,%,M,,https://data.stats.gov.cn/dg/website/publicrelease/web/external/stream/esData,来源指标：规上工业增加值同比增长 (%)；原始值 14.7；目录 3f2e14f0542348ed9fe02476eca3450b；2011年规上起点从500万元提高至2000万元；2013年起1—2月合并调查
industry_yoy,CHN,2008-08,12.8,%,M,,https://data.stats.gov.cn/dg/website/publicrelease/web/external/stream/esData,来源指标：规上工业增加值同比增长 (%)；原始值 12.8；目录 3f2e14f0542348ed9fe02476eca3450b；2011年规上起点从500万元提高至2000万元；2013年起1—2月合并调查
industry_yoy,CHN,2008-09,11.4,%,M,,https://data.stats.gov.cn/dg/website/publicrelease/web/external/stream/esData,来源指标：规上工业增加值同比增长 (%)；原始值 11.4；目录 3f2e14f0542348ed9fe02476eca3450b；2011年规上起点从500万元提高至2000万元；2013年起1—2月合并调查
industry_yoy,CHN,2008-10,8.2,%,M,,https://data.stats.gov.cn/dg/website/publicrelease/web/external/stream/esData,来源指标：规上工业增加值同比增长 (%)；原始值 8.2；目录 3f2e14f0542348ed9fe02476eca3450b；2011年规上起点从500万元提高至2000万元；2013年起1—2月合并调查
industry_yoy,CHN,2008-11,5.4,%,M,,https://data.stats.gov.cn/dg/website/publicrelease/web/external/stream/esData,来源指标：规上工业增加值同比增长 (%)；原始值 5.4；目录 3f2e14f0542348ed9fe02476eca3450b；2011年规上起点从500万元提高至2000万元；2013年起1—2月合并调查
industry_yoy,CHN,2008-12,5.7,%,M,,https://data.stats.gov.cn/dg/website/publicrelease/web/external/stream/esData,来源指标：规上工业增加值同比增长 (%)；原始值 5.7；目录 3f2e14f0542348ed9fe02476eca3450b；2011年规上起点从500万元提高至2000万元；2013年起1—2月合并调查
industry_yoy,CHN,2009-02,11.0,%,M,,https://data.stats.gov.cn/dg/website/publicrelease/web/external/stream/esData,来源指标：规上工业增加值同比增长 (%)；原始值 11.0；目录 3f2e14f0542348ed9fe02476eca3450b；2011年规上起点从500万元提高至2000万元；2013年起1—2月合并调查
industry_yoy,CHN,2009-03,8.3,%,M,,https://data.stats.gov.cn/dg/website/publicrelease/web/external/stream/esData,来源指标：规上工业增加值同比增长 (%)；原始值 8.3；目录 3f2e14f0542348ed9fe02476eca3450b；2011年规上起点从500万元提高至2000万元；2013年起1—2月合并调查
industry_yoy,CHN,2009-04,7.3,%,M,,https://data.stats.gov.cn/dg/website/publicrelease/web/external/stream/esData,来源指标：规上工业增加值同比增长 (%)；原始值 7.3；目录 3f2e14f0542348ed9fe02476eca3450b；2011年规上起点从500万元提高至2000万元；2013年起1—2月合并调查
industry_yoy,CHN,2009-05,8.9,%,M,,https://data.stats.gov.cn/dg/website/publicrelease/web/external/stream/esData,来源指标：规上工业增加值同比增长 (%)；原始值 8.9；目录 3f2e14f0542348ed9fe02476eca3450b；2011年规上起点从500万元提高至2000万元；2013年起1—2月合并调查
industry_yoy,CHN,2009-06,10.7,%,M,,https://data.stats.gov.cn/dg/website/publicrelease/web/external/stream/esData,来源指标：规上工业增加值同比增长 (%)；原始值 10.7；目录 3f2e14f0542348ed9fe02476eca3450b；2011年规上起点从500万元提高至2000万元；2013年起1—2月合并调查
industry_yoy,CHN,2009-07,10.8,%,M,,https://data.stats.gov.cn/dg/website/publicrelease/web/external/stream/esData,来源指标：规上工业增加值同比增长 (%)；原始值 10.8；目录 3f2e14f0542348ed9fe02476eca3450b；2011年规上起点从500万元提高至2000万元；2013年起1—2月合并调查
industry_yoy,CHN,2009-08,12.3,%,M,,https://data.stats.gov.cn/dg/website/publicrelease/web/external/stream/esData,来源指标：规上工业增加值同比增长 (%)；原始值 12.3；目录 3f2e14f0542348ed9fe02476eca3450b；2011年规上起点从500万元提高至2000万元；2013年起1—2月合并调查
industry_yoy,CHN,2009-09,13.9,%,M,,https://data.stats.gov.cn/dg/website/publicrelease/web/external/stream/esData,来源指标：规上工业增加值同比增长 (%)；原始值 13.9；目录 3f2e14f0542348ed9fe02476eca3450b；2011年规上起点从500万元提高至2000万元；2013年起1—2月合并调查
industry_yoy,CHN,2009-10,16.1,%,M,,https://data.stats.gov.cn/dg/website/publicrelease/web/external/stream/esData,来源指标：规上工业增加值同比增长 (%)；原始值 16.1；目录 3f2e14f0542348ed9fe02476eca3450b；2011年规上起点从500万元提高至2000万元；2013年起1—2月合并调查
industry_yoy,CHN,2009-11,19.2,%,M,,https://data.stats.gov.cn/dg/website/publicrelease/web/external/stream/esData,来源指标：规上工业增加值同比增长 (%)；原始值 19.2；目录 3f2e14f0542348ed9fe02476eca3450b；2011年规上起点从500万元提高至2000万元；2013年起1—2月合并调查
industry_yoy,CHN,2009-12,18.5,%,M,,https://data.stats.gov.cn/dg/website/publicrelease/web/external/stream/esData,来源指标：规上工业增加值同比增长 (%)；原始值 18.5；目录 3f2e14f0542348ed9fe02476eca3450b；2011年规上起点从500万元提高至2000万元；2013年起1—2月合并调查
industry_yoy,CHN,2010-02,12.8,%,M,,https://data.stats.gov.cn/dg/website/publicrelease/web/external/stream/esData,来源指标：规上工业增加值同比增长 (%)；原始值 12.8；目录 3f2e14f0542348ed9fe02476eca3450b；2011年规上起点从500万元提高至2000万元；2013年起1—2月合并调查
industry_yoy,CHN,2010-03,18.1,%,M,,https://data.stats.gov.cn/dg/website/publicrelease/web/external/stream/esData,来源指标：规上工业增加值同比增长 (%)；原始值 18.1；目录 3f2e14f0542348ed9fe02476eca3450b；2011年规上起点从500万元提高至2000万元；2013年起1—2月合并调查
industry_yoy,CHN,2010-04,17.8,%,M,,https://data.stats.gov.cn/dg/website/publicrelease/web/external/stream/esData,来源指标：规上工业增加值同比增长 (%)；原始值 17.8；目录 3f2e14f0542348ed9fe02476eca3450b；2011年规上起点从500万元提高至2000万元；2013年起1—2月合并调查
industry_yoy,CHN,2010-05,16.5,%,M,,https://data.stats.gov.cn/dg/website/publicrelease/web/external/stream/esData,来源指标：规上工业增加值同比增长 (%)；原始值 16.5；目录 3f2e14f0542348ed9fe02476eca3450b；2011年规上起点从500万元提高至2000万元；2013年起1—2月合并调查
industry_yoy,CHN,2010-06,13.7,%,M,,https://data.stats.gov.cn/dg/website/publicrelease/web/external/stream/esData,来源指标：规上工业增加值同比增长 (%)；原始值 13.7；目录 3f2e14f0542348ed9fe02476eca3450b；2011年规上起点从500万元提高至2000万元；2013年起1—2月合并调查
industry_yoy,CHN,2010-07,13.4,%,M,,https://data.stats.gov.cn/dg/website/publicrelease/web/external/stream/esData,来源指标：规上工业增加值同比增长 (%)；原始值 13.4；目录 3f2e14f0542348ed9fe02476eca3450b；2011年规上起点从500万元提高至2000万元；2013年起1—2月合并调查
industry_yoy,CHN,2010-08,13.9,%,M,,https://data.stats.gov.cn/dg/website/publicrelease/web/external/stream/esData,来源指标：规上工业增加值同比增长 (%)；原始值 13.9；目录 3f2e14f0542348ed9fe02476eca3450b；2011年规上起点从500万元提高至2000万元；2013年起1—2月合并调查
industry_yoy,CHN,2010-09,13.3,%,M,,https://data.stats.gov.cn/dg/website/publicrelease/web/external/stream/esData,来源指标：规上工业增加值同比增长 (%)；原始值 13.3；目录 3f2e14f0542348ed9fe02476eca3450b；2011年规上起点从500万元提高至2000万元；2013年起1—2月合并调查
industry_yoy,CHN,2010-10,13.1,%,M,,https://data.stats.gov.cn/dg/website/publicrelease/web/external/stream/esData,来源指标：规上工业增加值同比增长 (%)；原始值 13.1；目录 3f2e14f0542348ed9fe02476eca3450b；2011年规上起点从500万元提高至2000万元；2013年起1—2月合并调查
industry_yoy,CHN,2010-11,13.3,%,M,,https://data.stats.gov.cn/dg/website/publicrelease/web/external/stream/esData,来源指标：规上工业增加值同比增长 (%)；原始值 13.3；目录 3f2e14f0542348ed9fe02476eca3450b；2011年规上起点从500万元提高至2000万元；2013年起1—2月合并调查
industry_yoy,CHN,2010-12,13.5,%,M,,https://data.stats.gov.cn/dg/website/publicrelease/web/external/stream/esData,来源指标：规上工业增加值同比增长 (%)；原始值 13.5；目录 3f2e14f0542348ed9fe02476eca3450b；2011年规上起点从500万元提高至2000万元；2013年起1—2月合并调查
industry_yoy,CHN,2011-02,14.9,%,M,,https://data.stats.gov.cn/dg/website/publicrelease/web/external/stream/esData,来源指标：规上工业增加值同比增长 (%)；原始值 14.9；目录 3f2e14f0542348ed9fe02476eca3450b；2011年规上起点从500万元提高至2000万元；2013年起1—2月合并调查
industry_yoy,CHN,2011-03,14.8,%,M,,https://data.stats.gov.cn/dg/website/publicrelease/web/external/stream/esData,来源指标：规上工业增加值同比增长 (%)；原始值 14.8；目录 3f2e14f0542348ed9fe02476eca3450b；2011年规上起点从500万元提高至2000万元；2013年起1—2月合并调查
industry_yoy,CHN,2011-04,13.4,%,M,,https://data.stats.gov.cn/dg/website/publicrelease/web/external/stream/esData,来源指标：规上工业增加值同比增长 (%)；原始值 13.4；目录 3f2e14f0542348ed9fe02476eca3450b；2011年规上起点从500万元提高至2000万元；2013年起1—2月合并调查
industry_yoy,CHN,2011-05,13.3,%,M,,https://data.stats.gov.cn/dg/website/publicrelease/web/external/stream/esData,来源指标：规上工业增加值同比增长 (%)；原始值 13.3；目录 3f2e14f0542348ed9fe02476eca3450b；2011年规上起点从500万元提高至2000万元；2013年起1—2月合并调查
industry_yoy,CHN,2011-06,15.1,%,M,,https://data.stats.gov.cn/dg/website/publicrelease/web/external/stream/esData,来源指标：规上工业增加值同比增长 (%)；原始值 15.1；目录 3f2e14f0542348ed9fe02476eca3450b；2011年规上起点从500万元提高至2000万元；2013年起1—2月合并调查
industry_yoy,CHN,2011-07,14.0,%,M,,https://data.stats.gov.cn/dg/website/publicrelease/web/external/stream/esData,来源指标：规上工业增加值同比增长 (%)；原始值 14.0；目录 3f2e14f0542348ed9fe02476eca3450b；2011年规上起点从500万元提高至2000万元；2013年起1—2月合并调查
industry_yoy,CHN,2011-08,13.5,%,M,,https://data.stats.gov.cn/dg/website/publicrelease/web/external/stream/esData,来源指标：规上工业增加值同比增长 (%)；原始值 13.5；目录 3f2e14f0542348ed9fe02476eca3450b；2011年规上起点从500万元提高至2000万元；2013年起1—2月合并调查
industry_yoy,CHN,2011-09,13.8,%,M,,https://data.stats.gov.cn/dg/website/publicrelease/web/external/stream/esData,来源指标：规上工业增加值同比增长 (%)；原始值 13.8；目录 3f2e14f0542348ed9fe02476eca3450b；2011年规上起点从500万元提高至2000万元；2013年起1—2月合并调查
industry_yoy,CHN,2011-10,13.2,%,M,,https://data.stats.gov.cn/dg/website/publicrelease/web/external/stream/esData,来源指标：规上工业增加值同比增长 (%)；原始值 13.2；目录 3f2e14f0542348ed9fe02476eca3450b；2011年规上起点从500万元提高至2000万元；2013年起1—2月合并调查
industry_yoy,CHN,2011-11,12.4,%,M,,https://data.stats.gov.cn/dg/website/publicrelease/web/external/stream/esData,来源指标：规上工业增加值同比增长 (%)；原始值 12.4；目录 3f2e14f0542348ed9fe02476eca3450b；2011年规上起点从500万元提高至2000万元；2013年起1—2月合并调查
industry_yoy,CHN,2011-12,12.8,%,M,,https://data.stats.gov.cn/dg/website/publicrelease/web/external/stream/esData,来源指标：规上工业增加值同比增长 (%)；原始值 12.8；目录 3f2e14f0542348ed9fe02476eca3450b；2011年规上起点从500万元提高至2000万元；2013年起1—2月合并调查
industry_yoy,CHN,2012-02,21.3,%,M,,https://data.stats.gov.cn/dg/website/publicrelease/web/external/stream/esData,来源指标：规上工业增加值同比增长 (%)；原始值 21.3；目录 3f2e14f0542348ed9fe02476eca3450b；2011年规上起点从500万元提高至2000万元；2013年起1—2月合并调查
industry_yoy,CHN,2012-03,11.9,%,M,,https://data.stats.gov.cn/dg/website/publicrelease/web/external/stream/esData,来源指标：规上工业增加值同比增长 (%)；原始值 11.9；目录 3f2e14f0542348ed9fe02476eca3450b；2011年规上起点从500万元提高至2000万元；2013年起1—2月合并调查
industry_yoy,CHN,2012-04,9.3,%,M,,https://data.stats.gov.cn/dg/website/publicrelease/web/external/stream/esData,来源指标：规上工业增加值同比增长 (%)；原始值 9.3；目录 3f2e14f0542348ed9fe02476eca3450b；2011年规上起点从500万元提高至2000万元；2013年起1—2月合并调查
industry_yoy,CHN,2012-05,9.6,%,M,,https://data.stats.gov.cn/dg/website/publicrelease/web/external/stream/esData,来源指标：规上工业增加值同比增长 (%)；原始值 9.6；目录 3f2e14f0542348ed9fe02476eca3450b；2011年规上起点从500万元提高至2000万元；2013年起1—2月合并调查
industry_yoy,CHN,2012-06,9.5,%,M,,https://data.stats.gov.cn/dg/website/publicrelease/web/external/stream/esData,来源指标：规上工业增加值同比增长 (%)；原始值 9.5；目录 3f2e14f0542348ed9fe02476eca3450b；2011年规上起点从500万元提高至2000万元；2013年起1—2月合并调查
industry_yoy,CHN,2012-07,9.2,%,M,,https://data.stats.gov.cn/dg/website/publicrelease/web/external/stream/esData,来源指标：规上工业增加值同比增长 (%)；原始值 9.2；目录 3f2e14f0542348ed9fe02476eca3450b；2011年规上起点从500万元提高至2000万元；2013年起1—2月合并调查
industry_yoy,CHN,2012-08,8.9,%,M,,https://data.stats.gov.cn/dg/website/publicrelease/web/external/stream/esData,来源指标：规上工业增加值同比增长 (%)；原始值 8.9；目录 3f2e14f0542348ed9fe02476eca3450b；2011年规上起点从500万元提高至2000万元；2013年起1—2月合并调查
industry_yoy,CHN,2012-09,9.2,%,M,,https://data.stats.gov.cn/dg/website/publicrelease/web/external/stream/esData,来源指标：规上工业增加值同比增长 (%)；原始值 9.2；目录 3f2e14f0542348ed9fe02476eca3450b；2011年规上起点从500万元提高至2000万元；2013年起1—2月合并调查
industry_yoy,CHN,2012-10,9.6,%,M,,https://data.stats.gov.cn/dg/website/publicrelease/web/external/stream/esData,来源指标：规上工业增加值同比增长 (%)；原始值 9.6；目录 3f2e14f0542348ed9fe02476eca3450b；2011年规上起点从500万元提高至2000万元；2013年起1—2月合并调查
industry_yoy,CHN,2012-11,10.1,%,M,,https://data.stats.gov.cn/dg/website/publicrelease/web/external/stream/esData,来源指标：规上工业增加值同比增长 (%)；原始值 10.1；目录 3f2e14f0542348ed9fe02476eca3450b；2011年规上起点从500万元提高至2000万元；2013年起1—2月合并调查
industry_yoy,CHN,2012-12,10.3,%,M,,https://data.stats.gov.cn/dg/website/publicrelease/web/external/stream/esData,来源指标：规上工业增加值同比增长 (%)；原始值 10.3；目录 3f2e14f0542348ed9fe02476eca3450b；2011年规上起点从500万元提高至2000万元；2013年起1—2月合并调查
industry_yoy,CHN,2013-03,8.9,%,M,,https://data.stats.gov.cn/dg/website/publicrelease/web/external/stream/esData,来源指标：规上工业增加值同比增长 (%)；原始值 8.9；目录 3f2e14f0542348ed9fe02476eca3450b；2011年规上起点从500万元提高至2000万元；2013年起1—2月合并调查
industry_yoy,CHN,2013-04,9.3,%,M,,https://data.stats.gov.cn/dg/website/publicrelease/web/external/stream/esData,来源指标：规上工业增加值同比增长 (%)；原始值 9.3；目录 3f2e14f0542348ed9fe02476eca3450b；2011年规上起点从500万元提高至2000万元；2013年起1—2月合并调查
industry_yoy,CHN,2013-05,9.2,%,M,,https://data.stats.gov.cn/dg/website/publicrelease/web/external/stream/esData,来源指标：规上工业增加值同比增长 (%)；原始值 9.2；目录 3f2e14f0542348ed9fe02476eca3450b；2011年规上起点从500万元提高至2000万元；2013年起1—2月合并调查
industry_yoy,CHN,2013-06,8.9,%,M,,https://data.stats.gov.cn/dg/website/publicrelease/web/external/stream/esData,来源指标：规上工业增加值同比增长 (%)；原始值 8.9；目录 3f2e14f0542348ed9fe02476eca3450b；2011年规上起点从500万元提高至2000万元；2013年起1—2月合并调查
industry_yoy,CHN,2013-07,9.7,%,M,,https://data.stats.gov.cn/dg/website/publicrelease/web/external/stream/esData,来源指标：规上工业增加值同比增长 (%)；原始值 9.7；目录 3f2e14f0542348ed9fe02476eca3450b；2011年规上起点从500万元提高至2000万元；2013年起1—2月合并调查
industry_yoy,CHN,2013-08,10.4,%,M,,https://data.stats.gov.cn/dg/website/publicrelease/web/external/stream/esData,来源指标：规上工业增加值同比增长 (%)；原始值 10.4；目录 3f2e14f0542348ed9fe02476eca3450b；2011年规上起点从500万元提高至2000万元；2013年起1—2月合并调查
industry_yoy,CHN,2013-09,10.2,%,M,,https://data.stats.gov.cn/dg/website/publicrelease/web/external/stream/esData,来源指标：规上工业增加值同比增长 (%)；原始值 10.2；目录 3f2e14f0542348ed9fe02476eca3450b；2011年规上起点从500万元提高至2000万元；2013年起1—2月合并调查
industry_yoy,CHN,2013-10,10.3,%,M,,https://data.stats.gov.cn/dg/website/publicrelease/web/external/stream/esData,来源指标：规上工业增加值同比增长 (%)；原始值 10.3；目录 3f2e14f0542348ed9fe02476eca3450b；2011年规上起点从500万元提高至2000万元；2013年起1—2月合并调查
industry_yoy,CHN,2013-11,10.0,%,M,,https://data.stats.gov.cn/dg/website/publicrelease/web/external/stream/esData,来源指标：规上工业增加值同比增长 (%)；原始值 10.0；目录 3f2e14f0542348ed9fe02476eca3450b；2011年规上起点从500万元提高至2000万元；2013年起1—2月合并调查
industry_yoy,CHN,2013-12,9.7,%,M,,https://data.stats.gov.cn/dg/website/publicrelease/web/external/stream/esData,来源指标：规上工业增加值同比增长 (%)；原始值 9.7；目录 3f2e14f0542348ed9fe02476eca3450b；2011年规上起点从500万元提高至2000万元；2013年起1—2月合并调查
industry_yoy,CHN,2014-03,8.8,%,M,,https://data.stats.gov.cn/dg/website/publicrelease/web/external/stream/esData,来源指标：规上工业增加值同比增长 (%)；原始值 8.8；目录 3f2e14f0542348ed9fe02476eca3450b；2011年规上起点从500万元提高至2000万元；2013年起1—2月合并调查
industry_yoy,CHN,2014-04,8.7,%,M,,https://data.stats.gov.cn/dg/website/publicrelease/web/external/stream/esData,来源指标：规上工业增加值同比增长 (%)；原始值 8.7；目录 3f2e14f0542348ed9fe02476eca3450b；2011年规上起点从500万元提高至2000万元；2013年起1—2月合并调查
industry_yoy,CHN,2014-05,8.8,%,M,,https://data.stats.gov.cn/dg/website/publicrelease/web/external/stream/esData,来源指标：规上工业增加值同比增长 (%)；原始值 8.8；目录 3f2e14f0542348ed9fe02476eca3450b；2011年规上起点从500万元提高至2000万元；2013年起1—2月合并调查
industry_yoy,CHN,2014-06,9.2,%,M,,https://data.stats.gov.cn/dg/website/publicrelease/web/external/stream/esData,来源指标：规上工业增加值同比增长 (%)；原始值 9.2；目录 3f2e14f0542348ed9fe02476eca3450b；2011年规上起点从500万元提高至2000万元；2013年起1—2月合并调查
industry_yoy,CHN,2014-07,9.0,%,M,,https://data.stats.gov.cn/dg/website/publicrelease/web/external/stream/esData,来源指标：规上工业增加值同比增长 (%)；原始值 9.0；目录 3f2e14f0542348ed9fe02476eca3450b；2011年规上起点从500万元提高至2000万元；2013年起1—2月合并调查
industry_yoy,CHN,2014-08,6.9,%,M,,https://data.stats.gov.cn/dg/website/publicrelease/web/external/stream/esData,来源指标：规上工业增加值同比增长 (%)；原始值 6.9；目录 3f2e14f0542348ed9fe02476eca3450b；2011年规上起点从500万元提高至2000万元；2013年起1—2月合并调查
industry_yoy,CHN,2014-09,8.0,%,M,,https://data.stats.gov.cn/dg/website/publicrelease/web/external/stream/esData,来源指标：规上工业增加值同比增长 (%)；原始值 8.0；目录 3f2e14f0542348ed9fe02476eca3450b；2011年规上起点从500万元提高至2000万元；2013年起1—2月合并调查
industry_yoy,CHN,2014-10,7.7,%,M,,https://data.stats.gov.cn/dg/website/publicrelease/web/external/stream/esData,来源指标：规上工业增加值同比增长 (%)；原始值 7.7；目录 3f2e14f0542348ed9fe02476eca3450b；2011年规上起点从500万元提高至2000万元；2013年起1—2月合并调查
industry_yoy,CHN,2014-11,7.2,%,M,,https://data.stats.gov.cn/dg/website/publicrelease/web/external/stream/esData,来源指标：规上工业增加值同比增长 (%)；原始值 7.2；目录 3f2e14f0542348ed9fe02476eca3450b；2011年规上起点从500万元提高至2000万元；2013年起1—2月合并调查
industry_yoy,CHN,2014-12,7.9,%,M,,https://data.stats.gov.cn/dg/website/publicrelease/web/external/stream/esData,来源指标：规上工业增加值同比增长 (%)；原始值 7.9；目录 3f2e14f0542348ed9fe02476eca3450b；2011年规上起点从500万元提高至2000万元；2013年起1—2月合并调查
industry_yoy,CHN,2015-03,5.6,%,M,,https://data.stats.gov.cn/dg/website/publicrelease/web/external/stream/esData,来源指标：规上工业增加值同比增长 (%)；原始值 5.6；目录 3f2e14f0542348ed9fe02476eca3450b；2011年规上起点从500万元提高至2000万元；2013年起1—2月合并调查
industry_yoy,CHN,2015-04,5.9,%,M,,https://data.stats.gov.cn/dg/website/publicrelease/web/external/stream/esData,来源指标：规上工业增加值同比增长 (%)；原始值 5.9；目录 3f2e14f0542348ed9fe02476eca3450b；2011年规上起点从500万元提高至2000万元；2013年起1—2月合并调查
industry_yoy,CHN,2015-05,6.1,%,M,,https://data.stats.gov.cn/dg/website/publicrelease/web/external/stream/esData,来源指标：规上工业增加值同比增长 (%)；原始值 6.1；目录 3f2e14f0542348ed9fe02476eca3450b；2011年规上起点从500万元提高至2000万元；2013年起1—2月合并调查
industry_yoy,CHN,2015-06,6.8,%,M,,https://data.stats.gov.cn/dg/website/publicrelease/web/external/stream/esData,来源指标：规上工业增加值同比增长 (%)；原始值 6.8；目录 3f2e14f0542348ed9fe02476eca3450b；2011年规上起点从500万元提高至2000万元；2013年起1—2月合并调查
industry_yoy,CHN,2015-07,6.0,%,M,,https://data.stats.gov.cn/dg/website/publicrelease/web/external/stream/esData,来源指标：规上工业增加值同比增长 (%)；原始值 6.0；目录 3f2e14f0542348ed9fe02476eca3450b；2011年规上起点从500万元提高至2000万元；2013年起1—2月合并调查
industry_yoy,CHN,2015-08,6.1,%,M,,https://data.stats.gov.cn/dg/website/publicrelease/web/external/stream/esData,来源指标：规上工业增加值同比增长 (%)；原始值 6.1；目录 3f2e14f0542348ed9fe02476eca3450b；2011年规上起点从500万元提高至2000万元；2013年起1—2月合并调查
industry_yoy,CHN,2015-09,5.7,%,M,,https://data.stats.gov.cn/dg/website/publicrelease/web/external/stream/esData,来源指标：规上工业增加值同比增长 (%)；原始值 5.7；目录 3f2e14f0542348ed9fe02476eca3450b；2011年规上起点从500万元提高至2000万元；2013年起1—2月合并调查
industry_yoy,CHN,2015-10,5.6,%,M,,https://data.stats.gov.cn/dg/website/publicrelease/web/external/stream/esData,来源指标：规上工业增加值同比增长 (%)；原始值 5.6；目录 3f2e14f0542348ed9fe02476eca3450b；2011年规上起点从500万元提高至2000万元；2013年起1—2月合并调查
industry_yoy,CHN,2015-11,6.2,%,M,,https://data.stats.gov.cn/dg/website/publicrelease/web/external/stream/esData,来源指标：规上工业增加值同比增长 (%)；原始值 6.2；目录 3f2e14f0542348ed9fe02476eca3450b；2011年规上起点从500万元提高至2000万元；2013年起1—2月合并调查
industry_yoy,CHN,2015-12,5.9,%,M,,https://data.stats.gov.cn/dg/website/publicrelease/web/external/stream/esData,来源指标：规上工业增加值同比增长 (%)；原始值 5.9；目录 3f2e14f0542348ed9fe02476eca3450b；2011年规上起点从500万元提高至2000万元；2013年起1—2月合并调查
industry_yoy,CHN,2016-03,6.8,%,M,,https://data.stats.gov.cn/dg/website/publicrelease/web/external/stream/esData,来源指标：规上工业增加值同比增长 (%)；原始值 6.8；目录 3f2e14f0542348ed9fe02476eca3450b；2011年规上起点从500万元提高至2000万元；2013年起1—2月合并调查
industry_yoy,CHN,2016-04,6.0,%,M,,https://data.stats.gov.cn/dg/website/publicrelease/web/external/stream/esData,来源指标：规上工业增加值同比增长 (%)；原始值 6.0；目录 3f2e14f0542348ed9fe02476eca3450b；2011年规上起点从500万元提高至2000万元；2013年起1—2月合并调查
industry_yoy,CHN,2016-05,6.0,%,M,,https://data.stats.gov.cn/dg/website/publicrelease/web/external/stream/esData,来源指标：规上工业增加值同比增长 (%)；原始值 6.0；目录 3f2e14f0542348ed9fe02476eca3450b；2011年规上起点从500万元提高至2000万元；2013年起1—2月合并调查
industry_yoy,CHN,2016-06,6.2,%,M,,https://data.stats.gov.cn/dg/website/publicrelease/web/external/stream/esData,来源指标：规上工业增加值同比增长 (%)；原始值 6.2；目录 3f2e14f0542348ed9fe02476eca3450b；2011年规上起点从500万元提高至2000万元；2013年起1—2月合并调查
industry_yoy,CHN,2016-07,6.0,%,M,,https://data.stats.gov.cn/dg/website/publicrelease/web/external/stream/esData,来源指标：规上工业增加值同比增长 (%)；原始值 6.0；目录 3f2e14f0542348ed9fe02476eca3450b；2011年规上起点从500万元提高至2000万元；2013年起1—2月合并调查
industry_yoy,CHN,2016-08,6.3,%,M,,https://data.stats.gov.cn/dg/website/publicrelease/web/external/stream/esData,来源指标：规上工业增加值同比增长 (%)；原始值 6.3；目录 3f2e14f0542348ed9fe02476eca3450b；2011年规上起点从500万元提高至2000万元；2013年起1—2月合并调查
industry_yoy,CHN,2016-09,6.1,%,M,,https://data.stats.gov.cn/dg/website/publicrelease/web/external/stream/esData,来源指标：规上工业增加值同比增长 (%)；原始值 6.1；目录 3f2e14f0542348ed9fe02476eca3450b；2011年规上起点从500万元提高至2000万元；2013年起1—2月合并调查
industry_yoy,CHN,2016-10,6.1,%,M,,https://data.stats.gov.cn/dg/website/publicrelease/web/external/stream/esData,来源指标：规上工业增加值同比增长 (%)；原始值 6.1；目录 3f2e14f0542348ed9fe02476eca3450b；2011年规上起点从500万元提高至2000万元；2013年起1—2月合并调查
industry_yoy,CHN,2016-11,6.2,%,M,,https://data.stats.gov.cn/dg/website/publicrelease/web/external/stream/esData,来源指标：规上工业增加值同比增长 (%)；原始值 6.2；目录 3f2e14f0542348ed9fe02476eca3450b；2011年规上起点从500万元提高至2000万元；2013年起1—2月合并调查
industry_yoy,CHN,2016-12,6.0,%,M,,https://data.stats.gov.cn/dg/website/publicrelease/web/external/stream/esData,来源指标：规上工业增加值同比增长 (%)；原始值 6.0；目录 3f2e14f0542348ed9fe02476eca3450b；2011年规上起点从500万元提高至2000万元；2013年起1—2月合并调查
industry_yoy,CHN,2017-03,7.6,%,M,,https://data.stats.gov.cn/dg/website/publicrelease/web/external/stream/esData,来源指标：规上工业增加值同比增长 (%)；原始值 7.6；目录 3f2e14f0542348ed9fe02476eca3450b；2011年规上起点从500万元提高至2000万元；2013年起1—2月合并调查
industry_yoy,CHN,2017-04,6.5,%,M,,https://data.stats.gov.cn/dg/website/publicrelease/web/external/stream/esData,来源指标：规上工业增加值同比增长 (%)；原始值 6.5；目录 3f2e14f0542348ed9fe02476eca3450b；2011年规上起点从500万元提高至2000万元；2013年起1—2月合并调查
industry_yoy,CHN,2017-05,6.5,%,M,,https://data.stats.gov.cn/dg/website/publicrelease/web/external/stream/esData,来源指标：规上工业增加值同比增长 (%)；原始值 6.5；目录 3f2e14f0542348ed9fe02476eca3450b；2011年规上起点从500万元提高至2000万元；2013年起1—2月合并调查
industry_yoy,CHN,2017-06,7.6,%,M,,https://data.stats.gov.cn/dg/website/publicrelease/web/external/stream/esData,来源指标：规上工业增加值同比增长 (%)；原始值 7.6；目录 3f2e14f0542348ed9fe02476eca3450b；2011年规上起点从500万元提高至2000万元；2013年起1—2月合并调查
industry_yoy,CHN,2017-07,6.4,%,M,,https://data.stats.gov.cn/dg/website/publicrelease/web/external/stream/esData,来源指标：规上工业增加值同比增长 (%)；原始值 6.4；目录 3f2e14f0542348ed9fe02476eca3450b；2011年规上起点从500万元提高至2000万元；2013年起1—2月合并调查
industry_yoy,CHN,2017-08,6.0,%,M,,https://data.stats.gov.cn/dg/website/publicrelease/web/external/stream/esData,来源指标：规上工业增加值同比增长 (%)；原始值 6.0；目录 3f2e14f0542348ed9fe02476eca3450b；2011年规上起点从500万元提高至2000万元；2013年起1—2月合并调查
industry_yoy,CHN,2017-09,6.6,%,M,,https://data.stats.gov.cn/dg/website/publicrelease/web/external/stream/esData,来源指标：规上工业增加值同比增长 (%)；原始值 6.6；目录 3f2e14f0542348ed9fe02476eca3450b；2011年规上起点从500万元提高至2000万元；2013年起1—2月合并调查
industry_yoy,CHN,2017-10,6.2,%,M,,https://data.stats.gov.cn/dg/website/publicrelease/web/external/stream/esData,来源指标：规上工业增加值同比增长 (%)；原始值 6.2；目录 3f2e14f0542348ed9fe02476eca3450b；2011年规上起点从500万元提高至2000万元；2013年起1—2月合并调查
industry_yoy,CHN,2017-11,6.1,%,M,,https://data.stats.gov.cn/dg/website/publicrelease/web/external/stream/esData,来源指标：规上工业增加值同比增长 (%)；原始值 6.1；目录 3f2e14f0542348ed9fe02476eca3450b；2011年规上起点从500万元提高至2000万元；2013年起1—2月合并调查
industry_yoy,CHN,2017-12,6.2,%,M,,https://data.stats.gov.cn/dg/website/publicrelease/web/external/stream/esData,来源指标：规上工业增加值同比增长 (%)；原始值 6.2；目录 3f2e14f0542348ed9fe02476eca3450b；2011年规上起点从500万元提高至2000万元；2013年起1—2月合并调查
industry_yoy,CHN,2018-03,6.0,%,M,,https://data.stats.gov.cn/dg/website/publicrelease/web/external/stream/esData,来源指标：规上工业增加值同比增长 (%)；原始值 6.0；目录 3f2e14f0542348ed9fe02476eca3450b；2011年规上起点从500万元提高至2000万元；2013年起1—2月合并调查
industry_yoy,CHN,2018-04,7.0,%,M,,https://data.stats.gov.cn/dg/website/publicrelease/web/external/stream/esData,来源指标：规上工业增加值同比增长 (%)；原始值 7.0；目录 3f2e14f0542348ed9fe02476eca3450b；2011年规上起点从500万元提高至2000万元；2013年起1—2月合并调查
industry_yoy,CHN,2018-05,6.8,%,M,,https://data.stats.gov.cn/dg/website/publicrelease/web/external/stream/esData,来源指标：规上工业增加值同比增长 (%)；原始值 6.8；目录 3f2e14f0542348ed9fe02476eca3450b；2011年规上起点从500万元提高至2000万元；2013年起1—2月合并调查
industry_yoy,CHN,2018-06,6.0,%,M,,https://data.stats.gov.cn/dg/website/publicrelease/web/external/stream/esData,来源指标：规上工业增加值同比增长 (%)；原始值 6.0；目录 3f2e14f0542348ed9fe02476eca3450b；2011年规上起点从500万元提高至2000万元；2013年起1—2月合并调查
industry_yoy,CHN,2018-07,6.0,%,M,,https://data.stats.gov.cn/dg/website/publicrelease/web/external/stream/esData,来源指标：规上工业增加值同比增长 (%)；原始值 6.0；目录 3f2e14f0542348ed9fe02476eca3450b；2011年规上起点从500万元提高至2000万元；2013年起1—2月合并调查
industry_yoy,CHN,2018-08,6.1,%,M,,https://data.stats.gov.cn/dg/website/publicrelease/web/external/stream/esData,来源指标：规上工业增加值同比增长 (%)；原始值 6.1；目录 3f2e14f0542348ed9fe02476eca3450b；2011年规上起点从500万元提高至2000万元；2013年起1—2月合并调查
industry_yoy,CHN,2018-09,5.8,%,M,,https://data.stats.gov.cn/dg/website/publicrelease/web/external/stream/esData,来源指标：规上工业增加值同比增长 (%)；原始值 5.8；目录 3f2e14f0542348ed9fe02476eca3450b；2011年规上起点从500万元提高至2000万元；2013年起1—2月合并调查
industry_yoy,CHN,2018-10,5.9,%,M,,https://data.stats.gov.cn/dg/website/publicrelease/web/external/stream/esData,来源指标：规上工业增加值同比增长 (%)；原始值 5.9；目录 3f2e14f0542348ed9fe02476eca3450b；2011年规上起点从500万元提高至2000万元；2013年起1—2月合并调查
industry_yoy,CHN,2018-11,5.4,%,M,,https://data.stats.gov.cn/dg/website/publicrelease/web/external/stream/esData,来源指标：规上工业增加值同比增长 (%)；原始值 5.4；目录 3f2e14f0542348ed9fe02476eca3450b；2011年规上起点从500万元提高至2000万元；2013年起1—2月合并调查
industry_yoy,CHN,2018-12,5.7,%,M,,https://data.stats.gov.cn/dg/website/publicrelease/web/external/stream/esData,来源指标：规上工业增加值同比增长 (%)；原始值 5.7；目录 3f2e14f0542348ed9fe02476eca3450b；2011年规上起点从500万元提高至2000万元；2013年起1—2月合并调查
industry_yoy,CHN,2019-03,8.5,%,M,,https://data.stats.gov.cn/dg/website/publicrelease/web/external/stream/esData,来源指标：规上工业增加值同比增长 (%)；原始值 8.5；目录 3f2e14f0542348ed9fe02476eca3450b；2011年规上起点从500万元提高至2000万元；2013年起1—2月合并调查
industry_yoy,CHN,2019-04,5.4,%,M,,https://data.stats.gov.cn/dg/website/publicrelease/web/external/stream/esData,来源指标：规上工业增加值同比增长 (%)；原始值 5.4；目录 3f2e14f0542348ed9fe02476eca3450b；2011年规上起点从500万元提高至2000万元；2013年起1—2月合并调查
industry_yoy,CHN,2019-05,5.0,%,M,,https://data.stats.gov.cn/dg/website/publicrelease/web/external/stream/esData,来源指标：规上工业增加值同比增长 (%)；原始值 5.0；目录 3f2e14f0542348ed9fe02476eca3450b；2011年规上起点从500万元提高至2000万元；2013年起1—2月合并调查
industry_yoy,CHN,2019-06,6.3,%,M,,https://data.stats.gov.cn/dg/website/publicrelease/web/external/stream/esData,来源指标：规上工业增加值同比增长 (%)；原始值 6.3；目录 3f2e14f0542348ed9fe02476eca3450b；2011年规上起点从500万元提高至2000万元；2013年起1—2月合并调查
industry_yoy,CHN,2019-07,4.8,%,M,,https://data.stats.gov.cn/dg/website/publicrelease/web/external/stream/esData,来源指标：规上工业增加值同比增长 (%)；原始值 4.8；目录 3f2e14f0542348ed9fe02476eca3450b；2011年规上起点从500万元提高至2000万元；2013年起1—2月合并调查
industry_yoy,CHN,2019-08,4.4,%,M,,https://data.stats.gov.cn/dg/website/publicrelease/web/external/stream/esData,来源指标：规上工业增加值同比增长 (%)；原始值 4.4；目录 3f2e14f0542348ed9fe02476eca3450b；2011年规上起点从500万元提高至2000万元；2013年起1—2月合并调查
industry_yoy,CHN,2019-09,5.8,%,M,,https://data.stats.gov.cn/dg/website/publicrelease/web/external/stream/esData,来源指标：规上工业增加值同比增长 (%)；原始值 5.8；目录 3f2e14f0542348ed9fe02476eca3450b；2011年规上起点从500万元提高至2000万元；2013年起1—2月合并调查
industry_yoy,CHN,2019-10,4.7,%,M,,https://data.stats.gov.cn/dg/website/publicrelease/web/external/stream/esData,来源指标：规上工业增加值同比增长 (%)；原始值 4.7；目录 3f2e14f0542348ed9fe02476eca3450b；2011年规上起点从500万元提高至2000万元；2013年起1—2月合并调查
industry_yoy,CHN,2019-11,6.2,%,M,,https://data.stats.gov.cn/dg/website/publicrelease/web/external/stream/esData,来源指标：规上工业增加值同比增长 (%)；原始值 6.2；目录 3f2e14f0542348ed9fe02476eca3450b；2011年规上起点从500万元提高至2000万元；2013年起1—2月合并调查
industry_yoy,CHN,2019-12,6.9,%,M,,https://data.stats.gov.cn/dg/website/publicrelease/web/external/stream/esData,来源指标：规上工业增加值同比增长 (%)；原始值 6.9；目录 3f2e14f0542348ed9fe02476eca3450b；2011年规上起点从500万元提高至2000万元；2013年起1—2月合并调查
industry_yoy,CHN,2020-03,-1.1,%,M,,https://data.stats.gov.cn/dg/website/publicrelease/web/external/stream/esData,来源指标：规上工业增加值同比增长 (%)；原始值 -1.1；目录 3f2e14f0542348ed9fe02476eca3450b；2011年规上起点从500万元提高至2000万元；2013年起1—2月合并调查
industry_yoy,CHN,2020-04,3.9,%,M,,https://data.stats.gov.cn/dg/website/publicrelease/web/external/stream/esData,来源指标：规上工业增加值同比增长 (%)；原始值 3.9；目录 3f2e14f0542348ed9fe02476eca3450b；2011年规上起点从500万元提高至2000万元；2013年起1—2月合并调查
industry_yoy,CHN,2020-05,4.4,%,M,,https://data.stats.gov.cn/dg/website/publicrelease/web/external/stream/esData,来源指标：规上工业增加值同比增长 (%)；原始值 4.4；目录 3f2e14f0542348ed9fe02476eca3450b；2011年规上起点从500万元提高至2000万元；2013年起1—2月合并调查
industry_yoy,CHN,2020-06,4.8,%,M,,https://data.stats.gov.cn/dg/website/publicrelease/web/external/stream/esData,来源指标：规上工业增加值同比增长 (%)；原始值 4.8；目录 3f2e14f0542348ed9fe02476eca3450b；2011年规上起点从500万元提高至2000万元；2013年起1—2月合并调查
industry_yoy,CHN,2020-07,4.8,%,M,,https://data.stats.gov.cn/dg/website/publicrelease/web/external/stream/esData,来源指标：规上工业增加值同比增长 (%)；原始值 4.8；目录 3f2e14f0542348ed9fe02476eca3450b；2011年规上起点从500万元提高至2000万元；2013年起1—2月合并调查
industry_yoy,CHN,2020-08,5.6,%,M,,https://data.stats.gov.cn/dg/website/publicrelease/web/external/stream/esData,来源指标：规上工业增加值同比增长 (%)；原始值 5.6；目录 3f2e14f0542348ed9fe02476eca3450b；2011年规上起点从500万元提高至2000万元；2013年起1—2月合并调查
industry_yoy,CHN,2020-09,6.9,%,M,,https://data.stats.gov.cn/dg/website/publicrelease/web/external/stream/esData,来源指标：规上工业增加值同比增长 (%)；原始值 6.9；目录 3f2e14f0542348ed9fe02476eca3450b；2011年规上起点从500万元提高至2000万元；2013年起1—2月合并调查
industry_yoy,CHN,2020-10,6.9,%,M,,https://data.stats.gov.cn/dg/website/publicrelease/web/external/stream/esData,来源指标：规上工业增加值同比增长 (%)；原始值 6.9；目录 3f2e14f0542348ed9fe02476eca3450b；2011年规上起点从500万元提高至2000万元；2013年起1—2月合并调查
industry_yoy,CHN,2020-11,7.0,%,M,,https://data.stats.gov.cn/dg/website/publicrelease/web/external/stream/esData,来源指标：规上工业增加值同比增长 (%)；原始值 7.0；目录 3f2e14f0542348ed9fe02476eca3450b；2011年规上起点从500万元提高至2000万元；2013年起1—2月合并调查
industry_yoy,CHN,2020-12,7.3,%,M,,https://data.stats.gov.cn/dg/website/publicrelease/web/external/stream/esData,来源指标：规上工业增加值同比增长 (%)；原始值 7.3；目录 3f2e14f0542348ed9fe02476eca3450b；2011年规上起点从500万元提高至2000万元；2013年起1—2月合并调查
industry_yoy,CHN,2021-03,14.1,%,M,,https://data.stats.gov.cn/dg/website/publicrelease/web/external/stream/esData,来源指标：规上工业增加值同比增长 (%)；原始值 14.1；目录 3f2e14f0542348ed9fe02476eca3450b；2011年规上起点从500万元提高至2000万元；2013年起1—2月合并调查
industry_yoy,CHN,2021-04,9.8,%,M,,https://data.stats.gov.cn/dg/website/publicrelease/web/external/stream/esData,来源指标：规上工业增加值同比增长 (%)；原始值 9.8；目录 3f2e14f0542348ed9fe02476eca3450b；2011年规上起点从500万元提高至2000万元；2013年起1—2月合并调查
industry_yoy,CHN,2021-05,8.8,%,M,,https://data.stats.gov.cn/dg/website/publicrelease/web/external/stream/esData,来源指标：规上工业增加值同比增长 (%)；原始值 8.8；目录 3f2e14f0542348ed9fe02476eca3450b；2011年规上起点从500万元提高至2000万元；2013年起1—2月合并调查
industry_yoy,CHN,2021-06,8.3,%,M,,https://data.stats.gov.cn/dg/website/publicrelease/web/external/stream/esData,来源指标：规上工业增加值同比增长 (%)；原始值 8.3；目录 3f2e14f0542348ed9fe02476eca3450b；2011年规上起点从500万元提高至2000万元；2013年起1—2月合并调查
industry_yoy,CHN,2021-07,6.4,%,M,,https://data.stats.gov.cn/dg/website/publicrelease/web/external/stream/esData,来源指标：规上工业增加值同比增长 (%)；原始值 6.4；目录 3f2e14f0542348ed9fe02476eca3450b；2011年规上起点从500万元提高至2000万元；2013年起1—2月合并调查
industry_yoy,CHN,2021-08,5.3,%,M,,https://data.stats.gov.cn/dg/website/publicrelease/web/external/stream/esData,来源指标：规上工业增加值同比增长 (%)；原始值 5.3；目录 3f2e14f0542348ed9fe02476eca3450b；2011年规上起点从500万元提高至2000万元；2013年起1—2月合并调查
industry_yoy,CHN,2021-09,3.1,%,M,,https://data.stats.gov.cn/dg/website/publicrelease/web/external/stream/esData,来源指标：规上工业增加值同比增长 (%)；原始值 3.1；目录 3f2e14f0542348ed9fe02476eca3450b；2011年规上起点从500万元提高至2000万元；2013年起1—2月合并调查
industry_yoy,CHN,2021-10,3.5,%,M,,https://data.stats.gov.cn/dg/website/publicrelease/web/external/stream/esData,来源指标：规上工业增加值同比增长 (%)；原始值 3.5；目录 3f2e14f0542348ed9fe02476eca3450b；2011年规上起点从500万元提高至2000万元；2013年起1—2月合并调查
industry_yoy,CHN,2021-11,3.8,%,M,,https://data.stats.gov.cn/dg/website/publicrelease/web/external/stream/esData,来源指标：规上工业增加值同比增长 (%)；原始值 3.8；目录 3f2e14f0542348ed9fe02476eca3450b；2011年规上起点从500万元提高至2000万元；2013年起1—2月合并调查
industry_yoy,CHN,2021-12,4.3,%,M,,https://data.stats.gov.cn/dg/website/publicrelease/web/external/stream/esData,来源指标：规上工业增加值同比增长 (%)；原始值 4.3；目录 3f2e14f0542348ed9fe02476eca3450b；2011年规上起点从500万元提高至2000万元；2013年起1—2月合并调查
industry_yoy,CHN,2022-03,5.0,%,M,,https://data.stats.gov.cn/dg/website/publicrelease/web/external/stream/esData,来源指标：规上工业增加值同比增长 (%)；原始值 5.0；目录 3f2e14f0542348ed9fe02476eca3450b；2011年规上起点从500万元提高至2000万元；2013年起1—2月合并调查
industry_yoy,CHN,2022-04,-2.9,%,M,,https://data.stats.gov.cn/dg/website/publicrelease/web/external/stream/esData,来源指标：规上工业增加值同比增长 (%)；原始值 -2.9；目录 3f2e14f0542348ed9fe02476eca3450b；2011年规上起点从500万元提高至2000万元；2013年起1—2月合并调查
industry_yoy,CHN,2022-05,0.7,%,M,,https://data.stats.gov.cn/dg/website/publicrelease/web/external/stream/esData,来源指标：规上工业增加值同比增长 (%)；原始值 0.7；目录 3f2e14f0542348ed9fe02476eca3450b；2011年规上起点从500万元提高至2000万元；2013年起1—2月合并调查
industry_yoy,CHN,2022-06,3.9,%,M,,https://data.stats.gov.cn/dg/website/publicrelease/web/external/stream/esData,来源指标：规上工业增加值同比增长 (%)；原始值 3.9；目录 3f2e14f0542348ed9fe02476eca3450b；2011年规上起点从500万元提高至2000万元；2013年起1—2月合并调查
industry_yoy,CHN,2022-07,3.8,%,M,,https://data.stats.gov.cn/dg/website/publicrelease/web/external/stream/esData,来源指标：规上工业增加值同比增长 (%)；原始值 3.8；目录 3f2e14f0542348ed9fe02476eca3450b；2011年规上起点从500万元提高至2000万元；2013年起1—2月合并调查
industry_yoy,CHN,2022-08,4.2,%,M,,https://data.stats.gov.cn/dg/website/publicrelease/web/external/stream/esData,来源指标：规上工业增加值同比增长 (%)；原始值 4.2；目录 3f2e14f0542348ed9fe02476eca3450b；2011年规上起点从500万元提高至2000万元；2013年起1—2月合并调查
industry_yoy,CHN,2022-09,6.3,%,M,,https://data.stats.gov.cn/dg/website/publicrelease/web/external/stream/esData,来源指标：规上工业增加值同比增长 (%)；原始值 6.3；目录 3f2e14f0542348ed9fe02476eca3450b；2011年规上起点从500万元提高至2000万元；2013年起1—2月合并调查
industry_yoy,CHN,2022-10,5.0,%,M,,https://data.stats.gov.cn/dg/website/publicrelease/web/external/stream/esData,来源指标：规上工业增加值同比增长 (%)；原始值 5.0；目录 3f2e14f0542348ed9fe02476eca3450b；2011年规上起点从500万元提高至2000万元；2013年起1—2月合并调查
industry_yoy,CHN,2022-11,2.2,%,M,,https://data.stats.gov.cn/dg/website/publicrelease/web/external/stream/esData,来源指标：规上工业增加值同比增长 (%)；原始值 2.2；目录 3f2e14f0542348ed9fe02476eca3450b；2011年规上起点从500万元提高至2000万元；2013年起1—2月合并调查
industry_yoy,CHN,2022-12,1.3,%,M,,https://data.stats.gov.cn/dg/website/publicrelease/web/external/stream/esData,来源指标：规上工业增加值同比增长 (%)；原始值 1.3；目录 3f2e14f0542348ed9fe02476eca3450b；2011年规上起点从500万元提高至2000万元；2013年起1—2月合并调查
industry_yoy,CHN,2023-03,3.9,%,M,,https://data.stats.gov.cn/dg/website/publicrelease/web/external/stream/esData,来源指标：规上工业增加值同比增长 (%)；原始值 3.9；目录 3f2e14f0542348ed9fe02476eca3450b；2011年规上起点从500万元提高至2000万元；2013年起1—2月合并调查
industry_yoy,CHN,2023-04,5.6,%,M,,https://data.stats.gov.cn/dg/website/publicrelease/web/external/stream/esData,来源指标：规上工业增加值同比增长 (%)；原始值 5.6；目录 3f2e14f0542348ed9fe02476eca3450b；2011年规上起点从500万元提高至2000万元；2013年起1—2月合并调查
industry_yoy,CHN,2023-05,3.5,%,M,,https://data.stats.gov.cn/dg/website/publicrelease/web/external/stream/esData,来源指标：规上工业增加值同比增长 (%)；原始值 3.5；目录 3f2e14f0542348ed9fe02476eca3450b；2011年规上起点从500万元提高至2000万元；2013年起1—2月合并调查
industry_yoy,CHN,2023-06,4.4,%,M,,https://data.stats.gov.cn/dg/website/publicrelease/web/external/stream/esData,来源指标：规上工业增加值同比增长 (%)；原始值 4.4；目录 3f2e14f0542348ed9fe02476eca3450b；2011年规上起点从500万元提高至2000万元；2013年起1—2月合并调查
industry_yoy,CHN,2023-07,3.7,%,M,,https://data.stats.gov.cn/dg/website/publicrelease/web/external/stream/esData,来源指标：规上工业增加值同比增长 (%)；原始值 3.7；目录 3f2e14f0542348ed9fe02476eca3450b；2011年规上起点从500万元提高至2000万元；2013年起1—2月合并调查
industry_yoy,CHN,2023-08,4.5,%,M,,https://data.stats.gov.cn/dg/website/publicrelease/web/external/stream/esData,来源指标：规上工业增加值同比增长 (%)；原始值 4.5；目录 3f2e14f0542348ed9fe02476eca3450b；2011年规上起点从500万元提高至2000万元；2013年起1—2月合并调查
industry_yoy,CHN,2023-09,4.5,%,M,,https://data.stats.gov.cn/dg/website/publicrelease/web/external/stream/esData,来源指标：规上工业增加值同比增长 (%)；原始值 4.5；目录 3f2e14f0542348ed9fe02476eca3450b；2011年规上起点从500万元提高至2000万元；2013年起1—2月合并调查
industry_yoy,CHN,2023-10,4.6,%,M,,https://data.stats.gov.cn/dg/website/publicrelease/web/external/stream/esData,来源指标：规上工业增加值同比增长 (%)；原始值 4.6；目录 3f2e14f0542348ed9fe02476eca3450b；2011年规上起点从500万元提高至2000万元；2013年起1—2月合并调查
industry_yoy,CHN,2023-11,6.6,%,M,,https://data.stats.gov.cn/dg/website/publicrelease/web/external/stream/esData,来源指标：规上工业增加值同比增长 (%)；原始值 6.6；目录 3f2e14f0542348ed9fe02476eca3450b；2011年规上起点从500万元提高至2000万元；2013年起1—2月合并调查
industry_yoy,CHN,2023-12,6.8,%,M,,https://data.stats.gov.cn/dg/website/publicrelease/web/external/stream/esData,来源指标：规上工业增加值同比增长 (%)；原始值 6.8；目录 3f2e14f0542348ed9fe02476eca3450b；2011年规上起点从500万元提高至2000万元；2013年起1—2月合并调查
industry_yoy,CHN,2024-03,4.5,%,M,,https://data.stats.gov.cn/dg/website/publicrelease/web/external/stream/esData,来源指标：规上工业增加值同比增长 (%)；原始值 4.5；目录 3f2e14f0542348ed9fe02476eca3450b；2011年规上起点从500万元提高至2000万元；2013年起1—2月合并调查
industry_yoy,CHN,2024-04,6.7,%,M,,https://data.stats.gov.cn/dg/website/publicrelease/web/external/stream/esData,来源指标：规上工业增加值同比增长 (%)；原始值 6.7；目录 3f2e14f0542348ed9fe02476eca3450b；2011年规上起点从500万元提高至2000万元；2013年起1—2月合并调查
industry_yoy,CHN,2024-05,5.6,%,M,,https://data.stats.gov.cn/dg/website/publicrelease/web/external/stream/esData,来源指标：规上工业增加值同比增长 (%)；原始值 5.6；目录 3f2e14f0542348ed9fe02476eca3450b；2011年规上起点从500万元提高至2000万元；2013年起1—2月合并调查
industry_yoy,CHN,2024-06,5.3,%,M,,https://data.stats.gov.cn/dg/website/publicrelease/web/external/stream/esData,来源指标：规上工业增加值同比增长 (%)；原始值 5.3；目录 3f2e14f0542348ed9fe02476eca3450b；2011年规上起点从500万元提高至2000万元；2013年起1—2月合并调查
industry_yoy,CHN,2024-07,5.1,%,M,,https://data.stats.gov.cn/dg/website/publicrelease/web/external/stream/esData,来源指标：规上工业增加值同比增长 (%)；原始值 5.1；目录 3f2e14f0542348ed9fe02476eca3450b；2011年规上起点从500万元提高至2000万元；2013年起1—2月合并调查
industry_yoy,CHN,2024-08,4.5,%,M,,https://data.stats.gov.cn/dg/website/publicrelease/web/external/stream/esData,来源指标：规上工业增加值同比增长 (%)；原始值 4.5；目录 3f2e14f0542348ed9fe02476eca3450b；2011年规上起点从500万元提高至2000万元；2013年起1—2月合并调查
industry_yoy,CHN,2024-09,5.4,%,M,,https://data.stats.gov.cn/dg/website/publicrelease/web/external/stream/esData,来源指标：规上工业增加值同比增长 (%)；原始值 5.4；目录 3f2e14f0542348ed9fe02476eca3450b；2011年规上起点从500万元提高至2000万元；2013年起1—2月合并调查
industry_yoy,CHN,2024-10,5.3,%,M,,https://data.stats.gov.cn/dg/website/publicrelease/web/external/stream/esData,来源指标：规上工业增加值同比增长 (%)；原始值 5.3；目录 3f2e14f0542348ed9fe02476eca3450b；2011年规上起点从500万元提高至2000万元；2013年起1—2月合并调查
industry_yoy,CHN,2024-11,5.4,%,M,,https://data.stats.gov.cn/dg/website/publicrelease/web/external/stream/esData,来源指标：规上工业增加值同比增长 (%)；原始值 5.4；目录 3f2e14f0542348ed9fe02476eca3450b；2011年规上起点从500万元提高至2000万元；2013年起1—2月合并调查
industry_yoy,CHN,2024-12,6.2,%,M,,https://data.stats.gov.cn/dg/website/publicrelease/web/external/stream/esData,来源指标：规上工业增加值同比增长 (%)；原始值 6.2；目录 3f2e14f0542348ed9fe02476eca3450b；2011年规上起点从500万元提高至2000万元；2013年起1—2月合并调查
industry_yoy,CHN,2025-03,7.7,%,M,,https://data.stats.gov.cn/dg/website/publicrelease/web/external/stream/esData,来源指标：规上工业增加值同比增长 (%)；原始值 7.7；目录 3f2e14f0542348ed9fe02476eca3450b；2011年规上起点从500万元提高至2000万元；2013年起1—2月合并调查
industry_yoy,CHN,2025-04,6.1,%,M,,https://data.stats.gov.cn/dg/website/publicrelease/web/external/stream/esData,来源指标：规上工业增加值同比增长 (%)；原始值 6.1；目录 3f2e14f0542348ed9fe02476eca3450b；2011年规上起点从500万元提高至2000万元；2013年起1—2月合并调查
industry_yoy,CHN,2025-05,5.8,%,M,,https://data.stats.gov.cn/dg/website/publicrelease/web/external/stream/esData,来源指标：规上工业增加值同比增长 (%)；原始值 5.8；目录 3f2e14f0542348ed9fe02476eca3450b；2011年规上起点从500万元提高至2000万元；2013年起1—2月合并调查
industry_yoy,CHN,2025-06,6.8,%,M,,https://data.stats.gov.cn/dg/website/publicrelease/web/external/stream/esData,来源指标：规上工业增加值同比增长 (%)；原始值 6.8；目录 3f2e14f0542348ed9fe02476eca3450b；2011年规上起点从500万元提高至2000万元；2013年起1—2月合并调查
industry_yoy,CHN,2025-07,5.7,%,M,,https://data.stats.gov.cn/dg/website/publicrelease/web/external/stream/esData,来源指标：规上工业增加值同比增长 (%)；原始值 5.7；目录 3f2e14f0542348ed9fe02476eca3450b；2011年规上起点从500万元提高至2000万元；2013年起1—2月合并调查
industry_yoy,CHN,2025-08,5.2,%,M,,https://data.stats.gov.cn/dg/website/publicrelease/web/external/stream/esData,来源指标：规上工业增加值同比增长 (%)；原始值 5.2；目录 3f2e14f0542348ed9fe02476eca3450b；2011年规上起点从500万元提高至2000万元；2013年起1—2月合并调查
industry_yoy,CHN,2025-09,6.5,%,M,,https://data.stats.gov.cn/dg/website/publicrelease/web/external/stream/esData,来源指标：规上工业增加值同比增长 (%)；原始值 6.5；目录 3f2e14f0542348ed9fe02476eca3450b；2011年规上起点从500万元提高至2000万元；2013年起1—2月合并调查
industry_yoy,CHN,2025-10,4.9,%,M,,https://data.stats.gov.cn/dg/website/publicrelease/web/external/stream/esData,来源指标：规上工业增加值同比增长 (%)；原始值 4.9；目录 3f2e14f0542348ed9fe02476eca3450b；2011年规上起点从500万元提高至2000万元；2013年起1—2月合并调查
industry_yoy,CHN,2025-11,4.8,%,M,,https://data.stats.gov.cn/dg/website/publicrelease/web/external/stream/esData,来源指标：规上工业增加值同比增长 (%)；原始值 4.8；目录 3f2e14f0542348ed9fe02476eca3450b；2011年规上起点从500万元提高至2000万元；2013年起1—2月合并调查
industry_yoy,CHN,2025-12,5.2,%,M,,https://data.stats.gov.cn/dg/website/publicrelease/web/external/stream/esData,来源指标：规上工业增加值同比增长 (%)；原始值 5.2；目录 3f2e14f0542348ed9fe02476eca3450b；2011年规上起点从500万元提高至2000万元；2013年起1—2月合并调查
industry_yoy,CHN,2026-03,5.7,%,M,,https://data.stats.gov.cn/dg/website/publicrelease/web/external/stream/esData,来源指标：规上工业增加值同比增长 (%)；原始值 5.7；目录 3f2e14f0542348ed9fe02476eca3450b；2011年规上起点从500万元提高至2000万元；2013年起1—2月合并调查
industry_yoy,CHN,2026-04,4.1,%,M,,https://data.stats.gov.cn/dg/website/publicrelease/web/external/stream/esData,来源指标：规上工业增加值同比增长 (%)；原始值 4.1；目录 3f2e14f0542348ed9fe02476eca3450b；2011年规上起点从500万元提高至2000万元；2013年起1—2月合并调查
industry_yoy,CHN,2026-05,4.5,%,M,,https://data.stats.gov.cn/dg/website/publicrelease/web/external/stream/esData,来源指标：规上工业增加值同比增长 (%)；原始值 4.5；目录 3f2e14f0542348ed9fe02476eca3450b；2011年规上起点从500万元提高至2000万元；2013年起1—2月合并调查
industry_yoy,CHN,2026-06,5.3,%,M,,https://data.stats.gov.cn/dg/website/publicrelease/web/external/stream/esData,来源指标：规上工业增加值同比增长 (%)；原始值 5.3；目录 3f2e14f0542348ed9fe02476eca3450b；2011年规上起点从500万元提高至2000万元；2013年起1—2月合并调查
industry_yoy,CHN,2026-07,4.5,%,M,,https://data.stats.gov.cn/dg/website/publicrelease/web/external/stream/esData,来源指标：规上工业增加值同比增长 (%)；原始值 4.5；目录 3f2e14f0542348ed9fe02476eca3450b；2011年规上起点从500万元提高至2000万元；2013年起1—2月合并调查
industry_yoy,CHN,2026-08,5.2,%,M,,https://data.stats.gov.cn/dg/website/publicrelease/web/external/stream/esData,来源指标：规上工业增加值同比增长 (%)；原始值 5.2；目录 3f2e14f0542348ed9fe02476eca3450b；2011年规上起点从500万元提高至2000万元；2013年起1—2月合并调查
investment_legacy_ytd_yoy,CHN,1998-02,10.2,%,M,,https://data.stats.gov.cn/dg/website/publicrelease/web/external/stream/esData,来源指标：固定资产投资额累计增长 (%)；原始值 10.2；目录 5129067b149d4ddfbec1ffc478d35bfb；2011年前旧范围/起报点，与现行口径分列
investment_legacy_ytd_yoy,CHN,1998-03,10.3,%,M,,https://data.stats.gov.cn/dg/website/publicrelease/web/external/stream/esData,来源指标：固定资产投资额累计增长 (%)；原始值 10.3；目录 5129067b149d4ddfbec1ffc478d35bfb；2011年前旧范围/起报点，与现行口径分列
investment_legacy_ytd_yoy,CHN,1998-04,12.2,%,M,,https://data.stats.gov.cn/dg/website/publicrelease/web/external/stream/esData,来源指标：固定资产投资额累计增长 (%)；原始值 12.2；目录 5129067b149d4ddfbec1ffc478d35bfb；2011年前旧范围/起报点，与现行口径分列
investment_legacy_ytd_yoy,CHN,1998-05,12.7,%,M,,https://data.stats.gov.cn/dg/website/publicrelease/web/external/stream/esData,来源指标：固定资产投资额累计增长 (%)；原始值 12.7；目录 5129067b149d4ddfbec1ffc478d35bfb；2011年前旧范围/起报点，与现行口径分列
investment_legacy_ytd_yoy,CHN,1998-06,13.8,%,M,,https://data.stats.gov.cn/dg/website/publicrelease/web/external/stream/esData,来源指标：固定资产投资额累计增长 (%)；原始值 13.8；目录 5129067b149d4ddfbec1ffc478d35bfb；2011年前旧范围/起报点，与现行口径分列
investment_legacy_ytd_yoy,CHN,1998-07,15.6,%,M,,https://data.stats.gov.cn/dg/website/publicrelease/web/external/stream/esData,来源指标：固定资产投资额累计增长 (%)；原始值 15.6；目录 5129067b149d4ddfbec1ffc478d35bfb；2011年前旧范围/起报点，与现行口径分列
investment_legacy_ytd_yoy,CHN,1998-08,17.4,%,M,,https://data.stats.gov.cn/dg/website/publicrelease/web/external/stream/esData,来源指标：固定资产投资额累计增长 (%)；原始值 17.4；目录 5129067b149d4ddfbec1ffc478d35bfb；2011年前旧范围/起报点，与现行口径分列
investment_legacy_ytd_yoy,CHN,1998-09,20.0,%,M,,https://data.stats.gov.cn/dg/website/publicrelease/web/external/stream/esData,来源指标：固定资产投资额累计增长 (%)；原始值 20.0；目录 5129067b149d4ddfbec1ffc478d35bfb；2011年前旧范围/起报点，与现行口径分列
investment_legacy_ytd_yoy,CHN,1998-10,21.2,%,M,,https://data.stats.gov.cn/dg/website/publicrelease/web/external/stream/esData,来源指标：固定资产投资额累计增长 (%)；原始值 21.2；目录 5129067b149d4ddfbec1ffc478d35bfb；2011年前旧范围/起报点，与现行口径分列
investment_legacy_ytd_yoy,CHN,1998-11,22.3,%,M,,https://data.stats.gov.cn/dg/website/publicrelease/web/external/stream/esData,来源指标：固定资产投资额累计增长 (%)；原始值 22.3；目录 5129067b149d4ddfbec1ffc478d35bfb；2011年前旧范围/起报点，与现行口径分列
investment_legacy_ytd_yoy,CHN,1998-12,19.5,%,M,,https://data.stats.gov.cn/dg/website/publicrelease/web/external/stream/esData,来源指标：固定资产投资额累计增长 (%)；原始值 19.5；目录 5129067b149d4ddfbec1ffc478d35bfb；2011年前旧范围/起报点，与现行口径分列
investment_legacy_ytd_yoy,CHN,1999-02,28.3,%,M,,https://data.stats.gov.cn/dg/website/publicrelease/web/external/stream/esData,来源指标：固定资产投资额累计增长 (%)；原始值 28.3；目录 5129067b149d4ddfbec1ffc478d35bfb；2011年前旧范围/起报点，与现行口径分列
investment_legacy_ytd_yoy,CHN,1999-03,22.7,%,M,,https://data.stats.gov.cn/dg/website/publicrelease/web/external/stream/esData,来源指标：固定资产投资额累计增长 (%)；原始值 22.7；目录 5129067b149d4ddfbec1ffc478d35bfb；2011年前旧范围/起报点，与现行口径分列
investment_legacy_ytd_yoy,CHN,1999-04,18.1,%,M,,https://data.stats.gov.cn/dg/website/publicrelease/web/external/stream/esData,来源指标：固定资产投资额累计增长 (%)；原始值 18.1；目录 5129067b149d4ddfbec1ffc478d35bfb；2011年前旧范围/起报点，与现行口径分列
investment_legacy_ytd_yoy,CHN,1999-05,17.6,%,M,,https://data.stats.gov.cn/dg/website/publicrelease/web/external/stream/esData,来源指标：固定资产投资额累计增长 (%)；原始值 17.6；目录 5129067b149d4ddfbec1ffc478d35bfb；2011年前旧范围/起报点，与现行口径分列
investment_legacy_ytd_yoy,CHN,1999-06,15.1,%,M,,https://data.stats.gov.cn/dg/website/publicrelease/web/external/stream/esData,来源指标：固定资产投资额累计增长 (%)；原始值 15.1；目录 5129067b149d4ddfbec1ffc478d35bfb；2011年前旧范围/起报点，与现行口径分列
investment_legacy_ytd_yoy,CHN,1999-07,12.7,%,M,,https://data.stats.gov.cn/dg/website/publicrelease/web/external/stream/esData,来源指标：固定资产投资额累计增长 (%)；原始值 12.7；目录 5129067b149d4ddfbec1ffc478d35bfb；2011年前旧范围/起报点，与现行口径分列
investment_legacy_ytd_yoy,CHN,1999-08,10.4,%,M,,https://data.stats.gov.cn/dg/website/publicrelease/web/external/stream/esData,来源指标：固定资产投资额累计增长 (%)；原始值 10.4；目录 5129067b149d4ddfbec1ffc478d35bfb；2011年前旧范围/起报点，与现行口径分列
investment_legacy_ytd_yoy,CHN,1999-09,8.1,%,M,,https://data.stats.gov.cn/dg/website/publicrelease/web/external/stream/esData,来源指标：固定资产投资额累计增长 (%)；原始值 8.1；目录 5129067b149d4ddfbec1ffc478d35bfb；2011年前旧范围/起报点，与现行口径分列
investment_legacy_ytd_yoy,CHN,1999-10,7.0,%,M,,https://data.stats.gov.cn/dg/website/publicrelease/web/external/stream/esData,来源指标：固定资产投资额累计增长 (%)；原始值 7.0；目录 5129067b149d4ddfbec1ffc478d35bfb；2011年前旧范围/起报点，与现行口径分列
investment_legacy_ytd_yoy,CHN,1999-11,6.8,%,M,,https://data.stats.gov.cn/dg/website/publicrelease/web/external/stream/esData,来源指标：固定资产投资额累计增长 (%)；原始值 6.8；目录 5129067b149d4ddfbec1ffc478d35bfb；2011年前旧范围/起报点，与现行口径分列
investment_legacy_ytd_yoy,CHN,1999-12,6.3,%,M,,https://data.stats.gov.cn/dg/website/publicrelease/web/external/stream/esData,来源指标：固定资产投资额累计增长 (%)；原始值 6.3；目录 5129067b149d4ddfbec1ffc478d35bfb；2011年前旧范围/起报点，与现行口径分列
investment_legacy_ytd_yoy,CHN,2000-02,8.6,%,M,,https://data.stats.gov.cn/dg/website/publicrelease/web/external/stream/esData,来源指标：固定资产投资额累计增长 (%)；原始值 8.6；目录 5129067b149d4ddfbec1ffc478d35bfb；2011年前旧范围/起报点，与现行口径分列
investment_legacy_ytd_yoy,CHN,2000-03,8.5,%,M,,https://data.stats.gov.cn/dg/website/publicrelease/web/external/stream/esData,来源指标：固定资产投资额累计增长 (%)；原始值 8.5；目录 5129067b149d4ddfbec1ffc478d35bfb；2011年前旧范围/起报点，与现行口径分列
investment_legacy_ytd_yoy,CHN,2000-04,9.3,%,M,,https://data.stats.gov.cn/dg/website/publicrelease/web/external/stream/esData,来源指标：固定资产投资额累计增长 (%)；原始值 9.3；目录 5129067b149d4ddfbec1ffc478d35bfb；2011年前旧范围/起报点，与现行口径分列
investment_legacy_ytd_yoy,CHN,2000-05,9.5,%,M,,https://data.stats.gov.cn/dg/website/publicrelease/web/external/stream/esData,来源指标：固定资产投资额累计增长 (%)；原始值 9.5；目录 5129067b149d4ddfbec1ffc478d35bfb；2011年前旧范围/起报点，与现行口径分列
investment_legacy_ytd_yoy,CHN,2000-06,12.1,%,M,,https://data.stats.gov.cn/dg/website/publicrelease/web/external/stream/esData,来源指标：固定资产投资额累计增长 (%)；原始值 12.1；目录 5129067b149d4ddfbec1ffc478d35bfb；2011年前旧范围/起报点，与现行口径分列
investment_legacy_ytd_yoy,CHN,2000-07,12.6,%,M,,https://data.stats.gov.cn/dg/website/publicrelease/web/external/stream/esData,来源指标：固定资产投资额累计增长 (%)；原始值 12.6；目录 5129067b149d4ddfbec1ffc478d35bfb；2011年前旧范围/起报点，与现行口径分列
investment_legacy_ytd_yoy,CHN,2000-08,12.7,%,M,,https://data.stats.gov.cn/dg/website/publicrelease/web/external/stream/esData,来源指标：固定资产投资额累计增长 (%)；原始值 12.7；目录 5129067b149d4ddfbec1ffc478d35bfb；2011年前旧范围/起报点，与现行口径分列
investment_legacy_ytd_yoy,CHN,2000-09,12.9,%,M,,https://data.stats.gov.cn/dg/website/publicrelease/web/external/stream/esData,来源指标：固定资产投资额累计增长 (%)；原始值 12.9；目录 5129067b149d4ddfbec1ffc478d35bfb；2011年前旧范围/起报点，与现行口径分列
investment_legacy_ytd_yoy,CHN,2000-10,12.6,%,M,,https://data.stats.gov.cn/dg/website/publicrelease/web/external/stream/esData,来源指标：固定资产投资额累计增长 (%)；原始值 12.6；目录 5129067b149d4ddfbec1ffc478d35bfb；2011年前旧范围/起报点，与现行口径分列
investment_legacy_ytd_yoy,CHN,2000-11,11.7,%,M,,https://data.stats.gov.cn/dg/website/publicrelease/web/external/stream/esData,来源指标：固定资产投资额累计增长 (%)；原始值 11.7；目录 5129067b149d4ddfbec1ffc478d35bfb；2011年前旧范围/起报点，与现行口径分列
investment_legacy_ytd_yoy,CHN,2000-12,9.7,%,M,,https://data.stats.gov.cn/dg/website/publicrelease/web/external/stream/esData,来源指标：固定资产投资额累计增长 (%)；原始值 9.7；目录 5129067b149d4ddfbec1ffc478d35bfb；2011年前旧范围/起报点，与现行口径分列
investment_legacy_ytd_yoy,CHN,2001-02,16.7,%,M,,https://data.stats.gov.cn/dg/website/publicrelease/web/external/stream/esData,来源指标：固定资产投资额累计增长 (%)；原始值 16.7；目录 5129067b149d4ddfbec1ffc478d35bfb；2011年前旧范围/起报点，与现行口径分列
investment_legacy_ytd_yoy,CHN,2001-03,15.1,%,M,,https://data.stats.gov.cn/dg/website/publicrelease/web/external/stream/esData,来源指标：固定资产投资额累计增长 (%)；原始值 15.1；目录 5129067b149d4ddfbec1ffc478d35bfb；2011年前旧范围/起报点，与现行口径分列
investment_legacy_ytd_yoy,CHN,2001-04,16.5,%,M,,https://data.stats.gov.cn/dg/website/publicrelease/web/external/stream/esData,来源指标：固定资产投资额累计增长 (%)；原始值 16.5；目录 5129067b149d4ddfbec1ffc478d35bfb；2011年前旧范围/起报点，与现行口径分列
investment_legacy_ytd_yoy,CHN,2001-05,17.6,%,M,,https://data.stats.gov.cn/dg/website/publicrelease/web/external/stream/esData,来源指标：固定资产投资额累计增长 (%)；原始值 17.6；目录 5129067b149d4ddfbec1ffc478d35bfb；2011年前旧范围/起报点，与现行口径分列
investment_legacy_ytd_yoy,CHN,2001-06,17.9,%,M,,https://data.stats.gov.cn/dg/website/publicrelease/web/external/stream/esData,来源指标：固定资产投资额累计增长 (%)；原始值 17.9；目录 5129067b149d4ddfbec1ffc478d35bfb；2011年前旧范围/起报点，与现行口径分列
investment_legacy_ytd_yoy,CHN,2001-07,18.4,%,M,,https://data.stats.gov.cn/dg/website/publicrelease/web/external/stream/esData,来源指标：固定资产投资额累计增长 (%)；原始值 18.4；目录 5129067b149d4ddfbec1ffc478d35bfb；2011年前旧范围/起报点，与现行口径分列
investment_legacy_ytd_yoy,CHN,2001-08,18.9,%,M,,https://data.stats.gov.cn/dg/website/publicrelease/web/external/stream/esData,来源指标：固定资产投资额累计增长 (%)；原始值 18.9；目录 5129067b149d4ddfbec1ffc478d35bfb；2011年前旧范围/起报点，与现行口径分列
investment_legacy_ytd_yoy,CHN,2001-09,18.2,%,M,,https://data.stats.gov.cn/dg/website/publicrelease/web/external/stream/esData,来源指标：固定资产投资额累计增长 (%)；原始值 18.2；目录 5129067b149d4ddfbec1ffc478d35bfb；2011年前旧范围/起报点，与现行口径分列
investment_legacy_ytd_yoy,CHN,2001-10,17.4,%,M,,https://data.stats.gov.cn/dg/website/publicrelease/web/external/stream/esData,来源指标：固定资产投资额累计增长 (%)；原始值 17.4；目录 5129067b149d4ddfbec1ffc478d35bfb；2011年前旧范围/起报点，与现行口径分列
investment_legacy_ytd_yoy,CHN,2001-11,16.3,%,M,,https://data.stats.gov.cn/dg/website/publicrelease/web/external/stream/esData,来源指标：固定资产投资额累计增长 (%)；原始值 16.3；目录 5129067b149d4ddfbec1ffc478d35bfb；2011年前旧范围/起报点，与现行口径分列
investment_legacy_ytd_yoy,CHN,2001-12,13.7,%,M,,https://data.stats.gov.cn/dg/website/publicrelease/web/external/stream/esData,来源指标：固定资产投资额累计增长 (%)；原始值 13.7；目录 5129067b149d4ddfbec1ffc478d35bfb；2011年前旧范围/起报点，与现行口径分列
investment_legacy_ytd_yoy,CHN,2002-02,24.5,%,M,,https://data.stats.gov.cn/dg/website/publicrelease/web/external/stream/esData,来源指标：固定资产投资额累计增长 (%)；原始值 24.5；目录 5129067b149d4ddfbec1ffc478d35bfb；2011年前旧范围/起报点，与现行口径分列
investment_legacy_ytd_yoy,CHN,2002-03,26.1,%,M,,https://data.stats.gov.cn/dg/website/publicrelease/web/external/stream/esData,来源指标：固定资产投资额累计增长 (%)；原始值 26.1；目录 5129067b149d4ddfbec1ffc478d35bfb；2011年前旧范围/起报点，与现行口径分列
investment_legacy_ytd_yoy,CHN,2002-04,27.1,%,M,,https://data.stats.gov.cn/dg/website/publicrelease/web/external/stream/esData,来源指标：固定资产投资额累计增长 (%)；原始值 27.1；目录 5129067b149d4ddfbec1ffc478d35bfb；2011年前旧范围/起报点，与现行口径分列
investment_legacy_ytd_yoy,CHN,2002-05,25.8,%,M,,https://data.stats.gov.cn/dg/website/publicrelease/web/external/stream/esData,来源指标：固定资产投资额累计增长 (%)；原始值 25.8；目录 5129067b149d4ddfbec1ffc478d35bfb；2011年前旧范围/起报点，与现行口径分列
investment_legacy_ytd_yoy,CHN,2002-06,24.4,%,M,,https://data.stats.gov.cn/dg/website/publicrelease/web/external/stream/esData,来源指标：固定资产投资额累计增长 (%)；原始值 24.4；目录 5129067b149d4ddfbec1ffc478d35bfb；2011年前旧范围/起报点，与现行口径分列
investment_legacy_ytd_yoy,CHN,2002-07,24.1,%,M,,https://data.stats.gov.cn/dg/website/publicrelease/web/external/stream/esData,来源指标：固定资产投资额累计增长 (%)；原始值 24.1；目录 5129067b149d4ddfbec1ffc478d35bfb；2011年前旧范围/起报点，与现行口径分列
investment_legacy_ytd_yoy,CHN,2002-08,24.2,%,M,,https://data.stats.gov.cn/dg/website/publicrelease/web/external/stream/esData,来源指标：固定资产投资额累计增长 (%)；原始值 24.2；目录 5129067b149d4ddfbec1ffc478d35bfb；2011年前旧范围/起报点，与现行口径分列
investment_legacy_ytd_yoy,CHN,2002-09,24.3,%,M,,https://data.stats.gov.cn/dg/website/publicrelease/web/external/stream/esData,来源指标：固定资产投资额累计增长 (%)；原始值 24.3；目录 5129067b149d4ddfbec1ffc478d35bfb；2011年前旧范围/起报点，与现行口径分列
investment_legacy_ytd_yoy,CHN,2002-10,24.1,%,M,,https://data.stats.gov.cn/dg/website/publicrelease/web/external/stream/esData,来源指标：固定资产投资额累计增长 (%)；原始值 24.1；目录 5129067b149d4ddfbec1ffc478d35bfb；2011年前旧范围/起报点，与现行口径分列
investment_legacy_ytd_yoy,CHN,2002-11,23.4,%,M,,https://data.stats.gov.cn/dg/website/publicrelease/web/external/stream/esData,来源指标：固定资产投资额累计增长 (%)；原始值 23.4；目录 5129067b149d4ddfbec1ffc478d35bfb；2011年前旧范围/起报点，与现行口径分列
investment_legacy_ytd_yoy,CHN,2002-12,17.4,%,M,,https://data.stats.gov.cn/dg/website/publicrelease/web/external/stream/esData,来源指标：固定资产投资额累计增长 (%)；原始值 17.4；目录 5129067b149d4ddfbec1ffc478d35bfb；2011年前旧范围/起报点，与现行口径分列
investment_legacy_ytd_yoy,CHN,2003-02,32.8,%,M,,https://data.stats.gov.cn/dg/website/publicrelease/web/external/stream/esData,来源指标：固定资产投资额累计增长 (%)；原始值 32.8；目录 5129067b149d4ddfbec1ffc478d35bfb；2011年前旧范围/起报点，与现行口径分列
investment_legacy_ytd_yoy,CHN,2003-03,31.6,%,M,,https://data.stats.gov.cn/dg/website/publicrelease/web/external/stream/esData,来源指标：固定资产投资额累计增长 (%)；原始值 31.6；目录 5129067b149d4ddfbec1ffc478d35bfb；2011年前旧范围/起报点，与现行口径分列
investment_legacy_ytd_yoy,CHN,2003-04,30.5,%,M,,https://data.stats.gov.cn/dg/website/publicrelease/web/external/stream/esData,来源指标：固定资产投资额累计增长 (%)；原始值 30.5；目录 5129067b149d4ddfbec1ffc478d35bfb；2011年前旧范围/起报点，与现行口径分列
investment_legacy_ytd_yoy,CHN,2003-05,31.7,%,M,,https://data.stats.gov.cn/dg/website/publicrelease/web/external/stream/esData,来源指标：固定资产投资额累计增长 (%)；原始值 31.7；目录 5129067b149d4ddfbec1ffc478d35bfb；2011年前旧范围/起报点，与现行口径分列
investment_legacy_ytd_yoy,CHN,2003-06,32.8,%,M,,https://data.stats.gov.cn/dg/website/publicrelease/web/external/stream/esData,来源指标：固定资产投资额累计增长 (%)；原始值 32.8；目录 5129067b149d4ddfbec1ffc478d35bfb；2011年前旧范围/起报点，与现行口径分列
investment_legacy_ytd_yoy,CHN,2003-07,32.7,%,M,,https://data.stats.gov.cn/dg/website/publicrelease/web/external/stream/esData,来源指标：固定资产投资额累计增长 (%)；原始值 32.7；目录 5129067b149d4ddfbec1ffc478d35bfb；2011年前旧范围/起报点，与现行口径分列
investment_legacy_ytd_yoy,CHN,2003-08,32.4,%,M,,https://data.stats.gov.cn/dg/website/publicrelease/web/external/stream/esData,来源指标：固定资产投资额累计增长 (%)；原始值 32.4；目录 5129067b149d4ddfbec1ffc478d35bfb；2011年前旧范围/起报点，与现行口径分列
investment_legacy_ytd_yoy,CHN,2003-09,31.4,%,M,,https://data.stats.gov.cn/dg/website/publicrelease/web/external/stream/esData,来源指标：固定资产投资额累计增长 (%)；原始值 31.4；目录 5129067b149d4ddfbec1ffc478d35bfb；2011年前旧范围/起报点，与现行口径分列
investment_legacy_ytd_yoy,CHN,2003-10,30.2,%,M,,https://data.stats.gov.cn/dg/website/publicrelease/web/external/stream/esData,来源指标：固定资产投资额累计增长 (%)；原始值 30.2；目录 5129067b149d4ddfbec1ffc478d35bfb；2011年前旧范围/起报点，与现行口径分列
investment_legacy_ytd_yoy,CHN,2003-11,29.6,%,M,,https://data.stats.gov.cn/dg/website/publicrelease/web/external/stream/esData,来源指标：固定资产投资额累计增长 (%)；原始值 29.6；目录 5129067b149d4ddfbec1ffc478d35bfb；2011年前旧范围/起报点，与现行口径分列
investment_legacy_ytd_yoy,CHN,2003-12,28.4,%,M,,https://data.stats.gov.cn/dg/website/publicrelease/web/external/stream/esData,来源指标：固定资产投资额累计增长 (%)；原始值 28.4；目录 5129067b149d4ddfbec1ffc478d35bfb；2011年前旧范围/起报点，与现行口径分列
investment_legacy_ytd_yoy,CHN,2004-02,53.0,%,M,,https://data.stats.gov.cn/dg/website/publicrelease/web/external/stream/esData,来源指标：固定资产投资额累计增长 (%)；原始值 53.0；目录 5129067b149d4ddfbec1ffc478d35bfb；2011年前旧范围/起报点，与现行口径分列
investment_legacy_ytd_yoy,CHN,2004-03,47.8,%,M,,https://data.stats.gov.cn/dg/website/publicrelease/web/external/stream/esData,来源指标：固定资产投资额累计增长 (%)；原始值 47.8；目录 5129067b149d4ddfbec1ffc478d35bfb；2011年前旧范围/起报点，与现行口径分列
investment_legacy_ytd_yoy,CHN,2004-04,42.8,%,M,,https://data.stats.gov.cn/dg/website/publicrelease/web/external/stream/esData,来源指标：固定资产投资额累计增长 (%)；原始值 42.8；目录 5129067b149d4ddfbec1ffc478d35bfb；2011年前旧范围/起报点，与现行口径分列
investment_legacy_ytd_yoy,CHN,2004-05,34.8,%,M,,https://data.stats.gov.cn/dg/website/publicrelease/web/external/stream/esData,来源指标：固定资产投资额累计增长 (%)；原始值 34.8；目录 5129067b149d4ddfbec1ffc478d35bfb；2011年前旧范围/起报点，与现行口径分列
investment_legacy_ytd_yoy,CHN,2004-06,31.0,%,M,,https://data.stats.gov.cn/dg/website/publicrelease/web/external/stream/esData,来源指标：固定资产投资额累计增长 (%)；原始值 31.0；目录 5129067b149d4ddfbec1ffc478d35bfb；2011年前旧范围/起报点，与现行口径分列
investment_legacy_ytd_yoy,CHN,2004-07,31.1,%,M,,https://data.stats.gov.cn/dg/website/publicrelease/web/external/stream/esData,来源指标：固定资产投资额累计增长 (%)；原始值 31.1；目录 5129067b149d4ddfbec1ffc478d35bfb；2011年前旧范围/起报点，与现行口径分列
investment_legacy_ytd_yoy,CHN,2004-08,30.3,%,M,,https://data.stats.gov.cn/dg/website/publicrelease/web/external/stream/esData,来源指标：固定资产投资额累计增长 (%)；原始值 30.3；目录 5129067b149d4ddfbec1ffc478d35bfb；2011年前旧范围/起报点，与现行口径分列
investment_legacy_ytd_yoy,CHN,2004-09,29.9,%,M,,https://data.stats.gov.cn/dg/website/publicrelease/web/external/stream/esData,来源指标：固定资产投资额累计增长 (%)；原始值 29.9；目录 5129067b149d4ddfbec1ffc478d35bfb；2011年前旧范围/起报点，与现行口径分列
investment_legacy_ytd_yoy,CHN,2004-10,29.5,%,M,,https://data.stats.gov.cn/dg/website/publicrelease/web/external/stream/esData,来源指标：固定资产投资额累计增长 (%)；原始值 29.5；目录 5129067b149d4ddfbec1ffc478d35bfb；2011年前旧范围/起报点，与现行口径分列
investment_legacy_ytd_yoy,CHN,2004-11,28.9,%,M,,https://data.stats.gov.cn/dg/website/publicrelease/web/external/stream/esData,来源指标：固定资产投资额累计增长 (%)；原始值 28.9；目录 5129067b149d4ddfbec1ffc478d35bfb；2011年前旧范围/起报点，与现行口径分列
investment_legacy_ytd_yoy,CHN,2004-12,27.6,%,M,,https://data.stats.gov.cn/dg/website/publicrelease/web/external/stream/esData,来源指标：固定资产投资额累计增长 (%)；原始值 27.6；目录 5129067b149d4ddfbec1ffc478d35bfb；2011年前旧范围/起报点，与现行口径分列
investment_legacy_ytd_yoy,CHN,2005-02,24.5,%,M,,https://data.stats.gov.cn/dg/website/publicrelease/web/external/stream/esData,来源指标：固定资产投资额累计增长 (%)；原始值 24.5；目录 5129067b149d4ddfbec1ffc478d35bfb；2011年前旧范围/起报点，与现行口径分列
investment_legacy_ytd_yoy,CHN,2005-03,25.3,%,M,,https://data.stats.gov.cn/dg/website/publicrelease/web/external/stream/esData,来源指标：固定资产投资额累计增长 (%)；原始值 25.3；目录 5129067b149d4ddfbec1ffc478d35bfb；2011年前旧范围/起报点，与现行口径分列
investment_legacy_ytd_yoy,CHN,2005-04,25.7,%,M,,https://data.stats.gov.cn/dg/website/publicrelease/web/external/stream/esData,来源指标：固定资产投资额累计增长 (%)；原始值 25.7；目录 5129067b149d4ddfbec1ffc478d35bfb；2011年前旧范围/起报点，与现行口径分列
investment_legacy_ytd_yoy,CHN,2005-05,26.4,%,M,,https://data.stats.gov.cn/dg/website/publicrelease/web/external/stream/esData,来源指标：固定资产投资额累计增长 (%)；原始值 26.4；目录 5129067b149d4ddfbec1ffc478d35bfb；2011年前旧范围/起报点，与现行口径分列
investment_legacy_ytd_yoy,CHN,2005-06,27.1,%,M,,https://data.stats.gov.cn/dg/website/publicrelease/web/external/stream/esData,来源指标：固定资产投资额累计增长 (%)；原始值 27.1；目录 5129067b149d4ddfbec1ffc478d35bfb；2011年前旧范围/起报点，与现行口径分列
investment_legacy_ytd_yoy,CHN,2005-07,27.2,%,M,,https://data.stats.gov.cn/dg/website/publicrelease/web/external/stream/esData,来源指标：固定资产投资额累计增长 (%)；原始值 27.2；目录 5129067b149d4ddfbec1ffc478d35bfb；2011年前旧范围/起报点，与现行口径分列
investment_legacy_ytd_yoy,CHN,2005-08,27.4,%,M,,https://data.stats.gov.cn/dg/website/publicrelease/web/external/stream/esData,来源指标：固定资产投资额累计增长 (%)；原始值 27.4；目录 5129067b149d4ddfbec1ffc478d35bfb；2011年前旧范围/起报点，与现行口径分列
investment_legacy_ytd_yoy,CHN,2005-09,27.7,%,M,,https://data.stats.gov.cn/dg/website/publicrelease/web/external/stream/esData,来源指标：固定资产投资额累计增长 (%)；原始值 27.7；目录 5129067b149d4ddfbec1ffc478d35bfb；2011年前旧范围/起报点，与现行口径分列
investment_legacy_ytd_yoy,CHN,2005-10,27.6,%,M,,https://data.stats.gov.cn/dg/website/publicrelease/web/external/stream/esData,来源指标：固定资产投资额累计增长 (%)；原始值 27.6；目录 5129067b149d4ddfbec1ffc478d35bfb；2011年前旧范围/起报点，与现行口径分列
investment_legacy_ytd_yoy,CHN,2005-11,27.8,%,M,,https://data.stats.gov.cn/dg/website/publicrelease/web/external/stream/esData,来源指标：固定资产投资额累计增长 (%)；原始值 27.8；目录 5129067b149d4ddfbec1ffc478d35bfb；2011年前旧范围/起报点，与现行口径分列
investment_legacy_ytd_yoy,CHN,2005-12,27.2,%,M,,https://data.stats.gov.cn/dg/website/publicrelease/web/external/stream/esData,来源指标：固定资产投资额累计增长 (%)；原始值 27.2；目录 5129067b149d4ddfbec1ffc478d35bfb；2011年前旧范围/起报点，与现行口径分列
investment_legacy_ytd_yoy,CHN,2006-02,26.6,%,M,,https://data.stats.gov.cn/dg/website/publicrelease/web/external/stream/esData,来源指标：固定资产投资额累计增长 (%)；原始值 26.6；目录 5129067b149d4ddfbec1ffc478d35bfb；2011年前旧范围/起报点，与现行口径分列
investment_legacy_ytd_yoy,CHN,2006-03,29.8,%,M,,https://data.stats.gov.cn/dg/website/publicrelease/web/external/stream/esData,来源指标：固定资产投资额累计增长 (%)；原始值 29.8；目录 5129067b149d4ddfbec1ffc478d35bfb；2011年前旧范围/起报点，与现行口径分列
investment_legacy_ytd_yoy,CHN,2006-04,29.6,%,M,,https://data.stats.gov.cn/dg/website/publicrelease/web/external/stream/esData,来源指标：固定资产投资额累计增长 (%)；原始值 29.6；目录 5129067b149d4ddfbec1ffc478d35bfb；2011年前旧范围/起报点，与现行口径分列
investment_legacy_ytd_yoy,CHN,2006-05,30.3,%,M,,https://data.stats.gov.cn/dg/website/publicrelease/web/external/stream/esData,来源指标：固定资产投资额累计增长 (%)；原始值 30.3；目录 5129067b149d4ddfbec1ffc478d35bfb；2011年前旧范围/起报点，与现行口径分列
investment_legacy_ytd_yoy,CHN,2006-06,31.3,%,M,,https://data.stats.gov.cn/dg/website/publicrelease/web/external/stream/esData,来源指标：固定资产投资额累计增长 (%)；原始值 31.3；目录 5129067b149d4ddfbec1ffc478d35bfb；2011年前旧范围/起报点，与现行口径分列
investment_legacy_ytd_yoy,CHN,2006-07,30.5,%,M,,https://data.stats.gov.cn/dg/website/publicrelease/web/external/stream/esData,来源指标：固定资产投资额累计增长 (%)；原始值 30.5；目录 5129067b149d4ddfbec1ffc478d35bfb；2011年前旧范围/起报点，与现行口径分列
investment_legacy_ytd_yoy,CHN,2006-08,29.1,%,M,,https://data.stats.gov.cn/dg/website/publicrelease/web/external/stream/esData,来源指标：固定资产投资额累计增长 (%)；原始值 29.1；目录 5129067b149d4ddfbec1ffc478d35bfb；2011年前旧范围/起报点，与现行口径分列
investment_legacy_ytd_yoy,CHN,2006-09,28.2,%,M,,https://data.stats.gov.cn/dg/website/publicrelease/web/external/stream/esData,来源指标：固定资产投资额累计增长 (%)；原始值 28.2；目录 5129067b149d4ddfbec1ffc478d35bfb；2011年前旧范围/起报点，与现行口径分列
investment_legacy_ytd_yoy,CHN,2006-10,26.8,%,M,,https://data.stats.gov.cn/dg/website/publicrelease/web/external/stream/esData,来源指标：固定资产投资额累计增长 (%)；原始值 26.8；目录 5129067b149d4ddfbec1ffc478d35bfb；2011年前旧范围/起报点，与现行口径分列
investment_legacy_ytd_yoy,CHN,2006-11,26.6,%,M,,https://data.stats.gov.cn/dg/website/publicrelease/web/external/stream/esData,来源指标：固定资产投资额累计增长 (%)；原始值 26.6；目录 5129067b149d4ddfbec1ffc478d35bfb；2011年前旧范围/起报点，与现行口径分列
investment_legacy_ytd_yoy,CHN,2006-12,24.5,%,M,,https://data.stats.gov.cn/dg/website/publicrelease/web/external/stream/esData,来源指标：固定资产投资额累计增长 (%)；原始值 24.5；目录 5129067b149d4ddfbec1ffc478d35bfb；2011年前旧范围/起报点，与现行口径分列
investment_legacy_ytd_yoy,CHN,2007-02,23.4,%,M,,https://data.stats.gov.cn/dg/website/publicrelease/web/external/stream/esData,来源指标：固定资产投资额累计增长 (%)；原始值 23.4；目录 5129067b149d4ddfbec1ffc478d35bfb；2011年前旧范围/起报点，与现行口径分列
investment_legacy_ytd_yoy,CHN,2007-03,25.3,%,M,,https://data.stats.gov.cn/dg/website/publicrelease/web/external/stream/esData,来源指标：固定资产投资额累计增长 (%)；原始值 25.3；目录 5129067b149d4ddfbec1ffc478d35bfb；2011年前旧范围/起报点，与现行口径分列
investment_legacy_ytd_yoy,CHN,2007-04,25.5,%,M,,https://data.stats.gov.cn/dg/website/publicrelease/web/external/stream/esData,来源指标：固定资产投资额累计增长 (%)；原始值 25.5；目录 5129067b149d4ddfbec1ffc478d35bfb；2011年前旧范围/起报点，与现行口径分列
investment_legacy_ytd_yoy,CHN,2007-05,25.9,%,M,,https://data.stats.gov.cn/dg/website/publicrelease/web/external/stream/esData,来源指标：固定资产投资额累计增长 (%)；原始值 25.9；目录 5129067b149d4ddfbec1ffc478d35bfb；2011年前旧范围/起报点，与现行口径分列
investment_legacy_ytd_yoy,CHN,2007-06,26.7,%,M,,https://data.stats.gov.cn/dg/website/publicrelease/web/external/stream/esData,来源指标：固定资产投资额累计增长 (%)；原始值 26.7；目录 5129067b149d4ddfbec1ffc478d35bfb；2011年前旧范围/起报点，与现行口径分列
investment_legacy_ytd_yoy,CHN,2007-07,26.6,%,M,,https://data.stats.gov.cn/dg/website/publicrelease/web/external/stream/esData,来源指标：固定资产投资额累计增长 (%)；原始值 26.6；目录 5129067b149d4ddfbec1ffc478d35bfb；2011年前旧范围/起报点，与现行口径分列
investment_legacy_ytd_yoy,CHN,2007-08,26.7,%,M,,https://data.stats.gov.cn/dg/website/publicrelease/web/external/stream/esData,来源指标：固定资产投资额累计增长 (%)；原始值 26.7；目录 5129067b149d4ddfbec1ffc478d35bfb；2011年前旧范围/起报点，与现行口径分列
investment_legacy_ytd_yoy,CHN,2007-09,26.4,%,M,,https://data.stats.gov.cn/dg/website/publicrelease/web/external/stream/esData,来源指标：固定资产投资额累计增长 (%)；原始值 26.4；目录 5129067b149d4ddfbec1ffc478d35bfb；2011年前旧范围/起报点，与现行口径分列
investment_legacy_ytd_yoy,CHN,2007-10,26.9,%,M,,https://data.stats.gov.cn/dg/website/publicrelease/web/external/stream/esData,来源指标：固定资产投资额累计增长 (%)；原始值 26.9；目录 5129067b149d4ddfbec1ffc478d35bfb；2011年前旧范围/起报点，与现行口径分列
investment_legacy_ytd_yoy,CHN,2007-11,26.8,%,M,,https://data.stats.gov.cn/dg/website/publicrelease/web/external/stream/esData,来源指标：固定资产投资额累计增长 (%)；原始值 26.8；目录 5129067b149d4ddfbec1ffc478d35bfb；2011年前旧范围/起报点，与现行口径分列
investment_legacy_ytd_yoy,CHN,2007-12,25.8,%,M,,https://data.stats.gov.cn/dg/website/publicrelease/web/external/stream/esData,来源指标：固定资产投资额累计增长 (%)；原始值 25.8；目录 5129067b149d4ddfbec1ffc478d35bfb；2011年前旧范围/起报点，与现行口径分列
investment_legacy_ytd_yoy,CHN,2008-02,24.3,%,M,,https://data.stats.gov.cn/dg/website/publicrelease/web/external/stream/esData,来源指标：固定资产投资额累计增长 (%)；原始值 24.3；目录 5129067b149d4ddfbec1ffc478d35bfb；2011年前旧范围/起报点，与现行口径分列
investment_legacy_ytd_yoy,CHN,2008-03,25.9,%,M,,https://data.stats.gov.cn/dg/website/publicrelease/web/external/stream/esData,来源指标：固定资产投资额累计增长 (%)；原始值 25.9；目录 5129067b149d4ddfbec1ffc478d35bfb；2011年前旧范围/起报点，与现行口径分列
investment_legacy_ytd_yoy,CHN,2008-04,25.7,%,M,,https://data.stats.gov.cn/dg/website/publicrelease/web/external/stream/esData,来源指标：固定资产投资额累计增长 (%)；原始值 25.7；目录 5129067b149d4ddfbec1ffc478d35bfb；2011年前旧范围/起报点，与现行口径分列
investment_legacy_ytd_yoy,CHN,2008-05,25.6,%,M,,https://data.stats.gov.cn/dg/website/publicrelease/web/external/stream/esData,来源指标：固定资产投资额累计增长 (%)；原始值 25.6；目录 5129067b149d4ddfbec1ffc478d35bfb；2011年前旧范围/起报点，与现行口径分列
investment_legacy_ytd_yoy,CHN,2008-06,26.8,%,M,,https://data.stats.gov.cn/dg/website/publicrelease/web/external/stream/esData,来源指标：固定资产投资额累计增长 (%)；原始值 26.8；目录 5129067b149d4ddfbec1ffc478d35bfb；2011年前旧范围/起报点，与现行口径分列
investment_legacy_ytd_yoy,CHN,2008-07,27.3,%,M,,https://data.stats.gov.cn/dg/website/publicrelease/web/external/stream/esData,来源指标：固定资产投资额累计增长 (%)；原始值 27.3；目录 5129067b149d4ddfbec1ffc478d35bfb；2011年前旧范围/起报点，与现行口径分列
investment_legacy_ytd_yoy,CHN,2008-08,27.4,%,M,,https://data.stats.gov.cn/dg/website/publicrelease/web/external/stream/esData,来源指标：固定资产投资额累计增长 (%)；原始值 27.4；目录 5129067b149d4ddfbec1ffc478d35bfb；2011年前旧范围/起报点，与现行口径分列
investment_legacy_ytd_yoy,CHN,2008-09,27.6,%,M,,https://data.stats.gov.cn/dg/website/publicrelease/web/external/stream/esData,来源指标：固定资产投资额累计增长 (%)；原始值 27.6；目录 5129067b149d4ddfbec1ffc478d35bfb；2011年前旧范围/起报点，与现行口径分列
investment_legacy_ytd_yoy,CHN,2008-10,27.2,%,M,,https://data.stats.gov.cn/dg/website/publicrelease/web/external/stream/esData,来源指标：固定资产投资额累计增长 (%)；原始值 27.2；目录 5129067b149d4ddfbec1ffc478d35bfb；2011年前旧范围/起报点，与现行口径分列
investment_legacy_ytd_yoy,CHN,2008-11,26.8,%,M,,https://data.stats.gov.cn/dg/website/publicrelease/web/external/stream/esData,来源指标：固定资产投资额累计增长 (%)；原始值 26.8；目录 5129067b149d4ddfbec1ffc478d35bfb；2011年前旧范围/起报点，与现行口径分列
investment_legacy_ytd_yoy,CHN,2008-12,26.1,%,M,,https://data.stats.gov.cn/dg/website/publicrelease/web/external/stream/esData,来源指标：固定资产投资额累计增长 (%)；原始值 26.1；目录 5129067b149d4ddfbec1ffc478d35bfb；2011年前旧范围/起报点，与现行口径分列
investment_legacy_ytd_yoy,CHN,2009-02,26.5,%,M,,https://data.stats.gov.cn/dg/website/publicrelease/web/external/stream/esData,来源指标：固定资产投资额累计增长 (%)；原始值 26.5；目录 5129067b149d4ddfbec1ffc478d35bfb；2011年前旧范围/起报点，与现行口径分列
investment_legacy_ytd_yoy,CHN,2009-03,28.6,%,M,,https://data.stats.gov.cn/dg/website/publicrelease/web/external/stream/esData,来源指标：固定资产投资额累计增长 (%)；原始值 28.6；目录 5129067b149d4ddfbec1ffc478d35bfb；2011年前旧范围/起报点，与现行口径分列
investment_legacy_ytd_yoy,CHN,2009-04,30.5,%,M,,https://data.stats.gov.cn/dg/website/publicrelease/web/external/stream/esData,来源指标：固定资产投资额累计增长 (%)；原始值 30.5；目录 5129067b149d4ddfbec1ffc478d35bfb；2011年前旧范围/起报点，与现行口径分列
investment_legacy_ytd_yoy,CHN,2009-05,32.9,%,M,,https://data.stats.gov.cn/dg/website/publicrelease/web/external/stream/esData,来源指标：固定资产投资额累计增长 (%)；原始值 32.9；目录 5129067b149d4ddfbec1ffc478d35bfb；2011年前旧范围/起报点，与现行口径分列
investment_legacy_ytd_yoy,CHN,2009-06,33.6,%,M,,https://data.stats.gov.cn/dg/website/publicrelease/web/external/stream/esData,来源指标：固定资产投资额累计增长 (%)；原始值 33.6；目录 5129067b149d4ddfbec1ffc478d35bfb；2011年前旧范围/起报点，与现行口径分列
investment_legacy_ytd_yoy,CHN,2009-07,32.9,%,M,,https://data.stats.gov.cn/dg/website/publicrelease/web/external/stream/esData,来源指标：固定资产投资额累计增长 (%)；原始值 32.9；目录 5129067b149d4ddfbec1ffc478d35bfb；2011年前旧范围/起报点，与现行口径分列
investment_legacy_ytd_yoy,CHN,2009-08,33.0,%,M,,https://data.stats.gov.cn/dg/website/publicrelease/web/external/stream/esData,来源指标：固定资产投资额累计增长 (%)；原始值 33.0；目录 5129067b149d4ddfbec1ffc478d35bfb；2011年前旧范围/起报点，与现行口径分列
investment_legacy_ytd_yoy,CHN,2009-09,33.3,%,M,,https://data.stats.gov.cn/dg/website/publicrelease/web/external/stream/esData,来源指标：固定资产投资额累计增长 (%)；原始值 33.3；目录 5129067b149d4ddfbec1ffc478d35bfb；2011年前旧范围/起报点，与现行口径分列
investment_legacy_ytd_yoy,CHN,2009-10,33.1,%,M,,https://data.stats.gov.cn/dg/website/publicrelease/web/external/stream/esData,来源指标：固定资产投资额累计增长 (%)；原始值 33.1；目录 5129067b149d4ddfbec1ffc478d35bfb；2011年前旧范围/起报点，与现行口径分列
investment_legacy_ytd_yoy,CHN,2009-11,32.1,%,M,,https://data.stats.gov.cn/dg/website/publicrelease/web/external/stream/esData,来源指标：固定资产投资额累计增长 (%)；原始值 32.1；目录 5129067b149d4ddfbec1ffc478d35bfb；2011年前旧范围/起报点，与现行口径分列
investment_legacy_ytd_yoy,CHN,2009-12,30.5,%,M,,https://data.stats.gov.cn/dg/website/publicrelease/web/external/stream/esData,来源指标：固定资产投资额累计增长 (%)；原始值 30.5；目录 5129067b149d4ddfbec1ffc478d35bfb；2011年前旧范围/起报点，与现行口径分列
investment_legacy_ytd_yoy,CHN,2010-02,26.6,%,M,,https://data.stats.gov.cn/dg/website/publicrelease/web/external/stream/esData,来源指标：固定资产投资额累计增长 (%)；原始值 26.6；目录 5129067b149d4ddfbec1ffc478d35bfb；2011年前旧范围/起报点，与现行口径分列
investment_legacy_ytd_yoy,CHN,2010-03,26.4,%,M,,https://data.stats.gov.cn/dg/website/publicrelease/web/external/stream/esData,来源指标：固定资产投资额累计增长 (%)；原始值 26.4；目录 5129067b149d4ddfbec1ffc478d35bfb；2011年前旧范围/起报点，与现行口径分列
investment_legacy_ytd_yoy,CHN,2010-04,26.1,%,M,,https://data.stats.gov.cn/dg/website/publicrelease/web/external/stream/esData,来源指标：固定资产投资额累计增长 (%)；原始值 26.1；目录 5129067b149d4ddfbec1ffc478d35bfb；2011年前旧范围/起报点，与现行口径分列
investment_legacy_ytd_yoy,CHN,2010-05,25.9,%,M,,https://data.stats.gov.cn/dg/website/publicrelease/web/external/stream/esData,来源指标：固定资产投资额累计增长 (%)；原始值 25.9；目录 5129067b149d4ddfbec1ffc478d35bfb；2011年前旧范围/起报点，与现行口径分列
investment_legacy_ytd_yoy,CHN,2010-06,25.5,%,M,,https://data.stats.gov.cn/dg/website/publicrelease/web/external/stream/esData,来源指标：固定资产投资额累计增长 (%)；原始值 25.5；目录 5129067b149d4ddfbec1ffc478d35bfb；2011年前旧范围/起报点，与现行口径分列
investment_legacy_ytd_yoy,CHN,2010-07,24.9,%,M,,https://data.stats.gov.cn/dg/website/publicrelease/web/external/stream/esData,来源指标：固定资产投资额累计增长 (%)；原始值 24.9；目录 5129067b149d4ddfbec1ffc478d35bfb；2011年前旧范围/起报点，与现行口径分列
investment_legacy_ytd_yoy,CHN,2010-08,24.8,%,M,,https://data.stats.gov.cn/dg/website/publicrelease/web/external/stream/esData,来源指标：固定资产投资额累计增长 (%)；原始值 24.8；目录 5129067b149d4ddfbec1ffc478d35bfb；2011年前旧范围/起报点，与现行口径分列
investment_legacy_ytd_yoy,CHN,2010-09,24.5,%,M,,https://data.stats.gov.cn/dg/website/publicrelease/web/external/stream/esData,来源指标：固定资产投资额累计增长 (%)；原始值 24.5；目录 5129067b149d4ddfbec1ffc478d35bfb；2011年前旧范围/起报点，与现行口径分列
investment_legacy_ytd_yoy,CHN,2010-10,24.4,%,M,,https://data.stats.gov.cn/dg/website/publicrelease/web/external/stream/esData,来源指标：固定资产投资额累计增长 (%)；原始值 24.4；目录 5129067b149d4ddfbec1ffc478d35bfb；2011年前旧范围/起报点，与现行口径分列
investment_legacy_ytd_yoy,CHN,2010-11,24.9,%,M,,https://data.stats.gov.cn/dg/website/publicrelease/web/external/stream/esData,来源指标：固定资产投资额累计增长 (%)；原始值 24.9；目录 5129067b149d4ddfbec1ffc478d35bfb；2011年前旧范围/起报点，与现行口径分列
investment_legacy_ytd_yoy,CHN,2010-12,24.5,%,M,,https://data.stats.gov.cn/dg/website/publicrelease/web/external/stream/esData,来源指标：固定资产投资额累计增长 (%)；原始值 24.5；目录 5129067b149d4ddfbec1ffc478d35bfb；2011年前旧范围/起报点，与现行口径分列
investment_ytd_yoy,CHN,2011-02,24.9,%,M,,https://data.stats.gov.cn/dg/website/publicrelease/web/external/stream/esData,来源指标：固定资产投资额累计增长 (%)；原始值 24.9；目录 5129067b149d4ddfbec1ffc478d35bfb
investment_ytd_yoy,CHN,2011-03,25.0,%,M,,https://data.stats.gov.cn/dg/website/publicrelease/web/external/stream/esData,来源指标：固定资产投资额累计增长 (%)；原始值 25.0；目录 5129067b149d4ddfbec1ffc478d35bfb
investment_ytd_yoy,CHN,2011-04,25.4,%,M,,https://data.stats.gov.cn/dg/website/publicrelease/web/external/stream/esData,来源指标：固定资产投资额累计增长 (%)；原始值 25.4；目录 5129067b149d4ddfbec1ffc478d35bfb
investment_ytd_yoy,CHN,2011-05,25.8,%,M,,https://data.stats.gov.cn/dg/website/publicrelease/web/external/stream/esData,来源指标：固定资产投资额累计增长 (%)；原始值 25.8；目录 5129067b149d4ddfbec1ffc478d35bfb
investment_ytd_yoy,CHN,2011-06,25.6,%,M,,https://data.stats.gov.cn/dg/website/publicrelease/web/external/stream/esData,来源指标：固定资产投资额累计增长 (%)；原始值 25.6；目录 5129067b149d4ddfbec1ffc478d35bfb
investment_ytd_yoy,CHN,2011-07,25.4,%,M,,https://data.stats.gov.cn/dg/website/publicrelease/web/external/stream/esData,来源指标：固定资产投资额累计增长 (%)；原始值 25.4；目录 5129067b149d4ddfbec1ffc478d35bfb
investment_ytd_yoy,CHN,2011-08,25.0,%,M,,https://data.stats.gov.cn/dg/website/publicrelease/web/external/stream/esData,来源指标：固定资产投资额累计增长 (%)；原始值 25.0；目录 5129067b149d4ddfbec1ffc478d35bfb
investment_ytd_yoy,CHN,2011-09,24.9,%,M,,https://data.stats.gov.cn/dg/website/publicrelease/web/external/stream/esData,来源指标：固定资产投资额累计增长 (%)；原始值 24.9；目录 5129067b149d4ddfbec1ffc478d35bfb
investment_ytd_yoy,CHN,2011-10,24.9,%,M,,https://data.stats.gov.cn/dg/website/publicrelease/web/external/stream/esData,来源指标：固定资产投资额累计增长 (%)；原始值 24.9；目录 5129067b149d4ddfbec1ffc478d35bfb
investment_ytd_yoy,CHN,2011-11,24.5,%,M,,https://data.stats.gov.cn/dg/website/publicrelease/web/external/stream/esData,来源指标：固定资产投资额累计增长 (%)；原始值 24.5；目录 5129067b149d4ddfbec1ffc478d35bfb
investment_ytd_yoy,CHN,2011-12,23.8,%,M,,https://data.stats.gov.cn/dg/website/publicrelease/web/external/stream/esData,来源指标：固定资产投资额累计增长 (%)；原始值 23.8；目录 5129067b149d4ddfbec1ffc478d35bfb
investment_ytd_yoy,CHN,2012-02,21.5,%,M,,https://data.stats.gov.cn/dg/website/publicrelease/web/external/stream/esData,来源指标：固定资产投资额累计增长 (%)；原始值 21.5；目录 5129067b149d4ddfbec1ffc478d35bfb
investment_ytd_yoy,CHN,2012-03,20.9,%,M,,https://data.stats.gov.cn/dg/website/publicrelease/web/external/stream/esData,来源指标：固定资产投资额累计增长 (%)；原始值 20.9；目录 5129067b149d4ddfbec1ffc478d35bfb
investment_ytd_yoy,CHN,2012-04,20.2,%,M,,https://data.stats.gov.cn/dg/website/publicrelease/web/external/stream/esData,来源指标：固定资产投资额累计增长 (%)；原始值 20.2；目录 5129067b149d4ddfbec1ffc478d35bfb
investment_ytd_yoy,CHN,2012-05,20.1,%,M,,https://data.stats.gov.cn/dg/website/publicrelease/web/external/stream/esData,来源指标：固定资产投资额累计增长 (%)；原始值 20.1；目录 5129067b149d4ddfbec1ffc478d35bfb
investment_ytd_yoy,CHN,2012-06,20.4,%,M,,https://data.stats.gov.cn/dg/website/publicrelease/web/external/stream/esData,来源指标：固定资产投资额累计增长 (%)；原始值 20.4；目录 5129067b149d4ddfbec1ffc478d35bfb
investment_ytd_yoy,CHN,2012-07,20.4,%,M,,https://data.stats.gov.cn/dg/website/publicrelease/web/external/stream/esData,来源指标：固定资产投资额累计增长 (%)；原始值 20.4；目录 5129067b149d4ddfbec1ffc478d35bfb
investment_ytd_yoy,CHN,2012-08,20.2,%,M,,https://data.stats.gov.cn/dg/website/publicrelease/web/external/stream/esData,来源指标：固定资产投资额累计增长 (%)；原始值 20.2；目录 5129067b149d4ddfbec1ffc478d35bfb
investment_ytd_yoy,CHN,2012-09,20.5,%,M,,https://data.stats.gov.cn/dg/website/publicrelease/web/external/stream/esData,来源指标：固定资产投资额累计增长 (%)；原始值 20.5；目录 5129067b149d4ddfbec1ffc478d35bfb
investment_ytd_yoy,CHN,2012-10,20.7,%,M,,https://data.stats.gov.cn/dg/website/publicrelease/web/external/stream/esData,来源指标：固定资产投资额累计增长 (%)；原始值 20.7；目录 5129067b149d4ddfbec1ffc478d35bfb
investment_ytd_yoy,CHN,2012-11,20.7,%,M,,https://data.stats.gov.cn/dg/website/publicrelease/web/external/stream/esData,来源指标：固定资产投资额累计增长 (%)；原始值 20.7；目录 5129067b149d4ddfbec1ffc478d35bfb
investment_ytd_yoy,CHN,2012-12,20.6,%,M,,https://data.stats.gov.cn/dg/website/publicrelease/web/external/stream/esData,来源指标：固定资产投资额累计增长 (%)；原始值 20.6；目录 5129067b149d4ddfbec1ffc478d35bfb
investment_ytd_yoy,CHN,2013-02,21.2,%,M,,https://data.stats.gov.cn/dg/website/publicrelease/web/external/stream/esData,来源指标：固定资产投资额累计增长 (%)；原始值 21.2；目录 5129067b149d4ddfbec1ffc478d35bfb
investment_ytd_yoy,CHN,2013-03,20.9,%,M,,https://data.stats.gov.cn/dg/website/publicrelease/web/external/stream/esData,来源指标：固定资产投资额累计增长 (%)；原始值 20.9；目录 5129067b149d4ddfbec1ffc478d35bfb
investment_ytd_yoy,CHN,2013-04,20.6,%,M,,https://data.stats.gov.cn/dg/website/publicrelease/web/external/stream/esData,来源指标：固定资产投资额累计增长 (%)；原始值 20.6；目录 5129067b149d4ddfbec1ffc478d35bfb
investment_ytd_yoy,CHN,2013-05,20.4,%,M,,https://data.stats.gov.cn/dg/website/publicrelease/web/external/stream/esData,来源指标：固定资产投资额累计增长 (%)；原始值 20.4；目录 5129067b149d4ddfbec1ffc478d35bfb
investment_ytd_yoy,CHN,2013-06,20.1,%,M,,https://data.stats.gov.cn/dg/website/publicrelease/web/external/stream/esData,来源指标：固定资产投资额累计增长 (%)；原始值 20.1；目录 5129067b149d4ddfbec1ffc478d35bfb
investment_ytd_yoy,CHN,2013-07,20.1,%,M,,https://data.stats.gov.cn/dg/website/publicrelease/web/external/stream/esData,来源指标：固定资产投资额累计增长 (%)；原始值 20.1；目录 5129067b149d4ddfbec1ffc478d35bfb
investment_ytd_yoy,CHN,2013-08,20.3,%,M,,https://data.stats.gov.cn/dg/website/publicrelease/web/external/stream/esData,来源指标：固定资产投资额累计增长 (%)；原始值 20.3；目录 5129067b149d4ddfbec1ffc478d35bfb
investment_ytd_yoy,CHN,2013-09,20.2,%,M,,https://data.stats.gov.cn/dg/website/publicrelease/web/external/stream/esData,来源指标：固定资产投资额累计增长 (%)；原始值 20.2；目录 5129067b149d4ddfbec1ffc478d35bfb
investment_ytd_yoy,CHN,2013-10,20.1,%,M,,https://data.stats.gov.cn/dg/website/publicrelease/web/external/stream/esData,来源指标：固定资产投资额累计增长 (%)；原始值 20.1；目录 5129067b149d4ddfbec1ffc478d35bfb
investment_ytd_yoy,CHN,2013-11,19.9,%,M,,https://data.stats.gov.cn/dg/website/publicrelease/web/external/stream/esData,来源指标：固定资产投资额累计增长 (%)；原始值 19.9；目录 5129067b149d4ddfbec1ffc478d35bfb
investment_ytd_yoy,CHN,2013-12,19.6,%,M,,https://data.stats.gov.cn/dg/website/publicrelease/web/external/stream/esData,来源指标：固定资产投资额累计增长 (%)；原始值 19.6；目录 5129067b149d4ddfbec1ffc478d35bfb
investment_ytd_yoy,CHN,2014-02,17.9,%,M,,https://data.stats.gov.cn/dg/website/publicrelease/web/external/stream/esData,来源指标：固定资产投资额累计增长 (%)；原始值 17.9；目录 5129067b149d4ddfbec1ffc478d35bfb
investment_ytd_yoy,CHN,2014-03,17.6,%,M,,https://data.stats.gov.cn/dg/website/publicrelease/web/external/stream/esData,来源指标：固定资产投资额累计增长 (%)；原始值 17.6；目录 5129067b149d4ddfbec1ffc478d35bfb
investment_ytd_yoy,CHN,2014-04,17.3,%,M,,https://data.stats.gov.cn/dg/website/publicrelease/web/external/stream/esData,来源指标：固定资产投资额累计增长 (%)；原始值 17.3；目录 5129067b149d4ddfbec1ffc478d35bfb
investment_ytd_yoy,CHN,2014-05,17.2,%,M,,https://data.stats.gov.cn/dg/website/publicrelease/web/external/stream/esData,来源指标：固定资产投资额累计增长 (%)；原始值 17.2；目录 5129067b149d4ddfbec1ffc478d35bfb
investment_ytd_yoy,CHN,2014-06,17.3,%,M,,https://data.stats.gov.cn/dg/website/publicrelease/web/external/stream/esData,来源指标：固定资产投资额累计增长 (%)；原始值 17.3；目录 5129067b149d4ddfbec1ffc478d35bfb
investment_ytd_yoy,CHN,2014-07,17.0,%,M,,https://data.stats.gov.cn/dg/website/publicrelease/web/external/stream/esData,来源指标：固定资产投资额累计增长 (%)；原始值 17.0；目录 5129067b149d4ddfbec1ffc478d35bfb
investment_ytd_yoy,CHN,2014-08,16.5,%,M,,https://data.stats.gov.cn/dg/website/publicrelease/web/external/stream/esData,来源指标：固定资产投资额累计增长 (%)；原始值 16.5；目录 5129067b149d4ddfbec1ffc478d35bfb
investment_ytd_yoy,CHN,2014-09,16.1,%,M,,https://data.stats.gov.cn/dg/website/publicrelease/web/external/stream/esData,来源指标：固定资产投资额累计增长 (%)；原始值 16.1；目录 5129067b149d4ddfbec1ffc478d35bfb
investment_ytd_yoy,CHN,2014-10,15.9,%,M,,https://data.stats.gov.cn/dg/website/publicrelease/web/external/stream/esData,来源指标：固定资产投资额累计增长 (%)；原始值 15.9；目录 5129067b149d4ddfbec1ffc478d35bfb
investment_ytd_yoy,CHN,2014-11,15.8,%,M,,https://data.stats.gov.cn/dg/website/publicrelease/web/external/stream/esData,来源指标：固定资产投资额累计增长 (%)；原始值 15.8；目录 5129067b149d4ddfbec1ffc478d35bfb
investment_ytd_yoy,CHN,2014-12,15.7,%,M,,https://data.stats.gov.cn/dg/website/publicrelease/web/external/stream/esData,来源指标：固定资产投资额累计增长 (%)；原始值 15.7；目录 5129067b149d4ddfbec1ffc478d35bfb
investment_ytd_yoy,CHN,2015-02,13.9,%,M,,https://data.stats.gov.cn/dg/website/publicrelease/web/external/stream/esData,来源指标：固定资产投资额累计增长 (%)；原始值 13.9；目录 5129067b149d4ddfbec1ffc478d35bfb
investment_ytd_yoy,CHN,2015-03,13.5,%,M,,https://data.stats.gov.cn/dg/website/publicrelease/web/external/stream/esData,来源指标：固定资产投资额累计增长 (%)；原始值 13.5；目录 5129067b149d4ddfbec1ffc478d35bfb
investment_ytd_yoy,CHN,2015-04,12.0,%,M,,https://data.stats.gov.cn/dg/website/publicrelease/web/external/stream/esData,来源指标：固定资产投资额累计增长 (%)；原始值 12.0；目录 5129067b149d4ddfbec1ffc478d35bfb
investment_ytd_yoy,CHN,2015-05,11.4,%,M,,https://data.stats.gov.cn/dg/website/publicrelease/web/external/stream/esData,来源指标：固定资产投资额累计增长 (%)；原始值 11.4；目录 5129067b149d4ddfbec1ffc478d35bfb
investment_ytd_yoy,CHN,2015-06,11.4,%,M,,https://data.stats.gov.cn/dg/website/publicrelease/web/external/stream/esData,来源指标：固定资产投资额累计增长 (%)；原始值 11.4；目录 5129067b149d4ddfbec1ffc478d35bfb
investment_ytd_yoy,CHN,2015-07,11.2,%,M,,https://data.stats.gov.cn/dg/website/publicrelease/web/external/stream/esData,来源指标：固定资产投资额累计增长 (%)；原始值 11.2；目录 5129067b149d4ddfbec1ffc478d35bfb
investment_ytd_yoy,CHN,2015-08,10.9,%,M,,https://data.stats.gov.cn/dg/website/publicrelease/web/external/stream/esData,来源指标：固定资产投资额累计增长 (%)；原始值 10.9；目录 5129067b149d4ddfbec1ffc478d35bfb
investment_ytd_yoy,CHN,2015-09,10.3,%,M,,https://data.stats.gov.cn/dg/website/publicrelease/web/external/stream/esData,来源指标：固定资产投资额累计增长 (%)；原始值 10.3；目录 5129067b149d4ddfbec1ffc478d35bfb
investment_ytd_yoy,CHN,2015-10,10.2,%,M,,https://data.stats.gov.cn/dg/website/publicrelease/web/external/stream/esData,来源指标：固定资产投资额累计增长 (%)；原始值 10.2；目录 5129067b149d4ddfbec1ffc478d35bfb
investment_ytd_yoy,CHN,2015-11,10.2,%,M,,https://data.stats.gov.cn/dg/website/publicrelease/web/external/stream/esData,来源指标：固定资产投资额累计增长 (%)；原始值 10.2；目录 5129067b149d4ddfbec1ffc478d35bfb
investment_ytd_yoy,CHN,2015-12,10.0,%,M,,https://data.stats.gov.cn/dg/website/publicrelease/web/external/stream/esData,来源指标：固定资产投资额累计增长 (%)；原始值 10.0；目录 5129067b149d4ddfbec1ffc478d35bfb
investment_ytd_yoy,CHN,2016-02,10.2,%,M,,https://data.stats.gov.cn/dg/website/publicrelease/web/external/stream/esData,来源指标：固定资产投资额累计增长 (%)；原始值 10.2；目录 5129067b149d4ddfbec1ffc478d35bfb
investment_ytd_yoy,CHN,2016-03,10.7,%,M,,https://data.stats.gov.cn/dg/website/publicrelease/web/external/stream/esData,来源指标：固定资产投资额累计增长 (%)；原始值 10.7；目录 5129067b149d4ddfbec1ffc478d35bfb
investment_ytd_yoy,CHN,2016-04,10.5,%,M,,https://data.stats.gov.cn/dg/website/publicrelease/web/external/stream/esData,来源指标：固定资产投资额累计增长 (%)；原始值 10.5；目录 5129067b149d4ddfbec1ffc478d35bfb
investment_ytd_yoy,CHN,2016-05,9.6,%,M,,https://data.stats.gov.cn/dg/website/publicrelease/web/external/stream/esData,来源指标：固定资产投资额累计增长 (%)；原始值 9.6；目录 5129067b149d4ddfbec1ffc478d35bfb
investment_ytd_yoy,CHN,2016-06,9.0,%,M,,https://data.stats.gov.cn/dg/website/publicrelease/web/external/stream/esData,来源指标：固定资产投资额累计增长 (%)；原始值 9.0；目录 5129067b149d4ddfbec1ffc478d35bfb
investment_ytd_yoy,CHN,2016-07,8.1,%,M,,https://data.stats.gov.cn/dg/website/publicrelease/web/external/stream/esData,来源指标：固定资产投资额累计增长 (%)；原始值 8.1；目录 5129067b149d4ddfbec1ffc478d35bfb
investment_ytd_yoy,CHN,2016-08,8.1,%,M,,https://data.stats.gov.cn/dg/website/publicrelease/web/external/stream/esData,来源指标：固定资产投资额累计增长 (%)；原始值 8.1；目录 5129067b149d4ddfbec1ffc478d35bfb
investment_ytd_yoy,CHN,2016-09,8.2,%,M,,https://data.stats.gov.cn/dg/website/publicrelease/web/external/stream/esData,来源指标：固定资产投资额累计增长 (%)；原始值 8.2；目录 5129067b149d4ddfbec1ffc478d35bfb
investment_ytd_yoy,CHN,2016-10,8.3,%,M,,https://data.stats.gov.cn/dg/website/publicrelease/web/external/stream/esData,来源指标：固定资产投资额累计增长 (%)；原始值 8.3；目录 5129067b149d4ddfbec1ffc478d35bfb
investment_ytd_yoy,CHN,2016-11,8.3,%,M,,https://data.stats.gov.cn/dg/website/publicrelease/web/external/stream/esData,来源指标：固定资产投资额累计增长 (%)；原始值 8.3；目录 5129067b149d4ddfbec1ffc478d35bfb
investment_ytd_yoy,CHN,2016-12,8.1,%,M,,https://data.stats.gov.cn/dg/website/publicrelease/web/external/stream/esData,来源指标：固定资产投资额累计增长 (%)；原始值 8.1；目录 5129067b149d4ddfbec1ffc478d35bfb
investment_ytd_yoy,CHN,2017-02,8.9,%,M,,https://data.stats.gov.cn/dg/website/publicrelease/web/external/stream/esData,来源指标：固定资产投资额累计增长 (%)；原始值 8.9；目录 5129067b149d4ddfbec1ffc478d35bfb
investment_ytd_yoy,CHN,2017-03,9.2,%,M,,https://data.stats.gov.cn/dg/website/publicrelease/web/external/stream/esData,来源指标：固定资产投资额累计增长 (%)；原始值 9.2；目录 5129067b149d4ddfbec1ffc478d35bfb
investment_ytd_yoy,CHN,2017-04,8.9,%,M,,https://data.stats.gov.cn/dg/website/publicrelease/web/external/stream/esData,来源指标：固定资产投资额累计增长 (%)；原始值 8.9；目录 5129067b149d4ddfbec1ffc478d35bfb
investment_ytd_yoy,CHN,2017-05,8.6,%,M,,https://data.stats.gov.cn/dg/website/publicrelease/web/external/stream/esData,来源指标：固定资产投资额累计增长 (%)；原始值 8.6；目录 5129067b149d4ddfbec1ffc478d35bfb
investment_ytd_yoy,CHN,2017-06,8.6,%,M,,https://data.stats.gov.cn/dg/website/publicrelease/web/external/stream/esData,来源指标：固定资产投资额累计增长 (%)；原始值 8.6；目录 5129067b149d4ddfbec1ffc478d35bfb
investment_ytd_yoy,CHN,2017-07,8.3,%,M,,https://data.stats.gov.cn/dg/website/publicrelease/web/external/stream/esData,来源指标：固定资产投资额累计增长 (%)；原始值 8.3；目录 5129067b149d4ddfbec1ffc478d35bfb
investment_ytd_yoy,CHN,2017-08,7.8,%,M,,https://data.stats.gov.cn/dg/website/publicrelease/web/external/stream/esData,来源指标：固定资产投资额累计增长 (%)；原始值 7.8；目录 5129067b149d4ddfbec1ffc478d35bfb
investment_ytd_yoy,CHN,2017-09,7.5,%,M,,https://data.stats.gov.cn/dg/website/publicrelease/web/external/stream/esData,来源指标：固定资产投资额累计增长 (%)；原始值 7.5；目录 5129067b149d4ddfbec1ffc478d35bfb
investment_ytd_yoy,CHN,2017-10,7.3,%,M,,https://data.stats.gov.cn/dg/website/publicrelease/web/external/stream/esData,来源指标：固定资产投资额累计增长 (%)；原始值 7.3；目录 5129067b149d4ddfbec1ffc478d35bfb
investment_ytd_yoy,CHN,2017-11,7.2,%,M,,https://data.stats.gov.cn/dg/website/publicrelease/web/external/stream/esData,来源指标：固定资产投资额累计增长 (%)；原始值 7.2；目录 5129067b149d4ddfbec1ffc478d35bfb
investment_ytd_yoy,CHN,2017-12,7.2,%,M,,https://data.stats.gov.cn/dg/website/publicrelease/web/external/stream/esData,来源指标：固定资产投资额累计增长 (%)；原始值 7.2；目录 5129067b149d4ddfbec1ffc478d35bfb
investment_ytd_yoy,CHN,2018-02,7.9,%,M,,https://data.stats.gov.cn/dg/website/publicrelease/web/external/stream/esData,来源指标：固定资产投资额累计增长 (%)；原始值 7.9；目录 5129067b149d4ddfbec1ffc478d35bfb
investment_ytd_yoy,CHN,2018-03,7.5,%,M,,https://data.stats.gov.cn/dg/website/publicrelease/web/external/stream/esData,来源指标：固定资产投资额累计增长 (%)；原始值 7.5；目录 5129067b149d4ddfbec1ffc478d35bfb
investment_ytd_yoy,CHN,2018-04,7.0,%,M,,https://data.stats.gov.cn/dg/website/publicrelease/web/external/stream/esData,来源指标：固定资产投资额累计增长 (%)；原始值 7.0；目录 5129067b149d4ddfbec1ffc478d35bfb
investment_ytd_yoy,CHN,2018-05,6.1,%,M,,https://data.stats.gov.cn/dg/website/publicrelease/web/external/stream/esData,来源指标：固定资产投资额累计增长 (%)；原始值 6.1；目录 5129067b149d4ddfbec1ffc478d35bfb
investment_ytd_yoy,CHN,2018-06,6.0,%,M,,https://data.stats.gov.cn/dg/website/publicrelease/web/external/stream/esData,来源指标：固定资产投资额累计增长 (%)；原始值 6.0；目录 5129067b149d4ddfbec1ffc478d35bfb
investment_ytd_yoy,CHN,2018-07,5.5,%,M,,https://data.stats.gov.cn/dg/website/publicrelease/web/external/stream/esData,来源指标：固定资产投资额累计增长 (%)；原始值 5.5；目录 5129067b149d4ddfbec1ffc478d35bfb
investment_ytd_yoy,CHN,2018-08,5.3,%,M,,https://data.stats.gov.cn/dg/website/publicrelease/web/external/stream/esData,来源指标：固定资产投资额累计增长 (%)；原始值 5.3；目录 5129067b149d4ddfbec1ffc478d35bfb
investment_ytd_yoy,CHN,2018-09,5.4,%,M,,https://data.stats.gov.cn/dg/website/publicrelease/web/external/stream/esData,来源指标：固定资产投资额累计增长 (%)；原始值 5.4；目录 5129067b149d4ddfbec1ffc478d35bfb
investment_ytd_yoy,CHN,2018-10,5.7,%,M,,https://data.stats.gov.cn/dg/website/publicrelease/web/external/stream/esData,来源指标：固定资产投资额累计增长 (%)；原始值 5.7；目录 5129067b149d4ddfbec1ffc478d35bfb
investment_ytd_yoy,CHN,2018-11,5.9,%,M,,https://data.stats.gov.cn/dg/website/publicrelease/web/external/stream/esData,来源指标：固定资产投资额累计增长 (%)；原始值 5.9；目录 5129067b149d4ddfbec1ffc478d35bfb
investment_ytd_yoy,CHN,2018-12,5.9,%,M,,https://data.stats.gov.cn/dg/website/publicrelease/web/external/stream/esData,来源指标：固定资产投资额累计增长 (%)；原始值 5.9；目录 5129067b149d4ddfbec1ffc478d35bfb
investment_ytd_yoy,CHN,2019-02,6.1,%,M,,https://data.stats.gov.cn/dg/website/publicrelease/web/external/stream/esData,来源指标：固定资产投资额累计增长 (%)；原始值 6.1；目录 5129067b149d4ddfbec1ffc478d35bfb
investment_ytd_yoy,CHN,2019-03,6.3,%,M,,https://data.stats.gov.cn/dg/website/publicrelease/web/external/stream/esData,来源指标：固定资产投资额累计增长 (%)；原始值 6.3；目录 5129067b149d4ddfbec1ffc478d35bfb
investment_ytd_yoy,CHN,2019-04,6.1,%,M,,https://data.stats.gov.cn/dg/website/publicrelease/web/external/stream/esData,来源指标：固定资产投资额累计增长 (%)；原始值 6.1；目录 5129067b149d4ddfbec1ffc478d35bfb
investment_ytd_yoy,CHN,2019-05,5.6,%,M,,https://data.stats.gov.cn/dg/website/publicrelease/web/external/stream/esData,来源指标：固定资产投资额累计增长 (%)；原始值 5.6；目录 5129067b149d4ddfbec1ffc478d35bfb
investment_ytd_yoy,CHN,2019-06,5.8,%,M,,https://data.stats.gov.cn/dg/website/publicrelease/web/external/stream/esData,来源指标：固定资产投资额累计增长 (%)；原始值 5.8；目录 5129067b149d4ddfbec1ffc478d35bfb
investment_ytd_yoy,CHN,2019-07,5.7,%,M,,https://data.stats.gov.cn/dg/website/publicrelease/web/external/stream/esData,来源指标：固定资产投资额累计增长 (%)；原始值 5.7；目录 5129067b149d4ddfbec1ffc478d35bfb
investment_ytd_yoy,CHN,2019-08,5.5,%,M,,https://data.stats.gov.cn/dg/website/publicrelease/web/external/stream/esData,来源指标：固定资产投资额累计增长 (%)；原始值 5.5；目录 5129067b149d4ddfbec1ffc478d35bfb
investment_ytd_yoy,CHN,2019-09,5.4,%,M,,https://data.stats.gov.cn/dg/website/publicrelease/web/external/stream/esData,来源指标：固定资产投资额累计增长 (%)；原始值 5.4；目录 5129067b149d4ddfbec1ffc478d35bfb
investment_ytd_yoy,CHN,2019-10,5.2,%,M,,https://data.stats.gov.cn/dg/website/publicrelease/web/external/stream/esData,来源指标：固定资产投资额累计增长 (%)；原始值 5.2；目录 5129067b149d4ddfbec1ffc478d35bfb
investment_ytd_yoy,CHN,2019-11,5.2,%,M,,https://data.stats.gov.cn/dg/website/publicrelease/web/external/stream/esData,来源指标：固定资产投资额累计增长 (%)；原始值 5.2；目录 5129067b149d4ddfbec1ffc478d35bfb
investment_ytd_yoy,CHN,2019-12,5.4,%,M,,https://data.stats.gov.cn/dg/website/publicrelease/web/external/stream/esData,来源指标：固定资产投资额累计增长 (%)；原始值 5.4；目录 5129067b149d4ddfbec1ffc478d35bfb
investment_ytd_yoy,CHN,2020-02,-24.5,%,M,,https://data.stats.gov.cn/dg/website/publicrelease/web/external/stream/esData,来源指标：固定资产投资额累计增长 (%)；原始值 -24.5；目录 5129067b149d4ddfbec1ffc478d35bfb
investment_ytd_yoy,CHN,2020-03,-16.1,%,M,,https://data.stats.gov.cn/dg/website/publicrelease/web/external/stream/esData,来源指标：固定资产投资额累计增长 (%)；原始值 -16.1；目录 5129067b149d4ddfbec1ffc478d35bfb
investment_ytd_yoy,CHN,2020-04,-10.3,%,M,,https://data.stats.gov.cn/dg/website/publicrelease/web/external/stream/esData,来源指标：固定资产投资额累计增长 (%)；原始值 -10.3；目录 5129067b149d4ddfbec1ffc478d35bfb
investment_ytd_yoy,CHN,2020-05,-6.3,%,M,,https://data.stats.gov.cn/dg/website/publicrelease/web/external/stream/esData,来源指标：固定资产投资额累计增长 (%)；原始值 -6.3；目录 5129067b149d4ddfbec1ffc478d35bfb
investment_ytd_yoy,CHN,2020-06,-3.1,%,M,,https://data.stats.gov.cn/dg/website/publicrelease/web/external/stream/esData,来源指标：固定资产投资额累计增长 (%)；原始值 -3.1；目录 5129067b149d4ddfbec1ffc478d35bfb
investment_ytd_yoy,CHN,2020-07,-1.6,%,M,,https://data.stats.gov.cn/dg/website/publicrelease/web/external/stream/esData,来源指标：固定资产投资额累计增长 (%)；原始值 -1.6；目录 5129067b149d4ddfbec1ffc478d35bfb
investment_ytd_yoy,CHN,2020-08,-0.3,%,M,,https://data.stats.gov.cn/dg/website/publicrelease/web/external/stream/esData,来源指标：固定资产投资额累计增长 (%)；原始值 -0.3；目录 5129067b149d4ddfbec1ffc478d35bfb
investment_ytd_yoy,CHN,2020-09,0.8,%,M,,https://data.stats.gov.cn/dg/website/publicrelease/web/external/stream/esData,来源指标：固定资产投资额累计增长 (%)；原始值 0.8；目录 5129067b149d4ddfbec1ffc478d35bfb
investment_ytd_yoy,CHN,2020-10,1.8,%,M,,https://data.stats.gov.cn/dg/website/publicrelease/web/external/stream/esData,来源指标：固定资产投资额累计增长 (%)；原始值 1.8；目录 5129067b149d4ddfbec1ffc478d35bfb
investment_ytd_yoy,CHN,2020-11,2.6,%,M,,https://data.stats.gov.cn/dg/website/publicrelease/web/external/stream/esData,来源指标：固定资产投资额累计增长 (%)；原始值 2.6；目录 5129067b149d4ddfbec1ffc478d35bfb
investment_ytd_yoy,CHN,2020-12,2.9,%,M,,https://data.stats.gov.cn/dg/website/publicrelease/web/external/stream/esData,来源指标：固定资产投资额累计增长 (%)；原始值 2.9；目录 5129067b149d4ddfbec1ffc478d35bfb
investment_ytd_yoy,CHN,2021-02,35.0,%,M,,https://data.stats.gov.cn/dg/website/publicrelease/web/external/stream/esData,来源指标：固定资产投资额累计增长 (%)；原始值 35.0；目录 5129067b149d4ddfbec1ffc478d35bfb
investment_ytd_yoy,CHN,2021-03,25.6,%,M,,https://data.stats.gov.cn/dg/website/publicrelease/web/external/stream/esData,来源指标：固定资产投资额累计增长 (%)；原始值 25.6；目录 5129067b149d4ddfbec1ffc478d35bfb
investment_ytd_yoy,CHN,2021-04,19.9,%,M,,https://data.stats.gov.cn/dg/website/publicrelease/web/external/stream/esData,来源指标：固定资产投资额累计增长 (%)；原始值 19.9；目录 5129067b149d4ddfbec1ffc478d35bfb
investment_ytd_yoy,CHN,2021-05,15.4,%,M,,https://data.stats.gov.cn/dg/website/publicrelease/web/external/stream/esData,来源指标：固定资产投资额累计增长 (%)；原始值 15.4；目录 5129067b149d4ddfbec1ffc478d35bfb
investment_ytd_yoy,CHN,2021-06,12.6,%,M,,https://data.stats.gov.cn/dg/website/publicrelease/web/external/stream/esData,来源指标：固定资产投资额累计增长 (%)；原始值 12.6；目录 5129067b149d4ddfbec1ffc478d35bfb
investment_ytd_yoy,CHN,2021-07,10.3,%,M,,https://data.stats.gov.cn/dg/website/publicrelease/web/external/stream/esData,来源指标：固定资产投资额累计增长 (%)；原始值 10.3；目录 5129067b149d4ddfbec1ffc478d35bfb
investment_ytd_yoy,CHN,2021-08,8.9,%,M,,https://data.stats.gov.cn/dg/website/publicrelease/web/external/stream/esData,来源指标：固定资产投资额累计增长 (%)；原始值 8.9；目录 5129067b149d4ddfbec1ffc478d35bfb
investment_ytd_yoy,CHN,2021-09,7.3,%,M,,https://data.stats.gov.cn/dg/website/publicrelease/web/external/stream/esData,来源指标：固定资产投资额累计增长 (%)；原始值 7.3；目录 5129067b149d4ddfbec1ffc478d35bfb
investment_ytd_yoy,CHN,2021-10,6.1,%,M,,https://data.stats.gov.cn/dg/website/publicrelease/web/external/stream/esData,来源指标：固定资产投资额累计增长 (%)；原始值 6.1；目录 5129067b149d4ddfbec1ffc478d35bfb
investment_ytd_yoy,CHN,2021-11,5.2,%,M,,https://data.stats.gov.cn/dg/website/publicrelease/web/external/stream/esData,来源指标：固定资产投资额累计增长 (%)；原始值 5.2；目录 5129067b149d4ddfbec1ffc478d35bfb
investment_ytd_yoy,CHN,2021-12,4.9,%,M,,https://data.stats.gov.cn/dg/website/publicrelease/web/external/stream/esData,来源指标：固定资产投资额累计增长 (%)；原始值 4.9；目录 5129067b149d4ddfbec1ffc478d35bfb
investment_ytd_yoy,CHN,2022-02,12.2,%,M,,https://data.stats.gov.cn/dg/website/publicrelease/web/external/stream/esData,来源指标：固定资产投资额累计增长 (%)；原始值 12.2；目录 5129067b149d4ddfbec1ffc478d35bfb
investment_ytd_yoy,CHN,2022-03,9.3,%,M,,https://data.stats.gov.cn/dg/website/publicrelease/web/external/stream/esData,来源指标：固定资产投资额累计增长 (%)；原始值 9.3；目录 5129067b149d4ddfbec1ffc478d35bfb
investment_ytd_yoy,CHN,2022-04,6.8,%,M,,https://data.stats.gov.cn/dg/website/publicrelease/web/external/stream/esData,来源指标：固定资产投资额累计增长 (%)；原始值 6.8；目录 5129067b149d4ddfbec1ffc478d35bfb
investment_ytd_yoy,CHN,2022-05,6.2,%,M,,https://data.stats.gov.cn/dg/website/publicrelease/web/external/stream/esData,来源指标：固定资产投资额累计增长 (%)；原始值 6.2；目录 5129067b149d4ddfbec1ffc478d35bfb
investment_ytd_yoy,CHN,2022-06,6.1,%,M,,https://data.stats.gov.cn/dg/website/publicrelease/web/external/stream/esData,来源指标：固定资产投资额累计增长 (%)；原始值 6.1；目录 5129067b149d4ddfbec1ffc478d35bfb
investment_ytd_yoy,CHN,2022-07,5.7,%,M,,https://data.stats.gov.cn/dg/website/publicrelease/web/external/stream/esData,来源指标：固定资产投资额累计增长 (%)；原始值 5.7；目录 5129067b149d4ddfbec1ffc478d35bfb
investment_ytd_yoy,CHN,2022-08,5.8,%,M,,https://data.stats.gov.cn/dg/website/publicrelease/web/external/stream/esData,来源指标：固定资产投资额累计增长 (%)；原始值 5.8；目录 5129067b149d4ddfbec1ffc478d35bfb
investment_ytd_yoy,CHN,2022-09,5.9,%,M,,https://data.stats.gov.cn/dg/website/publicrelease/web/external/stream/esData,来源指标：固定资产投资额累计增长 (%)；原始值 5.9；目录 5129067b149d4ddfbec1ffc478d35bfb
investment_ytd_yoy,CHN,2022-10,5.8,%,M,,https://data.stats.gov.cn/dg/website/publicrelease/web/external/stream/esData,来源指标：固定资产投资额累计增长 (%)；原始值 5.8；目录 5129067b149d4ddfbec1ffc478d35bfb
investment_ytd_yoy,CHN,2022-11,5.3,%,M,,https://data.stats.gov.cn/dg/website/publicrelease/web/external/stream/esData,来源指标：固定资产投资额累计增长 (%)；原始值 5.3；目录 5129067b149d4ddfbec1ffc478d35bfb
investment_ytd_yoy,CHN,2022-12,5.1,%,M,,https://data.stats.gov.cn/dg/website/publicrelease/web/external/stream/esData,来源指标：固定资产投资额累计增长 (%)；原始值 5.1；目录 5129067b149d4ddfbec1ffc478d35bfb
investment_ytd_yoy,CHN,2023-02,5.5,%,M,,https://data.stats.gov.cn/dg/website/publicrelease/web/external/stream/esData,来源指标：固定资产投资额累计增长 (%)；原始值 5.5；目录 5129067b149d4ddfbec1ffc478d35bfb
investment_ytd_yoy,CHN,2023-03,5.1,%,M,,https://data.stats.gov.cn/dg/website/publicrelease/web/external/stream/esData,来源指标：固定资产投资额累计增长 (%)；原始值 5.1；目录 5129067b149d4ddfbec1ffc478d35bfb
investment_ytd_yoy,CHN,2023-04,4.7,%,M,,https://data.stats.gov.cn/dg/website/publicrelease/web/external/stream/esData,来源指标：固定资产投资额累计增长 (%)；原始值 4.7；目录 5129067b149d4ddfbec1ffc478d35bfb
investment_ytd_yoy,CHN,2023-05,4.0,%,M,,https://data.stats.gov.cn/dg/website/publicrelease/web/external/stream/esData,来源指标：固定资产投资额累计增长 (%)；原始值 4.0；目录 5129067b149d4ddfbec1ffc478d35bfb
investment_ytd_yoy,CHN,2023-06,3.8,%,M,,https://data.stats.gov.cn/dg/website/publicrelease/web/external/stream/esData,来源指标：固定资产投资额累计增长 (%)；原始值 3.8；目录 5129067b149d4ddfbec1ffc478d35bfb
investment_ytd_yoy,CHN,2023-07,3.4,%,M,,https://data.stats.gov.cn/dg/website/publicrelease/web/external/stream/esData,来源指标：固定资产投资额累计增长 (%)；原始值 3.4；目录 5129067b149d4ddfbec1ffc478d35bfb
investment_ytd_yoy,CHN,2023-08,3.2,%,M,,https://data.stats.gov.cn/dg/website/publicrelease/web/external/stream/esData,来源指标：固定资产投资额累计增长 (%)；原始值 3.2；目录 5129067b149d4ddfbec1ffc478d35bfb
investment_ytd_yoy,CHN,2023-09,3.1,%,M,,https://data.stats.gov.cn/dg/website/publicrelease/web/external/stream/esData,来源指标：固定资产投资额累计增长 (%)；原始值 3.1；目录 5129067b149d4ddfbec1ffc478d35bfb
investment_ytd_yoy,CHN,2023-10,2.9,%,M,,https://data.stats.gov.cn/dg/website/publicrelease/web/external/stream/esData,来源指标：固定资产投资额累计增长 (%)；原始值 2.9；目录 5129067b149d4ddfbec1ffc478d35bfb
investment_ytd_yoy,CHN,2023-11,2.9,%,M,,https://data.stats.gov.cn/dg/website/publicrelease/web/external/stream/esData,来源指标：固定资产投资额累计增长 (%)；原始值 2.9；目录 5129067b149d4ddfbec1ffc478d35bfb
investment_ytd_yoy,CHN,2023-12,3.0,%,M,,https://data.stats.gov.cn/dg/website/publicrelease/web/external/stream/esData,来源指标：固定资产投资额累计增长 (%)；原始值 3.0；目录 5129067b149d4ddfbec1ffc478d35bfb
investment_ytd_yoy,CHN,2024-02,4.2,%,M,,https://data.stats.gov.cn/dg/website/publicrelease/web/external/stream/esData,来源指标：固定资产投资额累计增长 (%)；原始值 4.2；目录 5129067b149d4ddfbec1ffc478d35bfb
investment_ytd_yoy,CHN,2024-03,4.5,%,M,,https://data.stats.gov.cn/dg/website/publicrelease/web/external/stream/esData,来源指标：固定资产投资额累计增长 (%)；原始值 4.5；目录 5129067b149d4ddfbec1ffc478d35bfb
investment_ytd_yoy,CHN,2024-04,4.2,%,M,,https://data.stats.gov.cn/dg/website/publicrelease/web/external/stream/esData,来源指标：固定资产投资额累计增长 (%)；原始值 4.2；目录 5129067b149d4ddfbec1ffc478d35bfb
investment_ytd_yoy,CHN,2024-05,4.0,%,M,,https://data.stats.gov.cn/dg/website/publicrelease/web/external/stream/esData,来源指标：固定资产投资额累计增长 (%)；原始值 4.0；目录 5129067b149d4ddfbec1ffc478d35bfb
investment_ytd_yoy,CHN,2024-06,3.9,%,M,,https://data.stats.gov.cn/dg/website/publicrelease/web/external/stream/esData,来源指标：固定资产投资额累计增长 (%)；原始值 3.9；目录 5129067b149d4ddfbec1ffc478d35bfb
investment_ytd_yoy,CHN,2024-07,3.6,%,M,,https://data.stats.gov.cn/dg/website/publicrelease/web/external/stream/esData,来源指标：固定资产投资额累计增长 (%)；原始值 3.6；目录 5129067b149d4ddfbec1ffc478d35bfb
investment_ytd_yoy,CHN,2024-08,3.4,%,M,,https://data.stats.gov.cn/dg/website/publicrelease/web/external/stream/esData,来源指标：固定资产投资额累计增长 (%)；原始值 3.4；目录 5129067b149d4ddfbec1ffc478d35bfb
investment_ytd_yoy,CHN,2024-09,3.4,%,M,,https://data.stats.gov.cn/dg/website/publicrelease/web/external/stream/esData,来源指标：固定资产投资额累计增长 (%)；原始值 3.4；目录 5129067b149d4ddfbec1ffc478d35bfb
investment_ytd_yoy,CHN,2024-10,3.4,%,M,,https://data.stats.gov.cn/dg/website/publicrelease/web/external/stream/esData,来源指标：固定资产投资额累计增长 (%)；原始值 3.4；目录 5129067b149d4ddfbec1ffc478d35bfb
investment_ytd_yoy,CHN,2024-11,3.3,%,M,,https://data.stats.gov.cn/dg/website/publicrelease/web/external/stream/esData,来源指标：固定资产投资额累计增长 (%)；原始值 3.3；目录 5129067b149d4ddfbec1ffc478d35bfb
investment_ytd_yoy,CHN,2024-12,3.2,%,M,,https://data.stats.gov.cn/dg/website/publicrelease/web/external/stream/esData,来源指标：固定资产投资额累计增长 (%)；原始值 3.2；目录 5129067b149d4ddfbec1ffc478d35bfb
investment_ytd_yoy,CHN,2025-02,4.1,%,M,,https://data.stats.gov.cn/dg/website/publicrelease/web/external/stream/esData,来源指标：固定资产投资额累计增长 (%)；原始值 4.1；目录 5129067b149d4ddfbec1ffc478d35bfb
investment_ytd_yoy,CHN,2025-03,4.2,%,M,,https://data.stats.gov.cn/dg/website/publicrelease/web/external/stream/esData,来源指标：固定资产投资额累计增长 (%)；原始值 4.2；目录 5129067b149d4ddfbec1ffc478d35bfb
investment_ytd_yoy,CHN,2025-04,4.0,%,M,,https://data.stats.gov.cn/dg/website/publicrelease/web/external/stream/esData,来源指标：固定资产投资额累计增长 (%)；原始值 4.0；目录 5129067b149d4ddfbec1ffc478d35bfb
investment_ytd_yoy,CHN,2025-05,3.7,%,M,,https://data.stats.gov.cn/dg/website/publicrelease/web/external/stream/esData,来源指标：固定资产投资额累计增长 (%)；原始值 3.7；目录 5129067b149d4ddfbec1ffc478d35bfb
investment_ytd_yoy,CHN,2025-06,2.8,%,M,,https://data.stats.gov.cn/dg/website/publicrelease/web/external/stream/esData,来源指标：固定资产投资额累计增长 (%)；原始值 2.8；目录 5129067b149d4ddfbec1ffc478d35bfb
investment_ytd_yoy,CHN,2025-07,1.6,%,M,,https://data.stats.gov.cn/dg/website/publicrelease/web/external/stream/esData,来源指标：固定资产投资额累计增长 (%)；原始值 1.6；目录 5129067b149d4ddfbec1ffc478d35bfb
investment_ytd_yoy,CHN,2025-08,0.5,%,M,,https://data.stats.gov.cn/dg/website/publicrelease/web/external/stream/esData,来源指标：固定资产投资额累计增长 (%)；原始值 0.5；目录 5129067b149d4ddfbec1ffc478d35bfb
investment_ytd_yoy,CHN,2025-09,-0.5,%,M,,https://data.stats.gov.cn/dg/website/publicrelease/web/external/stream/esData,来源指标：固定资产投资额累计增长 (%)；原始值 -0.5；目录 5129067b149d4ddfbec1ffc478d35bfb
investment_ytd_yoy,CHN,2025-10,-1.7,%,M,,https://data.stats.gov.cn/dg/website/publicrelease/web/external/stream/esData,来源指标：固定资产投资额累计增长 (%)；原始值 -1.7；目录 5129067b149d4ddfbec1ffc478d35bfb
investment_ytd_yoy,CHN,2025-11,-2.6,%,M,,https://data.stats.gov.cn/dg/website/publicrelease/web/external/stream/esData,来源指标：固定资产投资额累计增长 (%)；原始值 -2.6；目录 5129067b149d4ddfbec1ffc478d35bfb
investment_ytd_yoy,CHN,2025-12,-3.8,%,M,,https://data.stats.gov.cn/dg/website/publicrelease/web/external/stream/esData,来源指标：固定资产投资额累计增长 (%)；原始值 -3.8；目录 5129067b149d4ddfbec1ffc478d35bfb
investment_ytd_yoy,CHN,2026-02,1.8,%,M,,https://data.stats.gov.cn/dg/website/publicrelease/web/external/stream/esData,来源指标：固定资产投资额累计增长 (%)；原始值 1.8；目录 5129067b149d4ddfbec1ffc478d35bfb
investment_ytd_yoy,CHN,2026-03,1.7,%,M,,https://data.stats.gov.cn/dg/website/publicrelease/web/external/stream/esData,来源指标：固定资产投资额累计增长 (%)；原始值 1.7；目录 5129067b149d4ddfbec1ffc478d35bfb
investment_ytd_yoy,CHN,2026-04,-1.6,%,M,,https://data.stats.gov.cn/dg/website/publicrelease/web/external/stream/esData,来源指标：固定资产投资额累计增长 (%)；原始值 -1.6；目录 5129067b149d4ddfbec1ffc478d35bfb
investment_ytd_yoy,CHN,2026-05,-4.1,%,M,,https://data.stats.gov.cn/dg/website/publicrelease/web/external/stream/esData,来源指标：固定资产投资额累计增长 (%)；原始值 -4.1；目录 5129067b149d4ddfbec1ffc478d35bfb
investment_ytd_yoy,CHN,2026-06,-5.7,%,M,,https://data.stats.gov.cn/dg/website/publicrelease/web/external/stream/esData,来源指标：固定资产投资额累计增长 (%)；原始值 -5.7；目录 5129067b149d4ddfbec1ffc478d35bfb
investment_ytd_yoy,CHN,2026-07,-6.7,%,M,,https://data.stats.gov.cn/dg/website/publicrelease/web/external/stream/esData,来源指标：固定资产投资额累计增长 (%)；原始值 -6.7；目录 5129067b149d4ddfbec1ffc478d35bfb
investment_ytd_yoy,CHN,2026-08,-7.2,%,M,,https://data.stats.gov.cn/dg/website/publicrelease/web/external/stream/esData,来源指标：固定资产投资额累计增长 (%)；原始值 -7.2；目录 5129067b149d4ddfbec1ffc478d35bfb
pmi_manufacturing,CHN,2005-01,54.7,指数点,M,,https://data.stats.gov.cn/dg/website/publicrelease/web/external/stream/esData,来源指标：制造业采购经理指数 (%)；原始值 54.7；目录 93ffbb1aa85740d3aa2618371508b606
pmi_manufacturing,CHN,2005-02,54.5,指数点,M,,https://data.stats.gov.cn/dg/website/publicrelease/web/external/stream/esData,来源指标：制造业采购经理指数 (%)；原始值 54.5；目录 93ffbb1aa85740d3aa2618371508b606
pmi_manufacturing,CHN,2005-03,57.9,指数点,M,,https://data.stats.gov.cn/dg/website/publicrelease/web/external/stream/esData,来源指标：制造业采购经理指数 (%)；原始值 57.9；目录 93ffbb1aa85740d3aa2618371508b606
pmi_manufacturing,CHN,2005-04,56.7,指数点,M,,https://data.stats.gov.cn/dg/website/publicrelease/web/external/stream/esData,来源指标：制造业采购经理指数 (%)；原始值 56.7；目录 93ffbb1aa85740d3aa2618371508b606
pmi_manufacturing,CHN,2005-05,52.9,指数点,M,,https://data.stats.gov.cn/dg/website/publicrelease/web/external/stream/esData,来源指标：制造业采购经理指数 (%)；原始值 52.9；目录 93ffbb1aa85740d3aa2618371508b606
pmi_manufacturing,CHN,2005-06,51.7,指数点,M,,https://data.stats.gov.cn/dg/website/publicrelease/web/external/stream/esData,来源指标：制造业采购经理指数 (%)；原始值 51.7；目录 93ffbb1aa85740d3aa2618371508b606
pmi_manufacturing,CHN,2005-07,51.1,指数点,M,,https://data.stats.gov.cn/dg/website/publicrelease/web/external/stream/esData,来源指标：制造业采购经理指数 (%)；原始值 51.1；目录 93ffbb1aa85740d3aa2618371508b606
pmi_manufacturing,CHN,2005-08,52.6,指数点,M,,https://data.stats.gov.cn/dg/website/publicrelease/web/external/stream/esData,来源指标：制造业采购经理指数 (%)；原始值 52.6；目录 93ffbb1aa85740d3aa2618371508b606
pmi_manufacturing,CHN,2005-09,55.1,指数点,M,,https://data.stats.gov.cn/dg/website/publicrelease/web/external/stream/esData,来源指标：制造业采购经理指数 (%)；原始值 55.1；目录 93ffbb1aa85740d3aa2618371508b606
pmi_manufacturing,CHN,2005-10,54.1,指数点,M,,https://data.stats.gov.cn/dg/website/publicrelease/web/external/stream/esData,来源指标：制造业采购经理指数 (%)；原始值 54.1；目录 93ffbb1aa85740d3aa2618371508b606
pmi_manufacturing,CHN,2005-11,54.1,指数点,M,,https://data.stats.gov.cn/dg/website/publicrelease/web/external/stream/esData,来源指标：制造业采购经理指数 (%)；原始值 54.1；目录 93ffbb1aa85740d3aa2618371508b606
pmi_manufacturing,CHN,2005-12,54.3,指数点,M,,https://data.stats.gov.cn/dg/website/publicrelease/web/external/stream/esData,来源指标：制造业采购经理指数 (%)；原始值 54.3；目录 93ffbb1aa85740d3aa2618371508b606
pmi_manufacturing,CHN,2006-01,52.1,指数点,M,,https://data.stats.gov.cn/dg/website/publicrelease/web/external/stream/esData,来源指标：制造业采购经理指数 (%)；原始值 52.1；目录 93ffbb1aa85740d3aa2618371508b606
pmi_manufacturing,CHN,2006-02,52.1,指数点,M,,https://data.stats.gov.cn/dg/website/publicrelease/web/external/stream/esData,来源指标：制造业采购经理指数 (%)；原始值 52.1；目录 93ffbb1aa85740d3aa2618371508b606
pmi_manufacturing,CHN,2006-03,55.3,指数点,M,,https://data.stats.gov.cn/dg/website/publicrelease/web/external/stream/esData,来源指标：制造业采购经理指数 (%)；原始值 55.3；目录 93ffbb1aa85740d3aa2618371508b606
pmi_manufacturing,CHN,2006-04,58.1,指数点,M,,https://data.stats.gov.cn/dg/website/publicrelease/web/external/stream/esData,来源指标：制造业采购经理指数 (%)；原始值 58.1；目录 93ffbb1aa85740d3aa2618371508b606
pmi_manufacturing,CHN,2006-05,54.8,指数点,M,,https://data.stats.gov.cn/dg/website/publicrelease/web/external/stream/esData,来源指标：制造业采购经理指数 (%)；原始值 54.8；目录 93ffbb1aa85740d3aa2618371508b606
pmi_manufacturing,CHN,2006-06,54.1,指数点,M,,https://data.stats.gov.cn/dg/website/publicrelease/web/external/stream/esData,来源指标：制造业采购经理指数 (%)；原始值 54.1；目录 93ffbb1aa85740d3aa2618371508b606
pmi_manufacturing,CHN,2006-07,52.4,指数点,M,,https://data.stats.gov.cn/dg/website/publicrelease/web/external/stream/esData,来源指标：制造业采购经理指数 (%)；原始值 52.4；目录 93ffbb1aa85740d3aa2618371508b606
pmi_manufacturing,CHN,2006-08,53.1,指数点,M,,https://data.stats.gov.cn/dg/website/publicrelease/web/external/stream/esData,来源指标：制造业采购经理指数 (%)；原始值 53.1；目录 93ffbb1aa85740d3aa2618371508b606
pmi_manufacturing,CHN,2006-09,57.0,指数点,M,,https://data.stats.gov.cn/dg/website/publicrelease/web/external/stream/esData,来源指标：制造业采购经理指数 (%)；原始值 57.0；目录 93ffbb1aa85740d3aa2618371508b606
pmi_manufacturing,CHN,2006-10,54.7,指数点,M,,https://data.stats.gov.cn/dg/website/publicrelease/web/external/stream/esData,来源指标：制造业采购经理指数 (%)；原始值 54.7；目录 93ffbb1aa85740d3aa2618371508b606
pmi_manufacturing,CHN,2006-11,55.3,指数点,M,,https://data.stats.gov.cn/dg/website/publicrelease/web/external/stream/esData,来源指标：制造业采购经理指数 (%)；原始值 55.3；目录 93ffbb1aa85740d3aa2618371508b606
pmi_manufacturing,CHN,2006-12,54.8,指数点,M,,https://data.stats.gov.cn/dg/website/publicrelease/web/external/stream/esData,来源指标：制造业采购经理指数 (%)；原始值 54.8；目录 93ffbb1aa85740d3aa2618371508b606
pmi_manufacturing,CHN,2007-01,55.1,指数点,M,,https://data.stats.gov.cn/dg/website/publicrelease/web/external/stream/esData,来源指标：制造业采购经理指数 (%)；原始值 55.1；目录 93ffbb1aa85740d3aa2618371508b606
pmi_manufacturing,CHN,2007-02,53.1,指数点,M,,https://data.stats.gov.cn/dg/website/publicrelease/web/external/stream/esData,来源指标：制造业采购经理指数 (%)；原始值 53.1；目录 93ffbb1aa85740d3aa2618371508b606
pmi_manufacturing,CHN,2007-03,56.1,指数点,M,,https://data.stats.gov.cn/dg/website/publicrelease/web/external/stream/esData,来源指标：制造业采购经理指数 (%)；原始值 56.1；目录 93ffbb1aa85740d3aa2618371508b606
pmi_manufacturing,CHN,2007-04,58.6,指数点,M,,https://data.stats.gov.cn/dg/website/publicrelease/web/external/stream/esData,来源指标：制造业采购经理指数 (%)；原始值 58.6；目录 93ffbb1aa85740d3aa2618371508b606
pmi_manufacturing,CHN,2007-05,55.7,指数点,M,,https://data.stats.gov.cn/dg/website/publicrelease/web/external/stream/esData,来源指标：制造业采购经理指数 (%)；原始值 55.7；目录 93ffbb1aa85740d3aa2618371508b606
pmi_manufacturing,CHN,2007-06,54.5,指数点,M,,https://data.stats.gov.cn/dg/website/publicrelease/web/external/stream/esData,来源指标：制造业采购经理指数 (%)；原始值 54.5；目录 93ffbb1aa85740d3aa2618371508b606
pmi_manufacturing,CHN,2007-07,53.3,指数点,M,,https://data.stats.gov.cn/dg/website/publicrelease/web/external/stream/esData,来源指标：制造业采购经理指数 (%)；原始值 53.3；目录 93ffbb1aa85740d3aa2618371508b606
pmi_manufacturing,CHN,2007-08,54.0,指数点,M,,https://data.stats.gov.cn/dg/website/publicrelease/web/external/stream/esData,来源指标：制造业采购经理指数 (%)；原始值 54.0；目录 93ffbb1aa85740d3aa2618371508b606
pmi_manufacturing,CHN,2007-09,56.1,指数点,M,,https://data.stats.gov.cn/dg/website/publicrelease/web/external/stream/esData,来源指标：制造业采购经理指数 (%)；原始值 56.1；目录 93ffbb1aa85740d3aa2618371508b606
pmi_manufacturing,CHN,2007-10,53.2,指数点,M,,https://data.stats.gov.cn/dg/website/publicrelease/web/external/stream/esData,来源指标：制造业采购经理指数 (%)；原始值 53.2；目录 93ffbb1aa85740d3aa2618371508b606
pmi_manufacturing,CHN,2007-11,55.4,指数点,M,,https://data.stats.gov.cn/dg/website/publicrelease/web/external/stream/esData,来源指标：制造业采购经理指数 (%)；原始值 55.4；目录 93ffbb1aa85740d3aa2618371508b606
pmi_manufacturing,CHN,2007-12,55.3,指数点,M,,https://data.stats.gov.cn/dg/website/publicrelease/web/external/stream/esData,来源指标：制造业采购经理指数 (%)；原始值 55.3；目录 93ffbb1aa85740d3aa2618371508b606
pmi_manufacturing,CHN,2008-01,53.0,指数点,M,,https://data.stats.gov.cn/dg/website/publicrelease/web/external/stream/esData,来源指标：制造业采购经理指数 (%)；原始值 53.0；目录 93ffbb1aa85740d3aa2618371508b606
pmi_manufacturing,CHN,2008-02,53.4,指数点,M,,https://data.stats.gov.cn/dg/website/publicrelease/web/external/stream/esData,来源指标：制造业采购经理指数 (%)；原始值 53.4；目录 93ffbb1aa85740d3aa2618371508b606
pmi_manufacturing,CHN,2008-03,58.4,指数点,M,,https://data.stats.gov.cn/dg/website/publicrelease/web/external/stream/esData,来源指标：制造业采购经理指数 (%)；原始值 58.4；目录 93ffbb1aa85740d3aa2618371508b606
pmi_manufacturing,CHN,2008-04,59.2,指数点,M,,https://data.stats.gov.cn/dg/website/publicrelease/web/external/stream/esData,来源指标：制造业采购经理指数 (%)；原始值 59.2；目录 93ffbb1aa85740d3aa2618371508b606
pmi_manufacturing,CHN,2008-05,53.3,指数点,M,,https://data.stats.gov.cn/dg/website/publicrelease/web/external/stream/esData,来源指标：制造业采购经理指数 (%)；原始值 53.3；目录 93ffbb1aa85740d3aa2618371508b606
pmi_manufacturing,CHN,2008-06,52.0,指数点,M,,https://data.stats.gov.cn/dg/website/publicrelease/web/external/stream/esData,来源指标：制造业采购经理指数 (%)；原始值 52.0；目录 93ffbb1aa85740d3aa2618371508b606
pmi_manufacturing,CHN,2008-07,48.4,指数点,M,,https://data.stats.gov.cn/dg/website/publicrelease/web/external/stream/esData,来源指标：制造业采购经理指数 (%)；原始值 48.4；目录 93ffbb1aa85740d3aa2618371508b606
pmi_manufacturing,CHN,2008-08,48.4,指数点,M,,https://data.stats.gov.cn/dg/website/publicrelease/web/external/stream/esData,来源指标：制造业采购经理指数 (%)；原始值 48.4；目录 93ffbb1aa85740d3aa2618371508b606
pmi_manufacturing,CHN,2008-09,51.2,指数点,M,,https://data.stats.gov.cn/dg/website/publicrelease/web/external/stream/esData,来源指标：制造业采购经理指数 (%)；原始值 51.2；目录 93ffbb1aa85740d3aa2618371508b606
pmi_manufacturing,CHN,2008-10,44.6,指数点,M,,https://data.stats.gov.cn/dg/website/publicrelease/web/external/stream/esData,来源指标：制造业采购经理指数 (%)；原始值 44.6；目录 93ffbb1aa85740d3aa2618371508b606
pmi_manufacturing,CHN,2008-11,38.8,指数点,M,,https://data.stats.gov.cn/dg/website/publicrelease/web/external/stream/esData,来源指标：制造业采购经理指数 (%)；原始值 38.8；目录 93ffbb1aa85740d3aa2618371508b606
pmi_manufacturing,CHN,2008-12,41.2,指数点,M,,https://data.stats.gov.cn/dg/website/publicrelease/web/external/stream/esData,来源指标：制造业采购经理指数 (%)；原始值 41.2；目录 93ffbb1aa85740d3aa2618371508b606
pmi_manufacturing,CHN,2009-01,45.3,指数点,M,,https://data.stats.gov.cn/dg/website/publicrelease/web/external/stream/esData,来源指标：制造业采购经理指数 (%)；原始值 45.3；目录 93ffbb1aa85740d3aa2618371508b606
pmi_manufacturing,CHN,2009-02,49.0,指数点,M,,https://data.stats.gov.cn/dg/website/publicrelease/web/external/stream/esData,来源指标：制造业采购经理指数 (%)；原始值 49.0；目录 93ffbb1aa85740d3aa2618371508b606
pmi_manufacturing,CHN,2009-03,52.4,指数点,M,,https://data.stats.gov.cn/dg/website/publicrelease/web/external/stream/esData,来源指标：制造业采购经理指数 (%)；原始值 52.4；目录 93ffbb1aa85740d3aa2618371508b606
pmi_manufacturing,CHN,2009-04,53.5,指数点,M,,https://data.stats.gov.cn/dg/website/publicrelease/web/external/stream/esData,来源指标：制造业采购经理指数 (%)；原始值 53.5；目录 93ffbb1aa85740d3aa2618371508b606
pmi_manufacturing,CHN,2009-05,53.1,指数点,M,,https://data.stats.gov.cn/dg/website/publicrelease/web/external/stream/esData,来源指标：制造业采购经理指数 (%)；原始值 53.1；目录 93ffbb1aa85740d3aa2618371508b606
pmi_manufacturing,CHN,2009-06,53.2,指数点,M,,https://data.stats.gov.cn/dg/website/publicrelease/web/external/stream/esData,来源指标：制造业采购经理指数 (%)；原始值 53.2；目录 93ffbb1aa85740d3aa2618371508b606
pmi_manufacturing,CHN,2009-07,53.3,指数点,M,,https://data.stats.gov.cn/dg/website/publicrelease/web/external/stream/esData,来源指标：制造业采购经理指数 (%)；原始值 53.3；目录 93ffbb1aa85740d3aa2618371508b606
pmi_manufacturing,CHN,2009-08,54.0,指数点,M,,https://data.stats.gov.cn/dg/website/publicrelease/web/external/stream/esData,来源指标：制造业采购经理指数 (%)；原始值 54.0；目录 93ffbb1aa85740d3aa2618371508b606
pmi_manufacturing,CHN,2009-09,54.3,指数点,M,,https://data.stats.gov.cn/dg/website/publicrelease/web/external/stream/esData,来源指标：制造业采购经理指数 (%)；原始值 54.3；目录 93ffbb1aa85740d3aa2618371508b606
pmi_manufacturing,CHN,2009-10,55.2,指数点,M,,https://data.stats.gov.cn/dg/website/publicrelease/web/external/stream/esData,来源指标：制造业采购经理指数 (%)；原始值 55.2；目录 93ffbb1aa85740d3aa2618371508b606
pmi_manufacturing,CHN,2009-11,55.2,指数点,M,,https://data.stats.gov.cn/dg/website/publicrelease/web/external/stream/esData,来源指标：制造业采购经理指数 (%)；原始值 55.2；目录 93ffbb1aa85740d3aa2618371508b606
pmi_manufacturing,CHN,2009-12,56.6,指数点,M,,https://data.stats.gov.cn/dg/website/publicrelease/web/external/stream/esData,来源指标：制造业采购经理指数 (%)；原始值 56.6；目录 93ffbb1aa85740d3aa2618371508b606
pmi_manufacturing,CHN,2010-01,55.8,指数点,M,,https://data.stats.gov.cn/dg/website/publicrelease/web/external/stream/esData,来源指标：制造业采购经理指数 (%)；原始值 55.8；目录 93ffbb1aa85740d3aa2618371508b606
pmi_manufacturing,CHN,2010-02,52.0,指数点,M,,https://data.stats.gov.cn/dg/website/publicrelease/web/external/stream/esData,来源指标：制造业采购经理指数 (%)；原始值 52.0；目录 93ffbb1aa85740d3aa2618371508b606
pmi_manufacturing,CHN,2010-03,55.1,指数点,M,,https://data.stats.gov.cn/dg/website/publicrelease/web/external/stream/esData,来源指标：制造业采购经理指数 (%)；原始值 55.1；目录 93ffbb1aa85740d3aa2618371508b606
pmi_manufacturing,CHN,2010-04,55.7,指数点,M,,https://data.stats.gov.cn/dg/website/publicrelease/web/external/stream/esData,来源指标：制造业采购经理指数 (%)；原始值 55.7；目录 93ffbb1aa85740d3aa2618371508b606
pmi_manufacturing,CHN,2010-05,53.9,指数点,M,,https://data.stats.gov.cn/dg/website/publicrelease/web/external/stream/esData,来源指标：制造业采购经理指数 (%)；原始值 53.9；目录 93ffbb1aa85740d3aa2618371508b606
pmi_manufacturing,CHN,2010-06,52.1,指数点,M,,https://data.stats.gov.cn/dg/website/publicrelease/web/external/stream/esData,来源指标：制造业采购经理指数 (%)；原始值 52.1；目录 93ffbb1aa85740d3aa2618371508b606
pmi_manufacturing,CHN,2010-07,51.2,指数点,M,,https://data.stats.gov.cn/dg/website/publicrelease/web/external/stream/esData,来源指标：制造业采购经理指数 (%)；原始值 51.2；目录 93ffbb1aa85740d3aa2618371508b606
pmi_manufacturing,CHN,2010-08,51.7,指数点,M,,https://data.stats.gov.cn/dg/website/publicrelease/web/external/stream/esData,来源指标：制造业采购经理指数 (%)；原始值 51.7；目录 93ffbb1aa85740d3aa2618371508b606
pmi_manufacturing,CHN,2010-09,53.8,指数点,M,,https://data.stats.gov.cn/dg/website/publicrelease/web/external/stream/esData,来源指标：制造业采购经理指数 (%)；原始值 53.8；目录 93ffbb1aa85740d3aa2618371508b606
pmi_manufacturing,CHN,2010-10,54.7,指数点,M,,https://data.stats.gov.cn/dg/website/publicrelease/web/external/stream/esData,来源指标：制造业采购经理指数 (%)；原始值 54.7；目录 93ffbb1aa85740d3aa2618371508b606
pmi_manufacturing,CHN,2010-11,55.2,指数点,M,,https://data.stats.gov.cn/dg/website/publicrelease/web/external/stream/esData,来源指标：制造业采购经理指数 (%)；原始值 55.2；目录 93ffbb1aa85740d3aa2618371508b606
pmi_manufacturing,CHN,2010-12,53.9,指数点,M,,https://data.stats.gov.cn/dg/website/publicrelease/web/external/stream/esData,来源指标：制造业采购经理指数 (%)；原始值 53.9；目录 93ffbb1aa85740d3aa2618371508b606
pmi_manufacturing,CHN,2011-01,52.9,指数点,M,,https://data.stats.gov.cn/dg/website/publicrelease/web/external/stream/esData,来源指标：制造业采购经理指数 (%)；原始值 52.9；目录 93ffbb1aa85740d3aa2618371508b606
pmi_manufacturing,CHN,2011-02,52.2,指数点,M,,https://data.stats.gov.cn/dg/website/publicrelease/web/external/stream/esData,来源指标：制造业采购经理指数 (%)；原始值 52.2；目录 93ffbb1aa85740d3aa2618371508b606
pmi_manufacturing,CHN,2011-03,53.4,指数点,M,,https://data.stats.gov.cn/dg/website/publicrelease/web/external/stream/esData,来源指标：制造业采购经理指数 (%)；原始值 53.4；目录 93ffbb1aa85740d3aa2618371508b606
pmi_manufacturing,CHN,2011-04,52.9,指数点,M,,https://data.stats.gov.cn/dg/website/publicrelease/web/external/stream/esData,来源指标：制造业采购经理指数 (%)；原始值 52.9；目录 93ffbb1aa85740d3aa2618371508b606
pmi_manufacturing,CHN,2011-05,52.0,指数点,M,,https://data.stats.gov.cn/dg/website/publicrelease/web/external/stream/esData,来源指标：制造业采购经理指数 (%)；原始值 52.0；目录 93ffbb1aa85740d3aa2618371508b606
pmi_manufacturing,CHN,2011-06,50.9,指数点,M,,https://data.stats.gov.cn/dg/website/publicrelease/web/external/stream/esData,来源指标：制造业采购经理指数 (%)；原始值 50.9；目录 93ffbb1aa85740d3aa2618371508b606
pmi_manufacturing,CHN,2011-07,50.7,指数点,M,,https://data.stats.gov.cn/dg/website/publicrelease/web/external/stream/esData,来源指标：制造业采购经理指数 (%)；原始值 50.7；目录 93ffbb1aa85740d3aa2618371508b606
pmi_manufacturing,CHN,2011-08,50.9,指数点,M,,https://data.stats.gov.cn/dg/website/publicrelease/web/external/stream/esData,来源指标：制造业采购经理指数 (%)；原始值 50.9；目录 93ffbb1aa85740d3aa2618371508b606
pmi_manufacturing,CHN,2011-09,51.2,指数点,M,,https://data.stats.gov.cn/dg/website/publicrelease/web/external/stream/esData,来源指标：制造业采购经理指数 (%)；原始值 51.2；目录 93ffbb1aa85740d3aa2618371508b606
pmi_manufacturing,CHN,2011-10,50.4,指数点,M,,https://data.stats.gov.cn/dg/website/publicrelease/web/external/stream/esData,来源指标：制造业采购经理指数 (%)；原始值 50.4；目录 93ffbb1aa85740d3aa2618371508b606
pmi_manufacturing,CHN,2011-11,49.0,指数点,M,,https://data.stats.gov.cn/dg/website/publicrelease/web/external/stream/esData,来源指标：制造业采购经理指数 (%)；原始值 49.0；目录 93ffbb1aa85740d3aa2618371508b606
pmi_manufacturing,CHN,2011-12,50.3,指数点,M,,https://data.stats.gov.cn/dg/website/publicrelease/web/external/stream/esData,来源指标：制造业采购经理指数 (%)；原始值 50.3；目录 93ffbb1aa85740d3aa2618371508b606
pmi_manufacturing,CHN,2012-01,50.5,指数点,M,,https://data.stats.gov.cn/dg/website/publicrelease/web/external/stream/esData,来源指标：制造业采购经理指数 (%)；原始值 50.5；目录 93ffbb1aa85740d3aa2618371508b606
pmi_manufacturing,CHN,2012-02,51.0,指数点,M,,https://data.stats.gov.cn/dg/website/publicrelease/web/external/stream/esData,来源指标：制造业采购经理指数 (%)；原始值 51.0；目录 93ffbb1aa85740d3aa2618371508b606
pmi_manufacturing,CHN,2012-03,53.1,指数点,M,,https://data.stats.gov.cn/dg/website/publicrelease/web/external/stream/esData,来源指标：制造业采购经理指数 (%)；原始值 53.1；目录 93ffbb1aa85740d3aa2618371508b606
pmi_manufacturing,CHN,2012-04,53.3,指数点,M,,https://data.stats.gov.cn/dg/website/publicrelease/web/external/stream/esData,来源指标：制造业采购经理指数 (%)；原始值 53.3；目录 93ffbb1aa85740d3aa2618371508b606
pmi_manufacturing,CHN,2012-05,50.4,指数点,M,,https://data.stats.gov.cn/dg/website/publicrelease/web/external/stream/esData,来源指标：制造业采购经理指数 (%)；原始值 50.4；目录 93ffbb1aa85740d3aa2618371508b606
pmi_manufacturing,CHN,2012-06,50.2,指数点,M,,https://data.stats.gov.cn/dg/website/publicrelease/web/external/stream/esData,来源指标：制造业采购经理指数 (%)；原始值 50.2；目录 93ffbb1aa85740d3aa2618371508b606
pmi_manufacturing,CHN,2012-07,50.1,指数点,M,,https://data.stats.gov.cn/dg/website/publicrelease/web/external/stream/esData,来源指标：制造业采购经理指数 (%)；原始值 50.1；目录 93ffbb1aa85740d3aa2618371508b606
pmi_manufacturing,CHN,2012-08,49.2,指数点,M,,https://data.stats.gov.cn/dg/website/publicrelease/web/external/stream/esData,来源指标：制造业采购经理指数 (%)；原始值 49.2；目录 93ffbb1aa85740d3aa2618371508b606
pmi_manufacturing,CHN,2012-09,49.8,指数点,M,,https://data.stats.gov.cn/dg/website/publicrelease/web/external/stream/esData,来源指标：制造业采购经理指数 (%)；原始值 49.8；目录 93ffbb1aa85740d3aa2618371508b606
pmi_manufacturing,CHN,2012-10,50.2,指数点,M,,https://data.stats.gov.cn/dg/website/publicrelease/web/external/stream/esData,来源指标：制造业采购经理指数 (%)；原始值 50.2；目录 93ffbb1aa85740d3aa2618371508b606
pmi_manufacturing,CHN,2012-11,50.6,指数点,M,,https://data.stats.gov.cn/dg/website/publicrelease/web/external/stream/esData,来源指标：制造业采购经理指数 (%)；原始值 50.6；目录 93ffbb1aa85740d3aa2618371508b606
pmi_manufacturing,CHN,2012-12,50.6,指数点,M,,https://data.stats.gov.cn/dg/website/publicrelease/web/external/stream/esData,来源指标：制造业采购经理指数 (%)；原始值 50.6；目录 93ffbb1aa85740d3aa2618371508b606
pmi_manufacturing,CHN,2013-01,50.4,指数点,M,,https://data.stats.gov.cn/dg/website/publicrelease/web/external/stream/esData,来源指标：制造业采购经理指数 (%)；原始值 50.4；目录 93ffbb1aa85740d3aa2618371508b606
pmi_manufacturing,CHN,2013-02,50.1,指数点,M,,https://data.stats.gov.cn/dg/website/publicrelease/web/external/stream/esData,来源指标：制造业采购经理指数 (%)；原始值 50.1；目录 93ffbb1aa85740d3aa2618371508b606
pmi_manufacturing,CHN,2013-03,50.9,指数点,M,,https://data.stats.gov.cn/dg/website/publicrelease/web/external/stream/esData,来源指标：制造业采购经理指数 (%)；原始值 50.9；目录 93ffbb1aa85740d3aa2618371508b606
pmi_manufacturing,CHN,2013-04,50.6,指数点,M,,https://data.stats.gov.cn/dg/website/publicrelease/web/external/stream/esData,来源指标：制造业采购经理指数 (%)；原始值 50.6；目录 93ffbb1aa85740d3aa2618371508b606
pmi_manufacturing,CHN,2013-05,50.8,指数点,M,,https://data.stats.gov.cn/dg/website/publicrelease/web/external/stream/esData,来源指标：制造业采购经理指数 (%)；原始值 50.8；目录 93ffbb1aa85740d3aa2618371508b606
pmi_manufacturing,CHN,2013-06,50.1,指数点,M,,https://data.stats.gov.cn/dg/website/publicrelease/web/external/stream/esData,来源指标：制造业采购经理指数 (%)；原始值 50.1；目录 93ffbb1aa85740d3aa2618371508b606
pmi_manufacturing,CHN,2013-07,50.3,指数点,M,,https://data.stats.gov.cn/dg/website/publicrelease/web/external/stream/esData,来源指标：制造业采购经理指数 (%)；原始值 50.3；目录 93ffbb1aa85740d3aa2618371508b606
pmi_manufacturing,CHN,2013-08,51.0,指数点,M,,https://data.stats.gov.cn/dg/website/publicrelease/web/external/stream/esData,来源指标：制造业采购经理指数 (%)；原始值 51.0；目录 93ffbb1aa85740d3aa2618371508b606
pmi_manufacturing,CHN,2013-09,51.1,指数点,M,,https://data.stats.gov.cn/dg/website/publicrelease/web/external/stream/esData,来源指标：制造业采购经理指数 (%)；原始值 51.1；目录 93ffbb1aa85740d3aa2618371508b606
pmi_manufacturing,CHN,2013-10,51.4,指数点,M,,https://data.stats.gov.cn/dg/website/publicrelease/web/external/stream/esData,来源指标：制造业采购经理指数 (%)；原始值 51.4；目录 93ffbb1aa85740d3aa2618371508b606
pmi_manufacturing,CHN,2013-11,51.4,指数点,M,,https://data.stats.gov.cn/dg/website/publicrelease/web/external/stream/esData,来源指标：制造业采购经理指数 (%)；原始值 51.4；目录 93ffbb1aa85740d3aa2618371508b606
pmi_manufacturing,CHN,2013-12,51.0,指数点,M,,https://data.stats.gov.cn/dg/website/publicrelease/web/external/stream/esData,来源指标：制造业采购经理指数 (%)；原始值 51.0；目录 93ffbb1aa85740d3aa2618371508b606
pmi_manufacturing,CHN,2014-01,50.5,指数点,M,,https://data.stats.gov.cn/dg/website/publicrelease/web/external/stream/esData,来源指标：制造业采购经理指数 (%)；原始值 50.5；目录 93ffbb1aa85740d3aa2618371508b606
pmi_manufacturing,CHN,2014-02,50.2,指数点,M,,https://data.stats.gov.cn/dg/website/publicrelease/web/external/stream/esData,来源指标：制造业采购经理指数 (%)；原始值 50.2；目录 93ffbb1aa85740d3aa2618371508b606
pmi_manufacturing,CHN,2014-03,50.3,指数点,M,,https://data.stats.gov.cn/dg/website/publicrelease/web/external/stream/esData,来源指标：制造业采购经理指数 (%)；原始值 50.3；目录 93ffbb1aa85740d3aa2618371508b606
pmi_manufacturing,CHN,2014-04,50.4,指数点,M,,https://data.stats.gov.cn/dg/website/publicrelease/web/external/stream/esData,来源指标：制造业采购经理指数 (%)；原始值 50.4；目录 93ffbb1aa85740d3aa2618371508b606
pmi_manufacturing,CHN,2014-05,50.8,指数点,M,,https://data.stats.gov.cn/dg/website/publicrelease/web/external/stream/esData,来源指标：制造业采购经理指数 (%)；原始值 50.8；目录 93ffbb1aa85740d3aa2618371508b606
pmi_manufacturing,CHN,2014-06,51.0,指数点,M,,https://data.stats.gov.cn/dg/website/publicrelease/web/external/stream/esData,来源指标：制造业采购经理指数 (%)；原始值 51.0；目录 93ffbb1aa85740d3aa2618371508b606
pmi_manufacturing,CHN,2014-07,51.7,指数点,M,,https://data.stats.gov.cn/dg/website/publicrelease/web/external/stream/esData,来源指标：制造业采购经理指数 (%)；原始值 51.7；目录 93ffbb1aa85740d3aa2618371508b606
pmi_manufacturing,CHN,2014-08,51.1,指数点,M,,https://data.stats.gov.cn/dg/website/publicrelease/web/external/stream/esData,来源指标：制造业采购经理指数 (%)；原始值 51.1；目录 93ffbb1aa85740d3aa2618371508b606
pmi_manufacturing,CHN,2014-09,51.1,指数点,M,,https://data.stats.gov.cn/dg/website/publicrelease/web/external/stream/esData,来源指标：制造业采购经理指数 (%)；原始值 51.1；目录 93ffbb1aa85740d3aa2618371508b606
pmi_manufacturing,CHN,2014-10,50.8,指数点,M,,https://data.stats.gov.cn/dg/website/publicrelease/web/external/stream/esData,来源指标：制造业采购经理指数 (%)；原始值 50.8；目录 93ffbb1aa85740d3aa2618371508b606
pmi_manufacturing,CHN,2014-11,50.3,指数点,M,,https://data.stats.gov.cn/dg/website/publicrelease/web/external/stream/esData,来源指标：制造业采购经理指数 (%)；原始值 50.3；目录 93ffbb1aa85740d3aa2618371508b606
pmi_manufacturing,CHN,2014-12,50.1,指数点,M,,https://data.stats.gov.cn/dg/website/publicrelease/web/external/stream/esData,来源指标：制造业采购经理指数 (%)；原始值 50.1；目录 93ffbb1aa85740d3aa2618371508b606
pmi_manufacturing,CHN,2015-01,49.8,指数点,M,,https://data.stats.gov.cn/dg/website/publicrelease/web/external/stream/esData,来源指标：制造业采购经理指数 (%)；原始值 49.8；目录 93ffbb1aa85740d3aa2618371508b606
pmi_manufacturing,CHN,2015-02,49.9,指数点,M,,https://data.stats.gov.cn/dg/website/publicrelease/web/external/stream/esData,来源指标：制造业采购经理指数 (%)；原始值 49.9；目录 93ffbb1aa85740d3aa2618371508b606
pmi_manufacturing,CHN,2015-03,50.1,指数点,M,,https://data.stats.gov.cn/dg/website/publicrelease/web/external/stream/esData,来源指标：制造业采购经理指数 (%)；原始值 50.1；目录 93ffbb1aa85740d3aa2618371508b606
pmi_manufacturing,CHN,2015-04,50.1,指数点,M,,https://data.stats.gov.cn/dg/website/publicrelease/web/external/stream/esData,来源指标：制造业采购经理指数 (%)；原始值 50.1；目录 93ffbb1aa85740d3aa2618371508b606
pmi_manufacturing,CHN,2015-05,50.2,指数点,M,,https://data.stats.gov.cn/dg/website/publicrelease/web/external/stream/esData,来源指标：制造业采购经理指数 (%)；原始值 50.2；目录 93ffbb1aa85740d3aa2618371508b606
pmi_manufacturing,CHN,2015-06,50.2,指数点,M,,https://data.stats.gov.cn/dg/website/publicrelease/web/external/stream/esData,来源指标：制造业采购经理指数 (%)；原始值 50.2；目录 93ffbb1aa85740d3aa2618371508b606
pmi_manufacturing,CHN,2015-07,50.0,指数点,M,,https://data.stats.gov.cn/dg/website/publicrelease/web/external/stream/esData,来源指标：制造业采购经理指数 (%)；原始值 50.0；目录 93ffbb1aa85740d3aa2618371508b606
pmi_manufacturing,CHN,2015-08,49.7,指数点,M,,https://data.stats.gov.cn/dg/website/publicrelease/web/external/stream/esData,来源指标：制造业采购经理指数 (%)；原始值 49.7；目录 93ffbb1aa85740d3aa2618371508b606
pmi_manufacturing,CHN,2015-09,49.8,指数点,M,,https://data.stats.gov.cn/dg/website/publicrelease/web/external/stream/esData,来源指标：制造业采购经理指数 (%)；原始值 49.8；目录 93ffbb1aa85740d3aa2618371508b606
pmi_manufacturing,CHN,2015-10,49.8,指数点,M,,https://data.stats.gov.cn/dg/website/publicrelease/web/external/stream/esData,来源指标：制造业采购经理指数 (%)；原始值 49.8；目录 93ffbb1aa85740d3aa2618371508b606
pmi_manufacturing,CHN,2015-11,49.6,指数点,M,,https://data.stats.gov.cn/dg/website/publicrelease/web/external/stream/esData,来源指标：制造业采购经理指数 (%)；原始值 49.6；目录 93ffbb1aa85740d3aa2618371508b606
pmi_manufacturing,CHN,2015-12,49.7,指数点,M,,https://data.stats.gov.cn/dg/website/publicrelease/web/external/stream/esData,来源指标：制造业采购经理指数 (%)；原始值 49.7；目录 93ffbb1aa85740d3aa2618371508b606
pmi_manufacturing,CHN,2016-01,49.4,指数点,M,,https://data.stats.gov.cn/dg/website/publicrelease/web/external/stream/esData,来源指标：制造业采购经理指数 (%)；原始值 49.4；目录 93ffbb1aa85740d3aa2618371508b606
pmi_manufacturing,CHN,2016-02,49.0,指数点,M,,https://data.stats.gov.cn/dg/website/publicrelease/web/external/stream/esData,来源指标：制造业采购经理指数 (%)；原始值 49.0；目录 93ffbb1aa85740d3aa2618371508b606
pmi_manufacturing,CHN,2016-03,50.2,指数点,M,,https://data.stats.gov.cn/dg/website/publicrelease/web/external/stream/esData,来源指标：制造业采购经理指数 (%)；原始值 50.2；目录 93ffbb1aa85740d3aa2618371508b606
pmi_manufacturing,CHN,2016-04,50.1,指数点,M,,https://data.stats.gov.cn/dg/website/publicrelease/web/external/stream/esData,来源指标：制造业采购经理指数 (%)；原始值 50.1；目录 93ffbb1aa85740d3aa2618371508b606
pmi_manufacturing,CHN,2016-05,50.1,指数点,M,,https://data.stats.gov.cn/dg/website/publicrelease/web/external/stream/esData,来源指标：制造业采购经理指数 (%)；原始值 50.1；目录 93ffbb1aa85740d3aa2618371508b606
pmi_manufacturing,CHN,2016-06,50.0,指数点,M,,https://data.stats.gov.cn/dg/website/publicrelease/web/external/stream/esData,来源指标：制造业采购经理指数 (%)；原始值 50.0；目录 93ffbb1aa85740d3aa2618371508b606
pmi_manufacturing,CHN,2016-07,49.9,指数点,M,,https://data.stats.gov.cn/dg/website/publicrelease/web/external/stream/esData,来源指标：制造业采购经理指数 (%)；原始值 49.9；目录 93ffbb1aa85740d3aa2618371508b606
pmi_manufacturing,CHN,2016-08,50.4,指数点,M,,https://data.stats.gov.cn/dg/website/publicrelease/web/external/stream/esData,来源指标：制造业采购经理指数 (%)；原始值 50.4；目录 93ffbb1aa85740d3aa2618371508b606
pmi_manufacturing,CHN,2016-09,50.4,指数点,M,,https://data.stats.gov.cn/dg/website/publicrelease/web/external/stream/esData,来源指标：制造业采购经理指数 (%)；原始值 50.4；目录 93ffbb1aa85740d3aa2618371508b606
pmi_manufacturing,CHN,2016-10,51.2,指数点,M,,https://data.stats.gov.cn/dg/website/publicrelease/web/external/stream/esData,来源指标：制造业采购经理指数 (%)；原始值 51.2；目录 93ffbb1aa85740d3aa2618371508b606
pmi_manufacturing,CHN,2016-11,51.7,指数点,M,,https://data.stats.gov.cn/dg/website/publicrelease/web/external/stream/esData,来源指标：制造业采购经理指数 (%)；原始值 51.7；目录 93ffbb1aa85740d3aa2618371508b606
pmi_manufacturing,CHN,2016-12,51.4,指数点,M,,https://data.stats.gov.cn/dg/website/publicrelease/web/external/stream/esData,来源指标：制造业采购经理指数 (%)；原始值 51.4；目录 93ffbb1aa85740d3aa2618371508b606
pmi_manufacturing,CHN,2017-01,51.3,指数点,M,,https://data.stats.gov.cn/dg/website/publicrelease/web/external/stream/esData,来源指标：制造业采购经理指数 (%)；原始值 51.3；目录 93ffbb1aa85740d3aa2618371508b606
pmi_manufacturing,CHN,2017-02,51.6,指数点,M,,https://data.stats.gov.cn/dg/website/publicrelease/web/external/stream/esData,来源指标：制造业采购经理指数 (%)；原始值 51.6；目录 93ffbb1aa85740d3aa2618371508b606
pmi_manufacturing,CHN,2017-03,51.8,指数点,M,,https://data.stats.gov.cn/dg/website/publicrelease/web/external/stream/esData,来源指标：制造业采购经理指数 (%)；原始值 51.8；目录 93ffbb1aa85740d3aa2618371508b606
pmi_manufacturing,CHN,2017-04,51.2,指数点,M,,https://data.stats.gov.cn/dg/website/publicrelease/web/external/stream/esData,来源指标：制造业采购经理指数 (%)；原始值 51.2；目录 93ffbb1aa85740d3aa2618371508b606
pmi_manufacturing,CHN,2017-05,51.2,指数点,M,,https://data.stats.gov.cn/dg/website/publicrelease/web/external/stream/esData,来源指标：制造业采购经理指数 (%)；原始值 51.2；目录 93ffbb1aa85740d3aa2618371508b606
pmi_manufacturing,CHN,2017-06,51.7,指数点,M,,https://data.stats.gov.cn/dg/website/publicrelease/web/external/stream/esData,来源指标：制造业采购经理指数 (%)；原始值 51.7；目录 93ffbb1aa85740d3aa2618371508b606
pmi_manufacturing,CHN,2017-07,51.4,指数点,M,,https://data.stats.gov.cn/dg/website/publicrelease/web/external/stream/esData,来源指标：制造业采购经理指数 (%)；原始值 51.4；目录 93ffbb1aa85740d3aa2618371508b606
pmi_manufacturing,CHN,2017-08,51.7,指数点,M,,https://data.stats.gov.cn/dg/website/publicrelease/web/external/stream/esData,来源指标：制造业采购经理指数 (%)；原始值 51.7；目录 93ffbb1aa85740d3aa2618371508b606
pmi_manufacturing,CHN,2017-09,52.4,指数点,M,,https://data.stats.gov.cn/dg/website/publicrelease/web/external/stream/esData,来源指标：制造业采购经理指数 (%)；原始值 52.4；目录 93ffbb1aa85740d3aa2618371508b606
pmi_manufacturing,CHN,2017-10,51.6,指数点,M,,https://data.stats.gov.cn/dg/website/publicrelease/web/external/stream/esData,来源指标：制造业采购经理指数 (%)；原始值 51.6；目录 93ffbb1aa85740d3aa2618371508b606
pmi_manufacturing,CHN,2017-11,51.8,指数点,M,,https://data.stats.gov.cn/dg/website/publicrelease/web/external/stream/esData,来源指标：制造业采购经理指数 (%)；原始值 51.8；目录 93ffbb1aa85740d3aa2618371508b606
pmi_manufacturing,CHN,2017-12,51.6,指数点,M,,https://data.stats.gov.cn/dg/website/publicrelease/web/external/stream/esData,来源指标：制造业采购经理指数 (%)；原始值 51.6；目录 93ffbb1aa85740d3aa2618371508b606
pmi_manufacturing,CHN,2018-01,51.3,指数点,M,,https://data.stats.gov.cn/dg/website/publicrelease/web/external/stream/esData,来源指标：制造业采购经理指数 (%)；原始值 51.3；目录 93ffbb1aa85740d3aa2618371508b606
pmi_manufacturing,CHN,2018-02,50.3,指数点,M,,https://data.stats.gov.cn/dg/website/publicrelease/web/external/stream/esData,来源指标：制造业采购经理指数 (%)；原始值 50.3；目录 93ffbb1aa85740d3aa2618371508b606
pmi_manufacturing,CHN,2018-03,51.5,指数点,M,,https://data.stats.gov.cn/dg/website/publicrelease/web/external/stream/esData,来源指标：制造业采购经理指数 (%)；原始值 51.5；目录 93ffbb1aa85740d3aa2618371508b606
pmi_manufacturing,CHN,2018-04,51.4,指数点,M,,https://data.stats.gov.cn/dg/website/publicrelease/web/external/stream/esData,来源指标：制造业采购经理指数 (%)；原始值 51.4；目录 93ffbb1aa85740d3aa2618371508b606
pmi_manufacturing,CHN,2018-05,51.9,指数点,M,,https://data.stats.gov.cn/dg/website/publicrelease/web/external/stream/esData,来源指标：制造业采购经理指数 (%)；原始值 51.9；目录 93ffbb1aa85740d3aa2618371508b606
pmi_manufacturing,CHN,2018-06,51.5,指数点,M,,https://data.stats.gov.cn/dg/website/publicrelease/web/external/stream/esData,来源指标：制造业采购经理指数 (%)；原始值 51.5；目录 93ffbb1aa85740d3aa2618371508b606
pmi_manufacturing,CHN,2018-07,51.2,指数点,M,,https://data.stats.gov.cn/dg/website/publicrelease/web/external/stream/esData,来源指标：制造业采购经理指数 (%)；原始值 51.2；目录 93ffbb1aa85740d3aa2618371508b606
pmi_manufacturing,CHN,2018-08,51.3,指数点,M,,https://data.stats.gov.cn/dg/website/publicrelease/web/external/stream/esData,来源指标：制造业采购经理指数 (%)；原始值 51.3；目录 93ffbb1aa85740d3aa2618371508b606
pmi_manufacturing,CHN,2018-09,50.8,指数点,M,,https://data.stats.gov.cn/dg/website/publicrelease/web/external/stream/esData,来源指标：制造业采购经理指数 (%)；原始值 50.8；目录 93ffbb1aa85740d3aa2618371508b606
pmi_manufacturing,CHN,2018-10,50.2,指数点,M,,https://data.stats.gov.cn/dg/website/publicrelease/web/external/stream/esData,来源指标：制造业采购经理指数 (%)；原始值 50.2；目录 93ffbb1aa85740d3aa2618371508b606
pmi_manufacturing,CHN,2018-11,50.0,指数点,M,,https://data.stats.gov.cn/dg/website/publicrelease/web/external/stream/esData,来源指标：制造业采购经理指数 (%)；原始值 50.0；目录 93ffbb1aa85740d3aa2618371508b606
pmi_manufacturing,CHN,2018-12,49.4,指数点,M,,https://data.stats.gov.cn/dg/website/publicrelease/web/external/stream/esData,来源指标：制造业采购经理指数 (%)；原始值 49.4；目录 93ffbb1aa85740d3aa2618371508b606
pmi_manufacturing,CHN,2019-01,49.5,指数点,M,,https://data.stats.gov.cn/dg/website/publicrelease/web/external/stream/esData,来源指标：制造业采购经理指数 (%)；原始值 49.5；目录 93ffbb1aa85740d3aa2618371508b606
pmi_manufacturing,CHN,2019-02,49.2,指数点,M,,https://data.stats.gov.cn/dg/website/publicrelease/web/external/stream/esData,来源指标：制造业采购经理指数 (%)；原始值 49.2；目录 93ffbb1aa85740d3aa2618371508b606
pmi_manufacturing,CHN,2019-03,50.5,指数点,M,,https://data.stats.gov.cn/dg/website/publicrelease/web/external/stream/esData,来源指标：制造业采购经理指数 (%)；原始值 50.5；目录 93ffbb1aa85740d3aa2618371508b606
pmi_manufacturing,CHN,2019-04,50.1,指数点,M,,https://data.stats.gov.cn/dg/website/publicrelease/web/external/stream/esData,来源指标：制造业采购经理指数 (%)；原始值 50.1；目录 93ffbb1aa85740d3aa2618371508b606
pmi_manufacturing,CHN,2019-05,49.4,指数点,M,,https://data.stats.gov.cn/dg/website/publicrelease/web/external/stream/esData,来源指标：制造业采购经理指数 (%)；原始值 49.4；目录 93ffbb1aa85740d3aa2618371508b606
pmi_manufacturing,CHN,2019-06,49.4,指数点,M,,https://data.stats.gov.cn/dg/website/publicrelease/web/external/stream/esData,来源指标：制造业采购经理指数 (%)；原始值 49.4；目录 93ffbb1aa85740d3aa2618371508b606
pmi_manufacturing,CHN,2019-07,49.7,指数点,M,,https://data.stats.gov.cn/dg/website/publicrelease/web/external/stream/esData,来源指标：制造业采购经理指数 (%)；原始值 49.7；目录 93ffbb1aa85740d3aa2618371508b606
pmi_manufacturing,CHN,2019-08,49.5,指数点,M,,https://data.stats.gov.cn/dg/website/publicrelease/web/external/stream/esData,来源指标：制造业采购经理指数 (%)；原始值 49.5；目录 93ffbb1aa85740d3aa2618371508b606
pmi_manufacturing,CHN,2019-09,49.8,指数点,M,,https://data.stats.gov.cn/dg/website/publicrelease/web/external/stream/esData,来源指标：制造业采购经理指数 (%)；原始值 49.8；目录 93ffbb1aa85740d3aa2618371508b606
pmi_manufacturing,CHN,2019-10,49.3,指数点,M,,https://data.stats.gov.cn/dg/website/publicrelease/web/external/stream/esData,来源指标：制造业采购经理指数 (%)；原始值 49.3；目录 93ffbb1aa85740d3aa2618371508b606
pmi_manufacturing,CHN,2019-11,50.2,指数点,M,,https://data.stats.gov.cn/dg/website/publicrelease/web/external/stream/esData,来源指标：制造业采购经理指数 (%)；原始值 50.2；目录 93ffbb1aa85740d3aa2618371508b606
pmi_manufacturing,CHN,2019-12,50.2,指数点,M,,https://data.stats.gov.cn/dg/website/publicrelease/web/external/stream/esData,来源指标：制造业采购经理指数 (%)；原始值 50.2；目录 93ffbb1aa85740d3aa2618371508b606
pmi_manufacturing,CHN,2020-01,50.0,指数点,M,,https://data.stats.gov.cn/dg/website/publicrelease/web/external/stream/esData,来源指标：制造业采购经理指数 (%)；原始值 50.0；目录 93ffbb1aa85740d3aa2618371508b606
pmi_manufacturing,CHN,2020-02,35.7,指数点,M,,https://data.stats.gov.cn/dg/website/publicrelease/web/external/stream/esData,来源指标：制造业采购经理指数 (%)；原始值 35.7；目录 93ffbb1aa85740d3aa2618371508b606
pmi_manufacturing,CHN,2020-03,52.0,指数点,M,,https://data.stats.gov.cn/dg/website/publicrelease/web/external/stream/esData,来源指标：制造业采购经理指数 (%)；原始值 52.0；目录 93ffbb1aa85740d3aa2618371508b606
pmi_manufacturing,CHN,2020-04,50.8,指数点,M,,https://data.stats.gov.cn/dg/website/publicrelease/web/external/stream/esData,来源指标：制造业采购经理指数 (%)；原始值 50.8；目录 93ffbb1aa85740d3aa2618371508b606
pmi_manufacturing,CHN,2020-05,50.6,指数点,M,,https://data.stats.gov.cn/dg/website/publicrelease/web/external/stream/esData,来源指标：制造业采购经理指数 (%)；原始值 50.6；目录 93ffbb1aa85740d3aa2618371508b606
pmi_manufacturing,CHN,2020-06,50.9,指数点,M,,https://data.stats.gov.cn/dg/website/publicrelease/web/external/stream/esData,来源指标：制造业采购经理指数 (%)；原始值 50.9；目录 93ffbb1aa85740d3aa2618371508b606
pmi_manufacturing,CHN,2020-07,51.1,指数点,M,,https://data.stats.gov.cn/dg/website/publicrelease/web/external/stream/esData,来源指标：制造业采购经理指数 (%)；原始值 51.1；目录 93ffbb1aa85740d3aa2618371508b606
pmi_manufacturing,CHN,2020-08,51.0,指数点,M,,https://data.stats.gov.cn/dg/website/publicrelease/web/external/stream/esData,来源指标：制造业采购经理指数 (%)；原始值 51.0；目录 93ffbb1aa85740d3aa2618371508b606
pmi_manufacturing,CHN,2020-09,51.5,指数点,M,,https://data.stats.gov.cn/dg/website/publicrelease/web/external/stream/esData,来源指标：制造业采购经理指数 (%)；原始值 51.5；目录 93ffbb1aa85740d3aa2618371508b606
pmi_manufacturing,CHN,2020-10,51.4,指数点,M,,https://data.stats.gov.cn/dg/website/publicrelease/web/external/stream/esData,来源指标：制造业采购经理指数 (%)；原始值 51.4；目录 93ffbb1aa85740d3aa2618371508b606
pmi_manufacturing,CHN,2020-11,52.1,指数点,M,,https://data.stats.gov.cn/dg/website/publicrelease/web/external/stream/esData,来源指标：制造业采购经理指数 (%)；原始值 52.1；目录 93ffbb1aa85740d3aa2618371508b606
pmi_manufacturing,CHN,2020-12,51.9,指数点,M,,https://data.stats.gov.cn/dg/website/publicrelease/web/external/stream/esData,来源指标：制造业采购经理指数 (%)；原始值 51.9；目录 93ffbb1aa85740d3aa2618371508b606
pmi_manufacturing,CHN,2021-01,51.3,指数点,M,,https://data.stats.gov.cn/dg/website/publicrelease/web/external/stream/esData,来源指标：制造业采购经理指数 (%)；原始值 51.3；目录 93ffbb1aa85740d3aa2618371508b606
pmi_manufacturing,CHN,2021-02,50.6,指数点,M,,https://data.stats.gov.cn/dg/website/publicrelease/web/external/stream/esData,来源指标：制造业采购经理指数 (%)；原始值 50.6；目录 93ffbb1aa85740d3aa2618371508b606
pmi_manufacturing,CHN,2021-03,51.9,指数点,M,,https://data.stats.gov.cn/dg/website/publicrelease/web/external/stream/esData,来源指标：制造业采购经理指数 (%)；原始值 51.9；目录 93ffbb1aa85740d3aa2618371508b606
pmi_manufacturing,CHN,2021-04,51.1,指数点,M,,https://data.stats.gov.cn/dg/website/publicrelease/web/external/stream/esData,来源指标：制造业采购经理指数 (%)；原始值 51.1；目录 93ffbb1aa85740d3aa2618371508b606
pmi_manufacturing,CHN,2021-05,51.0,指数点,M,,https://data.stats.gov.cn/dg/website/publicrelease/web/external/stream/esData,来源指标：制造业采购经理指数 (%)；原始值 51.0；目录 93ffbb1aa85740d3aa2618371508b606
pmi_manufacturing,CHN,2021-06,50.9,指数点,M,,https://data.stats.gov.cn/dg/website/publicrelease/web/external/stream/esData,来源指标：制造业采购经理指数 (%)；原始值 50.9；目录 93ffbb1aa85740d3aa2618371508b606
pmi_manufacturing,CHN,2021-07,50.4,指数点,M,,https://data.stats.gov.cn/dg/website/publicrelease/web/external/stream/esData,来源指标：制造业采购经理指数 (%)；原始值 50.4；目录 93ffbb1aa85740d3aa2618371508b606
pmi_manufacturing,CHN,2021-08,50.1,指数点,M,,https://data.stats.gov.cn/dg/website/publicrelease/web/external/stream/esData,来源指标：制造业采购经理指数 (%)；原始值 50.1；目录 93ffbb1aa85740d3aa2618371508b606
pmi_manufacturing,CHN,2021-09,49.6,指数点,M,,https://data.stats.gov.cn/dg/website/publicrelease/web/external/stream/esData,来源指标：制造业采购经理指数 (%)；原始值 49.6；目录 93ffbb1aa85740d3aa2618371508b606
pmi_manufacturing,CHN,2021-10,49.2,指数点,M,,https://data.stats.gov.cn/dg/website/publicrelease/web/external/stream/esData,来源指标：制造业采购经理指数 (%)；原始值 49.2；目录 93ffbb1aa85740d3aa2618371508b606
pmi_manufacturing,CHN,2021-11,50.1,指数点,M,,https://data.stats.gov.cn/dg/website/publicrelease/web/external/stream/esData,来源指标：制造业采购经理指数 (%)；原始值 50.1；目录 93ffbb1aa85740d3aa2618371508b606
pmi_manufacturing,CHN,2021-12,50.3,指数点,M,,https://data.stats.gov.cn/dg/website/publicrelease/web/external/stream/esData,来源指标：制造业采购经理指数 (%)；原始值 50.3；目录 93ffbb1aa85740d3aa2618371508b606
pmi_manufacturing,CHN,2022-01,50.1,指数点,M,,https://data.stats.gov.cn/dg/website/publicrelease/web/external/stream/esData,来源指标：制造业采购经理指数 (%)；原始值 50.1；目录 93ffbb1aa85740d3aa2618371508b606
pmi_manufacturing,CHN,2022-02,50.2,指数点,M,,https://data.stats.gov.cn/dg/website/publicrelease/web/external/stream/esData,来源指标：制造业采购经理指数 (%)；原始值 50.2；目录 93ffbb1aa85740d3aa2618371508b606
pmi_manufacturing,CHN,2022-03,49.5,指数点,M,,https://data.stats.gov.cn/dg/website/publicrelease/web/external/stream/esData,来源指标：制造业采购经理指数 (%)；原始值 49.5；目录 93ffbb1aa85740d3aa2618371508b606
pmi_manufacturing,CHN,2022-04,47.4,指数点,M,,https://data.stats.gov.cn/dg/website/publicrelease/web/external/stream/esData,来源指标：制造业采购经理指数 (%)；原始值 47.4；目录 93ffbb1aa85740d3aa2618371508b606
pmi_manufacturing,CHN,2022-05,49.6,指数点,M,,https://data.stats.gov.cn/dg/website/publicrelease/web/external/stream/esData,来源指标：制造业采购经理指数 (%)；原始值 49.6；目录 93ffbb1aa85740d3aa2618371508b606
pmi_manufacturing,CHN,2022-06,50.2,指数点,M,,https://data.stats.gov.cn/dg/website/publicrelease/web/external/stream/esData,来源指标：制造业采购经理指数 (%)；原始值 50.2；目录 93ffbb1aa85740d3aa2618371508b606
pmi_manufacturing,CHN,2022-07,49.0,指数点,M,,https://data.stats.gov.cn/dg/website/publicrelease/web/external/stream/esData,来源指标：制造业采购经理指数 (%)；原始值 49.0；目录 93ffbb1aa85740d3aa2618371508b606
pmi_manufacturing,CHN,2022-08,49.4,指数点,M,,https://data.stats.gov.cn/dg/website/publicrelease/web/external/stream/esData,来源指标：制造业采购经理指数 (%)；原始值 49.4；目录 93ffbb1aa85740d3aa2618371508b606
pmi_manufacturing,CHN,2022-09,50.1,指数点,M,,https://data.stats.gov.cn/dg/website/publicrelease/web/external/stream/esData,来源指标：制造业采购经理指数 (%)；原始值 50.1；目录 93ffbb1aa85740d3aa2618371508b606
pmi_manufacturing,CHN,2022-10,49.2,指数点,M,,https://data.stats.gov.cn/dg/website/publicrelease/web/external/stream/esData,来源指标：制造业采购经理指数 (%)；原始值 49.2；目录 93ffbb1aa85740d3aa2618371508b606
pmi_manufacturing,CHN,2022-11,48.0,指数点,M,,https://data.stats.gov.cn/dg/website/publicrelease/web/external/stream/esData,来源指标：制造业采购经理指数 (%)；原始值 48.0；目录 93ffbb1aa85740d3aa2618371508b606
pmi_manufacturing,CHN,2022-12,47.0,指数点,M,,https://data.stats.gov.cn/dg/website/publicrelease/web/external/stream/esData,来源指标：制造业采购经理指数 (%)；原始值 47.0；目录 93ffbb1aa85740d3aa2618371508b606
pmi_manufacturing,CHN,2023-01,50.1,指数点,M,,https://data.stats.gov.cn/dg/website/publicrelease/web/external/stream/esData,来源指标：制造业采购经理指数 (%)；原始值 50.1；目录 93ffbb1aa85740d3aa2618371508b606
pmi_manufacturing,CHN,2023-02,52.6,指数点,M,,https://data.stats.gov.cn/dg/website/publicrelease/web/external/stream/esData,来源指标：制造业采购经理指数 (%)；原始值 52.6；目录 93ffbb1aa85740d3aa2618371508b606
pmi_manufacturing,CHN,2023-03,51.9,指数点,M,,https://data.stats.gov.cn/dg/website/publicrelease/web/external/stream/esData,来源指标：制造业采购经理指数 (%)；原始值 51.9；目录 93ffbb1aa85740d3aa2618371508b606
pmi_manufacturing,CHN,2023-04,49.2,指数点,M,,https://data.stats.gov.cn/dg/website/publicrelease/web/external/stream/esData,来源指标：制造业采购经理指数 (%)；原始值 49.2；目录 93ffbb1aa85740d3aa2618371508b606
pmi_manufacturing,CHN,2023-05,48.8,指数点,M,,https://data.stats.gov.cn/dg/website/publicrelease/web/external/stream/esData,来源指标：制造业采购经理指数 (%)；原始值 48.8；目录 93ffbb1aa85740d3aa2618371508b606
pmi_manufacturing,CHN,2023-06,49.0,指数点,M,,https://data.stats.gov.cn/dg/website/publicrelease/web/external/stream/esData,来源指标：制造业采购经理指数 (%)；原始值 49.0；目录 93ffbb1aa85740d3aa2618371508b606
pmi_manufacturing,CHN,2023-07,49.3,指数点,M,,https://data.stats.gov.cn/dg/website/publicrelease/web/external/stream/esData,来源指标：制造业采购经理指数 (%)；原始值 49.3；目录 93ffbb1aa85740d3aa2618371508b606
pmi_manufacturing,CHN,2023-08,49.7,指数点,M,,https://data.stats.gov.cn/dg/website/publicrelease/web/external/stream/esData,来源指标：制造业采购经理指数 (%)；原始值 49.7；目录 93ffbb1aa85740d3aa2618371508b606
pmi_manufacturing,CHN,2023-09,50.2,指数点,M,,https://data.stats.gov.cn/dg/website/publicrelease/web/external/stream/esData,来源指标：制造业采购经理指数 (%)；原始值 50.2；目录 93ffbb1aa85740d3aa2618371508b606
pmi_manufacturing,CHN,2023-10,49.5,指数点,M,,https://data.stats.gov.cn/dg/website/publicrelease/web/external/stream/esData,来源指标：制造业采购经理指数 (%)；原始值 49.5；目录 93ffbb1aa85740d3aa2618371508b606
pmi_manufacturing,CHN,2023-11,49.4,指数点,M,,https://data.stats.gov.cn/dg/website/publicrelease/web/external/stream/esData,来源指标：制造业采购经理指数 (%)；原始值 49.4；目录 93ffbb1aa85740d3aa2618371508b606
pmi_manufacturing,CHN,2023-12,49.0,指数点,M,,https://data.stats.gov.cn/dg/website/publicrelease/web/external/stream/esData,来源指标：制造业采购经理指数 (%)；原始值 49.0；目录 93ffbb1aa85740d3aa2618371508b606
pmi_manufacturing,CHN,2024-01,49.2,指数点,M,,https://data.stats.gov.cn/dg/website/publicrelease/web/external/stream/esData,来源指标：制造业采购经理指数 (%)；原始值 49.2；目录 93ffbb1aa85740d3aa2618371508b606
pmi_manufacturing,CHN,2024-02,49.1,指数点,M,,https://data.stats.gov.cn/dg/website/publicrelease/web/external/stream/esData,来源指标：制造业采购经理指数 (%)；原始值 49.1；目录 93ffbb1aa85740d3aa2618371508b606
pmi_manufacturing,CHN,2024-03,50.8,指数点,M,,https://data.stats.gov.cn/dg/website/publicrelease/web/external/stream/esData,来源指标：制造业采购经理指数 (%)；原始值 50.8；目录 93ffbb1aa85740d3aa2618371508b606
pmi_manufacturing,CHN,2024-04,50.4,指数点,M,,https://data.stats.gov.cn/dg/website/publicrelease/web/external/stream/esData,来源指标：制造业采购经理指数 (%)；原始值 50.4；目录 93ffbb1aa85740d3aa2618371508b606
pmi_manufacturing,CHN,2024-05,49.5,指数点,M,,https://data.stats.gov.cn/dg/website/publicrelease/web/external/stream/esData,来源指标：制造业采购经理指数 (%)；原始值 49.5；目录 93ffbb1aa85740d3aa2618371508b606
pmi_manufacturing,CHN,2024-06,49.5,指数点,M,,https://data.stats.gov.cn/dg/website/publicrelease/web/external/stream/esData,来源指标：制造业采购经理指数 (%)；原始值 49.5；目录 93ffbb1aa85740d3aa2618371508b606
pmi_manufacturing,CHN,2024-07,49.4,指数点,M,,https://data.stats.gov.cn/dg/website/publicrelease/web/external/stream/esData,来源指标：制造业采购经理指数 (%)；原始值 49.4；目录 93ffbb1aa85740d3aa2618371508b606
pmi_manufacturing,CHN,2024-08,49.1,指数点,M,,https://data.stats.gov.cn/dg/website/publicrelease/web/external/stream/esData,来源指标：制造业采购经理指数 (%)；原始值 49.1；目录 93ffbb1aa85740d3aa2618371508b606
pmi_manufacturing,CHN,2024-09,49.8,指数点,M,,https://data.stats.gov.cn/dg/website/publicrelease/web/external/stream/esData,来源指标：制造业采购经理指数 (%)；原始值 49.8；目录 93ffbb1aa85740d3aa2618371508b606
pmi_manufacturing,CHN,2024-10,50.1,指数点,M,,https://data.stats.gov.cn/dg/website/publicrelease/web/external/stream/esData,来源指标：制造业采购经理指数 (%)；原始值 50.1；目录 93ffbb1aa85740d3aa2618371508b606
pmi_manufacturing,CHN,2024-11,50.3,指数点,M,,https://data.stats.gov.cn/dg/website/publicrelease/web/external/stream/esData,来源指标：制造业采购经理指数 (%)；原始值 50.3；目录 93ffbb1aa85740d3aa2618371508b606
pmi_manufacturing,CHN,2024-12,50.1,指数点,M,,https://data.stats.gov.cn/dg/website/publicrelease/web/external/stream/esData,来源指标：制造业采购经理指数 (%)；原始值 50.1；目录 93ffbb1aa85740d3aa2618371508b606
pmi_manufacturing,CHN,2025-01,49.1,指数点,M,,https://data.stats.gov.cn/dg/website/publicrelease/web/external/stream/esData,来源指标：制造业采购经理指数 (%)；原始值 49.1；目录 93ffbb1aa85740d3aa2618371508b606
pmi_manufacturing,CHN,2025-02,50.2,指数点,M,,https://data.stats.gov.cn/dg/website/publicrelease/web/external/stream/esData,来源指标：制造业采购经理指数 (%)；原始值 50.2；目录 93ffbb1aa85740d3aa2618371508b606
pmi_manufacturing,CHN,2025-03,50.5,指数点,M,,https://data.stats.gov.cn/dg/website/publicrelease/web/external/stream/esData,来源指标：制造业采购经理指数 (%)；原始值 50.5；目录 93ffbb1aa85740d3aa2618371508b606
pmi_manufacturing,CHN,2025-04,49.0,指数点,M,,https://data.stats.gov.cn/dg/website/publicrelease/web/external/stream/esData,来源指标：制造业采购经理指数 (%)；原始值 49.0；目录 93ffbb1aa85740d3aa2618371508b606
pmi_manufacturing,CHN,2025-05,49.5,指数点,M,,https://data.stats.gov.cn/dg/website/publicrelease/web/external/stream/esData,来源指标：制造业采购经理指数 (%)；原始值 49.5；目录 93ffbb1aa85740d3aa2618371508b606
pmi_manufacturing,CHN,2025-06,49.7,指数点,M,,https://data.stats.gov.cn/dg/website/publicrelease/web/external/stream/esData,来源指标：制造业采购经理指数 (%)；原始值 49.7；目录 93ffbb1aa85740d3aa2618371508b606
pmi_manufacturing,CHN,2025-07,49.3,指数点,M,,https://data.stats.gov.cn/dg/website/publicrelease/web/external/stream/esData,来源指标：制造业采购经理指数 (%)；原始值 49.3；目录 93ffbb1aa85740d3aa2618371508b606
pmi_manufacturing,CHN,2025-08,49.4,指数点,M,,https://data.stats.gov.cn/dg/website/publicrelease/web/external/stream/esData,来源指标：制造业采购经理指数 (%)；原始值 49.4；目录 93ffbb1aa85740d3aa2618371508b606
pmi_manufacturing,CHN,2025-09,49.8,指数点,M,,https://data.stats.gov.cn/dg/website/publicrelease/web/external/stream/esData,来源指标：制造业采购经理指数 (%)；原始值 49.8；目录 93ffbb1aa85740d3aa2618371508b606
pmi_manufacturing,CHN,2025-10,49.0,指数点,M,,https://data.stats.gov.cn/dg/website/publicrelease/web/external/stream/esData,来源指标：制造业采购经理指数 (%)；原始值 49.0；目录 93ffbb1aa85740d3aa2618371508b606
pmi_manufacturing,CHN,2025-11,49.2,指数点,M,,https://data.stats.gov.cn/dg/website/publicrelease/web/external/stream/esData,来源指标：制造业采购经理指数 (%)；原始值 49.2；目录 93ffbb1aa85740d3aa2618371508b606
pmi_manufacturing,CHN,2025-12,50.1,指数点,M,,https://data.stats.gov.cn/dg/website/publicrelease/web/external/stream/esData,来源指标：制造业采购经理指数 (%)；原始值 50.1；目录 93ffbb1aa85740d3aa2618371508b606
pmi_manufacturing,CHN,2026-01,49.3,指数点,M,,https://data.stats.gov.cn/dg/website/publicrelease/web/external/stream/esData,来源指标：制造业采购经理指数 (%)；原始值 49.3；目录 93ffbb1aa85740d3aa2618371508b606
pmi_manufacturing,CHN,2026-02,49.0,指数点,M,,https://data.stats.gov.cn/dg/website/publicrelease/web/external/stream/esData,来源指标：制造业采购经理指数 (%)；原始值 49.0；目录 93ffbb1aa85740d3aa2618371508b606
pmi_manufacturing,CHN,2026-03,50.4,指数点,M,,https://data.stats.gov.cn/dg/website/publicrelease/web/external/stream/esData,来源指标：制造业采购经理指数 (%)；原始值 50.4；目录 93ffbb1aa85740d3aa2618371508b606
pmi_manufacturing,CHN,2026-04,50.3,指数点,M,,https://data.stats.gov.cn/dg/website/publicrelease/web/external/stream/esData,来源指标：制造业采购经理指数 (%)；原始值 50.3；目录 93ffbb1aa85740d3aa2618371508b606
pmi_manufacturing,CHN,2026-05,50.0,指数点,M,,https://data.stats.gov.cn/dg/website/publicrelease/web/external/stream/esData,来源指标：制造业采购经理指数 (%)；原始值 50.0；目录 93ffbb1aa85740d3aa2618371508b606
pmi_manufacturing,CHN,2026-06,50.3,指数点,M,,https://data.stats.gov.cn/dg/website/publicrelease/web/external/stream/esData,来源指标：制造业采购经理指数 (%)；原始值 50.3；目录 93ffbb1aa85740d3aa2618371508b606
pmi_manufacturing,CHN,2026-07,49.2,指数点,M,,https://data.stats.gov.cn/dg/website/publicrelease/web/external/stream/esData,来源指标：制造业采购经理指数 (%)；原始值 49.2；目录 93ffbb1aa85740d3aa2618371508b606
pmi_manufacturing,CHN,2026-08,49.8,指数点,M,,https://data.stats.gov.cn/dg/website/publicrelease/web/external/stream/esData,来源指标：制造业采购经理指数 (%)；原始值 49.8；目录 93ffbb1aa85740d3aa2618371508b606
pmi_nonmanufacturing,CHN,2007-01,60.4,指数点,M,,https://data.stats.gov.cn/dg/website/publicrelease/web/external/stream/esData,来源指标：非制造业商务活动指数 (%)；原始值 60.4；目录 7a64a6e25aec4a8e9dde044ecd9e2cce
pmi_nonmanufacturing,CHN,2007-02,60.6,指数点,M,,https://data.stats.gov.cn/dg/website/publicrelease/web/external/stream/esData,来源指标：非制造业商务活动指数 (%)；原始值 60.6；目录 7a64a6e25aec4a8e9dde044ecd9e2cce
pmi_nonmanufacturing,CHN,2007-03,58.2,指数点,M,,https://data.stats.gov.cn/dg/website/publicrelease/web/external/stream/esData,来源指标：非制造业商务活动指数 (%)；原始值 58.2；目录 7a64a6e25aec4a8e9dde044ecd9e2cce
pmi_nonmanufacturing,CHN,2007-04,60.4,指数点,M,,https://data.stats.gov.cn/dg/website/publicrelease/web/external/stream/esData,来源指标：非制造业商务活动指数 (%)；原始值 60.4；目录 7a64a6e25aec4a8e9dde044ecd9e2cce
pmi_nonmanufacturing,CHN,2007-05,62.2,指数点,M,,https://data.stats.gov.cn/dg/website/publicrelease/web/external/stream/esData,来源指标：非制造业商务活动指数 (%)；原始值 62.2；目录 7a64a6e25aec4a8e9dde044ecd9e2cce
pmi_nonmanufacturing,CHN,2007-06,60.0,指数点,M,,https://data.stats.gov.cn/dg/website/publicrelease/web/external/stream/esData,来源指标：非制造业商务活动指数 (%)；原始值 60.0；目录 7a64a6e25aec4a8e9dde044ecd9e2cce
pmi_nonmanufacturing,CHN,2007-07,59.4,指数点,M,,https://data.stats.gov.cn/dg/website/publicrelease/web/external/stream/esData,来源指标：非制造业商务活动指数 (%)；原始值 59.4；目录 7a64a6e25aec4a8e9dde044ecd9e2cce
pmi_nonmanufacturing,CHN,2007-08,61.7,指数点,M,,https://data.stats.gov.cn/dg/website/publicrelease/web/external/stream/esData,来源指标：非制造业商务活动指数 (%)；原始值 61.7；目录 7a64a6e25aec4a8e9dde044ecd9e2cce
pmi_nonmanufacturing,CHN,2007-09,61.9,指数点,M,,https://data.stats.gov.cn/dg/website/publicrelease/web/external/stream/esData,来源指标：非制造业商务活动指数 (%)；原始值 61.9；目录 7a64a6e25aec4a8e9dde044ecd9e2cce
pmi_nonmanufacturing,CHN,2007-10,61.4,指数点,M,,https://data.stats.gov.cn/dg/website/publicrelease/web/external/stream/esData,来源指标：非制造业商务活动指数 (%)；原始值 61.4；目录 7a64a6e25aec4a8e9dde044ecd9e2cce
pmi_nonmanufacturing,CHN,2007-11,60.6,指数点,M,,https://data.stats.gov.cn/dg/website/publicrelease/web/external/stream/esData,来源指标：非制造业商务活动指数 (%)；原始值 60.6；目录 7a64a6e25aec4a8e9dde044ecd9e2cce
pmi_nonmanufacturing,CHN,2007-12,60.2,指数点,M,,https://data.stats.gov.cn/dg/website/publicrelease/web/external/stream/esData,来源指标：非制造业商务活动指数 (%)；原始值 60.2；目录 7a64a6e25aec4a8e9dde044ecd9e2cce
pmi_nonmanufacturing,CHN,2008-01,60.2,指数点,M,,https://data.stats.gov.cn/dg/website/publicrelease/web/external/stream/esData,来源指标：非制造业商务活动指数 (%)；原始值 60.2；目录 7a64a6e25aec4a8e9dde044ecd9e2cce
pmi_nonmanufacturing,CHN,2008-02,59.3,指数点,M,,https://data.stats.gov.cn/dg/website/publicrelease/web/external/stream/esData,来源指标：非制造业商务活动指数 (%)；原始值 59.3；目录 7a64a6e25aec4a8e9dde044ecd9e2cce
pmi_nonmanufacturing,CHN,2008-03,58.9,指数点,M,,https://data.stats.gov.cn/dg/website/publicrelease/web/external/stream/esData,来源指标：非制造业商务活动指数 (%)；原始值 58.9；目录 7a64a6e25aec4a8e9dde044ecd9e2cce
pmi_nonmanufacturing,CHN,2008-04,58.4,指数点,M,,https://data.stats.gov.cn/dg/website/publicrelease/web/external/stream/esData,来源指标：非制造业商务活动指数 (%)；原始值 58.4；目录 7a64a6e25aec4a8e9dde044ecd9e2cce
pmi_nonmanufacturing,CHN,2008-05,57.4,指数点,M,,https://data.stats.gov.cn/dg/website/publicrelease/web/external/stream/esData,来源指标：非制造业商务活动指数 (%)；原始值 57.4；目录 7a64a6e25aec4a8e9dde044ecd9e2cce
pmi_nonmanufacturing,CHN,2008-06,57.4,指数点,M,,https://data.stats.gov.cn/dg/website/publicrelease/web/external/stream/esData,来源指标：非制造业商务活动指数 (%)；原始值 57.4；目录 7a64a6e25aec4a8e9dde044ecd9e2cce
pmi_nonmanufacturing,CHN,2008-07,55.7,指数点,M,,https://data.stats.gov.cn/dg/website/publicrelease/web/external/stream/esData,来源指标：非制造业商务活动指数 (%)；原始值 55.7；目录 7a64a6e25aec4a8e9dde044ecd9e2cce
pmi_nonmanufacturing,CHN,2008-08,52.9,指数点,M,,https://data.stats.gov.cn/dg/website/publicrelease/web/external/stream/esData,来源指标：非制造业商务活动指数 (%)；原始值 52.9；目录 7a64a6e25aec4a8e9dde044ecd9e2cce
pmi_nonmanufacturing,CHN,2008-09,55.0,指数点,M,,https://data.stats.gov.cn/dg/website/publicrelease/web/external/stream/esData,来源指标：非制造业商务活动指数 (%)；原始值 55.0；目录 7a64a6e25aec4a8e9dde044ecd9e2cce
pmi_nonmanufacturing,CHN,2008-10,53.1,指数点,M,,https://data.stats.gov.cn/dg/website/publicrelease/web/external/stream/esData,来源指标：非制造业商务活动指数 (%)；原始值 53.1；目录 7a64a6e25aec4a8e9dde044ecd9e2cce
pmi_nonmanufacturing,CHN,2008-11,51.2,指数点,M,,https://data.stats.gov.cn/dg/website/publicrelease/web/external/stream/esData,来源指标：非制造业商务活动指数 (%)；原始值 51.2；目录 7a64a6e25aec4a8e9dde044ecd9e2cce
pmi_nonmanufacturing,CHN,2008-12,50.8,指数点,M,,https://data.stats.gov.cn/dg/website/publicrelease/web/external/stream/esData,来源指标：非制造业商务活动指数 (%)；原始值 50.8；目录 7a64a6e25aec4a8e9dde044ecd9e2cce
pmi_nonmanufacturing,CHN,2009-01,53.7,指数点,M,,https://data.stats.gov.cn/dg/website/publicrelease/web/external/stream/esData,来源指标：非制造业商务活动指数 (%)；原始值 53.7；目录 7a64a6e25aec4a8e9dde044ecd9e2cce
pmi_nonmanufacturing,CHN,2009-02,55.1,指数点,M,,https://data.stats.gov.cn/dg/website/publicrelease/web/external/stream/esData,来源指标：非制造业商务活动指数 (%)；原始值 55.1；目录 7a64a6e25aec4a8e9dde044ecd9e2cce
pmi_nonmanufacturing,CHN,2009-03,54.4,指数点,M,,https://data.stats.gov.cn/dg/website/publicrelease/web/external/stream/esData,来源指标：非制造业商务活动指数 (%)；原始值 54.4；目录 7a64a6e25aec4a8e9dde044ecd9e2cce
pmi_nonmanufacturing,CHN,2009-04,53.5,指数点,M,,https://data.stats.gov.cn/dg/website/publicrelease/web/external/stream/esData,来源指标：非制造业商务活动指数 (%)；原始值 53.5；目录 7a64a6e25aec4a8e9dde044ecd9e2cce
pmi_nonmanufacturing,CHN,2009-05,54.9,指数点,M,,https://data.stats.gov.cn/dg/website/publicrelease/web/external/stream/esData,来源指标：非制造业商务活动指数 (%)；原始值 54.9；目录 7a64a6e25aec4a8e9dde044ecd9e2cce
pmi_nonmanufacturing,CHN,2009-06,55.4,指数点,M,,https://data.stats.gov.cn/dg/website/publicrelease/web/external/stream/esData,来源指标：非制造业商务活动指数 (%)；原始值 55.4；目录 7a64a6e25aec4a8e9dde044ecd9e2cce
pmi_nonmanufacturing,CHN,2009-07,57.3,指数点,M,,https://data.stats.gov.cn/dg/website/publicrelease/web/external/stream/esData,来源指标：非制造业商务活动指数 (%)；原始值 57.3；目录 7a64a6e25aec4a8e9dde044ecd9e2cce
pmi_nonmanufacturing,CHN,2009-08,57.3,指数点,M,,https://data.stats.gov.cn/dg/website/publicrelease/web/external/stream/esData,来源指标：非制造业商务活动指数 (%)；原始值 57.3；目录 7a64a6e25aec4a8e9dde044ecd9e2cce
pmi_nonmanufacturing,CHN,2009-09,57.9,指数点,M,,https://data.stats.gov.cn/dg/website/publicrelease/web/external/stream/esData,来源指标：非制造业商务活动指数 (%)；原始值 57.9；目录 7a64a6e25aec4a8e9dde044ecd9e2cce
pmi_nonmanufacturing,CHN,2009-10,59.5,指数点,M,,https://data.stats.gov.cn/dg/website/publicrelease/web/external/stream/esData,来源指标：非制造业商务活动指数 (%)；原始值 59.5；目录 7a64a6e25aec4a8e9dde044ecd9e2cce
pmi_nonmanufacturing,CHN,2009-11,58.4,指数点,M,,https://data.stats.gov.cn/dg/website/publicrelease/web/external/stream/esData,来源指标：非制造业商务活动指数 (%)；原始值 58.4；目录 7a64a6e25aec4a8e9dde044ecd9e2cce
pmi_nonmanufacturing,CHN,2009-12,58.8,指数点,M,,https://data.stats.gov.cn/dg/website/publicrelease/web/external/stream/esData,来源指标：非制造业商务活动指数 (%)；原始值 58.8；目录 7a64a6e25aec4a8e9dde044ecd9e2cce
pmi_nonmanufacturing,CHN,2010-01,58.1,指数点,M,,https://data.stats.gov.cn/dg/website/publicrelease/web/external/stream/esData,来源指标：非制造业商务活动指数 (%)；原始值 58.1；目录 7a64a6e25aec4a8e9dde044ecd9e2cce
pmi_nonmanufacturing,CHN,2010-02,57.0,指数点,M,,https://data.stats.gov.cn/dg/website/publicrelease/web/external/stream/esData,来源指标：非制造业商务活动指数 (%)；原始值 57.0；目录 7a64a6e25aec4a8e9dde044ecd9e2cce
pmi_nonmanufacturing,CHN,2010-03,57.3,指数点,M,,https://data.stats.gov.cn/dg/website/publicrelease/web/external/stream/esData,来源指标：非制造业商务活动指数 (%)；原始值 57.3；目录 7a64a6e25aec4a8e9dde044ecd9e2cce
pmi_nonmanufacturing,CHN,2010-04,57.8,指数点,M,,https://data.stats.gov.cn/dg/website/publicrelease/web/external/stream/esData,来源指标：非制造业商务活动指数 (%)；原始值 57.8；目录 7a64a6e25aec4a8e9dde044ecd9e2cce
pmi_nonmanufacturing,CHN,2010-05,58.1,指数点,M,,https://data.stats.gov.cn/dg/website/publicrelease/web/external/stream/esData,来源指标：非制造业商务活动指数 (%)；原始值 58.1；目录 7a64a6e25aec4a8e9dde044ecd9e2cce
pmi_nonmanufacturing,CHN,2010-06,58.8,指数点,M,,https://data.stats.gov.cn/dg/website/publicrelease/web/external/stream/esData,来源指标：非制造业商务活动指数 (%)；原始值 58.8；目录 7a64a6e25aec4a8e9dde044ecd9e2cce
pmi_nonmanufacturing,CHN,2010-07,57.1,指数点,M,,https://data.stats.gov.cn/dg/website/publicrelease/web/external/stream/esData,来源指标：非制造业商务活动指数 (%)；原始值 57.1；目录 7a64a6e25aec4a8e9dde044ecd9e2cce
pmi_nonmanufacturing,CHN,2010-08,58.0,指数点,M,,https://data.stats.gov.cn/dg/website/publicrelease/web/external/stream/esData,来源指标：非制造业商务活动指数 (%)；原始值 58.0；目录 7a64a6e25aec4a8e9dde044ecd9e2cce
pmi_nonmanufacturing,CHN,2010-09,57.9,指数点,M,,https://data.stats.gov.cn/dg/website/publicrelease/web/external/stream/esData,来源指标：非制造业商务活动指数 (%)；原始值 57.9；目录 7a64a6e25aec4a8e9dde044ecd9e2cce
pmi_nonmanufacturing,CHN,2010-10,57.4,指数点,M,,https://data.stats.gov.cn/dg/website/publicrelease/web/external/stream/esData,来源指标：非制造业商务活动指数 (%)；原始值 57.4；目录 7a64a6e25aec4a8e9dde044ecd9e2cce
pmi_nonmanufacturing,CHN,2010-11,58.9,指数点,M,,https://data.stats.gov.cn/dg/website/publicrelease/web/external/stream/esData,来源指标：非制造业商务活动指数 (%)；原始值 58.9；目录 7a64a6e25aec4a8e9dde044ecd9e2cce
pmi_nonmanufacturing,CHN,2010-12,58.8,指数点,M,,https://data.stats.gov.cn/dg/website/publicrelease/web/external/stream/esData,来源指标：非制造业商务活动指数 (%)；原始值 58.8；目录 7a64a6e25aec4a8e9dde044ecd9e2cce
pmi_nonmanufacturing,CHN,2011-01,57.2,指数点,M,,https://data.stats.gov.cn/dg/website/publicrelease/web/external/stream/esData,来源指标：非制造业商务活动指数 (%)；原始值 57.2；目录 7a64a6e25aec4a8e9dde044ecd9e2cce
pmi_nonmanufacturing,CHN,2011-02,57.0,指数点,M,,https://data.stats.gov.cn/dg/website/publicrelease/web/external/stream/esData,来源指标：非制造业商务活动指数 (%)；原始值 57.0；目录 7a64a6e25aec4a8e9dde044ecd9e2cce
pmi_nonmanufacturing,CHN,2011-03,59.2,指数点,M,,https://data.stats.gov.cn/dg/website/publicrelease/web/external/stream/esData,来源指标：非制造业商务活动指数 (%)；原始值 59.2；目录 7a64a6e25aec4a8e9dde044ecd9e2cce
pmi_nonmanufacturing,CHN,2011-04,58.2,指数点,M,,https://data.stats.gov.cn/dg/website/publicrelease/web/external/stream/esData,来源指标：非制造业商务活动指数 (%)；原始值 58.2；目录 7a64a6e25aec4a8e9dde044ecd9e2cce
pmi_nonmanufacturing,CHN,2011-05,58.7,指数点,M,,https://data.stats.gov.cn/dg/website/publicrelease/web/external/stream/esData,来源指标：非制造业商务活动指数 (%)；原始值 58.7；目录 7a64a6e25aec4a8e9dde044ecd9e2cce
pmi_nonmanufacturing,CHN,2011-06,56.6,指数点,M,,https://data.stats.gov.cn/dg/website/publicrelease/web/external/stream/esData,来源指标：非制造业商务活动指数 (%)；原始值 56.6；目录 7a64a6e25aec4a8e9dde044ecd9e2cce
pmi_nonmanufacturing,CHN,2011-07,57.3,指数点,M,,https://data.stats.gov.cn/dg/website/publicrelease/web/external/stream/esData,来源指标：非制造业商务活动指数 (%)；原始值 57.3；目录 7a64a6e25aec4a8e9dde044ecd9e2cce
pmi_nonmanufacturing,CHN,2011-08,57.1,指数点,M,,https://data.stats.gov.cn/dg/website/publicrelease/web/external/stream/esData,来源指标：非制造业商务活动指数 (%)；原始值 57.1；目录 7a64a6e25aec4a8e9dde044ecd9e2cce
pmi_nonmanufacturing,CHN,2011-09,55.8,指数点,M,,https://data.stats.gov.cn/dg/website/publicrelease/web/external/stream/esData,来源指标：非制造业商务活动指数 (%)；原始值 55.8；目录 7a64a6e25aec4a8e9dde044ecd9e2cce
pmi_nonmanufacturing,CHN,2011-10,55.5,指数点,M,,https://data.stats.gov.cn/dg/website/publicrelease/web/external/stream/esData,来源指标：非制造业商务活动指数 (%)；原始值 55.5；目录 7a64a6e25aec4a8e9dde044ecd9e2cce
pmi_nonmanufacturing,CHN,2011-11,55.9,指数点,M,,https://data.stats.gov.cn/dg/website/publicrelease/web/external/stream/esData,来源指标：非制造业商务活动指数 (%)；原始值 55.9；目录 7a64a6e25aec4a8e9dde044ecd9e2cce
pmi_nonmanufacturing,CHN,2011-12,56.3,指数点,M,,https://data.stats.gov.cn/dg/website/publicrelease/web/external/stream/esData,来源指标：非制造业商务活动指数 (%)；原始值 56.3；目录 7a64a6e25aec4a8e9dde044ecd9e2cce
pmi_nonmanufacturing,CHN,2012-01,55.7,指数点,M,,https://data.stats.gov.cn/dg/website/publicrelease/web/external/stream/esData,来源指标：非制造业商务活动指数 (%)；原始值 55.7；目录 7a64a6e25aec4a8e9dde044ecd9e2cce
pmi_nonmanufacturing,CHN,2012-02,57.3,指数点,M,,https://data.stats.gov.cn/dg/website/publicrelease/web/external/stream/esData,来源指标：非制造业商务活动指数 (%)；原始值 57.3；目录 7a64a6e25aec4a8e9dde044ecd9e2cce
pmi_nonmanufacturing,CHN,2012-03,58.0,指数点,M,,https://data.stats.gov.cn/dg/website/publicrelease/web/external/stream/esData,来源指标：非制造业商务活动指数 (%)；原始值 58.0；目录 7a64a6e25aec4a8e9dde044ecd9e2cce
pmi_nonmanufacturing,CHN,2012-04,56.1,指数点,M,,https://data.stats.gov.cn/dg/website/publicrelease/web/external/stream/esData,来源指标：非制造业商务活动指数 (%)；原始值 56.1；目录 7a64a6e25aec4a8e9dde044ecd9e2cce
pmi_nonmanufacturing,CHN,2012-05,55.2,指数点,M,,https://data.stats.gov.cn/dg/website/publicrelease/web/external/stream/esData,来源指标：非制造业商务活动指数 (%)；原始值 55.2；目录 7a64a6e25aec4a8e9dde044ecd9e2cce
pmi_nonmanufacturing,CHN,2012-06,56.7,指数点,M,,https://data.stats.gov.cn/dg/website/publicrelease/web/external/stream/esData,来源指标：非制造业商务活动指数 (%)；原始值 56.7；目录 7a64a6e25aec4a8e9dde044ecd9e2cce
pmi_nonmanufacturing,CHN,2012-07,55.6,指数点,M,,https://data.stats.gov.cn/dg/website/publicrelease/web/external/stream/esData,来源指标：非制造业商务活动指数 (%)；原始值 55.6；目录 7a64a6e25aec4a8e9dde044ecd9e2cce
pmi_nonmanufacturing,CHN,2012-08,56.3,指数点,M,,https://data.stats.gov.cn/dg/website/publicrelease/web/external/stream/esData,来源指标：非制造业商务活动指数 (%)；原始值 56.3；目录 7a64a6e25aec4a8e9dde044ecd9e2cce
pmi_nonmanufacturing,CHN,2012-09,53.7,指数点,M,,https://data.stats.gov.cn/dg/website/publicrelease/web/external/stream/esData,来源指标：非制造业商务活动指数 (%)；原始值 53.7；目录 7a64a6e25aec4a8e9dde044ecd9e2cce
pmi_nonmanufacturing,CHN,2012-10,55.5,指数点,M,,https://data.stats.gov.cn/dg/website/publicrelease/web/external/stream/esData,来源指标：非制造业商务活动指数 (%)；原始值 55.5；目录 7a64a6e25aec4a8e9dde044ecd9e2cce
pmi_nonmanufacturing,CHN,2012-11,55.6,指数点,M,,https://data.stats.gov.cn/dg/website/publicrelease/web/external/stream/esData,来源指标：非制造业商务活动指数 (%)；原始值 55.6；目录 7a64a6e25aec4a8e9dde044ecd9e2cce
pmi_nonmanufacturing,CHN,2012-12,56.1,指数点,M,,https://data.stats.gov.cn/dg/website/publicrelease/web/external/stream/esData,来源指标：非制造业商务活动指数 (%)；原始值 56.1；目录 7a64a6e25aec4a8e9dde044ecd9e2cce
pmi_nonmanufacturing,CHN,2013-01,56.2,指数点,M,,https://data.stats.gov.cn/dg/website/publicrelease/web/external/stream/esData,来源指标：非制造业商务活动指数 (%)；原始值 56.2；目录 7a64a6e25aec4a8e9dde044ecd9e2cce
pmi_nonmanufacturing,CHN,2013-02,54.5,指数点,M,,https://data.stats.gov.cn/dg/website/publicrelease/web/external/stream/esData,来源指标：非制造业商务活动指数 (%)；原始值 54.5；目录 7a64a6e25aec4a8e9dde044ecd9e2cce
pmi_nonmanufacturing,CHN,2013-03,55.6,指数点,M,,https://data.stats.gov.cn/dg/website/publicrelease/web/external/stream/esData,来源指标：非制造业商务活动指数 (%)；原始值 55.6；目录 7a64a6e25aec4a8e9dde044ecd9e2cce
pmi_nonmanufacturing,CHN,2013-04,54.5,指数点,M,,https://data.stats.gov.cn/dg/website/publicrelease/web/external/stream/esData,来源指标：非制造业商务活动指数 (%)；原始值 54.5；目录 7a64a6e25aec4a8e9dde044ecd9e2cce
pmi_nonmanufacturing,CHN,2013-05,54.3,指数点,M,,https://data.stats.gov.cn/dg/website/publicrelease/web/external/stream/esData,来源指标：非制造业商务活动指数 (%)；原始值 54.3；目录 7a64a6e25aec4a8e9dde044ecd9e2cce
pmi_nonmanufacturing,CHN,2013-06,53.9,指数点,M,,https://data.stats.gov.cn/dg/website/publicrelease/web/external/stream/esData,来源指标：非制造业商务活动指数 (%)；原始值 53.9；目录 7a64a6e25aec4a8e9dde044ecd9e2cce
pmi_nonmanufacturing,CHN,2013-07,54.1,指数点,M,,https://data.stats.gov.cn/dg/website/publicrelease/web/external/stream/esData,来源指标：非制造业商务活动指数 (%)；原始值 54.1；目录 7a64a6e25aec4a8e9dde044ecd9e2cce
pmi_nonmanufacturing,CHN,2013-08,53.9,指数点,M,,https://data.stats.gov.cn/dg/website/publicrelease/web/external/stream/esData,来源指标：非制造业商务活动指数 (%)；原始值 53.9；目录 7a64a6e25aec4a8e9dde044ecd9e2cce
pmi_nonmanufacturing,CHN,2013-09,55.4,指数点,M,,https://data.stats.gov.cn/dg/website/publicrelease/web/external/stream/esData,来源指标：非制造业商务活动指数 (%)；原始值 55.4；目录 7a64a6e25aec4a8e9dde044ecd9e2cce
pmi_nonmanufacturing,CHN,2013-10,56.3,指数点,M,,https://data.stats.gov.cn/dg/website/publicrelease/web/external/stream/esData,来源指标：非制造业商务活动指数 (%)；原始值 56.3；目录 7a64a6e25aec4a8e9dde044ecd9e2cce
pmi_nonmanufacturing,CHN,2013-11,56.0,指数点,M,,https://data.stats.gov.cn/dg/website/publicrelease/web/external/stream/esData,来源指标：非制造业商务活动指数 (%)；原始值 56.0；目录 7a64a6e25aec4a8e9dde044ecd9e2cce
pmi_nonmanufacturing,CHN,2013-12,54.6,指数点,M,,https://data.stats.gov.cn/dg/website/publicrelease/web/external/stream/esData,来源指标：非制造业商务活动指数 (%)；原始值 54.6；目录 7a64a6e25aec4a8e9dde044ecd9e2cce
pmi_nonmanufacturing,CHN,2014-01,53.4,指数点,M,,https://data.stats.gov.cn/dg/website/publicrelease/web/external/stream/esData,来源指标：非制造业商务活动指数 (%)；原始值 53.4；目录 7a64a6e25aec4a8e9dde044ecd9e2cce
pmi_nonmanufacturing,CHN,2014-02,55.0,指数点,M,,https://data.stats.gov.cn/dg/website/publicrelease/web/external/stream/esData,来源指标：非制造业商务活动指数 (%)；原始值 55.0；目录 7a64a6e25aec4a8e9dde044ecd9e2cce
pmi_nonmanufacturing,CHN,2014-03,54.5,指数点,M,,https://data.stats.gov.cn/dg/website/publicrelease/web/external/stream/esData,来源指标：非制造业商务活动指数 (%)；原始值 54.5；目录 7a64a6e25aec4a8e9dde044ecd9e2cce
pmi_nonmanufacturing,CHN,2014-04,54.8,指数点,M,,https://data.stats.gov.cn/dg/website/publicrelease/web/external/stream/esData,来源指标：非制造业商务活动指数 (%)；原始值 54.8；目录 7a64a6e25aec4a8e9dde044ecd9e2cce
pmi_nonmanufacturing,CHN,2014-05,55.5,指数点,M,,https://data.stats.gov.cn/dg/website/publicrelease/web/external/stream/esData,来源指标：非制造业商务活动指数 (%)；原始值 55.5；目录 7a64a6e25aec4a8e9dde044ecd9e2cce
pmi_nonmanufacturing,CHN,2014-06,55.0,指数点,M,,https://data.stats.gov.cn/dg/website/publicrelease/web/external/stream/esData,来源指标：非制造业商务活动指数 (%)；原始值 55.0；目录 7a64a6e25aec4a8e9dde044ecd9e2cce
pmi_nonmanufacturing,CHN,2014-07,54.2,指数点,M,,https://data.stats.gov.cn/dg/website/publicrelease/web/external/stream/esData,来源指标：非制造业商务活动指数 (%)；原始值 54.2；目录 7a64a6e25aec4a8e9dde044ecd9e2cce
pmi_nonmanufacturing,CHN,2014-08,54.4,指数点,M,,https://data.stats.gov.cn/dg/website/publicrelease/web/external/stream/esData,来源指标：非制造业商务活动指数 (%)；原始值 54.4；目录 7a64a6e25aec4a8e9dde044ecd9e2cce
pmi_nonmanufacturing,CHN,2014-09,54.0,指数点,M,,https://data.stats.gov.cn/dg/website/publicrelease/web/external/stream/esData,来源指标：非制造业商务活动指数 (%)；原始值 54.0；目录 7a64a6e25aec4a8e9dde044ecd9e2cce
pmi_nonmanufacturing,CHN,2014-10,53.8,指数点,M,,https://data.stats.gov.cn/dg/website/publicrelease/web/external/stream/esData,来源指标：非制造业商务活动指数 (%)；原始值 53.8；目录 7a64a6e25aec4a8e9dde044ecd9e2cce
pmi_nonmanufacturing,CHN,2014-11,53.9,指数点,M,,https://data.stats.gov.cn/dg/website/publicrelease/web/external/stream/esData,来源指标：非制造业商务活动指数 (%)；原始值 53.9；目录 7a64a6e25aec4a8e9dde044ecd9e2cce
pmi_nonmanufacturing,CHN,2014-12,54.1,指数点,M,,https://data.stats.gov.cn/dg/website/publicrelease/web/external/stream/esData,来源指标：非制造业商务活动指数 (%)；原始值 54.1；目录 7a64a6e25aec4a8e9dde044ecd9e2cce
pmi_nonmanufacturing,CHN,2015-01,53.7,指数点,M,,https://data.stats.gov.cn/dg/website/publicrelease/web/external/stream/esData,来源指标：非制造业商务活动指数 (%)；原始值 53.7；目录 7a64a6e25aec4a8e9dde044ecd9e2cce
pmi_nonmanufacturing,CHN,2015-02,53.9,指数点,M,,https://data.stats.gov.cn/dg/website/publicrelease/web/external/stream/esData,来源指标：非制造业商务活动指数 (%)；原始值 53.9；目录 7a64a6e25aec4a8e9dde044ecd9e2cce
pmi_nonmanufacturing,CHN,2015-03,53.7,指数点,M,,https://data.stats.gov.cn/dg/website/publicrelease/web/external/stream/esData,来源指标：非制造业商务活动指数 (%)；原始值 53.7；目录 7a64a6e25aec4a8e9dde044ecd9e2cce
pmi_nonmanufacturing,CHN,2015-04,53.4,指数点,M,,https://data.stats.gov.cn/dg/website/publicrelease/web/external/stream/esData,来源指标：非制造业商务活动指数 (%)；原始值 53.4；目录 7a64a6e25aec4a8e9dde044ecd9e2cce
pmi_nonmanufacturing,CHN,2015-05,53.2,指数点,M,,https://data.stats.gov.cn/dg/website/publicrelease/web/external/stream/esData,来源指标：非制造业商务活动指数 (%)；原始值 53.2；目录 7a64a6e25aec4a8e9dde044ecd9e2cce
pmi_nonmanufacturing,CHN,2015-06,53.8,指数点,M,,https://data.stats.gov.cn/dg/website/publicrelease/web/external/stream/esData,来源指标：非制造业商务活动指数 (%)；原始值 53.8；目录 7a64a6e25aec4a8e9dde044ecd9e2cce
pmi_nonmanufacturing,CHN,2015-07,53.9,指数点,M,,https://data.stats.gov.cn/dg/website/publicrelease/web/external/stream/esData,来源指标：非制造业商务活动指数 (%)；原始值 53.9；目录 7a64a6e25aec4a8e9dde044ecd9e2cce
pmi_nonmanufacturing,CHN,2015-08,53.4,指数点,M,,https://data.stats.gov.cn/dg/website/publicrelease/web/external/stream/esData,来源指标：非制造业商务活动指数 (%)；原始值 53.4；目录 7a64a6e25aec4a8e9dde044ecd9e2cce
pmi_nonmanufacturing,CHN,2015-09,53.4,指数点,M,,https://data.stats.gov.cn/dg/website/publicrelease/web/external/stream/esData,来源指标：非制造业商务活动指数 (%)；原始值 53.4；目录 7a64a6e25aec4a8e9dde044ecd9e2cce
pmi_nonmanufacturing,CHN,2015-10,53.1,指数点,M,,https://data.stats.gov.cn/dg/website/publicrelease/web/external/stream/esData,来源指标：非制造业商务活动指数 (%)；原始值 53.1；目录 7a64a6e25aec4a8e9dde044ecd9e2cce
pmi_nonmanufacturing,CHN,2015-11,53.6,指数点,M,,https://data.stats.gov.cn/dg/website/publicrelease/web/external/stream/esData,来源指标：非制造业商务活动指数 (%)；原始值 53.6；目录 7a64a6e25aec4a8e9dde044ecd9e2cce
pmi_nonmanufacturing,CHN,2015-12,54.4,指数点,M,,https://data.stats.gov.cn/dg/website/publicrelease/web/external/stream/esData,来源指标：非制造业商务活动指数 (%)；原始值 54.4；目录 7a64a6e25aec4a8e9dde044ecd9e2cce
pmi_nonmanufacturing,CHN,2016-01,53.5,指数点,M,,https://data.stats.gov.cn/dg/website/publicrelease/web/external/stream/esData,来源指标：非制造业商务活动指数 (%)；原始值 53.5；目录 7a64a6e25aec4a8e9dde044ecd9e2cce
pmi_nonmanufacturing,CHN,2016-02,52.7,指数点,M,,https://data.stats.gov.cn/dg/website/publicrelease/web/external/stream/esData,来源指标：非制造业商务活动指数 (%)；原始值 52.7；目录 7a64a6e25aec4a8e9dde044ecd9e2cce
pmi_nonmanufacturing,CHN,2016-03,53.8,指数点,M,,https://data.stats.gov.cn/dg/website/publicrelease/web/external/stream/esData,来源指标：非制造业商务活动指数 (%)；原始值 53.8；目录 7a64a6e25aec4a8e9dde044ecd9e2cce
pmi_nonmanufacturing,CHN,2016-04,53.5,指数点,M,,https://data.stats.gov.cn/dg/website/publicrelease/web/external/stream/esData,来源指标：非制造业商务活动指数 (%)；原始值 53.5；目录 7a64a6e25aec4a8e9dde044ecd9e2cce
pmi_nonmanufacturing,CHN,2016-05,53.1,指数点,M,,https://data.stats.gov.cn/dg/website/publicrelease/web/external/stream/esData,来源指标：非制造业商务活动指数 (%)；原始值 53.1；目录 7a64a6e25aec4a8e9dde044ecd9e2cce
pmi_nonmanufacturing,CHN,2016-06,53.7,指数点,M,,https://data.stats.gov.cn/dg/website/publicrelease/web/external/stream/esData,来源指标：非制造业商务活动指数 (%)；原始值 53.7；目录 7a64a6e25aec4a8e9dde044ecd9e2cce
pmi_nonmanufacturing,CHN,2016-07,53.9,指数点,M,,https://data.stats.gov.cn/dg/website/publicrelease/web/external/stream/esData,来源指标：非制造业商务活动指数 (%)；原始值 53.9；目录 7a64a6e25aec4a8e9dde044ecd9e2cce
pmi_nonmanufacturing,CHN,2016-08,53.5,指数点,M,,https://data.stats.gov.cn/dg/website/publicrelease/web/external/stream/esData,来源指标：非制造业商务活动指数 (%)；原始值 53.5；目录 7a64a6e25aec4a8e9dde044ecd9e2cce
pmi_nonmanufacturing,CHN,2016-09,53.7,指数点,M,,https://data.stats.gov.cn/dg/website/publicrelease/web/external/stream/esData,来源指标：非制造业商务活动指数 (%)；原始值 53.7；目录 7a64a6e25aec4a8e9dde044ecd9e2cce
pmi_nonmanufacturing,CHN,2016-10,54.0,指数点,M,,https://data.stats.gov.cn/dg/website/publicrelease/web/external/stream/esData,来源指标：非制造业商务活动指数 (%)；原始值 54.0；目录 7a64a6e25aec4a8e9dde044ecd9e2cce
pmi_nonmanufacturing,CHN,2016-11,54.7,指数点,M,,https://data.stats.gov.cn/dg/website/publicrelease/web/external/stream/esData,来源指标：非制造业商务活动指数 (%)；原始值 54.7；目录 7a64a6e25aec4a8e9dde044ecd9e2cce
pmi_nonmanufacturing,CHN,2016-12,54.5,指数点,M,,https://data.stats.gov.cn/dg/website/publicrelease/web/external/stream/esData,来源指标：非制造业商务活动指数 (%)；原始值 54.5；目录 7a64a6e25aec4a8e9dde044ecd9e2cce
pmi_nonmanufacturing,CHN,2017-01,54.6,指数点,M,,https://data.stats.gov.cn/dg/website/publicrelease/web/external/stream/esData,来源指标：非制造业商务活动指数 (%)；原始值 54.6；目录 7a64a6e25aec4a8e9dde044ecd9e2cce
pmi_nonmanufacturing,CHN,2017-02,54.2,指数点,M,,https://data.stats.gov.cn/dg/website/publicrelease/web/external/stream/esData,来源指标：非制造业商务活动指数 (%)；原始值 54.2；目录 7a64a6e25aec4a8e9dde044ecd9e2cce
pmi_nonmanufacturing,CHN,2017-03,55.1,指数点,M,,https://data.stats.gov.cn/dg/website/publicrelease/web/external/stream/esData,来源指标：非制造业商务活动指数 (%)；原始值 55.1；目录 7a64a6e25aec4a8e9dde044ecd9e2cce
pmi_nonmanufacturing,CHN,2017-04,54.0,指数点,M,,https://data.stats.gov.cn/dg/website/publicrelease/web/external/stream/esData,来源指标：非制造业商务活动指数 (%)；原始值 54.0；目录 7a64a6e25aec4a8e9dde044ecd9e2cce
pmi_nonmanufacturing,CHN,2017-05,54.5,指数点,M,,https://data.stats.gov.cn/dg/website/publicrelease/web/external/stream/esData,来源指标：非制造业商务活动指数 (%)；原始值 54.5；目录 7a64a6e25aec4a8e9dde044ecd9e2cce
pmi_nonmanufacturing,CHN,2017-06,54.9,指数点,M,,https://data.stats.gov.cn/dg/website/publicrelease/web/external/stream/esData,来源指标：非制造业商务活动指数 (%)；原始值 54.9；目录 7a64a6e25aec4a8e9dde044ecd9e2cce
pmi_nonmanufacturing,CHN,2017-07,54.5,指数点,M,,https://data.stats.gov.cn/dg/website/publicrelease/web/external/stream/esData,来源指标：非制造业商务活动指数 (%)；原始值 54.5；目录 7a64a6e25aec4a8e9dde044ecd9e2cce
pmi_nonmanufacturing,CHN,2017-08,53.4,指数点,M,,https://data.stats.gov.cn/dg/website/publicrelease/web/external/stream/esData,来源指标：非制造业商务活动指数 (%)；原始值 53.4；目录 7a64a6e25aec4a8e9dde044ecd9e2cce
pmi_nonmanufacturing,CHN,2017-09,55.4,指数点,M,,https://data.stats.gov.cn/dg/website/publicrelease/web/external/stream/esData,来源指标：非制造业商务活动指数 (%)；原始值 55.4；目录 7a64a6e25aec4a8e9dde044ecd9e2cce
pmi_nonmanufacturing,CHN,2017-10,54.3,指数点,M,,https://data.stats.gov.cn/dg/website/publicrelease/web/external/stream/esData,来源指标：非制造业商务活动指数 (%)；原始值 54.3；目录 7a64a6e25aec4a8e9dde044ecd9e2cce
pmi_nonmanufacturing,CHN,2017-11,54.8,指数点,M,,https://data.stats.gov.cn/dg/website/publicrelease/web/external/stream/esData,来源指标：非制造业商务活动指数 (%)；原始值 54.8；目录 7a64a6e25aec4a8e9dde044ecd9e2cce
pmi_nonmanufacturing,CHN,2017-12,55.0,指数点,M,,https://data.stats.gov.cn/dg/website/publicrelease/web/external/stream/esData,来源指标：非制造业商务活动指数 (%)；原始值 55.0；目录 7a64a6e25aec4a8e9dde044ecd9e2cce
pmi_nonmanufacturing,CHN,2018-01,55.3,指数点,M,,https://data.stats.gov.cn/dg/website/publicrelease/web/external/stream/esData,来源指标：非制造业商务活动指数 (%)；原始值 55.3；目录 7a64a6e25aec4a8e9dde044ecd9e2cce
pmi_nonmanufacturing,CHN,2018-02,54.4,指数点,M,,https://data.stats.gov.cn/dg/website/publicrelease/web/external/stream/esData,来源指标：非制造业商务活动指数 (%)；原始值 54.4；目录 7a64a6e25aec4a8e9dde044ecd9e2cce
pmi_nonmanufacturing,CHN,2018-03,54.6,指数点,M,,https://data.stats.gov.cn/dg/website/publicrelease/web/external/stream/esData,来源指标：非制造业商务活动指数 (%)；原始值 54.6；目录 7a64a6e25aec4a8e9dde044ecd9e2cce
pmi_nonmanufacturing,CHN,2018-04,54.8,指数点,M,,https://data.stats.gov.cn/dg/website/publicrelease/web/external/stream/esData,来源指标：非制造业商务活动指数 (%)；原始值 54.8；目录 7a64a6e25aec4a8e9dde044ecd9e2cce
pmi_nonmanufacturing,CHN,2018-05,54.9,指数点,M,,https://data.stats.gov.cn/dg/website/publicrelease/web/external/stream/esData,来源指标：非制造业商务活动指数 (%)；原始值 54.9；目录 7a64a6e25aec4a8e9dde044ecd9e2cce
pmi_nonmanufacturing,CHN,2018-06,55.0,指数点,M,,https://data.stats.gov.cn/dg/website/publicrelease/web/external/stream/esData,来源指标：非制造业商务活动指数 (%)；原始值 55.0；目录 7a64a6e25aec4a8e9dde044ecd9e2cce
pmi_nonmanufacturing,CHN,2018-07,54.0,指数点,M,,https://data.stats.gov.cn/dg/website/publicrelease/web/external/stream/esData,来源指标：非制造业商务活动指数 (%)；原始值 54.0；目录 7a64a6e25aec4a8e9dde044ecd9e2cce
pmi_nonmanufacturing,CHN,2018-08,54.2,指数点,M,,https://data.stats.gov.cn/dg/website/publicrelease/web/external/stream/esData,来源指标：非制造业商务活动指数 (%)；原始值 54.2；目录 7a64a6e25aec4a8e9dde044ecd9e2cce
pmi_nonmanufacturing,CHN,2018-09,54.9,指数点,M,,https://data.stats.gov.cn/dg/website/publicrelease/web/external/stream/esData,来源指标：非制造业商务活动指数 (%)；原始值 54.9；目录 7a64a6e25aec4a8e9dde044ecd9e2cce
pmi_nonmanufacturing,CHN,2018-10,53.9,指数点,M,,https://data.stats.gov.cn/dg/website/publicrelease/web/external/stream/esData,来源指标：非制造业商务活动指数 (%)；原始值 53.9；目录 7a64a6e25aec4a8e9dde044ecd9e2cce
pmi_nonmanufacturing,CHN,2018-11,53.4,指数点,M,,https://data.stats.gov.cn/dg/website/publicrelease/web/external/stream/esData,来源指标：非制造业商务活动指数 (%)；原始值 53.4；目录 7a64a6e25aec4a8e9dde044ecd9e2cce
pmi_nonmanufacturing,CHN,2018-12,53.8,指数点,M,,https://data.stats.gov.cn/dg/website/publicrelease/web/external/stream/esData,来源指标：非制造业商务活动指数 (%)；原始值 53.8；目录 7a64a6e25aec4a8e9dde044ecd9e2cce
pmi_nonmanufacturing,CHN,2019-01,54.7,指数点,M,,https://data.stats.gov.cn/dg/website/publicrelease/web/external/stream/esData,来源指标：非制造业商务活动指数 (%)；原始值 54.7；目录 7a64a6e25aec4a8e9dde044ecd9e2cce
pmi_nonmanufacturing,CHN,2019-02,54.3,指数点,M,,https://data.stats.gov.cn/dg/website/publicrelease/web/external/stream/esData,来源指标：非制造业商务活动指数 (%)；原始值 54.3；目录 7a64a6e25aec4a8e9dde044ecd9e2cce
pmi_nonmanufacturing,CHN,2019-03,54.8,指数点,M,,https://data.stats.gov.cn/dg/website/publicrelease/web/external/stream/esData,来源指标：非制造业商务活动指数 (%)；原始值 54.8；目录 7a64a6e25aec4a8e9dde044ecd9e2cce
pmi_nonmanufacturing,CHN,2019-04,54.3,指数点,M,,https://data.stats.gov.cn/dg/website/publicrelease/web/external/stream/esData,来源指标：非制造业商务活动指数 (%)；原始值 54.3；目录 7a64a6e25aec4a8e9dde044ecd9e2cce
pmi_nonmanufacturing,CHN,2019-05,54.3,指数点,M,,https://data.stats.gov.cn/dg/website/publicrelease/web/external/stream/esData,来源指标：非制造业商务活动指数 (%)；原始值 54.3；目录 7a64a6e25aec4a8e9dde044ecd9e2cce
pmi_nonmanufacturing,CHN,2019-06,54.2,指数点,M,,https://data.stats.gov.cn/dg/website/publicrelease/web/external/stream/esData,来源指标：非制造业商务活动指数 (%)；原始值 54.2；目录 7a64a6e25aec4a8e9dde044ecd9e2cce
pmi_nonmanufacturing,CHN,2019-07,53.7,指数点,M,,https://data.stats.gov.cn/dg/website/publicrelease/web/external/stream/esData,来源指标：非制造业商务活动指数 (%)；原始值 53.7；目录 7a64a6e25aec4a8e9dde044ecd9e2cce
pmi_nonmanufacturing,CHN,2019-08,53.8,指数点,M,,https://data.stats.gov.cn/dg/website/publicrelease/web/external/stream/esData,来源指标：非制造业商务活动指数 (%)；原始值 53.8；目录 7a64a6e25aec4a8e9dde044ecd9e2cce
pmi_nonmanufacturing,CHN,2019-09,53.7,指数点,M,,https://data.stats.gov.cn/dg/website/publicrelease/web/external/stream/esData,来源指标：非制造业商务活动指数 (%)；原始值 53.7；目录 7a64a6e25aec4a8e9dde044ecd9e2cce
pmi_nonmanufacturing,CHN,2019-10,52.8,指数点,M,,https://data.stats.gov.cn/dg/website/publicrelease/web/external/stream/esData,来源指标：非制造业商务活动指数 (%)；原始值 52.8；目录 7a64a6e25aec4a8e9dde044ecd9e2cce
pmi_nonmanufacturing,CHN,2019-11,54.4,指数点,M,,https://data.stats.gov.cn/dg/website/publicrelease/web/external/stream/esData,来源指标：非制造业商务活动指数 (%)；原始值 54.4；目录 7a64a6e25aec4a8e9dde044ecd9e2cce
pmi_nonmanufacturing,CHN,2019-12,53.5,指数点,M,,https://data.stats.gov.cn/dg/website/publicrelease/web/external/stream/esData,来源指标：非制造业商务活动指数 (%)；原始值 53.5；目录 7a64a6e25aec4a8e9dde044ecd9e2cce
pmi_nonmanufacturing,CHN,2020-01,54.1,指数点,M,,https://data.stats.gov.cn/dg/website/publicrelease/web/external/stream/esData,来源指标：非制造业商务活动指数 (%)；原始值 54.1；目录 7a64a6e25aec4a8e9dde044ecd9e2cce
pmi_nonmanufacturing,CHN,2020-02,29.6,指数点,M,,https://data.stats.gov.cn/dg/website/publicrelease/web/external/stream/esData,来源指标：非制造业商务活动指数 (%)；原始值 29.6；目录 7a64a6e25aec4a8e9dde044ecd9e2cce
pmi_nonmanufacturing,CHN,2020-03,52.3,指数点,M,,https://data.stats.gov.cn/dg/website/publicrelease/web/external/stream/esData,来源指标：非制造业商务活动指数 (%)；原始值 52.3；目录 7a64a6e25aec4a8e9dde044ecd9e2cce
pmi_nonmanufacturing,CHN,2020-04,53.2,指数点,M,,https://data.stats.gov.cn/dg/website/publicrelease/web/external/stream/esData,来源指标：非制造业商务活动指数 (%)；原始值 53.2；目录 7a64a6e25aec4a8e9dde044ecd9e2cce
pmi_nonmanufacturing,CHN,2020-05,53.6,指数点,M,,https://data.stats.gov.cn/dg/website/publicrelease/web/external/stream/esData,来源指标：非制造业商务活动指数 (%)；原始值 53.6；目录 7a64a6e25aec4a8e9dde044ecd9e2cce
pmi_nonmanufacturing,CHN,2020-06,54.4,指数点,M,,https://data.stats.gov.cn/dg/website/publicrelease/web/external/stream/esData,来源指标：非制造业商务活动指数 (%)；原始值 54.4；目录 7a64a6e25aec4a8e9dde044ecd9e2cce
pmi_nonmanufacturing,CHN,2020-07,54.2,指数点,M,,https://data.stats.gov.cn/dg/website/publicrelease/web/external/stream/esData,来源指标：非制造业商务活动指数 (%)；原始值 54.2；目录 7a64a6e25aec4a8e9dde044ecd9e2cce
pmi_nonmanufacturing,CHN,2020-08,55.2,指数点,M,,https://data.stats.gov.cn/dg/website/publicrelease/web/external/stream/esData,来源指标：非制造业商务活动指数 (%)；原始值 55.2；目录 7a64a6e25aec4a8e9dde044ecd9e2cce
pmi_nonmanufacturing,CHN,2020-09,55.9,指数点,M,,https://data.stats.gov.cn/dg/website/publicrelease/web/external/stream/esData,来源指标：非制造业商务活动指数 (%)；原始值 55.9；目录 7a64a6e25aec4a8e9dde044ecd9e2cce
pmi_nonmanufacturing,CHN,2020-10,56.2,指数点,M,,https://data.stats.gov.cn/dg/website/publicrelease/web/external/stream/esData,来源指标：非制造业商务活动指数 (%)；原始值 56.2；目录 7a64a6e25aec4a8e9dde044ecd9e2cce
pmi_nonmanufacturing,CHN,2020-11,56.4,指数点,M,,https://data.stats.gov.cn/dg/website/publicrelease/web/external/stream/esData,来源指标：非制造业商务活动指数 (%)；原始值 56.4；目录 7a64a6e25aec4a8e9dde044ecd9e2cce
pmi_nonmanufacturing,CHN,2020-12,55.7,指数点,M,,https://data.stats.gov.cn/dg/website/publicrelease/web/external/stream/esData,来源指标：非制造业商务活动指数 (%)；原始值 55.7；目录 7a64a6e25aec4a8e9dde044ecd9e2cce
pmi_nonmanufacturing,CHN,2021-01,52.4,指数点,M,,https://data.stats.gov.cn/dg/website/publicrelease/web/external/stream/esData,来源指标：非制造业商务活动指数 (%)；原始值 52.4；目录 7a64a6e25aec4a8e9dde044ecd9e2cce
pmi_nonmanufacturing,CHN,2021-02,51.4,指数点,M,,https://data.stats.gov.cn/dg/website/publicrelease/web/external/stream/esData,来源指标：非制造业商务活动指数 (%)；原始值 51.4；目录 7a64a6e25aec4a8e9dde044ecd9e2cce
pmi_nonmanufacturing,CHN,2021-03,56.3,指数点,M,,https://data.stats.gov.cn/dg/website/publicrelease/web/external/stream/esData,来源指标：非制造业商务活动指数 (%)；原始值 56.3；目录 7a64a6e25aec4a8e9dde044ecd9e2cce
pmi_nonmanufacturing,CHN,2021-04,54.9,指数点,M,,https://data.stats.gov.cn/dg/website/publicrelease/web/external/stream/esData,来源指标：非制造业商务活动指数 (%)；原始值 54.9；目录 7a64a6e25aec4a8e9dde044ecd9e2cce
pmi_nonmanufacturing,CHN,2021-05,55.2,指数点,M,,https://data.stats.gov.cn/dg/website/publicrelease/web/external/stream/esData,来源指标：非制造业商务活动指数 (%)；原始值 55.2；目录 7a64a6e25aec4a8e9dde044ecd9e2cce
pmi_nonmanufacturing,CHN,2021-06,53.5,指数点,M,,https://data.stats.gov.cn/dg/website/publicrelease/web/external/stream/esData,来源指标：非制造业商务活动指数 (%)；原始值 53.5；目录 7a64a6e25aec4a8e9dde044ecd9e2cce
pmi_nonmanufacturing,CHN,2021-07,53.3,指数点,M,,https://data.stats.gov.cn/dg/website/publicrelease/web/external/stream/esData,来源指标：非制造业商务活动指数 (%)；原始值 53.3；目录 7a64a6e25aec4a8e9dde044ecd9e2cce
pmi_nonmanufacturing,CHN,2021-08,47.5,指数点,M,,https://data.stats.gov.cn/dg/website/publicrelease/web/external/stream/esData,来源指标：非制造业商务活动指数 (%)；原始值 47.5；目录 7a64a6e25aec4a8e9dde044ecd9e2cce
pmi_nonmanufacturing,CHN,2021-09,53.2,指数点,M,,https://data.stats.gov.cn/dg/website/publicrelease/web/external/stream/esData,来源指标：非制造业商务活动指数 (%)；原始值 53.2；目录 7a64a6e25aec4a8e9dde044ecd9e2cce
pmi_nonmanufacturing,CHN,2021-10,52.4,指数点,M,,https://data.stats.gov.cn/dg/website/publicrelease/web/external/stream/esData,来源指标：非制造业商务活动指数 (%)；原始值 52.4；目录 7a64a6e25aec4a8e9dde044ecd9e2cce
pmi_nonmanufacturing,CHN,2021-11,52.3,指数点,M,,https://data.stats.gov.cn/dg/website/publicrelease/web/external/stream/esData,来源指标：非制造业商务活动指数 (%)；原始值 52.3；目录 7a64a6e25aec4a8e9dde044ecd9e2cce
pmi_nonmanufacturing,CHN,2021-12,52.7,指数点,M,,https://data.stats.gov.cn/dg/website/publicrelease/web/external/stream/esData,来源指标：非制造业商务活动指数 (%)；原始值 52.7；目录 7a64a6e25aec4a8e9dde044ecd9e2cce
pmi_nonmanufacturing,CHN,2022-01,51.1,指数点,M,,https://data.stats.gov.cn/dg/website/publicrelease/web/external/stream/esData,来源指标：非制造业商务活动指数 (%)；原始值 51.1；目录 7a64a6e25aec4a8e9dde044ecd9e2cce
pmi_nonmanufacturing,CHN,2022-02,51.6,指数点,M,,https://data.stats.gov.cn/dg/website/publicrelease/web/external/stream/esData,来源指标：非制造业商务活动指数 (%)；原始值 51.6；目录 7a64a6e25aec4a8e9dde044ecd9e2cce
pmi_nonmanufacturing,CHN,2022-03,48.4,指数点,M,,https://data.stats.gov.cn/dg/website/publicrelease/web/external/stream/esData,来源指标：非制造业商务活动指数 (%)；原始值 48.4；目录 7a64a6e25aec4a8e9dde044ecd9e2cce
pmi_nonmanufacturing,CHN,2022-04,41.9,指数点,M,,https://data.stats.gov.cn/dg/website/publicrelease/web/external/stream/esData,来源指标：非制造业商务活动指数 (%)；原始值 41.9；目录 7a64a6e25aec4a8e9dde044ecd9e2cce
pmi_nonmanufacturing,CHN,2022-05,47.8,指数点,M,,https://data.stats.gov.cn/dg/website/publicrelease/web/external/stream/esData,来源指标：非制造业商务活动指数 (%)；原始值 47.8；目录 7a64a6e25aec4a8e9dde044ecd9e2cce
pmi_nonmanufacturing,CHN,2022-06,54.7,指数点,M,,https://data.stats.gov.cn/dg/website/publicrelease/web/external/stream/esData,来源指标：非制造业商务活动指数 (%)；原始值 54.7；目录 7a64a6e25aec4a8e9dde044ecd9e2cce
pmi_nonmanufacturing,CHN,2022-07,53.8,指数点,M,,https://data.stats.gov.cn/dg/website/publicrelease/web/external/stream/esData,来源指标：非制造业商务活动指数 (%)；原始值 53.8；目录 7a64a6e25aec4a8e9dde044ecd9e2cce
pmi_nonmanufacturing,CHN,2022-08,52.6,指数点,M,,https://data.stats.gov.cn/dg/website/publicrelease/web/external/stream/esData,来源指标：非制造业商务活动指数 (%)；原始值 52.6；目录 7a64a6e25aec4a8e9dde044ecd9e2cce
pmi_nonmanufacturing,CHN,2022-09,50.6,指数点,M,,https://data.stats.gov.cn/dg/website/publicrelease/web/external/stream/esData,来源指标：非制造业商务活动指数 (%)；原始值 50.6；目录 7a64a6e25aec4a8e9dde044ecd9e2cce
pmi_nonmanufacturing,CHN,2022-10,48.7,指数点,M,,https://data.stats.gov.cn/dg/website/publicrelease/web/external/stream/esData,来源指标：非制造业商务活动指数 (%)；原始值 48.7；目录 7a64a6e25aec4a8e9dde044ecd9e2cce
pmi_nonmanufacturing,CHN,2022-11,46.7,指数点,M,,https://data.stats.gov.cn/dg/website/publicrelease/web/external/stream/esData,来源指标：非制造业商务活动指数 (%)；原始值 46.7；目录 7a64a6e25aec4a8e9dde044ecd9e2cce
pmi_nonmanufacturing,CHN,2022-12,41.6,指数点,M,,https://data.stats.gov.cn/dg/website/publicrelease/web/external/stream/esData,来源指标：非制造业商务活动指数 (%)；原始值 41.6；目录 7a64a6e25aec4a8e9dde044ecd9e2cce
pmi_nonmanufacturing,CHN,2023-01,54.4,指数点,M,,https://data.stats.gov.cn/dg/website/publicrelease/web/external/stream/esData,来源指标：非制造业商务活动指数 (%)；原始值 54.4；目录 7a64a6e25aec4a8e9dde044ecd9e2cce
pmi_nonmanufacturing,CHN,2023-02,56.3,指数点,M,,https://data.stats.gov.cn/dg/website/publicrelease/web/external/stream/esData,来源指标：非制造业商务活动指数 (%)；原始值 56.3；目录 7a64a6e25aec4a8e9dde044ecd9e2cce
pmi_nonmanufacturing,CHN,2023-03,58.2,指数点,M,,https://data.stats.gov.cn/dg/website/publicrelease/web/external/stream/esData,来源指标：非制造业商务活动指数 (%)；原始值 58.2；目录 7a64a6e25aec4a8e9dde044ecd9e2cce
pmi_nonmanufacturing,CHN,2023-04,56.4,指数点,M,,https://data.stats.gov.cn/dg/website/publicrelease/web/external/stream/esData,来源指标：非制造业商务活动指数 (%)；原始值 56.4；目录 7a64a6e25aec4a8e9dde044ecd9e2cce
pmi_nonmanufacturing,CHN,2023-05,54.5,指数点,M,,https://data.stats.gov.cn/dg/website/publicrelease/web/external/stream/esData,来源指标：非制造业商务活动指数 (%)；原始值 54.5；目录 7a64a6e25aec4a8e9dde044ecd9e2cce
pmi_nonmanufacturing,CHN,2023-06,53.2,指数点,M,,https://data.stats.gov.cn/dg/website/publicrelease/web/external/stream/esData,来源指标：非制造业商务活动指数 (%)；原始值 53.2；目录 7a64a6e25aec4a8e9dde044ecd9e2cce
pmi_nonmanufacturing,CHN,2023-07,51.5,指数点,M,,https://data.stats.gov.cn/dg/website/publicrelease/web/external/stream/esData,来源指标：非制造业商务活动指数 (%)；原始值 51.5；目录 7a64a6e25aec4a8e9dde044ecd9e2cce
pmi_nonmanufacturing,CHN,2023-08,51.0,指数点,M,,https://data.stats.gov.cn/dg/website/publicrelease/web/external/stream/esData,来源指标：非制造业商务活动指数 (%)；原始值 51.0；目录 7a64a6e25aec4a8e9dde044ecd9e2cce
pmi_nonmanufacturing,CHN,2023-09,51.7,指数点,M,,https://data.stats.gov.cn/dg/website/publicrelease/web/external/stream/esData,来源指标：非制造业商务活动指数 (%)；原始值 51.7；目录 7a64a6e25aec4a8e9dde044ecd9e2cce
pmi_nonmanufacturing,CHN,2023-10,50.6,指数点,M,,https://data.stats.gov.cn/dg/website/publicrelease/web/external/stream/esData,来源指标：非制造业商务活动指数 (%)；原始值 50.6；目录 7a64a6e25aec4a8e9dde044ecd9e2cce
pmi_nonmanufacturing,CHN,2023-11,50.2,指数点,M,,https://data.stats.gov.cn/dg/website/publicrelease/web/external/stream/esData,来源指标：非制造业商务活动指数 (%)；原始值 50.2；目录 7a64a6e25aec4a8e9dde044ecd9e2cce
pmi_nonmanufacturing,CHN,2023-12,50.4,指数点,M,,https://data.stats.gov.cn/dg/website/publicrelease/web/external/stream/esData,来源指标：非制造业商务活动指数 (%)；原始值 50.4；目录 7a64a6e25aec4a8e9dde044ecd9e2cce
pmi_nonmanufacturing,CHN,2024-01,50.7,指数点,M,,https://data.stats.gov.cn/dg/website/publicrelease/web/external/stream/esData,来源指标：非制造业商务活动指数 (%)；原始值 50.7；目录 7a64a6e25aec4a8e9dde044ecd9e2cce
pmi_nonmanufacturing,CHN,2024-02,51.4,指数点,M,,https://data.stats.gov.cn/dg/website/publicrelease/web/external/stream/esData,来源指标：非制造业商务活动指数 (%)；原始值 51.4；目录 7a64a6e25aec4a8e9dde044ecd9e2cce
pmi_nonmanufacturing,CHN,2024-03,53.0,指数点,M,,https://data.stats.gov.cn/dg/website/publicrelease/web/external/stream/esData,来源指标：非制造业商务活动指数 (%)；原始值 53.0；目录 7a64a6e25aec4a8e9dde044ecd9e2cce
pmi_nonmanufacturing,CHN,2024-04,51.2,指数点,M,,https://data.stats.gov.cn/dg/website/publicrelease/web/external/stream/esData,来源指标：非制造业商务活动指数 (%)；原始值 51.2；目录 7a64a6e25aec4a8e9dde044ecd9e2cce
pmi_nonmanufacturing,CHN,2024-05,51.1,指数点,M,,https://data.stats.gov.cn/dg/website/publicrelease/web/external/stream/esData,来源指标：非制造业商务活动指数 (%)；原始值 51.1；目录 7a64a6e25aec4a8e9dde044ecd9e2cce
pmi_nonmanufacturing,CHN,2024-06,50.5,指数点,M,,https://data.stats.gov.cn/dg/website/publicrelease/web/external/stream/esData,来源指标：非制造业商务活动指数 (%)；原始值 50.5；目录 7a64a6e25aec4a8e9dde044ecd9e2cce
pmi_nonmanufacturing,CHN,2024-07,50.2,指数点,M,,https://data.stats.gov.cn/dg/website/publicrelease/web/external/stream/esData,来源指标：非制造业商务活动指数 (%)；原始值 50.2；目录 7a64a6e25aec4a8e9dde044ecd9e2cce
pmi_nonmanufacturing,CHN,2024-08,50.3,指数点,M,,https://data.stats.gov.cn/dg/website/publicrelease/web/external/stream/esData,来源指标：非制造业商务活动指数 (%)；原始值 50.3；目录 7a64a6e25aec4a8e9dde044ecd9e2cce
pmi_nonmanufacturing,CHN,2024-09,50.0,指数点,M,,https://data.stats.gov.cn/dg/website/publicrelease/web/external/stream/esData,来源指标：非制造业商务活动指数 (%)；原始值 50.0；目录 7a64a6e25aec4a8e9dde044ecd9e2cce
pmi_nonmanufacturing,CHN,2024-10,50.2,指数点,M,,https://data.stats.gov.cn/dg/website/publicrelease/web/external/stream/esData,来源指标：非制造业商务活动指数 (%)；原始值 50.2；目录 7a64a6e25aec4a8e9dde044ecd9e2cce
pmi_nonmanufacturing,CHN,2024-11,50.0,指数点,M,,https://data.stats.gov.cn/dg/website/publicrelease/web/external/stream/esData,来源指标：非制造业商务活动指数 (%)；原始值 50.0；目录 7a64a6e25aec4a8e9dde044ecd9e2cce
pmi_nonmanufacturing,CHN,2024-12,52.2,指数点,M,,https://data.stats.gov.cn/dg/website/publicrelease/web/external/stream/esData,来源指标：非制造业商务活动指数 (%)；原始值 52.2；目录 7a64a6e25aec4a8e9dde044ecd9e2cce
pmi_nonmanufacturing,CHN,2025-01,50.2,指数点,M,,https://data.stats.gov.cn/dg/website/publicrelease/web/external/stream/esData,来源指标：非制造业商务活动指数 (%)；原始值 50.2；目录 7a64a6e25aec4a8e9dde044ecd9e2cce
pmi_nonmanufacturing,CHN,2025-02,50.4,指数点,M,,https://data.stats.gov.cn/dg/website/publicrelease/web/external/stream/esData,来源指标：非制造业商务活动指数 (%)；原始值 50.4；目录 7a64a6e25aec4a8e9dde044ecd9e2cce
pmi_nonmanufacturing,CHN,2025-03,50.8,指数点,M,,https://data.stats.gov.cn/dg/website/publicrelease/web/external/stream/esData,来源指标：非制造业商务活动指数 (%)；原始值 50.8；目录 7a64a6e25aec4a8e9dde044ecd9e2cce
pmi_nonmanufacturing,CHN,2025-04,50.4,指数点,M,,https://data.stats.gov.cn/dg/website/publicrelease/web/external/stream/esData,来源指标：非制造业商务活动指数 (%)；原始值 50.4；目录 7a64a6e25aec4a8e9dde044ecd9e2cce
pmi_nonmanufacturing,CHN,2025-05,50.3,指数点,M,,https://data.stats.gov.cn/dg/website/publicrelease/web/external/stream/esData,来源指标：非制造业商务活动指数 (%)；原始值 50.3；目录 7a64a6e25aec4a8e9dde044ecd9e2cce
pmi_nonmanufacturing,CHN,2025-06,50.5,指数点,M,,https://data.stats.gov.cn/dg/website/publicrelease/web/external/stream/esData,来源指标：非制造业商务活动指数 (%)；原始值 50.5；目录 7a64a6e25aec4a8e9dde044ecd9e2cce
pmi_nonmanufacturing,CHN,2025-07,50.1,指数点,M,,https://data.stats.gov.cn/dg/website/publicrelease/web/external/stream/esData,来源指标：非制造业商务活动指数 (%)；原始值 50.1；目录 7a64a6e25aec4a8e9dde044ecd9e2cce
pmi_nonmanufacturing,CHN,2025-08,50.3,指数点,M,,https://data.stats.gov.cn/dg/website/publicrelease/web/external/stream/esData,来源指标：非制造业商务活动指数 (%)；原始值 50.3；目录 7a64a6e25aec4a8e9dde044ecd9e2cce
pmi_nonmanufacturing,CHN,2025-09,50.0,指数点,M,,https://data.stats.gov.cn/dg/website/publicrelease/web/external/stream/esData,来源指标：非制造业商务活动指数 (%)；原始值 50.0；目录 7a64a6e25aec4a8e9dde044ecd9e2cce
pmi_nonmanufacturing,CHN,2025-10,50.1,指数点,M,,https://data.stats.gov.cn/dg/website/publicrelease/web/external/stream/esData,来源指标：非制造业商务活动指数 (%)；原始值 50.1；目录 7a64a6e25aec4a8e9dde044ecd9e2cce
pmi_nonmanufacturing,CHN,2025-11,49.5,指数点,M,,https://data.stats.gov.cn/dg/website/publicrelease/web/external/stream/esData,来源指标：非制造业商务活动指数 (%)；原始值 49.5；目录 7a64a6e25aec4a8e9dde044ecd9e2cce
pmi_nonmanufacturing,CHN,2025-12,50.2,指数点,M,,https://data.stats.gov.cn/dg/website/publicrelease/web/external/stream/esData,来源指标：非制造业商务活动指数 (%)；原始值 50.2；目录 7a64a6e25aec4a8e9dde044ecd9e2cce
pmi_nonmanufacturing,CHN,2026-01,49.4,指数点,M,,https://data.stats.gov.cn/dg/website/publicrelease/web/external/stream/esData,来源指标：非制造业商务活动指数 (%)；原始值 49.4；目录 7a64a6e25aec4a8e9dde044ecd9e2cce
pmi_nonmanufacturing,CHN,2026-02,49.5,指数点,M,,https://data.stats.gov.cn/dg/website/publicrelease/web/external/stream/esData,来源指标：非制造业商务活动指数 (%)；原始值 49.5；目录 7a64a6e25aec4a8e9dde044ecd9e2cce
pmi_nonmanufacturing,CHN,2026-03,50.1,指数点,M,,https://data.stats.gov.cn/dg/website/publicrelease/web/external/stream/esData,来源指标：非制造业商务活动指数 (%)；原始值 50.1；目录 7a64a6e25aec4a8e9dde044ecd9e2cce
pmi_nonmanufacturing,CHN,2026-04,49.4,指数点,M,,https://data.stats.gov.cn/dg/website/publicrelease/web/external/stream/esData,来源指标：非制造业商务活动指数 (%)；原始值 49.4；目录 7a64a6e25aec4a8e9dde044ecd9e2cce
pmi_nonmanufacturing,CHN,2026-05,50.1,指数点,M,,https://data.stats.gov.cn/dg/website/publicrelease/web/external/stream/esData,来源指标：非制造业商务活动指数 (%)；原始值 50.1；目录 7a64a6e25aec4a8e9dde044ecd9e2cce
pmi_nonmanufacturing,CHN,2026-06,50.2,指数点,M,,https://data.stats.gov.cn/dg/website/publicrelease/web/external/stream/esData,来源指标：非制造业商务活动指数 (%)；原始值 50.2；目录 7a64a6e25aec4a8e9dde044ecd9e2cce
pmi_nonmanufacturing,CHN,2026-07,49.0,指数点,M,,https://data.stats.gov.cn/dg/website/publicrelease/web/external/stream/esData,来源指标：非制造业商务活动指数 (%)；原始值 49.0；目录 7a64a6e25aec4a8e9dde044ecd9e2cce
pmi_nonmanufacturing,CHN,2026-08,49.0,指数点,M,,https://data.stats.gov.cn/dg/website/publicrelease/web/external/stream/esData,来源指标：非制造业商务活动指数 (%)；原始值 49.0；目录 7a64a6e25aec4a8e9dde044ecd9e2cce
retail_janfeb_yoy,CHN,2000-02,10.9,%,M,,https://data.stats.gov.cn/dg/website/publicrelease/web/external/stream/esData,来源指标：社会消费品零售总额累计增长 (%)；原始值 10.9；目录 d0cb882c7f27443ab6b3ef9421901961；YYYY-02表示当年1—2月累计同比，不是2月单月
retail_janfeb_yoy,CHN,2001-02,10.6,%,M,,https://data.stats.gov.cn/dg/website/publicrelease/web/external/stream/esData,来源指标：社会消费品零售总额累计增长 (%)；原始值 10.6；目录 d0cb882c7f27443ab6b3ef9421901961；YYYY-02表示当年1—2月累计同比，不是2月单月
retail_janfeb_yoy,CHN,2002-02,8.5,%,M,,https://data.stats.gov.cn/dg/website/publicrelease/web/external/stream/esData,来源指标：社会消费品零售总额累计增长 (%)；原始值 8.5；目录 d0cb882c7f27443ab6b3ef9421901961；YYYY-02表示当年1—2月累计同比，不是2月单月
retail_janfeb_yoy,CHN,2003-02,9.2,%,M,,https://data.stats.gov.cn/dg/website/publicrelease/web/external/stream/esData,来源指标：社会消费品零售总额累计增长 (%)；原始值 9.2；目录 d0cb882c7f27443ab6b3ef9421901961；YYYY-02表示当年1—2月累计同比，不是2月单月
retail_janfeb_yoy,CHN,2004-02,10.5,%,M,,https://data.stats.gov.cn/dg/website/publicrelease/web/external/stream/esData,来源指标：社会消费品零售总额累计增长 (%)；原始值 10.5；目录 d0cb882c7f27443ab6b3ef9421901961；YYYY-02表示当年1—2月累计同比，不是2月单月
retail_janfeb_yoy,CHN,2005-02,13.6,%,M,,https://data.stats.gov.cn/dg/website/publicrelease/web/external/stream/esData,来源指标：社会消费品零售总额累计增长 (%)；原始值 13.6；目录 d0cb882c7f27443ab6b3ef9421901961；YYYY-02表示当年1—2月累计同比，不是2月单月
retail_janfeb_yoy,CHN,2006-02,12.5,%,M,,https://data.stats.gov.cn/dg/website/publicrelease/web/external/stream/esData,来源指标：社会消费品零售总额累计增长 (%)；原始值 12.5；目录 d0cb882c7f27443ab6b3ef9421901961；YYYY-02表示当年1—2月累计同比，不是2月单月
retail_janfeb_yoy,CHN,2007-02,14.7,%,M,,https://data.stats.gov.cn/dg/website/publicrelease/web/external/stream/esData,来源指标：社会消费品零售总额累计增长 (%)；原始值 14.7；目录 d0cb882c7f27443ab6b3ef9421901961；YYYY-02表示当年1—2月累计同比，不是2月单月
retail_janfeb_yoy,CHN,2008-02,20.2,%,M,,https://data.stats.gov.cn/dg/website/publicrelease/web/external/stream/esData,来源指标：社会消费品零售总额累计增长 (%)；原始值 20.2；目录 d0cb882c7f27443ab6b3ef9421901961；YYYY-02表示当年1—2月累计同比，不是2月单月
retail_janfeb_yoy,CHN,2009-02,15.2,%,M,,https://data.stats.gov.cn/dg/website/publicrelease/web/external/stream/esData,来源指标：社会消费品零售总额累计增长 (%)；原始值 15.2；目录 d0cb882c7f27443ab6b3ef9421901961；YYYY-02表示当年1—2月累计同比，不是2月单月
retail_janfeb_yoy,CHN,2010-02,17.9,%,M,,https://data.stats.gov.cn/dg/website/publicrelease/web/external/stream/esData,来源指标：社会消费品零售总额累计增长 (%)；原始值 17.9；目录 d0cb882c7f27443ab6b3ef9421901961；YYYY-02表示当年1—2月累计同比，不是2月单月
retail_janfeb_yoy,CHN,2011-02,15.8,%,M,,https://data.stats.gov.cn/dg/website/publicrelease/web/external/stream/esData,来源指标：社会消费品零售总额累计增长 (%)；原始值 15.8；目录 d0cb882c7f27443ab6b3ef9421901961；YYYY-02表示当年1—2月累计同比，不是2月单月
retail_janfeb_yoy,CHN,2012-02,14.7,%,M,,https://data.stats.gov.cn/dg/website/publicrelease/web/external/stream/esData,来源指标：社会消费品零售总额累计增长 (%)；原始值 14.7；目录 d0cb882c7f27443ab6b3ef9421901961；YYYY-02表示当年1—2月累计同比，不是2月单月
retail_janfeb_yoy,CHN,2013-02,12.3,%,M,,https://data.stats.gov.cn/dg/website/publicrelease/web/external/stream/esData,来源指标：社会消费品零售总额累计增长 (%)；原始值 12.3；目录 d0cb882c7f27443ab6b3ef9421901961；YYYY-02表示当年1—2月累计同比，不是2月单月
retail_janfeb_yoy,CHN,2014-02,11.8,%,M,,https://data.stats.gov.cn/dg/website/publicrelease/web/external/stream/esData,来源指标：社会消费品零售总额累计增长 (%)；原始值 11.8；目录 d0cb882c7f27443ab6b3ef9421901961；YYYY-02表示当年1—2月累计同比，不是2月单月
retail_janfeb_yoy,CHN,2015-02,10.7,%,M,,https://data.stats.gov.cn/dg/website/publicrelease/web/external/stream/esData,来源指标：社会消费品零售总额累计增长 (%)；原始值 10.7；目录 d0cb882c7f27443ab6b3ef9421901961；YYYY-02表示当年1—2月累计同比，不是2月单月
retail_janfeb_yoy,CHN,2016-02,10.2,%,M,,https://data.stats.gov.cn/dg/website/publicrelease/web/external/stream/esData,来源指标：社会消费品零售总额累计增长 (%)；原始值 10.2；目录 d0cb882c7f27443ab6b3ef9421901961；YYYY-02表示当年1—2月累计同比，不是2月单月
retail_janfeb_yoy,CHN,2017-02,9.5,%,M,,https://data.stats.gov.cn/dg/website/publicrelease/web/external/stream/esData,来源指标：社会消费品零售总额累计增长 (%)；原始值 9.5；目录 d0cb882c7f27443ab6b3ef9421901961；YYYY-02表示当年1—2月累计同比，不是2月单月
retail_janfeb_yoy,CHN,2018-02,9.7,%,M,,https://data.stats.gov.cn/dg/website/publicrelease/web/external/stream/esData,来源指标：社会消费品零售总额累计增长 (%)；原始值 9.7；目录 d0cb882c7f27443ab6b3ef9421901961；YYYY-02表示当年1—2月累计同比，不是2月单月
retail_janfeb_yoy,CHN,2019-02,8.2,%,M,,https://data.stats.gov.cn/dg/website/publicrelease/web/external/stream/esData,来源指标：社会消费品零售总额累计增长 (%)；原始值 8.2；目录 d0cb882c7f27443ab6b3ef9421901961；YYYY-02表示当年1—2月累计同比，不是2月单月
retail_janfeb_yoy,CHN,2020-02,-20.5,%,M,,https://data.stats.gov.cn/dg/website/publicrelease/web/external/stream/esData,来源指标：社会消费品零售总额累计增长 (%)；原始值 -20.5；目录 d0cb882c7f27443ab6b3ef9421901961；YYYY-02表示当年1—2月累计同比，不是2月单月
retail_janfeb_yoy,CHN,2021-02,33.8,%,M,,https://data.stats.gov.cn/dg/website/publicrelease/web/external/stream/esData,来源指标：社会消费品零售总额累计增长 (%)；原始值 33.8；目录 d0cb882c7f27443ab6b3ef9421901961；YYYY-02表示当年1—2月累计同比，不是2月单月
retail_janfeb_yoy,CHN,2022-02,6.7,%,M,,https://data.stats.gov.cn/dg/website/publicrelease/web/external/stream/esData,来源指标：社会消费品零售总额累计增长 (%)；原始值 6.7；目录 d0cb882c7f27443ab6b3ef9421901961；YYYY-02表示当年1—2月累计同比，不是2月单月
retail_janfeb_yoy,CHN,2023-02,3.5,%,M,,https://data.stats.gov.cn/dg/website/publicrelease/web/external/stream/esData,来源指标：社会消费品零售总额累计增长 (%)；原始值 3.5；目录 d0cb882c7f27443ab6b3ef9421901961；YYYY-02表示当年1—2月累计同比，不是2月单月
retail_janfeb_yoy,CHN,2024-02,5.5,%,M,,https://data.stats.gov.cn/dg/website/publicrelease/web/external/stream/esData,来源指标：社会消费品零售总额累计增长 (%)；原始值 5.5；目录 d0cb882c7f27443ab6b3ef9421901961；YYYY-02表示当年1—2月累计同比，不是2月单月
retail_janfeb_yoy,CHN,2025-02,4.0,%,M,,https://data.stats.gov.cn/dg/website/publicrelease/web/external/stream/esData,来源指标：社会消费品零售总额累计增长 (%)；原始值 4.0；目录 d0cb882c7f27443ab6b3ef9421901961；YYYY-02表示当年1—2月累计同比，不是2月单月
retail_janfeb_yoy,CHN,2026-02,2.8,%,M,,https://data.stats.gov.cn/dg/website/publicrelease/web/external/stream/esData,来源指标：社会消费品零售总额累计增长 (%)；原始值 2.8；目录 d0cb882c7f27443ab6b3ef9421901961；YYYY-02表示当年1—2月累计同比，不是2月单月
retail_yoy,CHN,2000-01,11.3,%,M,,https://data.stats.gov.cn/dg/website/publicrelease/web/external/stream/esData,来源指标：社会消费品零售总额同比增长 (%)；原始值 11.3；目录 d0cb882c7f27443ab6b3ef9421901961
retail_yoy,CHN,2000-02,10.5,%,M,,https://data.stats.gov.cn/dg/website/publicrelease/web/external/stream/esData,来源指标：社会消费品零售总额同比增长 (%)；原始值 10.5；目录 d0cb882c7f27443ab6b3ef9421901961
retail_yoy,CHN,2000-03,9.3,%,M,,https://data.stats.gov.cn/dg/website/publicrelease/web/external/stream/esData,来源指标：社会消费品零售总额同比增长 (%)；原始值 9.3；目录 d0cb882c7f27443ab6b3ef9421901961
retail_yoy,CHN,2000-04,9.1,%,M,,https://data.stats.gov.cn/dg/website/publicrelease/web/external/stream/esData,来源指标：社会消费品零售总额同比增长 (%)；原始值 9.1；目录 d0cb882c7f27443ab6b3ef9421901961
retail_yoy,CHN,2000-05,11.5,%,M,,https://data.stats.gov.cn/dg/website/publicrelease/web/external/stream/esData,来源指标：社会消费品零售总额同比增长 (%)；原始值 11.5；目录 d0cb882c7f27443ab6b3ef9421901961
retail_yoy,CHN,2000-06,8.9,%,M,,https://data.stats.gov.cn/dg/website/publicrelease/web/external/stream/esData,来源指标：社会消费品零售总额同比增长 (%)；原始值 8.9；目录 d0cb882c7f27443ab6b3ef9421901961
retail_yoy,CHN,2000-07,9.1,%,M,,https://data.stats.gov.cn/dg/website/publicrelease/web/external/stream/esData,来源指标：社会消费品零售总额同比增长 (%)；原始值 9.1；目录 d0cb882c7f27443ab6b3ef9421901961
retail_yoy,CHN,2000-08,9.3,%,M,,https://data.stats.gov.cn/dg/website/publicrelease/web/external/stream/esData,来源指标：社会消费品零售总额同比增长 (%)；原始值 9.3；目录 d0cb882c7f27443ab6b3ef9421901961
retail_yoy,CHN,2000-09,9.6,%,M,,https://data.stats.gov.cn/dg/website/publicrelease/web/external/stream/esData,来源指标：社会消费品零售总额同比增长 (%)；原始值 9.6；目录 d0cb882c7f27443ab6b3ef9421901961
retail_yoy,CHN,2000-10,10.4,%,M,,https://data.stats.gov.cn/dg/website/publicrelease/web/external/stream/esData,来源指标：社会消费品零售总额同比增长 (%)；原始值 10.4；目录 d0cb882c7f27443ab6b3ef9421901961
retail_yoy,CHN,2000-11,8.7,%,M,,https://data.stats.gov.cn/dg/website/publicrelease/web/external/stream/esData,来源指标：社会消费品零售总额同比增长 (%)；原始值 8.7；目录 d0cb882c7f27443ab6b3ef9421901961
retail_yoy,CHN,2000-12,8.8,%,M,,https://data.stats.gov.cn/dg/website/publicrelease/web/external/stream/esData,来源指标：社会消费品零售总额同比增长 (%)；原始值 8.8；目录 d0cb882c7f27443ab6b3ef9421901961
retail_yoy,CHN,2001-01,12.5,%,M,,https://data.stats.gov.cn/dg/website/publicrelease/web/external/stream/esData,来源指标：社会消费品零售总额同比增长 (%)；原始值 12.5；目录 d0cb882c7f27443ab6b3ef9421901961
retail_yoy,CHN,2001-02,8.6,%,M,,https://data.stats.gov.cn/dg/website/publicrelease/web/external/stream/esData,来源指标：社会消费品零售总额同比增长 (%)；原始值 8.6；目录 d0cb882c7f27443ab6b3ef9421901961
retail_yoy,CHN,2001-03,9.5,%,M,,https://data.stats.gov.cn/dg/website/publicrelease/web/external/stream/esData,来源指标：社会消费品零售总额同比增长 (%)；原始值 9.5；目录 d0cb882c7f27443ab6b3ef9421901961
retail_yoy,CHN,2001-04,9.7,%,M,,https://data.stats.gov.cn/dg/website/publicrelease/web/external/stream/esData,来源指标：社会消费品零售总额同比增长 (%)；原始值 9.7；目录 d0cb882c7f27443ab6b3ef9421901961
retail_yoy,CHN,2001-05,11.1,%,M,,https://data.stats.gov.cn/dg/website/publicrelease/web/external/stream/esData,来源指标：社会消费品零售总额同比增长 (%)；原始值 11.1；目录 d0cb882c7f27443ab6b3ef9421901961
retail_yoy,CHN,2001-06,10.0,%,M,,https://data.stats.gov.cn/dg/website/publicrelease/web/external/stream/esData,来源指标：社会消费品零售总额同比增长 (%)；原始值 10.0；目录 d0cb882c7f27443ab6b3ef9421901961
retail_yoy,CHN,2001-07,9.8,%,M,,https://data.stats.gov.cn/dg/website/publicrelease/web/external/stream/esData,来源指标：社会消费品零售总额同比增长 (%)；原始值 9.8；目录 d0cb882c7f27443ab6b3ef9421901961
retail_yoy,CHN,2001-08,9.6,%,M,,https://data.stats.gov.cn/dg/website/publicrelease/web/external/stream/esData,来源指标：社会消费品零售总额同比增长 (%)；原始值 9.6；目录 d0cb882c7f27443ab6b3ef9421901961
retail_yoy,CHN,2001-09,9.9,%,M,,https://data.stats.gov.cn/dg/website/publicrelease/web/external/stream/esData,来源指标：社会消费品零售总额同比增长 (%)；原始值 9.9；目录 d0cb882c7f27443ab6b3ef9421901961
retail_yoy,CHN,2001-10,10.5,%,M,,https://data.stats.gov.cn/dg/website/publicrelease/web/external/stream/esData,来源指标：社会消费品零售总额同比增长 (%)；原始值 10.5；目录 d0cb882c7f27443ab6b3ef9421901961
retail_yoy,CHN,2001-11,10.1,%,M,,https://data.stats.gov.cn/dg/website/publicrelease/web/external/stream/esData,来源指标：社会消费品零售总额同比增长 (%)；原始值 10.1；目录 d0cb882c7f27443ab6b3ef9421901961
retail_yoy,CHN,2001-12,9.6,%,M,,https://data.stats.gov.cn/dg/website/publicrelease/web/external/stream/esData,来源指标：社会消费品零售总额同比增长 (%)；原始值 9.6；目录 d0cb882c7f27443ab6b3ef9421901961
retail_yoy,CHN,2002-01,7.9,%,M,,https://data.stats.gov.cn/dg/website/publicrelease/web/external/stream/esData,来源指标：社会消费品零售总额同比增长 (%)；原始值 7.9；目录 d0cb882c7f27443ab6b3ef9421901961
retail_yoy,CHN,2002-02,9.1,%,M,,https://data.stats.gov.cn/dg/website/publicrelease/web/external/stream/esData,来源指标：社会消费品零售总额同比增长 (%)；原始值 9.1；目录 d0cb882c7f27443ab6b3ef9421901961
retail_yoy,CHN,2002-03,8.3,%,M,,https://data.stats.gov.cn/dg/website/publicrelease/web/external/stream/esData,来源指标：社会消费品零售总额同比增长 (%)；原始值 8.3；目录 d0cb882c7f27443ab6b3ef9421901961
retail_yoy,CHN,2002-04,8.2,%,M,,https://data.stats.gov.cn/dg/website/publicrelease/web/external/stream/esData,来源指标：社会消费品零售总额同比增长 (%)；原始值 8.2；目录 d0cb882c7f27443ab6b3ef9421901961
retail_yoy,CHN,2002-05,9.3,%,M,,https://data.stats.gov.cn/dg/website/publicrelease/web/external/stream/esData,来源指标：社会消费品零售总额同比增长 (%)；原始值 9.3；目录 d0cb882c7f27443ab6b3ef9421901961
retail_yoy,CHN,2002-06,8.6,%,M,,https://data.stats.gov.cn/dg/website/publicrelease/web/external/stream/esData,来源指标：社会消费品零售总额同比增长 (%)；原始值 8.6；目录 d0cb882c7f27443ab6b3ef9421901961
retail_yoy,CHN,2002-07,8.6,%,M,,https://data.stats.gov.cn/dg/website/publicrelease/web/external/stream/esData,来源指标：社会消费品零售总额同比增长 (%)；原始值 8.6；目录 d0cb882c7f27443ab6b3ef9421901961
retail_yoy,CHN,2002-08,8.8,%,M,,https://data.stats.gov.cn/dg/website/publicrelease/web/external/stream/esData,来源指标：社会消费品零售总额同比增长 (%)；原始值 8.8；目录 d0cb882c7f27443ab6b3ef9421901961
retail_yoy,CHN,2002-09,9.1,%,M,,https://data.stats.gov.cn/dg/website/publicrelease/web/external/stream/esData,来源指标：社会消费品零售总额同比增长 (%)；原始值 9.1；目录 d0cb882c7f27443ab6b3ef9421901961
retail_yoy,CHN,2002-10,9.4,%,M,,https://data.stats.gov.cn/dg/website/publicrelease/web/external/stream/esData,来源指标：社会消费品零售总额同比增长 (%)；原始值 9.4；目录 d0cb882c7f27443ab6b3ef9421901961
retail_yoy,CHN,2002-11,9.1,%,M,,https://data.stats.gov.cn/dg/website/publicrelease/web/external/stream/esData,来源指标：社会消费品零售总额同比增长 (%)；原始值 9.1；目录 d0cb882c7f27443ab6b3ef9421901961
retail_yoy,CHN,2002-12,9.2,%,M,,https://data.stats.gov.cn/dg/website/publicrelease/web/external/stream/esData,来源指标：社会消费品零售总额同比增长 (%)；原始值 9.2；目录 d0cb882c7f27443ab6b3ef9421901961
retail_yoy,CHN,2003-01,10.0,%,M,,https://data.stats.gov.cn/dg/website/publicrelease/web/external/stream/esData,来源指标：社会消费品零售总额同比增长 (%)；原始值 10.0；目录 d0cb882c7f27443ab6b3ef9421901961
retail_yoy,CHN,2003-02,8.5,%,M,,https://data.stats.gov.cn/dg/website/publicrelease/web/external/stream/esData,来源指标：社会消费品零售总额同比增长 (%)；原始值 8.5；目录 d0cb882c7f27443ab6b3ef9421901961
retail_yoy,CHN,2003-03,9.3,%,M,,https://data.stats.gov.cn/dg/website/publicrelease/web/external/stream/esData,来源指标：社会消费品零售总额同比增长 (%)；原始值 9.3；目录 d0cb882c7f27443ab6b3ef9421901961
retail_yoy,CHN,2003-04,7.7,%,M,,https://data.stats.gov.cn/dg/website/publicrelease/web/external/stream/esData,来源指标：社会消费品零售总额同比增长 (%)；原始值 7.7；目录 d0cb882c7f27443ab6b3ef9421901961
retail_yoy,CHN,2003-05,4.3,%,M,,https://data.stats.gov.cn/dg/website/publicrelease/web/external/stream/esData,来源指标：社会消费品零售总额同比增长 (%)；原始值 4.3；目录 d0cb882c7f27443ab6b3ef9421901961
retail_yoy,CHN,2003-06,8.3,%,M,,https://data.stats.gov.cn/dg/website/publicrelease/web/external/stream/esData,来源指标：社会消费品零售总额同比增长 (%)；原始值 8.3；目录 d0cb882c7f27443ab6b3ef9421901961
retail_yoy,CHN,2003-07,9.8,%,M,,https://data.stats.gov.cn/dg/website/publicrelease/web/external/stream/esData,来源指标：社会消费品零售总额同比增长 (%)；原始值 9.8；目录 d0cb882c7f27443ab6b3ef9421901961
retail_yoy,CHN,2003-08,9.9,%,M,,https://data.stats.gov.cn/dg/website/publicrelease/web/external/stream/esData,来源指标：社会消费品零售总额同比增长 (%)；原始值 9.9；目录 d0cb882c7f27443ab6b3ef9421901961
retail_yoy,CHN,2003-09,9.5,%,M,,https://data.stats.gov.cn/dg/website/publicrelease/web/external/stream/esData,来源指标：社会消费品零售总额同比增长 (%)；原始值 9.5；目录 d0cb882c7f27443ab6b3ef9421901961
retail_yoy,CHN,2003-10,10.2,%,M,,https://data.stats.gov.cn/dg/website/publicrelease/web/external/stream/esData,来源指标：社会消费品零售总额同比增长 (%)；原始值 10.2；目录 d0cb882c7f27443ab6b3ef9421901961
retail_yoy,CHN,2003-11,9.7,%,M,,https://data.stats.gov.cn/dg/website/publicrelease/web/external/stream/esData,来源指标：社会消费品零售总额同比增长 (%)；原始值 9.7；目录 d0cb882c7f27443ab6b3ef9421901961
retail_yoy,CHN,2003-12,10.9,%,M,,https://data.stats.gov.cn/dg/website/publicrelease/web/external/stream/esData,来源指标：社会消费品零售总额同比增长 (%)；原始值 10.9；目录 d0cb882c7f27443ab6b3ef9421901961
retail_yoy,CHN,2004-01,11.8,%,M,,https://data.stats.gov.cn/dg/website/publicrelease/web/external/stream/esData,来源指标：社会消费品零售总额同比增长 (%)；原始值 11.8；目录 d0cb882c7f27443ab6b3ef9421901961
retail_yoy,CHN,2004-02,9.2,%,M,,https://data.stats.gov.cn/dg/website/publicrelease/web/external/stream/esData,来源指标：社会消费品零售总额同比增长 (%)；原始值 9.2；目录 d0cb882c7f27443ab6b3ef9421901961
retail_yoy,CHN,2004-03,11.1,%,M,,https://data.stats.gov.cn/dg/website/publicrelease/web/external/stream/esData,来源指标：社会消费品零售总额同比增长 (%)；原始值 11.1；目录 d0cb882c7f27443ab6b3ef9421901961
retail_yoy,CHN,2004-04,13.2,%,M,,https://data.stats.gov.cn/dg/website/publicrelease/web/external/stream/esData,来源指标：社会消费品零售总额同比增长 (%)；原始值 13.2；目录 d0cb882c7f27443ab6b3ef9421901961
retail_yoy,CHN,2004-05,17.8,%,M,,https://data.stats.gov.cn/dg/website/publicrelease/web/external/stream/esData,来源指标：社会消费品零售总额同比增长 (%)；原始值 17.8；目录 d0cb882c7f27443ab6b3ef9421901961
retail_yoy,CHN,2004-06,13.9,%,M,,https://data.stats.gov.cn/dg/website/publicrelease/web/external/stream/esData,来源指标：社会消费品零售总额同比增长 (%)；原始值 13.9；目录 d0cb882c7f27443ab6b3ef9421901961
retail_yoy,CHN,2004-07,13.2,%,M,,https://data.stats.gov.cn/dg/website/publicrelease/web/external/stream/esData,来源指标：社会消费品零售总额同比增长 (%)；原始值 13.2；目录 d0cb882c7f27443ab6b3ef9421901961
retail_yoy,CHN,2004-08,13.1,%,M,,https://data.stats.gov.cn/dg/website/publicrelease/web/external/stream/esData,来源指标：社会消费品零售总额同比增长 (%)；原始值 13.1；目录 d0cb882c7f27443ab6b3ef9421901961
retail_yoy,CHN,2004-09,14.0,%,M,,https://data.stats.gov.cn/dg/website/publicrelease/web/external/stream/esData,来源指标：社会消费品零售总额同比增长 (%)；原始值 14.0；目录 d0cb882c7f27443ab6b3ef9421901961
retail_yoy,CHN,2004-10,14.2,%,M,,https://data.stats.gov.cn/dg/website/publicrelease/web/external/stream/esData,来源指标：社会消费品零售总额同比增长 (%)；原始值 14.2；目录 d0cb882c7f27443ab6b3ef9421901961
retail_yoy,CHN,2004-11,13.9,%,M,,https://data.stats.gov.cn/dg/website/publicrelease/web/external/stream/esData,来源指标：社会消费品零售总额同比增长 (%)；原始值 13.9；目录 d0cb882c7f27443ab6b3ef9421901961
retail_yoy,CHN,2004-12,14.5,%,M,,https://data.stats.gov.cn/dg/website/publicrelease/web/external/stream/esData,来源指标：社会消费品零售总额同比增长 (%)；原始值 14.5；目录 d0cb882c7f27443ab6b3ef9421901961
retail_yoy,CHN,2005-01,11.5,%,M,,https://data.stats.gov.cn/dg/website/publicrelease/web/external/stream/esData,来源指标：社会消费品零售总额同比增长 (%)；原始值 11.5；目录 d0cb882c7f27443ab6b3ef9421901961
retail_yoy,CHN,2005-02,15.8,%,M,,https://data.stats.gov.cn/dg/website/publicrelease/web/external/stream/esData,来源指标：社会消费品零售总额同比增长 (%)；原始值 15.8；目录 d0cb882c7f27443ab6b3ef9421901961
retail_yoy,CHN,2005-03,13.9,%,M,,https://data.stats.gov.cn/dg/website/publicrelease/web/external/stream/esData,来源指标：社会消费品零售总额同比增长 (%)；原始值 13.9；目录 d0cb882c7f27443ab6b3ef9421901961
retail_yoy,CHN,2005-04,12.2,%,M,,https://data.stats.gov.cn/dg/website/publicrelease/web/external/stream/esData,来源指标：社会消费品零售总额同比增长 (%)；原始值 12.2；目录 d0cb882c7f27443ab6b3ef9421901961
retail_yoy,CHN,2005-05,12.8,%,M,,https://data.stats.gov.cn/dg/website/publicrelease/web/external/stream/esData,来源指标：社会消费品零售总额同比增长 (%)；原始值 12.8；目录 d0cb882c7f27443ab6b3ef9421901961
retail_yoy,CHN,2005-06,12.9,%,M,,https://data.stats.gov.cn/dg/website/publicrelease/web/external/stream/esData,来源指标：社会消费品零售总额同比增长 (%)；原始值 12.9；目录 d0cb882c7f27443ab6b3ef9421901961
retail_yoy,CHN,2005-07,12.7,%,M,,https://data.stats.gov.cn/dg/website/publicrelease/web/external/stream/esData,来源指标：社会消费品零售总额同比增长 (%)；原始值 12.7；目录 d0cb882c7f27443ab6b3ef9421901961
retail_yoy,CHN,2005-08,12.5,%,M,,https://data.stats.gov.cn/dg/website/publicrelease/web/external/stream/esData,来源指标：社会消费品零售总额同比增长 (%)；原始值 12.5；目录 d0cb882c7f27443ab6b3ef9421901961
retail_yoy,CHN,2005-09,12.7,%,M,,https://data.stats.gov.cn/dg/website/publicrelease/web/external/stream/esData,来源指标：社会消费品零售总额同比增长 (%)；原始值 12.7；目录 d0cb882c7f27443ab6b3ef9421901961
retail_yoy,CHN,2005-10,12.8,%,M,,https://data.stats.gov.cn/dg/website/publicrelease/web/external/stream/esData,来源指标：社会消费品零售总额同比增长 (%)；原始值 12.8；目录 d0cb882c7f27443ab6b3ef9421901961
retail_yoy,CHN,2005-11,12.4,%,M,,https://data.stats.gov.cn/dg/website/publicrelease/web/external/stream/esData,来源指标：社会消费品零售总额同比增长 (%)；原始值 12.4；目录 d0cb882c7f27443ab6b3ef9421901961
retail_yoy,CHN,2005-12,12.5,%,M,,https://data.stats.gov.cn/dg/website/publicrelease/web/external/stream/esData,来源指标：社会消费品零售总额同比增长 (%)；原始值 12.5；目录 d0cb882c7f27443ab6b3ef9421901961
retail_yoy,CHN,2006-01,15.5,%,M,,https://data.stats.gov.cn/dg/website/publicrelease/web/external/stream/esData,来源指标：社会消费品零售总额同比增长 (%)；原始值 15.5；目录 d0cb882c7f27443ab6b3ef9421901961
retail_yoy,CHN,2006-02,9.4,%,M,,https://data.stats.gov.cn/dg/website/publicrelease/web/external/stream/esData,来源指标：社会消费品零售总额同比增长 (%)；原始值 9.4；目录 d0cb882c7f27443ab6b3ef9421901961
retail_yoy,CHN,2006-03,13.5,%,M,,https://data.stats.gov.cn/dg/website/publicrelease/web/external/stream/esData,来源指标：社会消费品零售总额同比增长 (%)；原始值 13.5；目录 d0cb882c7f27443ab6b3ef9421901961
retail_yoy,CHN,2006-04,13.6,%,M,,https://data.stats.gov.cn/dg/website/publicrelease/web/external/stream/esData,来源指标：社会消费品零售总额同比增长 (%)；原始值 13.6；目录 d0cb882c7f27443ab6b3ef9421901961
retail_yoy,CHN,2006-05,14.2,%,M,,https://data.stats.gov.cn/dg/website/publicrelease/web/external/stream/esData,来源指标：社会消费品零售总额同比增长 (%)；原始值 14.2；目录 d0cb882c7f27443ab6b3ef9421901961
retail_yoy,CHN,2006-06,13.9,%,M,,https://data.stats.gov.cn/dg/website/publicrelease/web/external/stream/esData,来源指标：社会消费品零售总额同比增长 (%)；原始值 13.9；目录 d0cb882c7f27443ab6b3ef9421901961
retail_yoy,CHN,2006-07,13.7,%,M,,https://data.stats.gov.cn/dg/website/publicrelease/web/external/stream/esData,来源指标：社会消费品零售总额同比增长 (%)；原始值 13.7；目录 d0cb882c7f27443ab6b3ef9421901961
retail_yoy,CHN,2006-08,13.8,%,M,,https://data.stats.gov.cn/dg/website/publicrelease/web/external/stream/esData,来源指标：社会消费品零售总额同比增长 (%)；原始值 13.8；目录 d0cb882c7f27443ab6b3ef9421901961
retail_yoy,CHN,2006-09,13.9,%,M,,https://data.stats.gov.cn/dg/website/publicrelease/web/external/stream/esData,来源指标：社会消费品零售总额同比增长 (%)；原始值 13.9；目录 d0cb882c7f27443ab6b3ef9421901961
retail_yoy,CHN,2006-10,14.3,%,M,,https://data.stats.gov.cn/dg/website/publicrelease/web/external/stream/esData,来源指标：社会消费品零售总额同比增长 (%)；原始值 14.3；目录 d0cb882c7f27443ab6b3ef9421901961
retail_yoy,CHN,2006-11,14.1,%,M,,https://data.stats.gov.cn/dg/website/publicrelease/web/external/stream/esData,来源指标：社会消费品零售总额同比增长 (%)；原始值 14.1；目录 d0cb882c7f27443ab6b3ef9421901961
retail_yoy,CHN,2006-12,14.6,%,M,,https://data.stats.gov.cn/dg/website/publicrelease/web/external/stream/esData,来源指标：社会消费品零售总额同比增长 (%)；原始值 14.6；目录 d0cb882c7f27443ab6b3ef9421901961
retail_yoy,CHN,2007-01,12.7,%,M,,https://data.stats.gov.cn/dg/website/publicrelease/web/external/stream/esData,来源指标：社会消费品零售总额同比增长 (%)；原始值 12.7；目录 d0cb882c7f27443ab6b3ef9421901961
retail_yoy,CHN,2007-02,16.9,%,M,,https://data.stats.gov.cn/dg/website/publicrelease/web/external/stream/esData,来源指标：社会消费品零售总额同比增长 (%)；原始值 16.9；目录 d0cb882c7f27443ab6b3ef9421901961
retail_yoy,CHN,2007-03,15.3,%,M,,https://data.stats.gov.cn/dg/website/publicrelease/web/external/stream/esData,来源指标：社会消费品零售总额同比增长 (%)；原始值 15.3；目录 d0cb882c7f27443ab6b3ef9421901961
retail_yoy,CHN,2007-04,15.5,%,M,,https://data.stats.gov.cn/dg/website/publicrelease/web/external/stream/esData,来源指标：社会消费品零售总额同比增长 (%)；原始值 15.5；目录 d0cb882c7f27443ab6b3ef9421901961
retail_yoy,CHN,2007-05,15.9,%,M,,https://data.stats.gov.cn/dg/website/publicrelease/web/external/stream/esData,来源指标：社会消费品零售总额同比增长 (%)；原始值 15.9；目录 d0cb882c7f27443ab6b3ef9421901961
retail_yoy,CHN,2007-06,16.0,%,M,,https://data.stats.gov.cn/dg/website/publicrelease/web/external/stream/esData,来源指标：社会消费品零售总额同比增长 (%)；原始值 16.0；目录 d0cb882c7f27443ab6b3ef9421901961
retail_yoy,CHN,2007-07,16.4,%,M,,https://data.stats.gov.cn/dg/website/publicrelease/web/external/stream/esData,来源指标：社会消费品零售总额同比增长 (%)；原始值 16.4；目录 d0cb882c7f27443ab6b3ef9421901961
retail_yoy,CHN,2007-08,17.1,%,M,,https://data.stats.gov.cn/dg/website/publicrelease/web/external/stream/esData,来源指标：社会消费品零售总额同比增长 (%)；原始值 17.1；目录 d0cb882c7f27443ab6b3ef9421901961
retail_yoy,CHN,2007-09,17.0,%,M,,https://data.stats.gov.cn/dg/website/publicrelease/web/external/stream/esData,来源指标：社会消费品零售总额同比增长 (%)；原始值 17.0；目录 d0cb882c7f27443ab6b3ef9421901961
retail_yoy,CHN,2007-10,18.1,%,M,,https://data.stats.gov.cn/dg/website/publicrelease/web/external/stream/esData,来源指标：社会消费品零售总额同比增长 (%)；原始值 18.1；目录 d0cb882c7f27443ab6b3ef9421901961
retail_yoy,CHN,2007-11,18.8,%,M,,https://data.stats.gov.cn/dg/website/publicrelease/web/external/stream/esData,来源指标：社会消费品零售总额同比增长 (%)；原始值 18.8；目录 d0cb882c7f27443ab6b3ef9421901961
retail_yoy,CHN,2007-12,20.2,%,M,,https://data.stats.gov.cn/dg/website/publicrelease/web/external/stream/esData,来源指标：社会消费品零售总额同比增长 (%)；原始值 20.2；目录 d0cb882c7f27443ab6b3ef9421901961
retail_yoy,CHN,2008-01,21.2,%,M,,https://data.stats.gov.cn/dg/website/publicrelease/web/external/stream/esData,来源指标：社会消费品零售总额同比增长 (%)；原始值 21.2；目录 d0cb882c7f27443ab6b3ef9421901961
retail_yoy,CHN,2008-02,19.1,%,M,,https://data.stats.gov.cn/dg/website/publicrelease/web/external/stream/esData,来源指标：社会消费品零售总额同比增长 (%)；原始值 19.1；目录 d0cb882c7f27443ab6b3ef9421901961
retail_yoy,CHN,2008-03,21.5,%,M,,https://data.stats.gov.cn/dg/website/publicrelease/web/external/stream/esData,来源指标：社会消费品零售总额同比增长 (%)；原始值 21.5；目录 d0cb882c7f27443ab6b3ef9421901961
retail_yoy,CHN,2008-04,22.0,%,M,,https://data.stats.gov.cn/dg/website/publicrelease/web/external/stream/esData,来源指标：社会消费品零售总额同比增长 (%)；原始值 22.0；目录 d0cb882c7f27443ab6b3ef9421901961
retail_yoy,CHN,2008-05,21.6,%,M,,https://data.stats.gov.cn/dg/website/publicrelease/web/external/stream/esData,来源指标：社会消费品零售总额同比增长 (%)；原始值 21.6；目录 d0cb882c7f27443ab6b3ef9421901961
retail_yoy,CHN,2008-06,23.0,%,M,,https://data.stats.gov.cn/dg/website/publicrelease/web/external/stream/esData,来源指标：社会消费品零售总额同比增长 (%)；原始值 23.0；目录 d0cb882c7f27443ab6b3ef9421901961
retail_yoy,CHN,2008-07,23.3,%,M,,https://data.stats.gov.cn/dg/website/publicrelease/web/external/stream/esData,来源指标：社会消费品零售总额同比增长 (%)；原始值 23.3；目录 d0cb882c7f27443ab6b3ef9421901961
retail_yoy,CHN,2008-08,23.2,%,M,,https://data.stats.gov.cn/dg/website/publicrelease/web/external/stream/esData,来源指标：社会消费品零售总额同比增长 (%)；原始值 23.2；目录 d0cb882c7f27443ab6b3ef9421901961
retail_yoy,CHN,2008-09,23.2,%,M,,https://data.stats.gov.cn/dg/website/publicrelease/web/external/stream/esData,来源指标：社会消费品零售总额同比增长 (%)；原始值 23.2；目录 d0cb882c7f27443ab6b3ef9421901961
retail_yoy,CHN,2008-10,22.0,%,M,,https://data.stats.gov.cn/dg/website/publicrelease/web/external/stream/esData,来源指标：社会消费品零售总额同比增长 (%)；原始值 22.0；目录 d0cb882c7f27443ab6b3ef9421901961
retail_yoy,CHN,2008-11,20.8,%,M,,https://data.stats.gov.cn/dg/website/publicrelease/web/external/stream/esData,来源指标：社会消费品零售总额同比增长 (%)；原始值 20.8；目录 d0cb882c7f27443ab6b3ef9421901961
retail_yoy,CHN,2008-12,19.0,%,M,,https://data.stats.gov.cn/dg/website/publicrelease/web/external/stream/esData,来源指标：社会消费品零售总额同比增长 (%)；原始值 19.0；目录 d0cb882c7f27443ab6b3ef9421901961
retail_yoy,CHN,2009-01,18.5,%,M,,https://data.stats.gov.cn/dg/website/publicrelease/web/external/stream/esData,来源指标：社会消费品零售总额同比增长 (%)；原始值 18.5；目录 d0cb882c7f27443ab6b3ef9421901961
retail_yoy,CHN,2009-02,11.6,%,M,,https://data.stats.gov.cn/dg/website/publicrelease/web/external/stream/esData,来源指标：社会消费品零售总额同比增长 (%)；原始值 11.6；目录 d0cb882c7f27443ab6b3ef9421901961
retail_yoy,CHN,2009-03,14.7,%,M,,https://data.stats.gov.cn/dg/website/publicrelease/web/external/stream/esData,来源指标：社会消费品零售总额同比增长 (%)；原始值 14.7；目录 d0cb882c7f27443ab6b3ef9421901961
retail_yoy,CHN,2009-04,14.8,%,M,,https://data.stats.gov.cn/dg/website/publicrelease/web/external/stream/esData,来源指标：社会消费品零售总额同比增长 (%)；原始值 14.8；目录 d0cb882c7f27443ab6b3ef9421901961
retail_yoy,CHN,2009-05,15.2,%,M,,https://data.stats.gov.cn/dg/website/publicrelease/web/external/stream/esData,来源指标：社会消费品零售总额同比增长 (%)；原始值 15.2；目录 d0cb882c7f27443ab6b3ef9421901961
retail_yoy,CHN,2009-06,15.0,%,M,,https://data.stats.gov.cn/dg/website/publicrelease/web/external/stream/esData,来源指标：社会消费品零售总额同比增长 (%)；原始值 15.0；目录 d0cb882c7f27443ab6b3ef9421901961
retail_yoy,CHN,2009-07,15.2,%,M,,https://data.stats.gov.cn/dg/website/publicrelease/web/external/stream/esData,来源指标：社会消费品零售总额同比增长 (%)；原始值 15.2；目录 d0cb882c7f27443ab6b3ef9421901961
retail_yoy,CHN,2009-08,15.4,%,M,,https://data.stats.gov.cn/dg/website/publicrelease/web/external/stream/esData,来源指标：社会消费品零售总额同比增长 (%)；原始值 15.4；目录 d0cb882c7f27443ab6b3ef9421901961
retail_yoy,CHN,2009-09,15.5,%,M,,https://data.stats.gov.cn/dg/website/publicrelease/web/external/stream/esData,来源指标：社会消费品零售总额同比增长 (%)；原始值 15.5；目录 d0cb882c7f27443ab6b3ef9421901961
retail_yoy,CHN,2009-10,16.2,%,M,,https://data.stats.gov.cn/dg/website/publicrelease/web/external/stream/esData,来源指标：社会消费品零售总额同比增长 (%)；原始值 16.2；目录 d0cb882c7f27443ab6b3ef9421901961
retail_yoy,CHN,2009-11,15.8,%,M,,https://data.stats.gov.cn/dg/website/publicrelease/web/external/stream/esData,来源指标：社会消费品零售总额同比增长 (%)；原始值 15.8；目录 d0cb882c7f27443ab6b3ef9421901961
retail_yoy,CHN,2009-12,17.5,%,M,,https://data.stats.gov.cn/dg/website/publicrelease/web/external/stream/esData,来源指标：社会消费品零售总额同比增长 (%)；原始值 17.5；目录 d0cb882c7f27443ab6b3ef9421901961
retail_yoy,CHN,2010-01,14.0,%,M,,https://data.stats.gov.cn/dg/website/publicrelease/web/external/stream/esData,来源指标：社会消费品零售总额同比增长 (%)；原始值 14.0；目录 d0cb882c7f27443ab6b3ef9421901961
retail_yoy,CHN,2010-02,22.1,%,M,,https://data.stats.gov.cn/dg/website/publicrelease/web/external/stream/esData,来源指标：社会消费品零售总额同比增长 (%)；原始值 22.1；目录 d0cb882c7f27443ab6b3ef9421901961
retail_yoy,CHN,2010-03,18.0,%,M,,https://data.stats.gov.cn/dg/website/publicrelease/web/external/stream/esData,来源指标：社会消费品零售总额同比增长 (%)；原始值 18.0；目录 d0cb882c7f27443ab6b3ef9421901961
retail_yoy,CHN,2010-04,18.5,%,M,,https://data.stats.gov.cn/dg/website/publicrelease/web/external/stream/esData,来源指标：社会消费品零售总额同比增长 (%)；原始值 18.5；目录 d0cb882c7f27443ab6b3ef9421901961
retail_yoy,CHN,2010-05,18.7,%,M,,https://data.stats.gov.cn/dg/website/publicrelease/web/external/stream/esData,来源指标：社会消费品零售总额同比增长 (%)；原始值 18.7；目录 d0cb882c7f27443ab6b3ef9421901961
retail_yoy,CHN,2010-06,18.3,%,M,,https://data.stats.gov.cn/dg/website/publicrelease/web/external/stream/esData,来源指标：社会消费品零售总额同比增长 (%)；原始值 18.3；目录 d0cb882c7f27443ab6b3ef9421901961
retail_yoy,CHN,2010-07,17.9,%,M,,https://data.stats.gov.cn/dg/website/publicrelease/web/external/stream/esData,来源指标：社会消费品零售总额同比增长 (%)；原始值 17.9；目录 d0cb882c7f27443ab6b3ef9421901961
retail_yoy,CHN,2010-08,18.4,%,M,,https://data.stats.gov.cn/dg/website/publicrelease/web/external/stream/esData,来源指标：社会消费品零售总额同比增长 (%)；原始值 18.4；目录 d0cb882c7f27443ab6b3ef9421901961
retail_yoy,CHN,2010-09,18.8,%,M,,https://data.stats.gov.cn/dg/website/publicrelease/web/external/stream/esData,来源指标：社会消费品零售总额同比增长 (%)；原始值 18.8；目录 d0cb882c7f27443ab6b3ef9421901961
retail_yoy,CHN,2010-10,18.6,%,M,,https://data.stats.gov.cn/dg/website/publicrelease/web/external/stream/esData,来源指标：社会消费品零售总额同比增长 (%)；原始值 18.6；目录 d0cb882c7f27443ab6b3ef9421901961
retail_yoy,CHN,2010-11,18.7,%,M,,https://data.stats.gov.cn/dg/website/publicrelease/web/external/stream/esData,来源指标：社会消费品零售总额同比增长 (%)；原始值 18.7；目录 d0cb882c7f27443ab6b3ef9421901961
retail_yoy,CHN,2010-12,19.1,%,M,,https://data.stats.gov.cn/dg/website/publicrelease/web/external/stream/esData,来源指标：社会消费品零售总额同比增长 (%)；原始值 19.1；目录 d0cb882c7f27443ab6b3ef9421901961
retail_yoy,CHN,2011-01,19.9,%,M,,https://data.stats.gov.cn/dg/website/publicrelease/web/external/stream/esData,来源指标：社会消费品零售总额同比增长 (%)；原始值 19.9；目录 d0cb882c7f27443ab6b3ef9421901961
retail_yoy,CHN,2011-02,11.6,%,M,,https://data.stats.gov.cn/dg/website/publicrelease/web/external/stream/esData,来源指标：社会消费品零售总额同比增长 (%)；原始值 11.6；目录 d0cb882c7f27443ab6b3ef9421901961
retail_yoy,CHN,2011-03,17.4,%,M,,https://data.stats.gov.cn/dg/website/publicrelease/web/external/stream/esData,来源指标：社会消费品零售总额同比增长 (%)；原始值 17.4；目录 d0cb882c7f27443ab6b3ef9421901961
retail_yoy,CHN,2011-04,17.1,%,M,,https://data.stats.gov.cn/dg/website/publicrelease/web/external/stream/esData,来源指标：社会消费品零售总额同比增长 (%)；原始值 17.1；目录 d0cb882c7f27443ab6b3ef9421901961
retail_yoy,CHN,2011-05,16.9,%,M,,https://data.stats.gov.cn/dg/website/publicrelease/web/external/stream/esData,来源指标：社会消费品零售总额同比增长 (%)；原始值 16.9；目录 d0cb882c7f27443ab6b3ef9421901961
retail_yoy,CHN,2011-06,17.7,%,M,,https://data.stats.gov.cn/dg/website/publicrelease/web/external/stream/esData,来源指标：社会消费品零售总额同比增长 (%)；原始值 17.7；目录 d0cb882c7f27443ab6b3ef9421901961
retail_yoy,CHN,2011-07,17.2,%,M,,https://data.stats.gov.cn/dg/website/publicrelease/web/external/stream/esData,来源指标：社会消费品零售总额同比增长 (%)；原始值 17.2；目录 d0cb882c7f27443ab6b3ef9421901961
retail_yoy,CHN,2011-08,17.0,%,M,,https://data.stats.gov.cn/dg/website/publicrelease/web/external/stream/esData,来源指标：社会消费品零售总额同比增长 (%)；原始值 17.0；目录 d0cb882c7f27443ab6b3ef9421901961
retail_yoy,CHN,2011-09,17.7,%,M,,https://data.stats.gov.cn/dg/website/publicrelease/web/external/stream/esData,来源指标：社会消费品零售总额同比增长 (%)；原始值 17.7；目录 d0cb882c7f27443ab6b3ef9421901961
retail_yoy,CHN,2011-10,17.2,%,M,,https://data.stats.gov.cn/dg/website/publicrelease/web/external/stream/esData,来源指标：社会消费品零售总额同比增长 (%)；原始值 17.2；目录 d0cb882c7f27443ab6b3ef9421901961
retail_yoy,CHN,2011-11,17.3,%,M,,https://data.stats.gov.cn/dg/website/publicrelease/web/external/stream/esData,来源指标：社会消费品零售总额同比增长 (%)；原始值 17.3；目录 d0cb882c7f27443ab6b3ef9421901961
retail_yoy,CHN,2011-12,18.1,%,M,,https://data.stats.gov.cn/dg/website/publicrelease/web/external/stream/esData,来源指标：社会消费品零售总额同比增长 (%)；原始值 18.1；目录 d0cb882c7f27443ab6b3ef9421901961
retail_yoy,CHN,2012-03,15.2,%,M,,https://data.stats.gov.cn/dg/website/publicrelease/web/external/stream/esData,来源指标：社会消费品零售总额同比增长 (%)；原始值 15.2；目录 d0cb882c7f27443ab6b3ef9421901961
retail_yoy,CHN,2012-04,14.1,%,M,,https://data.stats.gov.cn/dg/website/publicrelease/web/external/stream/esData,来源指标：社会消费品零售总额同比增长 (%)；原始值 14.1；目录 d0cb882c7f27443ab6b3ef9421901961
retail_yoy,CHN,2012-05,13.8,%,M,,https://data.stats.gov.cn/dg/website/publicrelease/web/external/stream/esData,来源指标：社会消费品零售总额同比增长 (%)；原始值 13.8；目录 d0cb882c7f27443ab6b3ef9421901961
retail_yoy,CHN,2012-06,13.7,%,M,,https://data.stats.gov.cn/dg/website/publicrelease/web/external/stream/esData,来源指标：社会消费品零售总额同比增长 (%)；原始值 13.7；目录 d0cb882c7f27443ab6b3ef9421901961
retail_yoy,CHN,2012-07,13.1,%,M,,https://data.stats.gov.cn/dg/website/publicrelease/web/external/stream/esData,来源指标：社会消费品零售总额同比增长 (%)；原始值 13.1；目录 d0cb882c7f27443ab6b3ef9421901961
retail_yoy,CHN,2012-08,13.2,%,M,,https://data.stats.gov.cn/dg/website/publicrelease/web/external/stream/esData,来源指标：社会消费品零售总额同比增长 (%)；原始值 13.2；目录 d0cb882c7f27443ab6b3ef9421901961
retail_yoy,CHN,2012-09,14.2,%,M,,https://data.stats.gov.cn/dg/website/publicrelease/web/external/stream/esData,来源指标：社会消费品零售总额同比增长 (%)；原始值 14.2；目录 d0cb882c7f27443ab6b3ef9421901961
retail_yoy,CHN,2012-10,14.5,%,M,,https://data.stats.gov.cn/dg/website/publicrelease/web/external/stream/esData,来源指标：社会消费品零售总额同比增长 (%)；原始值 14.5；目录 d0cb882c7f27443ab6b3ef9421901961
retail_yoy,CHN,2012-11,14.9,%,M,,https://data.stats.gov.cn/dg/website/publicrelease/web/external/stream/esData,来源指标：社会消费品零售总额同比增长 (%)；原始值 14.9；目录 d0cb882c7f27443ab6b3ef9421901961
retail_yoy,CHN,2012-12,15.2,%,M,,https://data.stats.gov.cn/dg/website/publicrelease/web/external/stream/esData,来源指标：社会消费品零售总额同比增长 (%)；原始值 15.2；目录 d0cb882c7f27443ab6b3ef9421901961
retail_yoy,CHN,2013-03,12.6,%,M,,https://data.stats.gov.cn/dg/website/publicrelease/web/external/stream/esData,来源指标：社会消费品零售总额同比增长 (%)；原始值 12.6；目录 d0cb882c7f27443ab6b3ef9421901961
retail_yoy,CHN,2013-04,12.8,%,M,,https://data.stats.gov.cn/dg/website/publicrelease/web/external/stream/esData,来源指标：社会消费品零售总额同比增长 (%)；原始值 12.8；目录 d0cb882c7f27443ab6b3ef9421901961
retail_yoy,CHN,2013-05,12.9,%,M,,https://data.stats.gov.cn/dg/website/publicrelease/web/external/stream/esData,来源指标：社会消费品零售总额同比增长 (%)；原始值 12.9；目录 d0cb882c7f27443ab6b3ef9421901961
retail_yoy,CHN,2013-06,13.3,%,M,,https://data.stats.gov.cn/dg/website/publicrelease/web/external/stream/esData,来源指标：社会消费品零售总额同比增长 (%)；原始值 13.3；目录 d0cb882c7f27443ab6b3ef9421901961
retail_yoy,CHN,2013-07,13.2,%,M,,https://data.stats.gov.cn/dg/website/publicrelease/web/external/stream/esData,来源指标：社会消费品零售总额同比增长 (%)；原始值 13.2；目录 d0cb882c7f27443ab6b3ef9421901961
retail_yoy,CHN,2013-08,13.4,%,M,,https://data.stats.gov.cn/dg/website/publicrelease/web/external/stream/esData,来源指标：社会消费品零售总额同比增长 (%)；原始值 13.4；目录 d0cb882c7f27443ab6b3ef9421901961
retail_yoy,CHN,2013-09,13.3,%,M,,https://data.stats.gov.cn/dg/website/publicrelease/web/external/stream/esData,来源指标：社会消费品零售总额同比增长 (%)；原始值 13.3；目录 d0cb882c7f27443ab6b3ef9421901961
retail_yoy,CHN,2013-10,13.3,%,M,,https://data.stats.gov.cn/dg/website/publicrelease/web/external/stream/esData,来源指标：社会消费品零售总额同比增长 (%)；原始值 13.3；目录 d0cb882c7f27443ab6b3ef9421901961
retail_yoy,CHN,2013-11,13.7,%,M,,https://data.stats.gov.cn/dg/website/publicrelease/web/external/stream/esData,来源指标：社会消费品零售总额同比增长 (%)；原始值 13.7；目录 d0cb882c7f27443ab6b3ef9421901961
retail_yoy,CHN,2013-12,13.6,%,M,,https://data.stats.gov.cn/dg/website/publicrelease/web/external/stream/esData,来源指标：社会消费品零售总额同比增长 (%)；原始值 13.6；目录 d0cb882c7f27443ab6b3ef9421901961
retail_yoy,CHN,2014-03,12.2,%,M,,https://data.stats.gov.cn/dg/website/publicrelease/web/external/stream/esData,来源指标：社会消费品零售总额同比增长 (%)；原始值 12.2；目录 d0cb882c7f27443ab6b3ef9421901961
retail_yoy,CHN,2014-04,11.9,%,M,,https://data.stats.gov.cn/dg/website/publicrelease/web/external/stream/esData,来源指标：社会消费品零售总额同比增长 (%)；原始值 11.9；目录 d0cb882c7f27443ab6b3ef9421901961
retail_yoy,CHN,2014-05,12.5,%,M,,https://data.stats.gov.cn/dg/website/publicrelease/web/external/stream/esData,来源指标：社会消费品零售总额同比增长 (%)；原始值 12.5；目录 d0cb882c7f27443ab6b3ef9421901961
retail_yoy,CHN,2014-06,12.4,%,M,,https://data.stats.gov.cn/dg/website/publicrelease/web/external/stream/esData,来源指标：社会消费品零售总额同比增长 (%)；原始值 12.4；目录 d0cb882c7f27443ab6b3ef9421901961
retail_yoy,CHN,2014-07,12.2,%,M,,https://data.stats.gov.cn/dg/website/publicrelease/web/external/stream/esData,来源指标：社会消费品零售总额同比增长 (%)；原始值 12.2；目录 d0cb882c7f27443ab6b3ef9421901961
retail_yoy,CHN,2014-08,11.9,%,M,,https://data.stats.gov.cn/dg/website/publicrelease/web/external/stream/esData,来源指标：社会消费品零售总额同比增长 (%)；原始值 11.9；目录 d0cb882c7f27443ab6b3ef9421901961
retail_yoy,CHN,2014-09,11.6,%,M,,https://data.stats.gov.cn/dg/website/publicrelease/web/external/stream/esData,来源指标：社会消费品零售总额同比增长 (%)；原始值 11.6；目录 d0cb882c7f27443ab6b3ef9421901961
retail_yoy,CHN,2014-10,11.5,%,M,,https://data.stats.gov.cn/dg/website/publicrelease/web/external/stream/esData,来源指标：社会消费品零售总额同比增长 (%)；原始值 11.5；目录 d0cb882c7f27443ab6b3ef9421901961
retail_yoy,CHN,2014-11,11.7,%,M,,https://data.stats.gov.cn/dg/website/publicrelease/web/external/stream/esData,来源指标：社会消费品零售总额同比增长 (%)；原始值 11.7；目录 d0cb882c7f27443ab6b3ef9421901961
retail_yoy,CHN,2014-12,11.9,%,M,,https://data.stats.gov.cn/dg/website/publicrelease/web/external/stream/esData,来源指标：社会消费品零售总额同比增长 (%)；原始值 11.9；目录 d0cb882c7f27443ab6b3ef9421901961
retail_yoy,CHN,2015-03,10.2,%,M,,https://data.stats.gov.cn/dg/website/publicrelease/web/external/stream/esData,来源指标：社会消费品零售总额同比增长 (%)；原始值 10.2；目录 d0cb882c7f27443ab6b3ef9421901961
retail_yoy,CHN,2015-04,10.0,%,M,,https://data.stats.gov.cn/dg/website/publicrelease/web/external/stream/esData,来源指标：社会消费品零售总额同比增长 (%)；原始值 10.0；目录 d0cb882c7f27443ab6b3ef9421901961
retail_yoy,CHN,2015-05,10.1,%,M,,https://data.stats.gov.cn/dg/website/publicrelease/web/external/stream/esData,来源指标：社会消费品零售总额同比增长 (%)；原始值 10.1；目录 d0cb882c7f27443ab6b3ef9421901961
retail_yoy,CHN,2015-06,10.6,%,M,,https://data.stats.gov.cn/dg/website/publicrelease/web/external/stream/esData,来源指标：社会消费品零售总额同比增长 (%)；原始值 10.6；目录 d0cb882c7f27443ab6b3ef9421901961
retail_yoy,CHN,2015-07,10.5,%,M,,https://data.stats.gov.cn/dg/website/publicrelease/web/external/stream/esData,来源指标：社会消费品零售总额同比增长 (%)；原始值 10.5；目录 d0cb882c7f27443ab6b3ef9421901961
retail_yoy,CHN,2015-08,10.8,%,M,,https://data.stats.gov.cn/dg/website/publicrelease/web/external/stream/esData,来源指标：社会消费品零售总额同比增长 (%)；原始值 10.8；目录 d0cb882c7f27443ab6b3ef9421901961
retail_yoy,CHN,2015-09,10.9,%,M,,https://data.stats.gov.cn/dg/website/publicrelease/web/external/stream/esData,来源指标：社会消费品零售总额同比增长 (%)；原始值 10.9；目录 d0cb882c7f27443ab6b3ef9421901961
retail_yoy,CHN,2015-10,11.0,%,M,,https://data.stats.gov.cn/dg/website/publicrelease/web/external/stream/esData,来源指标：社会消费品零售总额同比增长 (%)；原始值 11.0；目录 d0cb882c7f27443ab6b3ef9421901961
retail_yoy,CHN,2015-11,11.2,%,M,,https://data.stats.gov.cn/dg/website/publicrelease/web/external/stream/esData,来源指标：社会消费品零售总额同比增长 (%)；原始值 11.2；目录 d0cb882c7f27443ab6b3ef9421901961
retail_yoy,CHN,2015-12,11.1,%,M,,https://data.stats.gov.cn/dg/website/publicrelease/web/external/stream/esData,来源指标：社会消费品零售总额同比增长 (%)；原始值 11.1；目录 d0cb882c7f27443ab6b3ef9421901961
retail_yoy,CHN,2016-03,10.5,%,M,,https://data.stats.gov.cn/dg/website/publicrelease/web/external/stream/esData,来源指标：社会消费品零售总额同比增长 (%)；原始值 10.5；目录 d0cb882c7f27443ab6b3ef9421901961
retail_yoy,CHN,2016-04,10.1,%,M,,https://data.stats.gov.cn/dg/website/publicrelease/web/external/stream/esData,来源指标：社会消费品零售总额同比增长 (%)；原始值 10.1；目录 d0cb882c7f27443ab6b3ef9421901961
retail_yoy,CHN,2016-05,10.0,%,M,,https://data.stats.gov.cn/dg/website/publicrelease/web/external/stream/esData,来源指标：社会消费品零售总额同比增长 (%)；原始值 10.0；目录 d0cb882c7f27443ab6b3ef9421901961
retail_yoy,CHN,2016-06,10.6,%,M,,https://data.stats.gov.cn/dg/website/publicrelease/web/external/stream/esData,来源指标：社会消费品零售总额同比增长 (%)；原始值 10.6；目录 d0cb882c7f27443ab6b3ef9421901961
retail_yoy,CHN,2016-07,10.2,%,M,,https://data.stats.gov.cn/dg/website/publicrelease/web/external/stream/esData,来源指标：社会消费品零售总额同比增长 (%)；原始值 10.2；目录 d0cb882c7f27443ab6b3ef9421901961
retail_yoy,CHN,2016-08,10.6,%,M,,https://data.stats.gov.cn/dg/website/publicrelease/web/external/stream/esData,来源指标：社会消费品零售总额同比增长 (%)；原始值 10.6；目录 d0cb882c7f27443ab6b3ef9421901961
retail_yoy,CHN,2016-09,10.7,%,M,,https://data.stats.gov.cn/dg/website/publicrelease/web/external/stream/esData,来源指标：社会消费品零售总额同比增长 (%)；原始值 10.7；目录 d0cb882c7f27443ab6b3ef9421901961
retail_yoy,CHN,2016-10,10.0,%,M,,https://data.stats.gov.cn/dg/website/publicrelease/web/external/stream/esData,来源指标：社会消费品零售总额同比增长 (%)；原始值 10.0；目录 d0cb882c7f27443ab6b3ef9421901961
retail_yoy,CHN,2016-11,10.8,%,M,,https://data.stats.gov.cn/dg/website/publicrelease/web/external/stream/esData,来源指标：社会消费品零售总额同比增长 (%)；原始值 10.8；目录 d0cb882c7f27443ab6b3ef9421901961
retail_yoy,CHN,2016-12,10.9,%,M,,https://data.stats.gov.cn/dg/website/publicrelease/web/external/stream/esData,来源指标：社会消费品零售总额同比增长 (%)；原始值 10.9；目录 d0cb882c7f27443ab6b3ef9421901961
retail_yoy,CHN,2017-03,10.9,%,M,,https://data.stats.gov.cn/dg/website/publicrelease/web/external/stream/esData,来源指标：社会消费品零售总额同比增长 (%)；原始值 10.9；目录 d0cb882c7f27443ab6b3ef9421901961
retail_yoy,CHN,2017-04,10.7,%,M,,https://data.stats.gov.cn/dg/website/publicrelease/web/external/stream/esData,来源指标：社会消费品零售总额同比增长 (%)；原始值 10.7；目录 d0cb882c7f27443ab6b3ef9421901961
retail_yoy,CHN,2017-05,10.7,%,M,,https://data.stats.gov.cn/dg/website/publicrelease/web/external/stream/esData,来源指标：社会消费品零售总额同比增长 (%)；原始值 10.7；目录 d0cb882c7f27443ab6b3ef9421901961
retail_yoy,CHN,2017-06,11.0,%,M,,https://data.stats.gov.cn/dg/website/publicrelease/web/external/stream/esData,来源指标：社会消费品零售总额同比增长 (%)；原始值 11.0；目录 d0cb882c7f27443ab6b3ef9421901961
retail_yoy,CHN,2017-07,10.4,%,M,,https://data.stats.gov.cn/dg/website/publicrelease/web/external/stream/esData,来源指标：社会消费品零售总额同比增长 (%)；原始值 10.4；目录 d0cb882c7f27443ab6b3ef9421901961
retail_yoy,CHN,2017-08,10.1,%,M,,https://data.stats.gov.cn/dg/website/publicrelease/web/external/stream/esData,来源指标：社会消费品零售总额同比增长 (%)；原始值 10.1；目录 d0cb882c7f27443ab6b3ef9421901961
retail_yoy,CHN,2017-09,10.3,%,M,,https://data.stats.gov.cn/dg/website/publicrelease/web/external/stream/esData,来源指标：社会消费品零售总额同比增长 (%)；原始值 10.3；目录 d0cb882c7f27443ab6b3ef9421901961
retail_yoy,CHN,2017-10,10.0,%,M,,https://data.stats.gov.cn/dg/website/publicrelease/web/external/stream/esData,来源指标：社会消费品零售总额同比增长 (%)；原始值 10.0；目录 d0cb882c7f27443ab6b3ef9421901961
retail_yoy,CHN,2017-11,10.2,%,M,,https://data.stats.gov.cn/dg/website/publicrelease/web/external/stream/esData,来源指标：社会消费品零售总额同比增长 (%)；原始值 10.2；目录 d0cb882c7f27443ab6b3ef9421901961
retail_yoy,CHN,2017-12,9.4,%,M,,https://data.stats.gov.cn/dg/website/publicrelease/web/external/stream/esData,来源指标：社会消费品零售总额同比增长 (%)；原始值 9.4；目录 d0cb882c7f27443ab6b3ef9421901961
retail_yoy,CHN,2018-03,10.1,%,M,,https://data.stats.gov.cn/dg/website/publicrelease/web/external/stream/esData,来源指标：社会消费品零售总额同比增长 (%)；原始值 10.1；目录 d0cb882c7f27443ab6b3ef9421901961
retail_yoy,CHN,2018-04,9.4,%,M,,https://data.stats.gov.cn/dg/website/publicrelease/web/external/stream/esData,来源指标：社会消费品零售总额同比增长 (%)；原始值 9.4；目录 d0cb882c7f27443ab6b3ef9421901961
retail_yoy,CHN,2018-05,8.5,%,M,,https://data.stats.gov.cn/dg/website/publicrelease/web/external/stream/esData,来源指标：社会消费品零售总额同比增长 (%)；原始值 8.5；目录 d0cb882c7f27443ab6b3ef9421901961
retail_yoy,CHN,2018-06,9.0,%,M,,https://data.stats.gov.cn/dg/website/publicrelease/web/external/stream/esData,来源指标：社会消费品零售总额同比增长 (%)；原始值 9.0；目录 d0cb882c7f27443ab6b3ef9421901961
retail_yoy,CHN,2018-07,8.8,%,M,,https://data.stats.gov.cn/dg/website/publicrelease/web/external/stream/esData,来源指标：社会消费品零售总额同比增长 (%)；原始值 8.8；目录 d0cb882c7f27443ab6b3ef9421901961
retail_yoy,CHN,2018-08,9.0,%,M,,https://data.stats.gov.cn/dg/website/publicrelease/web/external/stream/esData,来源指标：社会消费品零售总额同比增长 (%)；原始值 9.0；目录 d0cb882c7f27443ab6b3ef9421901961
retail_yoy,CHN,2018-09,9.2,%,M,,https://data.stats.gov.cn/dg/website/publicrelease/web/external/stream/esData,来源指标：社会消费品零售总额同比增长 (%)；原始值 9.2；目录 d0cb882c7f27443ab6b3ef9421901961
retail_yoy,CHN,2018-10,8.6,%,M,,https://data.stats.gov.cn/dg/website/publicrelease/web/external/stream/esData,来源指标：社会消费品零售总额同比增长 (%)；原始值 8.6；目录 d0cb882c7f27443ab6b3ef9421901961
retail_yoy,CHN,2018-11,8.1,%,M,,https://data.stats.gov.cn/dg/website/publicrelease/web/external/stream/esData,来源指标：社会消费品零售总额同比增长 (%)；原始值 8.1；目录 d0cb882c7f27443ab6b3ef9421901961
retail_yoy,CHN,2018-12,8.2,%,M,,https://data.stats.gov.cn/dg/website/publicrelease/web/external/stream/esData,来源指标：社会消费品零售总额同比增长 (%)；原始值 8.2；目录 d0cb882c7f27443ab6b3ef9421901961
retail_yoy,CHN,2019-03,8.7,%,M,,https://data.stats.gov.cn/dg/website/publicrelease/web/external/stream/esData,来源指标：社会消费品零售总额同比增长 (%)；原始值 8.7；目录 d0cb882c7f27443ab6b3ef9421901961
retail_yoy,CHN,2019-04,7.2,%,M,,https://data.stats.gov.cn/dg/website/publicrelease/web/external/stream/esData,来源指标：社会消费品零售总额同比增长 (%)；原始值 7.2；目录 d0cb882c7f27443ab6b3ef9421901961
retail_yoy,CHN,2019-05,8.6,%,M,,https://data.stats.gov.cn/dg/website/publicrelease/web/external/stream/esData,来源指标：社会消费品零售总额同比增长 (%)；原始值 8.6；目录 d0cb882c7f27443ab6b3ef9421901961
retail_yoy,CHN,2019-06,9.8,%,M,,https://data.stats.gov.cn/dg/website/publicrelease/web/external/stream/esData,来源指标：社会消费品零售总额同比增长 (%)；原始值 9.8；目录 d0cb882c7f27443ab6b3ef9421901961
retail_yoy,CHN,2019-07,7.6,%,M,,https://data.stats.gov.cn/dg/website/publicrelease/web/external/stream/esData,来源指标：社会消费品零售总额同比增长 (%)；原始值 7.6；目录 d0cb882c7f27443ab6b3ef9421901961
retail_yoy,CHN,2019-08,7.5,%,M,,https://data.stats.gov.cn/dg/website/publicrelease/web/external/stream/esData,来源指标：社会消费品零售总额同比增长 (%)；原始值 7.5；目录 d0cb882c7f27443ab6b3ef9421901961
retail_yoy,CHN,2019-09,7.8,%,M,,https://data.stats.gov.cn/dg/website/publicrelease/web/external/stream/esData,来源指标：社会消费品零售总额同比增长 (%)；原始值 7.8；目录 d0cb882c7f27443ab6b3ef9421901961
retail_yoy,CHN,2019-10,7.2,%,M,,https://data.stats.gov.cn/dg/website/publicrelease/web/external/stream/esData,来源指标：社会消费品零售总额同比增长 (%)；原始值 7.2；目录 d0cb882c7f27443ab6b3ef9421901961
retail_yoy,CHN,2019-11,8.0,%,M,,https://data.stats.gov.cn/dg/website/publicrelease/web/external/stream/esData,来源指标：社会消费品零售总额同比增长 (%)；原始值 8.0；目录 d0cb882c7f27443ab6b3ef9421901961
retail_yoy,CHN,2019-12,8.0,%,M,,https://data.stats.gov.cn/dg/website/publicrelease/web/external/stream/esData,来源指标：社会消费品零售总额同比增长 (%)；原始值 8.0；目录 d0cb882c7f27443ab6b3ef9421901961
retail_yoy,CHN,2020-03,-15.8,%,M,,https://data.stats.gov.cn/dg/website/publicrelease/web/external/stream/esData,来源指标：社会消费品零售总额同比增长 (%)；原始值 -15.8；目录 d0cb882c7f27443ab6b3ef9421901961
retail_yoy,CHN,2020-04,-7.5,%,M,,https://data.stats.gov.cn/dg/website/publicrelease/web/external/stream/esData,来源指标：社会消费品零售总额同比增长 (%)；原始值 -7.5；目录 d0cb882c7f27443ab6b3ef9421901961
retail_yoy,CHN,2020-05,-2.8,%,M,,https://data.stats.gov.cn/dg/website/publicrelease/web/external/stream/esData,来源指标：社会消费品零售总额同比增长 (%)；原始值 -2.8；目录 d0cb882c7f27443ab6b3ef9421901961
retail_yoy,CHN,2020-06,-1.8,%,M,,https://data.stats.gov.cn/dg/website/publicrelease/web/external/stream/esData,来源指标：社会消费品零售总额同比增长 (%)；原始值 -1.8；目录 d0cb882c7f27443ab6b3ef9421901961
retail_yoy,CHN,2020-07,-1.1,%,M,,https://data.stats.gov.cn/dg/website/publicrelease/web/external/stream/esData,来源指标：社会消费品零售总额同比增长 (%)；原始值 -1.1；目录 d0cb882c7f27443ab6b3ef9421901961
retail_yoy,CHN,2020-08,0.5,%,M,,https://data.stats.gov.cn/dg/website/publicrelease/web/external/stream/esData,来源指标：社会消费品零售总额同比增长 (%)；原始值 0.5；目录 d0cb882c7f27443ab6b3ef9421901961
retail_yoy,CHN,2020-09,3.3,%,M,,https://data.stats.gov.cn/dg/website/publicrelease/web/external/stream/esData,来源指标：社会消费品零售总额同比增长 (%)；原始值 3.3；目录 d0cb882c7f27443ab6b3ef9421901961
retail_yoy,CHN,2020-10,4.3,%,M,,https://data.stats.gov.cn/dg/website/publicrelease/web/external/stream/esData,来源指标：社会消费品零售总额同比增长 (%)；原始值 4.3；目录 d0cb882c7f27443ab6b3ef9421901961
retail_yoy,CHN,2020-11,5.0,%,M,,https://data.stats.gov.cn/dg/website/publicrelease/web/external/stream/esData,来源指标：社会消费品零售总额同比增长 (%)；原始值 5.0；目录 d0cb882c7f27443ab6b3ef9421901961
retail_yoy,CHN,2020-12,4.6,%,M,,https://data.stats.gov.cn/dg/website/publicrelease/web/external/stream/esData,来源指标：社会消费品零售总额同比增长 (%)；原始值 4.6；目录 d0cb882c7f27443ab6b3ef9421901961
retail_yoy,CHN,2021-03,34.2,%,M,,https://data.stats.gov.cn/dg/website/publicrelease/web/external/stream/esData,来源指标：社会消费品零售总额同比增长 (%)；原始值 34.2；目录 d0cb882c7f27443ab6b3ef9421901961
retail_yoy,CHN,2021-04,17.7,%,M,,https://data.stats.gov.cn/dg/website/publicrelease/web/external/stream/esData,来源指标：社会消费品零售总额同比增长 (%)；原始值 17.7；目录 d0cb882c7f27443ab6b3ef9421901961
retail_yoy,CHN,2021-05,12.4,%,M,,https://data.stats.gov.cn/dg/website/publicrelease/web/external/stream/esData,来源指标：社会消费品零售总额同比增长 (%)；原始值 12.4；目录 d0cb882c7f27443ab6b3ef9421901961
retail_yoy,CHN,2021-06,12.1,%,M,,https://data.stats.gov.cn/dg/website/publicrelease/web/external/stream/esData,来源指标：社会消费品零售总额同比增长 (%)；原始值 12.1；目录 d0cb882c7f27443ab6b3ef9421901961
retail_yoy,CHN,2021-07,8.5,%,M,,https://data.stats.gov.cn/dg/website/publicrelease/web/external/stream/esData,来源指标：社会消费品零售总额同比增长 (%)；原始值 8.5；目录 d0cb882c7f27443ab6b3ef9421901961
retail_yoy,CHN,2021-08,2.5,%,M,,https://data.stats.gov.cn/dg/website/publicrelease/web/external/stream/esData,来源指标：社会消费品零售总额同比增长 (%)；原始值 2.5；目录 d0cb882c7f27443ab6b3ef9421901961
retail_yoy,CHN,2021-09,4.4,%,M,,https://data.stats.gov.cn/dg/website/publicrelease/web/external/stream/esData,来源指标：社会消费品零售总额同比增长 (%)；原始值 4.4；目录 d0cb882c7f27443ab6b3ef9421901961
retail_yoy,CHN,2021-10,4.9,%,M,,https://data.stats.gov.cn/dg/website/publicrelease/web/external/stream/esData,来源指标：社会消费品零售总额同比增长 (%)；原始值 4.9；目录 d0cb882c7f27443ab6b3ef9421901961
retail_yoy,CHN,2021-11,3.9,%,M,,https://data.stats.gov.cn/dg/website/publicrelease/web/external/stream/esData,来源指标：社会消费品零售总额同比增长 (%)；原始值 3.9；目录 d0cb882c7f27443ab6b3ef9421901961
retail_yoy,CHN,2021-12,1.7,%,M,,https://data.stats.gov.cn/dg/website/publicrelease/web/external/stream/esData,来源指标：社会消费品零售总额同比增长 (%)；原始值 1.7；目录 d0cb882c7f27443ab6b3ef9421901961
retail_yoy,CHN,2022-03,-3.5,%,M,,https://data.stats.gov.cn/dg/website/publicrelease/web/external/stream/esData,来源指标：社会消费品零售总额同比增长 (%)；原始值 -3.5；目录 d0cb882c7f27443ab6b3ef9421901961
retail_yoy,CHN,2022-04,-11.1,%,M,,https://data.stats.gov.cn/dg/website/publicrelease/web/external/stream/esData,来源指标：社会消费品零售总额同比增长 (%)；原始值 -11.1；目录 d0cb882c7f27443ab6b3ef9421901961
retail_yoy,CHN,2022-05,-6.7,%,M,,https://data.stats.gov.cn/dg/website/publicrelease/web/external/stream/esData,来源指标：社会消费品零售总额同比增长 (%)；原始值 -6.7；目录 d0cb882c7f27443ab6b3ef9421901961
retail_yoy,CHN,2022-06,3.1,%,M,,https://data.stats.gov.cn/dg/website/publicrelease/web/external/stream/esData,来源指标：社会消费品零售总额同比增长 (%)；原始值 3.1；目录 d0cb882c7f27443ab6b3ef9421901961
retail_yoy,CHN,2022-07,2.7,%,M,,https://data.stats.gov.cn/dg/website/publicrelease/web/external/stream/esData,来源指标：社会消费品零售总额同比增长 (%)；原始值 2.7；目录 d0cb882c7f27443ab6b3ef9421901961
retail_yoy,CHN,2022-08,5.4,%,M,,https://data.stats.gov.cn/dg/website/publicrelease/web/external/stream/esData,来源指标：社会消费品零售总额同比增长 (%)；原始值 5.4；目录 d0cb882c7f27443ab6b3ef9421901961
retail_yoy,CHN,2022-09,2.5,%,M,,https://data.stats.gov.cn/dg/website/publicrelease/web/external/stream/esData,来源指标：社会消费品零售总额同比增长 (%)；原始值 2.5；目录 d0cb882c7f27443ab6b3ef9421901961
retail_yoy,CHN,2022-10,-0.5,%,M,,https://data.stats.gov.cn/dg/website/publicrelease/web/external/stream/esData,来源指标：社会消费品零售总额同比增长 (%)；原始值 -0.5；目录 d0cb882c7f27443ab6b3ef9421901961
retail_yoy,CHN,2022-11,-5.9,%,M,,https://data.stats.gov.cn/dg/website/publicrelease/web/external/stream/esData,来源指标：社会消费品零售总额同比增长 (%)；原始值 -5.9；目录 d0cb882c7f27443ab6b3ef9421901961
retail_yoy,CHN,2022-12,-1.8,%,M,,https://data.stats.gov.cn/dg/website/publicrelease/web/external/stream/esData,来源指标：社会消费品零售总额同比增长 (%)；原始值 -1.8；目录 d0cb882c7f27443ab6b3ef9421901961
retail_yoy,CHN,2023-03,10.6,%,M,,https://data.stats.gov.cn/dg/website/publicrelease/web/external/stream/esData,来源指标：社会消费品零售总额同比增长 (%)；原始值 10.6；目录 d0cb882c7f27443ab6b3ef9421901961
retail_yoy,CHN,2023-04,18.4,%,M,,https://data.stats.gov.cn/dg/website/publicrelease/web/external/stream/esData,来源指标：社会消费品零售总额同比增长 (%)；原始值 18.4；目录 d0cb882c7f27443ab6b3ef9421901961
retail_yoy,CHN,2023-05,12.7,%,M,,https://data.stats.gov.cn/dg/website/publicrelease/web/external/stream/esData,来源指标：社会消费品零售总额同比增长 (%)；原始值 12.7；目录 d0cb882c7f27443ab6b3ef9421901961
retail_yoy,CHN,2023-06,3.1,%,M,,https://data.stats.gov.cn/dg/website/publicrelease/web/external/stream/esData,来源指标：社会消费品零售总额同比增长 (%)；原始值 3.1；目录 d0cb882c7f27443ab6b3ef9421901961
retail_yoy,CHN,2023-07,2.5,%,M,,https://data.stats.gov.cn/dg/website/publicrelease/web/external/stream/esData,来源指标：社会消费品零售总额同比增长 (%)；原始值 2.5；目录 d0cb882c7f27443ab6b3ef9421901961
retail_yoy,CHN,2023-08,4.6,%,M,,https://data.stats.gov.cn/dg/website/publicrelease/web/external/stream/esData,来源指标：社会消费品零售总额同比增长 (%)；原始值 4.6；目录 d0cb882c7f27443ab6b3ef9421901961
retail_yoy,CHN,2023-09,5.5,%,M,,https://data.stats.gov.cn/dg/website/publicrelease/web/external/stream/esData,来源指标：社会消费品零售总额同比增长 (%)；原始值 5.5；目录 d0cb882c7f27443ab6b3ef9421901961
retail_yoy,CHN,2023-10,7.6,%,M,,https://data.stats.gov.cn/dg/website/publicrelease/web/external/stream/esData,来源指标：社会消费品零售总额同比增长 (%)；原始值 7.6；目录 d0cb882c7f27443ab6b3ef9421901961
retail_yoy,CHN,2023-11,10.1,%,M,,https://data.stats.gov.cn/dg/website/publicrelease/web/external/stream/esData,来源指标：社会消费品零售总额同比增长 (%)；原始值 10.1；目录 d0cb882c7f27443ab6b3ef9421901961
retail_yoy,CHN,2023-12,7.4,%,M,,https://data.stats.gov.cn/dg/website/publicrelease/web/external/stream/esData,来源指标：社会消费品零售总额同比增长 (%)；原始值 7.4；目录 d0cb882c7f27443ab6b3ef9421901961
retail_yoy,CHN,2024-03,3.1,%,M,,https://data.stats.gov.cn/dg/website/publicrelease/web/external/stream/esData,来源指标：社会消费品零售总额同比增长 (%)；原始值 3.1；目录 d0cb882c7f27443ab6b3ef9421901961
retail_yoy,CHN,2024-04,2.3,%,M,,https://data.stats.gov.cn/dg/website/publicrelease/web/external/stream/esData,来源指标：社会消费品零售总额同比增长 (%)；原始值 2.3；目录 d0cb882c7f27443ab6b3ef9421901961
retail_yoy,CHN,2024-05,3.7,%,M,,https://data.stats.gov.cn/dg/website/publicrelease/web/external/stream/esData,来源指标：社会消费品零售总额同比增长 (%)；原始值 3.7；目录 d0cb882c7f27443ab6b3ef9421901961
retail_yoy,CHN,2024-06,2.0,%,M,,https://data.stats.gov.cn/dg/website/publicrelease/web/external/stream/esData,来源指标：社会消费品零售总额同比增长 (%)；原始值 2.0；目录 d0cb882c7f27443ab6b3ef9421901961
retail_yoy,CHN,2024-07,2.7,%,M,,https://data.stats.gov.cn/dg/website/publicrelease/web/external/stream/esData,来源指标：社会消费品零售总额同比增长 (%)；原始值 2.7；目录 d0cb882c7f27443ab6b3ef9421901961
retail_yoy,CHN,2024-08,2.1,%,M,,https://data.stats.gov.cn/dg/website/publicrelease/web/external/stream/esData,来源指标：社会消费品零售总额同比增长 (%)；原始值 2.1；目录 d0cb882c7f27443ab6b3ef9421901961
retail_yoy,CHN,2024-09,3.2,%,M,,https://data.stats.gov.cn/dg/website/publicrelease/web/external/stream/esData,来源指标：社会消费品零售总额同比增长 (%)；原始值 3.2；目录 d0cb882c7f27443ab6b3ef9421901961
retail_yoy,CHN,2024-10,4.8,%,M,,https://data.stats.gov.cn/dg/website/publicrelease/web/external/stream/esData,来源指标：社会消费品零售总额同比增长 (%)；原始值 4.8；目录 d0cb882c7f27443ab6b3ef9421901961
retail_yoy,CHN,2024-11,3.0,%,M,,https://data.stats.gov.cn/dg/website/publicrelease/web/external/stream/esData,来源指标：社会消费品零售总额同比增长 (%)；原始值 3.0；目录 d0cb882c7f27443ab6b3ef9421901961
retail_yoy,CHN,2024-12,3.7,%,M,,https://data.stats.gov.cn/dg/website/publicrelease/web/external/stream/esData,来源指标：社会消费品零售总额同比增长 (%)；原始值 3.7；目录 d0cb882c7f27443ab6b3ef9421901961
retail_yoy,CHN,2025-03,5.9,%,M,,https://data.stats.gov.cn/dg/website/publicrelease/web/external/stream/esData,来源指标：社会消费品零售总额同比增长 (%)；原始值 5.9；目录 d0cb882c7f27443ab6b3ef9421901961
retail_yoy,CHN,2025-04,5.1,%,M,,https://data.stats.gov.cn/dg/website/publicrelease/web/external/stream/esData,来源指标：社会消费品零售总额同比增长 (%)；原始值 5.1；目录 d0cb882c7f27443ab6b3ef9421901961
retail_yoy,CHN,2025-05,6.4,%,M,,https://data.stats.gov.cn/dg/website/publicrelease/web/external/stream/esData,来源指标：社会消费品零售总额同比增长 (%)；原始值 6.4；目录 d0cb882c7f27443ab6b3ef9421901961
retail_yoy,CHN,2025-06,4.8,%,M,,https://data.stats.gov.cn/dg/website/publicrelease/web/external/stream/esData,来源指标：社会消费品零售总额同比增长 (%)；原始值 4.8；目录 d0cb882c7f27443ab6b3ef9421901961
retail_yoy,CHN,2025-07,3.7,%,M,,https://data.stats.gov.cn/dg/website/publicrelease/web/external/stream/esData,来源指标：社会消费品零售总额同比增长 (%)；原始值 3.7；目录 d0cb882c7f27443ab6b3ef9421901961
retail_yoy,CHN,2025-08,3.4,%,M,,https://data.stats.gov.cn/dg/website/publicrelease/web/external/stream/esData,来源指标：社会消费品零售总额同比增长 (%)；原始值 3.4；目录 d0cb882c7f27443ab6b3ef9421901961
retail_yoy,CHN,2025-09,3.0,%,M,,https://data.stats.gov.cn/dg/website/publicrelease/web/external/stream/esData,来源指标：社会消费品零售总额同比增长 (%)；原始值 3.0；目录 d0cb882c7f27443ab6b3ef9421901961
retail_yoy,CHN,2025-10,2.9,%,M,,https://data.stats.gov.cn/dg/website/publicrelease/web/external/stream/esData,来源指标：社会消费品零售总额同比增长 (%)；原始值 2.9；目录 d0cb882c7f27443ab6b3ef9421901961
retail_yoy,CHN,2025-11,1.3,%,M,,https://data.stats.gov.cn/dg/website/publicrelease/web/external/stream/esData,来源指标：社会消费品零售总额同比增长 (%)；原始值 1.3；目录 d0cb882c7f27443ab6b3ef9421901961
retail_yoy,CHN,2025-12,0.9,%,M,,https://data.stats.gov.cn/dg/website/publicrelease/web/external/stream/esData,来源指标：社会消费品零售总额同比增长 (%)；原始值 0.9；目录 d0cb882c7f27443ab6b3ef9421901961
retail_yoy,CHN,2026-03,1.7,%,M,,https://data.stats.gov.cn/dg/website/publicrelease/web/external/stream/esData,来源指标：社会消费品零售总额同比增长 (%)；原始值 1.7；目录 d0cb882c7f27443ab6b3ef9421901961
retail_yoy,CHN,2026-04,0.2,%,M,,https://data.stats.gov.cn/dg/website/publicrelease/web/external/stream/esData,来源指标：社会消费品零售总额同比增长 (%)；原始值 0.2；目录 d0cb882c7f27443ab6b3ef9421901961
retail_yoy,CHN,2026-05,-0.6,%,M,,https://data.stats.gov.cn/dg/website/publicrelease/web/external/stream/esData,来源指标：社会消费品零售总额同比增长 (%)；原始值 -0.6；目录 d0cb882c7f27443ab6b3ef9421901961
retail_yoy,CHN,2026-06,1.0,%,M,,https://data.stats.gov.cn/dg/website/publicrelease/web/external/stream/esData,来源指标：社会消费品零售总额同比增长 (%)；原始值 1.0；目录 d0cb882c7f27443ab6b3ef9421901961
retail_yoy,CHN,2026-07,0.6,%,M,,https://data.stats.gov.cn/dg/website/publicrelease/web/external/stream/esData,来源指标：社会消费品零售总额同比增长 (%)；原始值 0.6；目录 d0cb882c7f27443ab6b3ef9421901961
retail_yoy,CHN,2026-08,0.4,%,M,,https://data.stats.gov.cn/dg/website/publicrelease/web/external/stream/esData,来源指标：社会消费品零售总额同比增长 (%)；原始值 0.4；目录 d0cb882c7f27443ab6b3ef9421901961
