series_id,country,period,value,unit,frequency,published_at,source_url,note
loan_business_bills,CHN,2010-01,2.205303,万亿元,M,,https://www.pbc.gov.cn/eportal/fileDir/defaultCurSite/resource/cms/2015/07/2010s03a.htm,人民银行人民币信贷收支表；月末余额，亿元÷10000=万亿元；非当月新增贷款；来源称非金融企业及其他部门；境内，境外已单列
loan_business_bills,CHN,2010-02,2.030617,万亿元,M,,https://www.pbc.gov.cn/eportal/fileDir/defaultCurSite/resource/cms/2015/07/2010s03a.htm,人民银行人民币信贷收支表；月末余额，亿元÷10000=万亿元；非当月新增贷款；来源称非金融企业及其他部门；境内，境外已单列
loan_business_bills,CHN,2010-03,1.762299,万亿元,M,,https://www.pbc.gov.cn/eportal/fileDir/defaultCurSite/resource/cms/2015/07/2010s03a.htm,人民银行人民币信贷收支表；月末余额，亿元÷10000=万亿元；非当月新增贷款；来源称非金融企业及其他部门；境内，境外已单列
loan_business_bills,CHN,2010-04,1.809274,万亿元,M,,https://www.pbc.gov.cn/eportal/fileDir/defaultCurSite/resource/cms/2015/07/2010s03a.htm,人民银行人民币信贷收支表；月末余额，亿元÷10000=万亿元；非当月新增贷款；来源称非金融企业及其他部门；境内，境外已单列
loan_business_bills,CHN,2010-05,1.846961,万亿元,M,,https://www.pbc.gov.cn/eportal/fileDir/defaultCurSite/resource/cms/2015/07/2010s03a.htm,人民银行人民币信贷收支表；月末余额，亿元÷10000=万亿元；非当月新增贷款；来源称非金融企业及其他部门；境内，境外已单列
loan_business_bills,CHN,2010-06,1.733585,万亿元,M,,https://www.pbc.gov.cn/eportal/fileDir/defaultCurSite/resource/cms/2015/07/2010s03a.htm,人民银行人民币信贷收支表；月末余额，亿元÷10000=万亿元；非当月新增贷款；来源称非金融企业及其他部门；境内，境外已单列
loan_business_bills,CHN,2010-07,1.689998,万亿元,M,,https://www.pbc.gov.cn/eportal/fileDir/defaultCurSite/resource/cms/2015/07/2010s03a.htm,人民银行人民币信贷收支表；月末余额，亿元÷10000=万亿元；非当月新增贷款；来源称非金融企业及其他部门；境内，境外已单列
loan_business_bills,CHN,2010-08,1.66954,万亿元,M,,https://www.pbc.gov.cn/eportal/fileDir/defaultCurSite/resource/cms/2015/07/2010s03a.htm,人民银行人民币信贷收支表；月末余额，亿元÷10000=万亿元；非当月新增贷款；来源称非金融企业及其他部门；境内，境外已单列
loan_business_bills,CHN,2010-09,1.57686,万亿元,M,,https://www.pbc.gov.cn/eportal/fileDir/defaultCurSite/resource/cms/2015/07/2010s03a.htm,人民银行人民币信贷收支表；月末余额，亿元÷10000=万亿元；非当月新增贷款；来源称非金融企业及其他部门；境内，境外已单列
loan_business_bills,CHN,2010-10,1.576715,万亿元,M,,https://www.pbc.gov.cn/eportal/fileDir/defaultCurSite/resource/cms/2015/07/2010s03a.htm,人民银行人民币信贷收支表；月末余额，亿元÷10000=万亿元；非当月新增贷款；来源称非金融企业及其他部门；境内，境外已单列
loan_business_bills,CHN,2010-11,1.562794,万亿元,M,,https://www.pbc.gov.cn/eportal/fileDir/defaultCurSite/resource/cms/2015/07/2010s03a.htm,人民银行人民币信贷收支表；月末余额，亿元÷10000=万亿元；非当月新增贷款；来源称非金融企业及其他部门；境内，境外已单列
loan_business_bills,CHN,2010-12,1.481452,万亿元,M,,https://www.pbc.gov.cn/eportal/fileDir/defaultCurSite/resource/cms/2015/07/2010s03a.htm,人民银行人民币信贷收支表；月末余额，亿元÷10000=万亿元；非当月新增贷款；来源称非金融企业及其他部门；境内，境外已单列
loan_business_bills,CHN,2011-01,1.413379,万亿元,M,,https://www.pbc.gov.cn/eportal/fileDir/defaultCurSite/resource/cms/2015/07/2011s03a.htm,人民银行人民币信贷收支表；月末余额，亿元÷10000=万亿元；非当月新增贷款；来源称非金融企业及其他部门；境内，境外已单列
loan_business_bills,CHN,2011-02,1.342223,万亿元,M,,https://www.pbc.gov.cn/eportal/fileDir/defaultCurSite/resource/cms/2015/07/2011s03a.htm,人民银行人民币信贷收支表；月末余额，亿元÷10000=万亿元；非当月新增贷款；来源称非金融企业及其他部门；境内，境外已单列
loan_business_bills,CHN,2011-03,1.238972,万亿元,M,,https://www.pbc.gov.cn/eportal/fileDir/defaultCurSite/resource/cms/2015/07/2011s03a.htm,人民银行人民币信贷收支表；月末余额，亿元÷10000=万亿元；非当月新增贷款；来源称非金融企业及其他部门；境内，境外已单列
loan_business_bills,CHN,2011-04,1.277166,万亿元,M,,https://www.pbc.gov.cn/eportal/fileDir/defaultCurSite/resource/cms/2015/07/2011s03a.htm,人民银行人民币信贷收支表；月末余额，亿元÷10000=万亿元；非当月新增贷款；来源称非金融企业及其他部门；境内，境外已单列
loan_business_bills,CHN,2011-05,1.333982,万亿元,M,,https://www.pbc.gov.cn/eportal/fileDir/defaultCurSite/resource/cms/2015/07/2011s03a.htm,人民银行人民币信贷收支表；月末余额，亿元÷10000=万亿元；非当月新增贷款；来源称非金融企业及其他部门；境内，境外已单列
loan_business_bills,CHN,2011-06,1.359044,万亿元,M,,https://www.pbc.gov.cn/eportal/fileDir/defaultCurSite/resource/cms/2015/07/2011s03a.htm,人民银行人民币信贷收支表；月末余额，亿元÷10000=万亿元；非当月新增贷款；来源称非金融企业及其他部门；境内，境外已单列
loan_business_bills,CHN,2011-07,1.423643,万亿元,M,,https://www.pbc.gov.cn/eportal/fileDir/defaultCurSite/resource/cms/2015/07/2011s03a.htm,人民银行人民币信贷收支表；月末余额，亿元÷10000=万亿元；非当月新增贷款；来源称非金融企业及其他部门；境内，境外已单列
loan_business_bills,CHN,2011-08,1.515298,万亿元,M,,https://www.pbc.gov.cn/eportal/fileDir/defaultCurSite/resource/cms/2015/07/2011s03a.htm,人民银行人民币信贷收支表；月末余额，亿元÷10000=万亿元；非当月新增贷款；来源称非金融企业及其他部门；境内，境外已单列
loan_business_bills,CHN,2011-09,1.494526,万亿元,M,,https://www.pbc.gov.cn/eportal/fileDir/defaultCurSite/resource/cms/2015/07/2011s03a.htm,人民银行人民币信贷收支表；月末余额，亿元÷10000=万亿元；非当月新增贷款；来源称非金融企业及其他部门；境内，境外已单列
loan_business_bills,CHN,2011-10,1.424418,万亿元,M,,https://www.pbc.gov.cn/eportal/fileDir/defaultCurSite/resource/cms/2015/07/2011s03a.htm,人民银行人民币信贷收支表；月末余额，亿元÷10000=万亿元；非当月新增贷款；来源称非金融企业及其他部门；境内，境外已单列
loan_business_bills,CHN,2011-11,1.460442,万亿元,M,,https://www.pbc.gov.cn/eportal/fileDir/defaultCurSite/resource/cms/2015/07/2011s03a.htm,人民银行人民币信贷收支表；月末余额，亿元÷10000=万亿元；非当月新增贷款；来源称非金融企业及其他部门；境内，境外已单列
loan_business_bills,CHN,2011-12,1.512445,万亿元,M,,https://www.pbc.gov.cn/eportal/fileDir/defaultCurSite/resource/cms/2015/07/2011s03a.htm,人民银行人民币信贷收支表；月末余额，亿元÷10000=万亿元；非当月新增贷款；来源称非金融企业及其他部门；境内，境外已单列
loan_business_bills,CHN,2012-01,1.520475,万亿元,M,,https://www.pbc.gov.cn/eportal/fileDir/defaultCurSite/resource/cms/2015/07/2012s03a.htm,人民银行人民币信贷收支表；月末余额，亿元÷10000=万亿元；非当月新增贷款；来源称非金融企业及其他部门；境内，境外已单列
loan_business_bills,CHN,2012-02,1.63104,万亿元,M,,https://www.pbc.gov.cn/eportal/fileDir/defaultCurSite/resource/cms/2015/07/2012s03a.htm,人民银行人民币信贷收支表；月末余额，亿元÷10000=万亿元；非当月新增贷款；来源称非金融企业及其他部门；境内，境外已单列
loan_business_bills,CHN,2012-03,1.76999,万亿元,M,,https://www.pbc.gov.cn/eportal/fileDir/defaultCurSite/resource/cms/2015/07/2012s03a.htm,人民银行人民币信贷收支表；月末余额，亿元÷10000=万亿元；非当月新增贷款；来源称非金融企业及其他部门；境内，境外已单列
loan_business_bills,CHN,2012-04,2.010632,万亿元,M,,https://www.pbc.gov.cn/eportal/fileDir/defaultCurSite/resource/cms/2015/07/2012s03a.htm,人民银行人民币信贷收支表；月末余额，亿元÷10000=万亿元；非当月新增贷款；来源称非金融企业及其他部门；境内，境外已单列
loan_business_bills,CHN,2012-05,2.242653,万亿元,M,,https://www.pbc.gov.cn/eportal/fileDir/defaultCurSite/resource/cms/2015/07/2012s03a.htm,人民银行人民币信贷收支表；月末余额，亿元÷10000=万亿元；非当月新增贷款；来源称非金融企业及其他部门；境内，境外已单列
loan_business_bills,CHN,2012-06,2.276768,万亿元,M,,https://www.pbc.gov.cn/eportal/fileDir/defaultCurSite/resource/cms/2015/07/2012s03a.htm,人民银行人民币信贷收支表；月末余额，亿元÷10000=万亿元；非当月新增贷款；来源称非金融企业及其他部门；境内，境外已单列
loan_business_bills,CHN,2012-07,2.429322,万亿元,M,,https://www.pbc.gov.cn/eportal/fileDir/defaultCurSite/resource/cms/2015/07/2012s03a.htm,人民银行人民币信贷收支表；月末余额，亿元÷10000=万亿元；非当月新增贷款；来源称非金融企业及其他部门；境内，境外已单列
loan_business_bills,CHN,2012-08,2.560758,万亿元,M,,https://www.pbc.gov.cn/eportal/fileDir/defaultCurSite/resource/cms/2015/07/2012s03a.htm,人民银行人民币信贷收支表；月末余额，亿元÷10000=万亿元；非当月新增贷款；来源称非金融企业及其他部门；境内，境外已单列
loan_business_bills,CHN,2012-09,2.343726,万亿元,M,,https://www.pbc.gov.cn/eportal/fileDir/defaultCurSite/resource/cms/2015/07/2012s03a.htm,人民银行人民币信贷收支表；月末余额，亿元÷10000=万亿元；非当月新增贷款；来源称非金融企业及其他部门；境内，境外已单列
loan_business_bills,CHN,2012-10,2.270515,万亿元,M,,https://www.pbc.gov.cn/eportal/fileDir/defaultCurSite/resource/cms/2015/07/2012s03a.htm,人民银行人民币信贷收支表；月末余额，亿元÷10000=万亿元；非当月新增贷款；来源称非金融企业及其他部门；境内，境外已单列
loan_business_bills,CHN,2012-11,2.233324,万亿元,M,,https://www.pbc.gov.cn/eportal/fileDir/defaultCurSite/resource/cms/2015/07/2012s03a.htm,人民银行人民币信贷收支表；月末余额，亿元÷10000=万亿元；非当月新增贷款；来源称非金融企业及其他部门；境内，境外已单列
loan_business_bills,CHN,2012-12,2.043324,万亿元,M,,https://www.pbc.gov.cn/eportal/fileDir/defaultCurSite/resource/cms/2015/07/2012s03a.htm,人民银行人民币信贷收支表；月末余额，亿元÷10000=万亿元；非当月新增贷款；来源称非金融企业及其他部门；境内，境外已单列
loan_business_bills,CHN,2013-01,2.015521,万亿元,M,,https://www.pbc.gov.cn/eportal/fileDir/defaultCurSite/resource/cms/2015/07/2013s03a.htm,人民银行人民币信贷收支表；月末余额，亿元÷10000=万亿元；非当月新增贷款；来源称非金融企业及其他部门；境内，境外已单列
loan_business_bills,CHN,2013-02,2.033616,万亿元,M,,https://www.pbc.gov.cn/eportal/fileDir/defaultCurSite/resource/cms/2015/07/2013s03a.htm,人民银行人民币信贷收支表；月末余额，亿元÷10000=万亿元；非当月新增贷款；来源称非金融企业及其他部门；境内，境外已单列
loan_business_bills,CHN,2013-03,2.151963,万亿元,M,,https://www.pbc.gov.cn/eportal/fileDir/defaultCurSite/resource/cms/2015/07/2013s03a.htm,人民银行人民币信贷收支表；月末余额，亿元÷10000=万亿元；非当月新增贷款；来源称非金融企业及其他部门；境内，境外已单列
loan_business_bills,CHN,2013-04,2.320089,万亿元,M,,https://www.pbc.gov.cn/eportal/fileDir/defaultCurSite/resource/cms/2015/07/2013s03a.htm,人民银行人民币信贷收支表；月末余额，亿元÷10000=万亿元；非当月新增贷款；来源称非金融企业及其他部门；境内，境外已单列
loan_business_bills,CHN,2013-05,2.406495,万亿元,M,,https://www.pbc.gov.cn/eportal/fileDir/defaultCurSite/resource/cms/2015/07/2013s03a.htm,人民银行人民币信贷收支表；月末余额，亿元÷10000=万亿元；非当月新增贷款；来源称非金融企业及其他部门；境内，境外已单列
loan_business_bills,CHN,2013-06,2.328315,万亿元,M,,https://www.pbc.gov.cn/eportal/fileDir/defaultCurSite/resource/cms/2015/07/2013s03a.htm,人民银行人民币信贷收支表；月末余额，亿元÷10000=万亿元；非当月新增贷款；来源称非金融企业及其他部门；境内，境外已单列
loan_business_bills,CHN,2013-07,2.224264,万亿元,M,,https://www.pbc.gov.cn/eportal/fileDir/defaultCurSite/resource/cms/2015/07/2013s03a.htm,人民银行人民币信贷收支表；月末余额，亿元÷10000=万亿元；非当月新增贷款；来源称非金融企业及其他部门；境内，境外已单列
loan_business_bills,CHN,2013-08,2.211803,万亿元,M,,https://www.pbc.gov.cn/eportal/fileDir/defaultCurSite/resource/cms/2015/07/2013s03a.htm,人民银行人民币信贷收支表；月末余额，亿元÷10000=万亿元；非当月新增贷款；来源称非金融企业及其他部门；境内，境外已单列
loan_business_bills,CHN,2013-09,2.059357,万亿元,M,,https://www.pbc.gov.cn/eportal/fileDir/defaultCurSite/resource/cms/2015/07/2013s03a.htm,人民银行人民币信贷收支表；月末余额，亿元÷10000=万亿元；非当月新增贷款；来源称非金融企业及其他部门；境内，境外已单列
loan_business_bills,CHN,2013-10,1.988739,万亿元,M,,https://www.pbc.gov.cn/eportal/fileDir/defaultCurSite/resource/cms/2015/07/2013s03a.htm,人民银行人民币信贷收支表；月末余额，亿元÷10000=万亿元；非当月新增贷款；来源称非金融企业及其他部门；境内，境外已单列
loan_business_bills,CHN,2013-11,2.007814,万亿元,M,,https://www.pbc.gov.cn/eportal/fileDir/defaultCurSite/resource/cms/2015/07/2013s03a.htm,人民银行人民币信贷收支表；月末余额，亿元÷10000=万亿元；非当月新增贷款；来源称非金融企业及其他部门；境内，境外已单列
loan_business_bills,CHN,2013-12,1.9594,万亿元,M,,https://www.pbc.gov.cn/eportal/fileDir/defaultCurSite/resource/cms/2015/07/2013s03a.htm,人民银行人民币信贷收支表；月末余额，亿元÷10000=万亿元；非当月新增贷款；来源称非金融企业及其他部门；境内，境外已单列
loan_business_bills,CHN,2014-01,1.876752,万亿元,M,,https://www.pbc.gov.cn/eportal/fileDir/defaultCurSite/resource/cms/2015/07/2014s03a.htm,人民银行人民币信贷收支表；月末余额，亿元÷10000=万亿元；非当月新增贷款；来源称非金融企业及其他部门；境内，境外已单列
loan_business_bills,CHN,2014-02,1.844354,万亿元,M,,https://www.pbc.gov.cn/eportal/fileDir/defaultCurSite/resource/cms/2015/07/2014s03a.htm,人民银行人民币信贷收支表；月末余额，亿元÷10000=万亿元；非当月新增贷款；来源称非金融企业及其他部门；境内，境外已单列
loan_business_bills,CHN,2014-03,1.883607,万亿元,M,,https://www.pbc.gov.cn/eportal/fileDir/defaultCurSite/resource/cms/2015/07/2014s03a.htm,人民银行人民币信贷收支表；月末余额，亿元÷10000=万亿元；非当月新增贷款；来源称非金融企业及其他部门；境内，境外已单列
loan_business_bills,CHN,2014-04,1.969368,万亿元,M,,https://www.pbc.gov.cn/eportal/fileDir/defaultCurSite/resource/cms/2015/07/2014s03a.htm,人民银行人民币信贷收支表；月末余额，亿元÷10000=万亿元；非当月新增贷款；来源称非金融企业及其他部门；境内，境外已单列
loan_business_bills,CHN,2014-05,2.123915,万亿元,M,,https://www.pbc.gov.cn/eportal/fileDir/defaultCurSite/resource/cms/2015/07/2014s03a.htm,人民银行人民币信贷收支表；月末余额，亿元÷10000=万亿元；非当月新增贷款；来源称非金融企业及其他部门；境内，境外已单列
loan_business_bills,CHN,2014-06,2.202766,万亿元,M,,https://www.pbc.gov.cn/eportal/fileDir/defaultCurSite/resource/cms/2015/07/2014s03a.htm,人民银行人民币信贷收支表；月末余额，亿元÷10000=万亿元；非当月新增贷款；来源称非金融企业及其他部门；境内，境外已单列
loan_business_bills,CHN,2014-07,2.37535,万亿元,M,,https://www.pbc.gov.cn/eportal/fileDir/defaultCurSite/resource/cms/2015/07/2014s03a.htm,人民银行人民币信贷收支表；月末余额，亿元÷10000=万亿元；非当月新增贷款；来源称非金融企业及其他部门；境内，境外已单列
loan_business_bills,CHN,2014-08,2.612027,万亿元,M,,https://www.pbc.gov.cn/eportal/fileDir/defaultCurSite/resource/cms/2015/07/2014s03a.htm,人民银行人民币信贷收支表；月末余额，亿元÷10000=万亿元；非当月新增贷款；来源称非金融企业及其他部门；境内，境外已单列
loan_business_bills,CHN,2014-09,2.69778,万亿元,M,,https://www.pbc.gov.cn/eportal/fileDir/defaultCurSite/resource/cms/2015/07/2014s03a.htm,人民银行人民币信贷收支表；月末余额，亿元÷10000=万亿元；非当月新增贷款；来源称非金融企业及其他部门；境内，境外已单列
loan_business_bills,CHN,2014-10,2.814865,万亿元,M,,https://www.pbc.gov.cn/eportal/fileDir/defaultCurSite/resource/cms/2015/07/2014s03a.htm,人民银行人民币信贷收支表；月末余额，亿元÷10000=万亿元；非当月新增贷款；来源称非金融企业及其他部门；境内，境外已单列
loan_business_bills,CHN,2014-11,3.057246,万亿元,M,,https://www.pbc.gov.cn/eportal/fileDir/defaultCurSite/resource/cms/2015/07/2014s03a.htm,人民银行人民币信贷收支表；月末余额，亿元÷10000=万亿元；非当月新增贷款；来源称非金融企业及其他部门；境内，境外已单列
loan_business_bills,CHN,2014-12,2.916941,万亿元,M,,https://www.pbc.gov.cn/eportal/fileDir/defaultCurSite/resource/cms/2015/07/2014s03a.htm,人民银行人民币信贷收支表；月末余额，亿元÷10000=万亿元；非当月新增贷款；来源称非金融企业及其他部门；境内，境外已单列
loan_business_bills,CHN,2015-01,3.008831,万亿元,M,,https://www.pbc.gov.cn/diaochatongjisi/attachDir/2025/11/2025111810564114123.xls,人民银行人民币信贷收支表；月末余额，亿元÷10000=万亿元；非当月新增贷款
loan_business_bills,CHN,2015-02,3.048849,万亿元,M,,https://www.pbc.gov.cn/diaochatongjisi/attachDir/2025/11/2025111810564114123.xls,人民银行人民币信贷收支表；月末余额，亿元÷10000=万亿元；非当月新增贷款
loan_business_bills,CHN,2015-03,3.076879,万亿元,M,,https://www.pbc.gov.cn/diaochatongjisi/attachDir/2025/11/2025111810564114123.xls,人民银行人民币信贷收支表；月末余额，亿元÷10000=万亿元；非当月新增贷款
loan_business_bills,CHN,2015-04,3.212984,万亿元,M,,https://www.pbc.gov.cn/diaochatongjisi/attachDir/2025/11/2025111810564114123.xls,人民银行人民币信贷收支表；月末余额，亿元÷10000=万亿元；非当月新增贷款
loan_business_bills,CHN,2015-05,3.43625,万亿元,M,,https://www.pbc.gov.cn/diaochatongjisi/attachDir/2025/11/2025111810564114123.xls,人民银行人民币信贷收支表；月末余额，亿元÷10000=万亿元；非当月新增贷款
loan_business_bills,CHN,2015-06,3.781749,万亿元,M,,https://www.pbc.gov.cn/diaochatongjisi/attachDir/2025/11/2025111810564114123.xls,人民银行人民币信贷收支表；月末余额，亿元÷10000=万亿元；非当月新增贷款
loan_business_bills,CHN,2015-07,4.038405,万亿元,M,,https://www.pbc.gov.cn/diaochatongjisi/attachDir/2025/11/2025111810564114123.xls,人民银行人民币信贷收支表；月末余额，亿元÷10000=万亿元；非当月新增贷款
loan_business_bills,CHN,2015-08,4.284112,万亿元,M,,https://www.pbc.gov.cn/diaochatongjisi/attachDir/2025/11/2025111810564114123.xls,人民银行人民币信贷收支表；月末余额，亿元÷10000=万亿元；非当月新增贷款
loan_business_bills,CHN,2015-09,4.312843,万亿元,M,,https://www.pbc.gov.cn/diaochatongjisi/attachDir/2025/11/2025111810564114123.xls,人民银行人民币信贷收支表；月末余额，亿元÷10000=万亿元；非当月新增贷款
loan_business_bills,CHN,2015-10,4.496412,万亿元,M,,https://www.pbc.gov.cn/diaochatongjisi/attachDir/2025/11/2025111810564114123.xls,人民银行人民币信贷收支表；月末余额，亿元÷10000=万亿元；非当月新增贷款
loan_business_bills,CHN,2015-11,4.639006,万亿元,M,,https://www.pbc.gov.cn/diaochatongjisi/attachDir/2025/11/2025111810564114123.xls,人民银行人民币信贷收支表；月末余额，亿元÷10000=万亿元；非当月新增贷款
loan_business_bills,CHN,2015-12,4.575602,万亿元,M,,https://www.pbc.gov.cn/diaochatongjisi/attachDir/2025/11/2025111810564114123.xls,人民银行人民币信贷收支表；月末余额，亿元÷10000=万亿元；非当月新增贷款
loan_business_bills,CHN,2016-01,4.948204,万亿元,M,,https://www.pbc.gov.cn/diaochatongjisi/attachDir/2025/11/2025111811260014568.xls,人民银行人民币信贷收支表；月末余额，亿元÷10000=万亿元；非当月新增贷款
loan_business_bills,CHN,2016-02,4.889889,万亿元,M,,https://www.pbc.gov.cn/diaochatongjisi/attachDir/2025/11/2025111811260014568.xls,人民银行人民币信贷收支表；月末余额，亿元÷10000=万亿元；非当月新增贷款
loan_business_bills,CHN,2016-03,4.941688,万亿元,M,,https://www.pbc.gov.cn/diaochatongjisi/attachDir/2025/11/2025111811260014568.xls,人民银行人民币信贷收支表；月末余额，亿元÷10000=万亿元；非当月新增贷款
loan_business_bills,CHN,2016-04,5.180442,万亿元,M,,https://www.pbc.gov.cn/diaochatongjisi/attachDir/2025/11/2025111811260014568.xls,人民银行人民币信贷收支表；月末余额，亿元÷10000=万亿元；非当月新增贷款
loan_business_bills,CHN,2016-05,5.336834,万亿元,M,,https://www.pbc.gov.cn/diaochatongjisi/attachDir/2025/11/2025111811260014568.xls,人民银行人民币信贷收支表；月末余额，亿元÷10000=万亿元；非当月新增贷款
loan_business_bills,CHN,2016-06,5.321832,万亿元,M,,https://www.pbc.gov.cn/diaochatongjisi/attachDir/2025/11/2025111811260014568.xls,人民银行人民币信贷收支表；月末余额，亿元÷10000=万亿元；非当月新增贷款
loan_business_bills,CHN,2016-07,5.349482,万亿元,M,,https://www.pbc.gov.cn/diaochatongjisi/attachDir/2025/11/2025111811260014568.xls,人民银行人民币信贷收支表；月末余额，亿元÷10000=万亿元；非当月新增贷款
loan_business_bills,CHN,2016-08,5.572941,万亿元,M,,https://www.pbc.gov.cn/diaochatongjisi/attachDir/2025/11/2025111811260014568.xls,人民银行人民币信贷收支表；月末余额，亿元÷10000=万亿元；非当月新增贷款
loan_business_bills,CHN,2016-09,5.71517,万亿元,M,,https://www.pbc.gov.cn/diaochatongjisi/attachDir/2025/11/2025111811260014568.xls,人民银行人民币信贷收支表；月末余额，亿元÷10000=万亿元；非当月新增贷款
loan_business_bills,CHN,2016-10,5.824871,万亿元,M,,https://www.pbc.gov.cn/diaochatongjisi/attachDir/2025/11/2025111811260014568.xls,人民银行人民币信贷收支表；月末余额，亿元÷10000=万亿元；非当月新增贷款
loan_business_bills,CHN,2016-11,5.724017,万亿元,M,,https://www.pbc.gov.cn/diaochatongjisi/attachDir/2025/11/2025111811260014568.xls,人民银行人民币信贷收支表；月末余额，亿元÷10000=万亿元；非当月新增贷款
loan_business_bills,CHN,2016-12,5.470952,万亿元,M,,https://www.pbc.gov.cn/diaochatongjisi/attachDir/2025/11/2025111811260014568.xls,人民银行人民币信贷收支表；月末余额，亿元÷10000=万亿元；非当月新增贷款
loan_business_bills,CHN,2017-01,5.018814,万亿元,M,,https://www.pbc.gov.cn/diaochatongjisi/attachDir/2025/11/2025111814223377038.xls,人民银行人民币信贷收支表；月末余额，亿元÷10000=万亿元；非当月新增贷款
loan_business_bills,CHN,2017-02,4.776984,万亿元,M,,https://www.pbc.gov.cn/diaochatongjisi/attachDir/2025/11/2025111814223377038.xls,人民银行人民币信贷收支表；月末余额，亿元÷10000=万亿元；非当月新增贷款
loan_business_bills,CHN,2017-03,4.38772,万亿元,M,,https://www.pbc.gov.cn/diaochatongjisi/attachDir/2025/11/2025111814223377038.xls,人民银行人民币信贷收支表；月末余额，亿元÷10000=万亿元；非当月新增贷款
loan_business_bills,CHN,2017-04,4.189459,万亿元,M,,https://www.pbc.gov.cn/diaochatongjisi/attachDir/2025/11/2025111814223377038.xls,人民银行人民币信贷收支表；月末余额，亿元÷10000=万亿元；非当月新增贷款
loan_business_bills,CHN,2017-05,4.042557,万亿元,M,,https://www.pbc.gov.cn/diaochatongjisi/attachDir/2025/11/2025111814223377038.xls,人民银行人民币信贷收支表；月末余额，亿元÷10000=万亿元；非当月新增贷款
loan_business_bills,CHN,2017-06,3.882835,万亿元,M,,https://www.pbc.gov.cn/diaochatongjisi/attachDir/2025/11/2025111814223377038.xls,人民银行人民币信贷收支表；月末余额，亿元÷10000=万亿元；非当月新增贷款
loan_business_bills,CHN,2017-07,3.716649,万亿元,M,,https://www.pbc.gov.cn/diaochatongjisi/attachDir/2025/11/2025111814223377038.xls,人民银行人民币信贷收支表；月末余额，亿元÷10000=万亿元；非当月新增贷款
loan_business_bills,CHN,2017-08,3.748498,万亿元,M,,https://www.pbc.gov.cn/diaochatongjisi/attachDir/2025/11/2025111814223377038.xls,人民银行人民币信贷收支表；月末余额，亿元÷10000=万亿元；非当月新增贷款
loan_business_bills,CHN,2017-09,3.746327,万亿元,M,,https://www.pbc.gov.cn/diaochatongjisi/attachDir/2025/11/2025111814223377038.xls,人民银行人民币信贷收支表；月末余额，亿元÷10000=万亿元；非当月新增贷款
loan_business_bills,CHN,2017-10,3.708513,万亿元,M,,https://www.pbc.gov.cn/diaochatongjisi/attachDir/2025/11/2025111814223377038.xls,人民银行人民币信贷收支表；月末余额，亿元÷10000=万亿元；非当月新增贷款
loan_business_bills,CHN,2017-11,3.747033,万亿元,M,,https://www.pbc.gov.cn/diaochatongjisi/attachDir/2025/11/2025111814223377038.xls,人民银行人民币信贷收支表；月末余额，亿元÷10000=万亿元；非当月新增贷款
loan_business_bills,CHN,2017-12,3.887341,万亿元,M,,https://www.pbc.gov.cn/diaochatongjisi/attachDir/2025/11/2025111814223377038.xls,人民银行人民币信贷收支表；月末余额，亿元÷10000=万亿元；非当月新增贷款
loan_business_bills,CHN,2018-01,3.92071,万亿元,M,,https://www.pbc.gov.cn/diaochatongjisi/attachDir/2025/11/2025111815281576875.xls,人民银行人民币信贷收支表；月末余额，亿元÷10000=万亿元；非当月新增贷款
loan_business_bills,CHN,2018-02,3.843209,万亿元,M,,https://www.pbc.gov.cn/diaochatongjisi/attachDir/2025/11/2025111815281576875.xls,人民银行人民币信贷收支表；月末余额，亿元÷10000=万亿元；非当月新增贷款
loan_business_bills,CHN,2018-03,3.831328,万亿元,M,,https://www.pbc.gov.cn/diaochatongjisi/attachDir/2025/11/2025111815281576875.xls,人民银行人民币信贷收支表；月末余额，亿元÷10000=万亿元；非当月新增贷款
loan_business_bills,CHN,2018-04,3.833587,万亿元,M,,https://www.pbc.gov.cn/diaochatongjisi/attachDir/2025/11/2025111815281576875.xls,人民银行人民币信贷收支表；月末余额，亿元÷10000=万亿元；非当月新增贷款
loan_business_bills,CHN,2018-05,3.978287,万亿元,M,,https://www.pbc.gov.cn/diaochatongjisi/attachDir/2025/11/2025111815281576875.xls,人民银行人民币信贷收支表；月末余额，亿元÷10000=万亿元；非当月新增贷款
loan_business_bills,CHN,2018-06,4.272985,万亿元,M,,https://www.pbc.gov.cn/diaochatongjisi/attachDir/2025/11/2025111815281576875.xls,人民银行人民币信贷收支表；月末余额，亿元÷10000=万亿元；非当月新增贷款
loan_business_bills,CHN,2018-07,4.511781,万亿元,M,,https://www.pbc.gov.cn/diaochatongjisi/attachDir/2025/11/2025111815281576875.xls,人民银行人民币信贷收支表；月末余额，亿元÷10000=万亿元；非当月新增贷款
loan_business_bills,CHN,2018-08,4.921716,万亿元,M,,https://www.pbc.gov.cn/diaochatongjisi/attachDir/2025/11/2025111815281576875.xls,人民银行人民币信贷收支表；月末余额，亿元÷10000=万亿元；非当月新增贷款
loan_business_bills,CHN,2018-09,5.098744,万亿元,M,,https://www.pbc.gov.cn/diaochatongjisi/attachDir/2025/11/2025111815281576875.xls,人民银行人民币信贷收支表；月末余额，亿元÷10000=万亿元；非当月新增贷款
loan_business_bills,CHN,2018-10,5.205166,万亿元,M,,https://www.pbc.gov.cn/diaochatongjisi/attachDir/2025/11/2025111815281576875.xls,人民银行人民币信贷收支表；月末余额，亿元÷10000=万亿元；非当月新增贷款
loan_business_bills,CHN,2018-11,5.439294,万亿元,M,,https://www.pbc.gov.cn/diaochatongjisi/attachDir/2025/11/2025111815281576875.xls,人民银行人民币信贷收支表；月末余额，亿元÷10000=万亿元；非当月新增贷款
loan_business_bills,CHN,2018-12,5.780688,万亿元,M,,https://www.pbc.gov.cn/diaochatongjisi/attachDir/2025/11/2025111815281576875.xls,人民银行人民币信贷收支表；月末余额，亿元÷10000=万亿元；非当月新增贷款
loan_business_bills,CHN,2019-01,6.296757,万亿元,M,,https://www.pbc.gov.cn/diaochatongjisi/attachDir/2025/11/2025111815533429222.xls,人民银行人民币信贷收支表；月末余额，亿元÷10000=万亿元；非当月新增贷款
loan_business_bills,CHN,2019-02,6.466254,万亿元,M,,https://www.pbc.gov.cn/diaochatongjisi/attachDir/2025/11/2025111815533429222.xls,人民银行人民币信贷收支表；月末余额，亿元÷10000=万亿元；非当月新增贷款
loan_business_bills,CHN,2019-03,6.56405,万亿元,M,,https://www.pbc.gov.cn/diaochatongjisi/attachDir/2025/11/2025111815533429222.xls,人民银行人民币信贷收支表；月末余额，亿元÷10000=万亿元；非当月新增贷款
loan_business_bills,CHN,2019-04,6.751499,万亿元,M,,https://www.pbc.gov.cn/diaochatongjisi/attachDir/2025/11/2025111815533429222.xls,人民银行人民币信贷收支表；月末余额，亿元÷10000=万亿元；非当月新增贷款
loan_business_bills,CHN,2019-05,6.864744,万亿元,M,,https://www.pbc.gov.cn/diaochatongjisi/attachDir/2025/11/2025111815533429222.xls,人民银行人民币信贷收支表；月末余额，亿元÷10000=万亿元；非当月新增贷款
loan_business_bills,CHN,2019-06,6.961407,万亿元,M,,https://www.pbc.gov.cn/diaochatongjisi/attachDir/2025/11/2025111815533429222.xls,人民银行人民币信贷收支表；月末余额，亿元÷10000=万亿元；非当月新增贷款
loan_business_bills,CHN,2019-07,7.089768,万亿元,M,,https://www.pbc.gov.cn/diaochatongjisi/attachDir/2025/11/2025111815533429222.xls,人民银行人民币信贷收支表；月末余额，亿元÷10000=万亿元；非当月新增贷款
loan_business_bills,CHN,2019-08,7.332333,万亿元,M,,https://www.pbc.gov.cn/diaochatongjisi/attachDir/2025/11/2025111815533429222.xls,人民银行人民币信贷收支表；月末余额，亿元÷10000=万亿元；非当月新增贷款
loan_business_bills,CHN,2019-09,7.50785,万亿元,M,,https://www.pbc.gov.cn/diaochatongjisi/attachDir/2025/11/2025111815533429222.xls,人民银行人民币信贷收支表；月末余额，亿元÷10000=万亿元；非当月新增贷款
loan_business_bills,CHN,2019-10,7.529271,万亿元,M,,https://www.pbc.gov.cn/diaochatongjisi/attachDir/2025/11/2025111815533429222.xls,人民银行人民币信贷收支表；月末余额，亿元÷10000=万亿元；非当月新增贷款
loan_business_bills,CHN,2019-11,7.591635,万亿元,M,,https://www.pbc.gov.cn/diaochatongjisi/attachDir/2025/11/2025111815533429222.xls,人民银行人民币信贷收支表；月末余额，亿元÷10000=万亿元；非当月新增贷款
loan_business_bills,CHN,2019-12,7.617551,万亿元,M,,https://www.pbc.gov.cn/diaochatongjisi/attachDir/2025/11/2025111815533429222.xls,人民银行人民币信贷收支表；月末余额，亿元÷10000=万亿元；非当月新增贷款
loan_business_bills,CHN,2020-01,7.976142,万亿元,M,,https://www.pbc.gov.cn/diaochatongjisi/attachDir/2025/11/2025111816065225038.xls,人民银行人民币信贷收支表；月末余额，亿元÷10000=万亿元；非当月新增贷款
loan_business_bills,CHN,2020-02,8.03958,万亿元,M,,https://www.pbc.gov.cn/diaochatongjisi/attachDir/2025/11/2025111816065225038.xls,人民银行人民币信贷收支表；月末余额，亿元÷10000=万亿元；非当月新增贷款
loan_business_bills,CHN,2020-03,8.247027,万亿元,M,,https://www.pbc.gov.cn/diaochatongjisi/attachDir/2025/11/2025111816065225038.xls,人民银行人民币信贷收支表；月末余额，亿元÷10000=万亿元；非当月新增贷款
loan_business_bills,CHN,2020-04,8.638005,万亿元,M,,https://www.pbc.gov.cn/diaochatongjisi/attachDir/2025/11/2025111816065225038.xls,人民银行人民币信贷收支表；月末余额，亿元÷10000=万亿元；非当月新增贷款
loan_business_bills,CHN,2020-05,8.79665,万亿元,M,,https://www.pbc.gov.cn/diaochatongjisi/attachDir/2025/11/2025111816065225038.xls,人民银行人民币信贷收支表；月末余额，亿元÷10000=万亿元；非当月新增贷款
loan_business_bills,CHN,2020-06,8.586177,万亿元,M,,https://www.pbc.gov.cn/diaochatongjisi/attachDir/2025/11/2025111816065225038.xls,人民银行人民币信贷收支表；月末余额，亿元÷10000=万亿元；非当月新增贷款
loan_business_bills,CHN,2020-07,8.484105,万亿元,M,,https://www.pbc.gov.cn/diaochatongjisi/attachDir/2025/11/2025111816065225038.xls,人民银行人民币信贷收支表；月末余额，亿元÷10000=万亿元；非当月新增贷款
loan_business_bills,CHN,2020-08,8.316521,万亿元,M,,https://www.pbc.gov.cn/diaochatongjisi/attachDir/2025/11/2025111816065225038.xls,人民银行人民币信贷收支表；月末余额，亿元÷10000=万亿元；非当月新增贷款
loan_business_bills,CHN,2020-09,8.053278,万亿元,M,,https://www.pbc.gov.cn/diaochatongjisi/attachDir/2025/11/2025111816065225038.xls,人民银行人民币信贷收支表；月末余额，亿元÷10000=万亿元；非当月新增贷款
loan_business_bills,CHN,2020-10,7.940905,万亿元,M,,https://www.pbc.gov.cn/diaochatongjisi/attachDir/2025/11/2025111816065225038.xls,人民银行人民币信贷收支表；月末余额，亿元÷10000=万亿元；非当月新增贷款
loan_business_bills,CHN,2020-11,8.021354,万亿元,M,,https://www.pbc.gov.cn/diaochatongjisi/attachDir/2025/11/2025111816065225038.xls,人民银行人民币信贷收支表；月末余额，亿元÷10000=万亿元；非当月新增贷款
loan_business_bills,CHN,2020-12,8.355454,万亿元,M,,https://www.pbc.gov.cn/diaochatongjisi/attachDir/2025/11/2025111816065225038.xls,人民银行人民币信贷收支表；月末余额，亿元÷10000=万亿元；非当月新增贷款
loan_business_bills,CHN,2021-01,8.215157,万亿元,M,,https://www.pbc.gov.cn/diaochatongjisi/attachDir/2025/11/2025111816273553641.xlsx,人民银行人民币信贷收支表；月末余额，亿元÷10000=万亿元；非当月新增贷款
loan_business_bills,CHN,2021-02,8.029644,万亿元,M,,https://www.pbc.gov.cn/diaochatongjisi/attachDir/2025/11/2025111816273553641.xlsx,人民银行人民币信贷收支表；月末余额，亿元÷10000=万亿元；非当月新增贷款
loan_business_bills,CHN,2021-03,7.87714,万亿元,M,,https://www.pbc.gov.cn/diaochatongjisi/attachDir/2025/11/2025111816273553641.xlsx,人民银行人民币信贷收支表；月末余额，亿元÷10000=万亿元；非当月新增贷款
loan_business_bills,CHN,2021-04,8.148257,万亿元,M,,https://www.pbc.gov.cn/diaochatongjisi/attachDir/2025/11/2025111816273553641.xlsx,人民银行人民币信贷收支表；月末余额，亿元÷10000=万亿元；非当月新增贷款
loan_business_bills,CHN,2021-05,8.302083,万亿元,M,,https://www.pbc.gov.cn/diaochatongjisi/attachDir/2025/11/2025111816273553641.xlsx,人民银行人民币信贷收支表；月末余额，亿元÷10000=万亿元；非当月新增贷款
loan_business_bills,CHN,2021-06,8.576765,万亿元,M,,https://www.pbc.gov.cn/diaochatongjisi/attachDir/2025/11/2025111816273553641.xlsx,人民银行人民币信贷收支表；月末余额，亿元÷10000=万亿元；非当月新增贷款
loan_business_bills,CHN,2021-07,8.753882,万亿元,M,,https://www.pbc.gov.cn/diaochatongjisi/attachDir/2025/11/2025111816273553641.xlsx,人民银行人民币信贷收支表；月末余额，亿元÷10000=万亿元；非当月新增贷款
loan_business_bills,CHN,2021-08,9.035229,万亿元,M,,https://www.pbc.gov.cn/diaochatongjisi/attachDir/2025/11/2025111816273553641.xlsx,人民银行人民币信贷收支表；月末余额，亿元÷10000=万亿元；非当月新增贷款
loan_business_bills,CHN,2021-09,9.170516,万亿元,M,,https://www.pbc.gov.cn/diaochatongjisi/attachDir/2025/11/2025111816273553641.xlsx,人民银行人民币信贷收支表；月末余额，亿元÷10000=万亿元；非当月新增贷款
loan_business_bills,CHN,2021-10,9.286532,万亿元,M,,https://www.pbc.gov.cn/diaochatongjisi/attachDir/2025/11/2025111816273553641.xlsx,人民银行人民币信贷收支表；月末余额，亿元÷10000=万亿元；非当月新增贷款
loan_business_bills,CHN,2021-11,9.447021,万亿元,M,,https://www.pbc.gov.cn/diaochatongjisi/attachDir/2025/11/2025111816273553641.xlsx,人民银行人民币信贷收支表；月末余额，亿元÷10000=万亿元；非当月新增贷款
loan_business_bills,CHN,2021-12,9.851605,万亿元,M,,https://www.pbc.gov.cn/diaochatongjisi/attachDir/2025/11/2025111816273553641.xlsx,人民银行人民币信贷收支表；月末余额，亿元÷10000=万亿元；非当月新增贷款
loan_business_bills,CHN,2022-01,10.030105,万亿元,M,,https://www.pbc.gov.cn/diaochatongjisi/attachDir/2025/11/2025111816420126728.xls,人民银行人民币信贷收支表；月末余额，亿元÷10000=万亿元；非当月新增贷款
loan_business_bills,CHN,2022-02,10.335349,万亿元,M,,https://www.pbc.gov.cn/diaochatongjisi/attachDir/2025/11/2025111816420126728.xls,人民银行人民币信贷收支表；月末余额，亿元÷10000=万亿元；非当月新增贷款
loan_business_bills,CHN,2022-03,10.653972,万亿元,M,,https://www.pbc.gov.cn/diaochatongjisi/attachDir/2025/11/2025111816420126728.xls,人民银行人民币信贷收支表；月末余额，亿元÷10000=万亿元；非当月新增贷款
loan_business_bills,CHN,2022-04,11.168757,万亿元,M,,https://www.pbc.gov.cn/diaochatongjisi/attachDir/2025/11/2025111816420126728.xls,人民银行人民币信贷收支表；月末余额，亿元÷10000=万亿元；非当月新增贷款
loan_business_bills,CHN,2022-05,11.881669,万亿元,M,,https://www.pbc.gov.cn/diaochatongjisi/attachDir/2025/11/2025111816420126728.xls,人民银行人民币信贷收支表；月末余额，亿元÷10000=万亿元；非当月新增贷款
loan_business_bills,CHN,2022-06,11.959981,万亿元,M,,https://www.pbc.gov.cn/diaochatongjisi/attachDir/2025/11/2025111816420126728.xls,人民银行人民币信贷收支表；月末余额，亿元÷10000=万亿元；非当月新增贷款
loan_business_bills,CHN,2022-07,12.273605,万亿元,M,,https://www.pbc.gov.cn/diaochatongjisi/attachDir/2025/11/2025111816420126728.xls,人民银行人民币信贷收支表；月末余额，亿元÷10000=万亿元；非当月新增贷款
loan_business_bills,CHN,2022-08,12.432726,万亿元,M,,https://www.pbc.gov.cn/diaochatongjisi/attachDir/2025/11/2025111816420126728.xls,人民银行人民币信贷收支表；月末余额，亿元÷10000=万亿元；非当月新增贷款
loan_business_bills,CHN,2022-09,12.351625,万亿元,M,,https://www.pbc.gov.cn/diaochatongjisi/attachDir/2025/11/2025111816420126728.xls,人民银行人民币信贷收支表；月末余额，亿元÷10000=万亿元；非当月新增贷款
loan_business_bills,CHN,2022-10,12.542081,万亿元,M,,https://www.pbc.gov.cn/diaochatongjisi/attachDir/2025/11/2025111816420126728.xls,人民银行人民币信贷收支表；月末余额，亿元÷10000=万亿元；非当月新增贷款
loan_business_bills,CHN,2022-11,12.696996,万亿元,M,,https://www.pbc.gov.cn/diaochatongjisi/attachDir/2025/11/2025111816420126728.xls,人民银行人民币信贷收支表；月末余额，亿元÷10000=万亿元；非当月新增贷款
loan_business_bills,CHN,2022-12,12.809048,万亿元,M,,https://www.pbc.gov.cn/diaochatongjisi/attachDir/2025/11/2025111816420126728.xls,人民银行人民币信贷收支表；月末余额，亿元÷10000=万亿元；非当月新增贷款
loan_business_bills,CHN,2023-01,12.396352,万亿元,M,,https://www.pbc.gov.cn/diaochatongjisi/attachDir/2025/11/2025111817162649674.xlsx,人民银行人民币信贷收支表；月末余额，亿元÷10000=万亿元；非当月新增贷款
loan_business_bills,CHN,2023-02,12.297481,万亿元,M,,https://www.pbc.gov.cn/diaochatongjisi/attachDir/2025/11/2025111817162649674.xlsx,人民银行人民币信贷收支表；月末余额，亿元÷10000=万亿元；非当月新增贷款
loan_business_bills,CHN,2023-03,11.828757,万亿元,M,,https://www.pbc.gov.cn/diaochatongjisi/attachDir/2025/11/2025111817162649674.xlsx,人民银行人民币信贷收支表；月末余额，亿元÷10000=万亿元；非当月新增贷款
loan_business_bills,CHN,2023-04,11.956762,万亿元,M,,https://www.pbc.gov.cn/diaochatongjisi/attachDir/2025/11/2025111817162649674.xlsx,人民银行人民币信贷收支表；月末余额，亿元÷10000=万亿元；非当月新增贷款
loan_business_bills,CHN,2023-05,11.998756,万亿元,M,,https://www.pbc.gov.cn/diaochatongjisi/attachDir/2025/11/2025111817162649674.xlsx,人民银行人民币信贷收支表；月末余额，亿元÷10000=万亿元；非当月新增贷款
loan_business_bills,CHN,2023-06,11.916697,万亿元,M,,https://www.pbc.gov.cn/diaochatongjisi/attachDir/2025/11/2025111817162649674.xlsx,人民银行人民币信贷收支表；月末余额，亿元÷10000=万亿元；非当月新增贷款
loan_business_bills,CHN,2023-07,12.276384,万亿元,M,,https://www.pbc.gov.cn/diaochatongjisi/attachDir/2025/11/2025111817162649674.xlsx,人民银行人民币信贷收支表；月末余额，亿元÷10000=万亿元；非当月新增贷款
loan_business_bills,CHN,2023-08,12.623621,万亿元,M,,https://www.pbc.gov.cn/diaochatongjisi/attachDir/2025/11/2025111817162649674.xlsx,人民银行人民币信贷收支表；月末余额，亿元÷10000=万亿元；非当月新增贷款
loan_business_bills,CHN,2023-09,12.47358,万亿元,M,,https://www.pbc.gov.cn/diaochatongjisi/attachDir/2025/11/2025111817162649674.xlsx,人民银行人民币信贷收支表；月末余额，亿元÷10000=万亿元；非当月新增贷款
loan_business_bills,CHN,2023-10,12.791184,万亿元,M,,https://www.pbc.gov.cn/diaochatongjisi/attachDir/2025/11/2025111817162649674.xlsx,人民银行人民币信贷收支表；月末余额，亿元÷10000=万亿元；非当月新增贷款
loan_business_bills,CHN,2023-11,13.000393,万亿元,M,,https://www.pbc.gov.cn/diaochatongjisi/attachDir/2025/11/2025111817162649674.xlsx,人民银行人民币信贷收支表；月末余额，亿元÷10000=万亿元；非当月新增贷款
loan_business_bills,CHN,2023-12,13.150014,万亿元,M,,https://www.pbc.gov.cn/diaochatongjisi/attachDir/2025/11/2025111817162649674.xlsx,人民银行人民币信贷收支表；月末余额，亿元÷10000=万亿元；非当月新增贷款
loan_business_bills,CHN,2024-01,12.176699,万亿元,M,,https://www.pbc.gov.cn/diaochatongjisi/attachDir/2025/11/2025111817274124837.xlsx,人民银行人民币信贷收支表；月末余额，亿元÷10000=万亿元；非当月新增贷款
loan_business_bills,CHN,2024-02,11.901134,万亿元,M,,https://www.pbc.gov.cn/diaochatongjisi/attachDir/2025/11/2025111817274124837.xlsx,人民银行人民币信贷收支表；月末余额，亿元÷10000=万亿元；非当月新增贷款
loan_business_bills,CHN,2024-03,11.64805,万亿元,M,,https://www.pbc.gov.cn/diaochatongjisi/attachDir/2025/11/2025111817274124837.xlsx,人民银行人民币信贷收支表；月末余额，亿元÷10000=万亿元；非当月新增贷款
loan_business_bills,CHN,2024-04,12.48809,万亿元,M,,https://www.pbc.gov.cn/diaochatongjisi/attachDir/2025/11/2025111817274124837.xlsx,人民银行人民币信贷收支表；月末余额，亿元÷10000=万亿元；非当月新增贷款
loan_business_bills,CHN,2024-05,12.845325,万亿元,M,,https://www.pbc.gov.cn/diaochatongjisi/attachDir/2025/11/2025111817274124837.xlsx,人民银行人民币信贷收支表；月末余额，亿元÷10000=万亿元；非当月新增贷款
loan_business_bills,CHN,2024-06,12.80602,万亿元,M,,https://www.pbc.gov.cn/diaochatongjisi/attachDir/2025/11/2025111817274124837.xlsx,人民银行人民币信贷收支表；月末余额，亿元÷10000=万亿元；非当月新增贷款
loan_business_bills,CHN,2024-07,13.36466,万亿元,M,,https://www.pbc.gov.cn/diaochatongjisi/attachDir/2025/11/2025111817274124837.xlsx,人民银行人民币信贷收支表；月末余额，亿元÷10000=万亿元；非当月新增贷款
loan_business_bills,CHN,2024-08,13.90974,万亿元,M,,https://www.pbc.gov.cn/diaochatongjisi/attachDir/2025/11/2025111817274124837.xlsx,人民银行人民币信贷收支表；月末余额，亿元÷10000=万亿元；非当月新增贷款
loan_business_bills,CHN,2024-09,13.978354,万亿元,M,,https://www.pbc.gov.cn/diaochatongjisi/attachDir/2025/11/2025111817274124837.xlsx,人民银行人民币信贷收支表；月末余额，亿元÷10000=万亿元；非当月新增贷款
loan_business_bills,CHN,2024-10,14.147755,万亿元,M,,https://www.pbc.gov.cn/diaochatongjisi/attachDir/2025/11/2025111817274124837.xlsx,人民银行人民币信贷收支表；月末余额，亿元÷10000=万亿元；非当月新增贷款
loan_business_bills,CHN,2024-11,14.267966,万亿元,M,,https://www.pbc.gov.cn/diaochatongjisi/attachDir/2025/11/2025111817274124837.xlsx,人民银行人民币信贷收支表；月末余额，亿元÷10000=万亿元；非当月新增贷款
loan_business_bills,CHN,2024-12,14.719459,万亿元,M,,https://www.pbc.gov.cn/diaochatongjisi/attachDir/2025/11/2025111817274124837.xlsx,人民银行人民币信贷收支表；月末余额，亿元÷10000=万亿元；非当月新增贷款
loan_business_bills,CHN,2025-01,14.204552,万亿元,M,,https://www.pbc.gov.cn/diaochatongjisi/attachDir/2026/01/2026011517314370061.xlsx,人民银行人民币信贷收支表；月末余额，亿元÷10000=万亿元；非当月新增贷款
loan_business_bills,CHN,2025-02,14.373823,万亿元,M,,https://www.pbc.gov.cn/diaochatongjisi/attachDir/2026/01/2026011517314370061.xlsx,人民银行人民币信贷收支表；月末余额，亿元÷10000=万亿元；非当月新增贷款
loan_business_bills,CHN,2025-03,14.175264,万亿元,M,,https://www.pbc.gov.cn/diaochatongjisi/attachDir/2026/01/2026011517314370061.xlsx,人民银行人民币信贷收支表；月末余额，亿元÷10000=万亿元；非当月新增贷款
loan_business_bills,CHN,2025-04,15.009402,万亿元,M,,https://www.pbc.gov.cn/diaochatongjisi/attachDir/2026/01/2026011517314370061.xlsx,人民银行人民币信贷收支表；月末余额，亿元÷10000=万亿元；非当月新增贷款
loan_business_bills,CHN,2025-05,15.083939,万亿元,M,,https://www.pbc.gov.cn/diaochatongjisi/attachDir/2026/01/2026011517314370061.xlsx,人民银行人民币信贷收支表；月末余额，亿元÷10000=万亿元；非当月新增贷款
loan_business_bills,CHN,2025-06,14.67306,万亿元,M,,https://www.pbc.gov.cn/diaochatongjisi/attachDir/2026/01/2026011517314370061.xlsx,人民银行人民币信贷收支表；月末余额，亿元÷10000=万亿元；非当月新增贷款
loan_business_bills,CHN,2025-07,15.544171,万亿元,M,,https://www.pbc.gov.cn/diaochatongjisi/attachDir/2026/01/2026011517314370061.xlsx,人民银行人民币信贷收支表；月末余额，亿元÷10000=万亿元；非当月新增贷款
loan_business_bills,CHN,2025-08,15.597255,万亿元,M,,https://www.pbc.gov.cn/diaochatongjisi/attachDir/2026/01/2026011517314370061.xlsx,人民银行人民币信贷收支表；月末余额，亿元÷10000=万亿元；非当月新增贷款
loan_business_bills,CHN,2025-09,15.194705,万亿元,M,,https://www.pbc.gov.cn/diaochatongjisi/attachDir/2026/01/2026011517314370061.xlsx,人民银行人民币信贷收支表；月末余额，亿元÷10000=万亿元；非当月新增贷款
loan_business_bills,CHN,2025-10,15.695249,万亿元,M,,https://www.pbc.gov.cn/diaochatongjisi/attachDir/2026/01/2026011517314370061.xlsx,人民银行人民币信贷收支表；月末余额，亿元÷10000=万亿元；非当月新增贷款
loan_business_bills,CHN,2025-11,16.031654,万亿元,M,,https://www.pbc.gov.cn/diaochatongjisi/attachDir/2026/01/2026011517314370061.xlsx,人民银行人民币信贷收支表；月末余额，亿元÷10000=万亿元；非当月新增贷款
loan_business_bills,CHN,2025-12,16.380345,万亿元,M,,https://www.pbc.gov.cn/diaochatongjisi/attachDir/2026/01/2026011517314370061.xlsx,人民银行人民币信贷收支表；月末余额，亿元÷10000=万亿元；非当月新增贷款
loan_business_bills,CHN,2026-01,15.506432,万亿元,M,,https://www.pbc.gov.cn/diaochatongjisi/attachDir/2026/09/2026091418213884368.xlsx,人民银行人民币信贷收支表；月末余额，亿元÷10000=万亿元；非当月新增贷款
loan_business_bills,CHN,2026-02,15.471504,万亿元,M,,https://www.pbc.gov.cn/diaochatongjisi/attachDir/2026/09/2026091418213884368.xlsx,人民银行人民币信贷收支表；月末余额，亿元÷10000=万亿元；非当月新增贷款
loan_business_bills,CHN,2026-03,15.28312,万亿元,M,,https://www.pbc.gov.cn/diaochatongjisi/attachDir/2026/09/2026091418213884368.xlsx,人民银行人民币信贷收支表；月末余额，亿元÷10000=万亿元；非当月新增贷款
loan_business_bills,CHN,2026-04,16.523217,万亿元,M,,https://www.pbc.gov.cn/diaochatongjisi/attachDir/2026/09/2026091418213884368.xlsx,人民银行人民币信贷收支表；月末余额，亿元÷10000=万亿元；非当月新增贷款
loan_business_bills,CHN,2026-05,17.0803,万亿元,M,,https://www.pbc.gov.cn/diaochatongjisi/attachDir/2026/09/2026091418213884368.xlsx,人民银行人民币信贷收支表；月末余额，亿元÷10000=万亿元；非当月新增贷款
loan_business_bills,CHN,2026-06,17.194681,万亿元,M,,https://www.pbc.gov.cn/diaochatongjisi/attachDir/2026/09/2026091418213884368.xlsx,人民银行人民币信贷收支表；月末余额，亿元÷10000=万亿元；非当月新增贷款
loan_business_bills,CHN,2026-07,17.570186,万亿元,M,,https://www.pbc.gov.cn/diaochatongjisi/attachDir/2026/09/2026091418213884368.xlsx,人民银行人民币信贷收支表；月末余额，亿元÷10000=万亿元；非当月新增贷款
loan_business_bills,CHN,2026-08,17.670368,万亿元,M,,https://www.pbc.gov.cn/diaochatongjisi/attachDir/2026/09/2026091418213884368.xlsx,人民银行人民币信贷收支表；月末余额，亿元÷10000=万亿元；非当月新增贷款
loan_business_legacy_bills,CHN,2007-01,1.791399,万亿元,M,,https://www.pbc.gov.cn/eportal/fileDir/defaultCurSite/resource/cms/2015/07/2007S03a.htm,人民银行人民币信贷收支表；月末余额，亿元÷10000=万亿元；非当月新增贷款；旧企业范围含非居民，独立保存
loan_business_legacy_bills,CHN,2007-02,1.807944,万亿元,M,,https://www.pbc.gov.cn/eportal/fileDir/defaultCurSite/resource/cms/2015/07/2007S03a.htm,人民银行人民币信贷收支表；月末余额，亿元÷10000=万亿元；非当月新增贷款；旧企业范围含非居民，独立保存
loan_business_legacy_bills,CHN,2007-03,1.805124,万亿元,M,,https://www.pbc.gov.cn/eportal/fileDir/defaultCurSite/resource/cms/2015/07/2007S03a.htm,人民银行人民币信贷收支表；月末余额，亿元÷10000=万亿元；非当月新增贷款；旧企业范围含非居民，独立保存
loan_business_legacy_bills,CHN,2007-04,1.867009,万亿元,M,,https://www.pbc.gov.cn/eportal/fileDir/defaultCurSite/resource/cms/2015/07/2007S03a.htm,人民银行人民币信贷收支表；月末余额，亿元÷10000=万亿元；非当月新增贷款；旧企业范围含非居民，独立保存
loan_business_legacy_bills,CHN,2007-05,1.849768,万亿元,M,,https://www.pbc.gov.cn/eportal/fileDir/defaultCurSite/resource/cms/2015/07/2007S03a.htm,人民银行人民币信贷收支表；月末余额，亿元÷10000=万亿元；非当月新增贷款；旧企业范围含非居民，独立保存
loan_business_legacy_bills,CHN,2007-06,1.746913,万亿元,M,,https://www.pbc.gov.cn/eportal/fileDir/defaultCurSite/resource/cms/2015/07/2007S03a.htm,人民银行人民币信贷收支表；月末余额，亿元÷10000=万亿元；非当月新增贷款；旧企业范围含非居民，独立保存
loan_business_legacy_bills,CHN,2007-07,1.721238,万亿元,M,,https://www.pbc.gov.cn/eportal/fileDir/defaultCurSite/resource/cms/2015/07/2007S03a.htm,人民银行人民币信贷收支表；月末余额，亿元÷10000=万亿元；非当月新增贷款；旧企业范围含非居民，独立保存
loan_business_legacy_bills,CHN,2007-08,1.718824,万亿元,M,,https://www.pbc.gov.cn/eportal/fileDir/defaultCurSite/resource/cms/2015/07/2007S03a.htm,人民银行人民币信贷收支表；月末余额，亿元÷10000=万亿元；非当月新增贷款；旧企业范围含非居民，独立保存
loan_business_legacy_bills,CHN,2007-09,1.575178,万亿元,M,,https://www.pbc.gov.cn/eportal/fileDir/defaultCurSite/resource/cms/2015/07/2007S03a.htm,人民银行人民币信贷收支表；月末余额，亿元÷10000=万亿元；非当月新增贷款；旧企业范围含非居民，独立保存
loan_business_legacy_bills,CHN,2007-10,1.448962,万亿元,M,,https://www.pbc.gov.cn/eportal/fileDir/defaultCurSite/resource/cms/2015/07/2007S03a.htm,人民银行人民币信贷收支表；月末余额，亿元÷10000=万亿元；非当月新增贷款；旧企业范围含非居民，独立保存
loan_business_legacy_bills,CHN,2007-11,1.373853,万亿元,M,,https://www.pbc.gov.cn/eportal/fileDir/defaultCurSite/resource/cms/2015/07/2007S03a.htm,人民银行人民币信贷收支表；月末余额，亿元÷10000=万亿元；非当月新增贷款；旧企业范围含非居民，独立保存
loan_business_legacy_bills,CHN,2007-12,1.281807,万亿元,M,,https://www.pbc.gov.cn/eportal/fileDir/defaultCurSite/resource/cms/2015/07/2007S03a.htm,人民银行人民币信贷收支表；月末余额，亿元÷10000=万亿元；非当月新增贷款；旧企业范围含非居民，独立保存
loan_business_legacy_bills,CHN,2008-01,1.300244,万亿元,M,,https://www.pbc.gov.cn/eportal/fileDir/defaultCurSite/resource/cms/2015/07/2008S03a.htm,人民银行人民币信贷收支表；月末余额，亿元÷10000=万亿元；非当月新增贷款；旧企业范围含非居民，独立保存
loan_business_legacy_bills,CHN,2008-02,1.231998,万亿元,M,,https://www.pbc.gov.cn/eportal/fileDir/defaultCurSite/resource/cms/2015/07/2008S03a.htm,人民银行人民币信贷收支表；月末余额，亿元÷10000=万亿元；非当月新增贷款；旧企业范围含非居民，独立保存
loan_business_legacy_bills,CHN,2008-03,1.202317,万亿元,M,,https://www.pbc.gov.cn/eportal/fileDir/defaultCurSite/resource/cms/2015/07/2008S03a.htm,人民银行人民币信贷收支表；月末余额，亿元÷10000=万亿元；非当月新增贷款；旧企业范围含非居民，独立保存
loan_business_legacy_bills,CHN,2008-04,1.285911,万亿元,M,,https://www.pbc.gov.cn/eportal/fileDir/defaultCurSite/resource/cms/2015/07/2008S03a.htm,人民银行人民币信贷收支表；月末余额，亿元÷10000=万亿元；非当月新增贷款；旧企业范围含非居民，独立保存
loan_business_legacy_bills,CHN,2008-05,1.317735,万亿元,M,,https://www.pbc.gov.cn/eportal/fileDir/defaultCurSite/resource/cms/2015/07/2008S03a.htm,人民银行人民币信贷收支表；月末余额，亿元÷10000=万亿元；非当月新增贷款；旧企业范围含非居民，独立保存
loan_business_legacy_bills,CHN,2008-06,1.286872,万亿元,M,,https://www.pbc.gov.cn/eportal/fileDir/defaultCurSite/resource/cms/2015/07/2008S03a.htm,人民银行人民币信贷收支表；月末余额，亿元÷10000=万亿元；非当月新增贷款；旧企业范围含非居民，独立保存
loan_business_legacy_bills,CHN,2008-07,1.363441,万亿元,M,,https://www.pbc.gov.cn/eportal/fileDir/defaultCurSite/resource/cms/2015/07/2008S03a.htm,人民银行人民币信贷收支表；月末余额，亿元÷10000=万亿元；非当月新增贷款；旧企业范围含非居民，独立保存
loan_business_legacy_bills,CHN,2008-08,1.416249,万亿元,M,,https://www.pbc.gov.cn/eportal/fileDir/defaultCurSite/resource/cms/2015/07/2008S03a.htm,人民银行人民币信贷收支表；月末余额，亿元÷10000=万亿元；非当月新增贷款；旧企业范围含非居民，独立保存
loan_business_legacy_bills,CHN,2008-09,1.441961,万亿元,M,,https://www.pbc.gov.cn/eportal/fileDir/defaultCurSite/resource/cms/2015/07/2008S03a.htm,人民银行人民币信贷收支表；月末余额，亿元÷10000=万亿元；非当月新增贷款；旧企业范围含非居民，独立保存
loan_business_legacy_bills,CHN,2008-10,1.502734,万亿元,M,,https://www.pbc.gov.cn/eportal/fileDir/defaultCurSite/resource/cms/2015/07/2008S03a.htm,人民银行人民币信贷收支表；月末余额，亿元÷10000=万亿元；非当月新增贷款；旧企业范围含非居民，独立保存
loan_business_legacy_bills,CHN,2008-11,1.713226,万亿元,M,,https://www.pbc.gov.cn/eportal/fileDir/defaultCurSite/resource/cms/2015/07/2008S03a.htm,人民银行人民币信贷收支表；月末余额，亿元÷10000=万亿元；非当月新增贷款；旧企业范围含非居民，独立保存
loan_business_legacy_bills,CHN,2008-12,1.927924,万亿元,M,,https://www.pbc.gov.cn/eportal/fileDir/defaultCurSite/resource/cms/2015/07/2008S03a.htm,人民银行人民币信贷收支表；月末余额，亿元÷10000=万亿元；非当月新增贷款；旧企业范围含非居民，独立保存
loan_business_legacy_bills,CHN,2009-01,2.552639,万亿元,M,,https://www.pbc.gov.cn/eportal/fileDir/defaultCurSite/resource/cms/2015/07/2009s03a.htm,人民银行人民币信贷收支表；月末余额，亿元÷10000=万亿元；非当月新增贷款；旧企业范围含非居民，独立保存
loan_business_legacy_bills,CHN,2009-02,3.040996,万亿元,M,,https://www.pbc.gov.cn/eportal/fileDir/defaultCurSite/resource/cms/2015/07/2009s03a.htm,人民银行人民币信贷收支表；月末余额，亿元÷10000=万亿元；非当月新增贷款；旧企业范围含非居民，独立保存
loan_business_legacy_bills,CHN,2009-03,3.410407,万亿元,M,,https://www.pbc.gov.cn/eportal/fileDir/defaultCurSite/resource/cms/2015/07/2009s03a.htm,人民银行人民币信贷收支表；月末余额，亿元÷10000=万亿元；非当月新增贷款；旧企业范围含非居民，独立保存
loan_business_legacy_bills,CHN,2009-04,3.536121,万亿元,M,,https://www.pbc.gov.cn/eportal/fileDir/defaultCurSite/resource/cms/2015/07/2009s03a.htm,人民银行人民币信贷收支表；月末余额，亿元÷10000=万亿元；非当月新增贷款；旧企业范围含非居民，独立保存
loan_business_legacy_bills,CHN,2009-05,3.622405,万亿元,M,,https://www.pbc.gov.cn/eportal/fileDir/defaultCurSite/resource/cms/2015/07/2009s03a.htm,人民银行人民币信贷收支表；月末余额，亿元÷10000=万亿元；非当月新增贷款；旧企业范围含非居民，独立保存
loan_business_legacy_bills,CHN,2009-06,3.635214,万亿元,M,,https://www.pbc.gov.cn/eportal/fileDir/defaultCurSite/resource/cms/2015/07/2009s03a.htm,人民银行人民币信贷收支表；月末余额，亿元÷10000=万亿元；非当月新增贷款；旧企业范围含非居民，独立保存
loan_business_legacy_bills,CHN,2009-07,3.437051,万亿元,M,,https://www.pbc.gov.cn/eportal/fileDir/defaultCurSite/resource/cms/2015/07/2009s03a.htm,人民银行人民币信贷收支表；月末余额，亿元÷10000=万亿元；非当月新增贷款；旧企业范围含非居民，独立保存
loan_business_legacy_bills,CHN,2009-08,3.160687,万亿元,M,,https://www.pbc.gov.cn/eportal/fileDir/defaultCurSite/resource/cms/2015/07/2009s03a.htm,人民银行人民币信贷收支表；月末余额，亿元÷10000=万亿元；非当月新增贷款；旧企业范围含非居民，独立保存
loan_business_legacy_bills,CHN,2009-09,2.808982,万亿元,M,,https://www.pbc.gov.cn/eportal/fileDir/defaultCurSite/resource/cms/2015/07/2009s03a.htm,人民银行人民币信贷收支表；月末余额，亿元÷10000=万亿元；非当月新增贷款；旧企业范围含非居民，独立保存
loan_business_legacy_bills,CHN,2009-10,2.605038,万亿元,M,,https://www.pbc.gov.cn/eportal/fileDir/defaultCurSite/resource/cms/2015/07/2009s03a.htm,人民银行人民币信贷收支表；月末余额，亿元÷10000=万亿元；非当月新增贷款；旧企业范围含非居民，独立保存
loan_business_legacy_bills,CHN,2009-11,2.496545,万亿元,M,,https://www.pbc.gov.cn/eportal/fileDir/defaultCurSite/resource/cms/2015/07/2009s03a.htm,人民银行人民币信贷收支表；月末余额，亿元÷10000=万亿元；非当月新增贷款；旧企业范围含非居民，独立保存
loan_business_legacy_bills,CHN,2009-12,2.385032,万亿元,M,,https://www.pbc.gov.cn/eportal/fileDir/defaultCurSite/resource/cms/2015/07/2009s03a.htm,人民银行人民币信贷收支表；月末余额，亿元÷10000=万亿元；非当月新增贷款；旧企业范围含非居民，独立保存
loan_business_legacy_long,CHN,2007-01,8.202903,万亿元,M,,https://www.pbc.gov.cn/eportal/fileDir/defaultCurSite/resource/cms/2015/07/2007S03a.htm,人民银行人民币信贷收支表；月末余额，亿元÷10000=万亿元；非当月新增贷款；旧企业范围含非居民，独立保存
loan_business_legacy_long,CHN,2007-02,8.341582,万亿元,M,,https://www.pbc.gov.cn/eportal/fileDir/defaultCurSite/resource/cms/2015/07/2007S03a.htm,人民银行人民币信贷收支表；月末余额，亿元÷10000=万亿元；非当月新增贷款；旧企业范围含非居民，独立保存
loan_business_legacy_long,CHN,2007-03,8.543945,万亿元,M,,https://www.pbc.gov.cn/eportal/fileDir/defaultCurSite/resource/cms/2015/07/2007S03a.htm,人民银行人民币信贷收支表；月末余额，亿元÷10000=万亿元；非当月新增贷款；旧企业范围含非居民，独立保存
loan_business_legacy_long,CHN,2007-04,8.676937,万亿元,M,,https://www.pbc.gov.cn/eportal/fileDir/defaultCurSite/resource/cms/2015/07/2007S03a.htm,人民银行人民币信贷收支表；月末余额，亿元÷10000=万亿元；非当月新增贷款；旧企业范围含非居民，独立保存
loan_business_legacy_long,CHN,2007-05,8.796774,万亿元,M,,https://www.pbc.gov.cn/eportal/fileDir/defaultCurSite/resource/cms/2015/07/2007S03a.htm,人民银行人民币信贷收支表；月末余额，亿元÷10000=万亿元；非当月新增贷款；旧企业范围含非居民，独立保存
loan_business_legacy_long,CHN,2007-06,9.038639,万亿元,M,,https://www.pbc.gov.cn/eportal/fileDir/defaultCurSite/resource/cms/2015/07/2007S03a.htm,人民银行人民币信贷收支表；月末余额，亿元÷10000=万亿元；非当月新增贷款；旧企业范围含非居民，独立保存
loan_business_legacy_long,CHN,2007-07,9.137662,万亿元,M,,https://www.pbc.gov.cn/eportal/fileDir/defaultCurSite/resource/cms/2015/07/2007S03a.htm,人民银行人民币信贷收支表；月末余额，亿元÷10000=万亿元；非当月新增贷款；旧企业范围含非居民，独立保存
loan_business_legacy_long,CHN,2007-08,9.252932,万亿元,M,,https://www.pbc.gov.cn/eportal/fileDir/defaultCurSite/resource/cms/2015/07/2007S03a.htm,人民银行人民币信贷收支表；月末余额，亿元÷10000=万亿元；非当月新增贷款；旧企业范围含非居民，独立保存
loan_business_legacy_long,CHN,2007-09,9.413094,万亿元,M,,https://www.pbc.gov.cn/eportal/fileDir/defaultCurSite/resource/cms/2015/07/2007S03a.htm,人民银行人民币信贷收支表；月末余额，亿元÷10000=万亿元；非当月新增贷款；旧企业范围含非居民，独立保存
loan_business_legacy_long,CHN,2007-10,9.525463,万亿元,M,,https://www.pbc.gov.cn/eportal/fileDir/defaultCurSite/resource/cms/2015/07/2007S03a.htm,人民银行人民币信贷收支表；月末余额，亿元÷10000=万亿元；非当月新增贷款；旧企业范围含非居民，独立保存
loan_business_legacy_long,CHN,2007-11,9.581726,万亿元,M,,https://www.pbc.gov.cn/eportal/fileDir/defaultCurSite/resource/cms/2015/07/2007S03a.htm,人民银行人民币信贷收支表；月末余额，亿元÷10000=万亿元；非当月新增贷款；旧企业范围含非居民，独立保存
loan_business_legacy_long,CHN,2007-12,9.6736,万亿元,M,,https://www.pbc.gov.cn/eportal/fileDir/defaultCurSite/resource/cms/2015/07/2007S03a.htm,人民银行人民币信贷收支表；月末余额，亿元÷10000=万亿元；非当月新增贷款；旧企业范围含非居民，独立保存
loan_business_legacy_long,CHN,2008-01,10.030213,万亿元,M,,https://www.pbc.gov.cn/eportal/fileDir/defaultCurSite/resource/cms/2015/07/2008S03a.htm,人民银行人民币信贷收支表；月末余额，亿元÷10000=万亿元；非当月新增贷款；旧企业范围含非居民，独立保存
loan_business_legacy_long,CHN,2008-02,10.213796,万亿元,M,,https://www.pbc.gov.cn/eportal/fileDir/defaultCurSite/resource/cms/2015/07/2008S03a.htm,人民银行人民币信贷收支表；月末余额，亿元÷10000=万亿元；非当月新增贷款；旧企业范围含非居民，独立保存
loan_business_legacy_long,CHN,2008-03,10.394904,万亿元,M,,https://www.pbc.gov.cn/eportal/fileDir/defaultCurSite/resource/cms/2015/07/2008S03a.htm,人民银行人民币信贷收支表；月末余额，亿元÷10000=万亿元；非当月新增贷款；旧企业范围含非居民，独立保存
loan_business_legacy_long,CHN,2008-04,10.608292,万亿元,M,,https://www.pbc.gov.cn/eportal/fileDir/defaultCurSite/resource/cms/2015/07/2008S03a.htm,人民银行人民币信贷收支表；月末余额，亿元÷10000=万亿元；非当月新增贷款；旧企业范围含非居民，独立保存
loan_business_legacy_long,CHN,2008-05,10.763572,万亿元,M,,https://www.pbc.gov.cn/eportal/fileDir/defaultCurSite/resource/cms/2015/07/2008S03a.htm,人民银行人民币信贷收支表；月末余额，亿元÷10000=万亿元；非当月新增贷款；旧企业范围含非居民，独立保存
loan_business_legacy_long,CHN,2008-06,10.923811,万亿元,M,,https://www.pbc.gov.cn/eportal/fileDir/defaultCurSite/resource/cms/2015/07/2008S03a.htm,人民银行人民币信贷收支表；月末余额，亿元÷10000=万亿元；非当月新增贷款；旧企业范围含非居民，独立保存
loan_business_legacy_long,CHN,2008-07,11.089739,万亿元,M,,https://www.pbc.gov.cn/eportal/fileDir/defaultCurSite/resource/cms/2015/07/2008S03a.htm,人民银行人民币信贷收支表；月末余额，亿元÷10000=万亿元；非当月新增贷款；旧企业范围含非居民，独立保存
loan_business_legacy_long,CHN,2008-08,11.212802,万亿元,M,,https://www.pbc.gov.cn/eportal/fileDir/defaultCurSite/resource/cms/2015/07/2008S03a.htm,人民银行人民币信贷收支表；月末余额，亿元÷10000=万亿元；非当月新增贷款；旧企业范围含非居民，独立保存
loan_business_legacy_long,CHN,2008-09,11.364091,万亿元,M,,https://www.pbc.gov.cn/eportal/fileDir/defaultCurSite/resource/cms/2015/07/2008S03a.htm,人民银行人民币信贷收支表；月末余额，亿元÷10000=万亿元；非当月新增贷款；旧企业范围含非居民，独立保存
loan_business_legacy_long,CHN,2008-10,11.447087,万亿元,M,,https://www.pbc.gov.cn/eportal/fileDir/defaultCurSite/resource/cms/2015/07/2008S03a.htm,人民银行人民币信贷收支表；月末余额，亿元÷10000=万亿元；非当月新增贷款；旧企业范围含非居民，独立保存
loan_business_legacy_long,CHN,2008-11,11.419225,万亿元,M,,https://www.pbc.gov.cn/eportal/fileDir/defaultCurSite/resource/cms/2015/07/2008S03a.htm,人民银行人民币信贷收支表；月末余额，亿元÷10000=万亿元；非当月新增贷款；旧企业范围含非居民，独立保存
loan_business_legacy_long,CHN,2008-12,11.6584,万亿元,M,,https://www.pbc.gov.cn/eportal/fileDir/defaultCurSite/resource/cms/2015/07/2008S03a.htm,人民银行人民币信贷收支表；月末余额，亿元÷10000=万亿元；非当月新增贷款；旧企业范围含非居民，独立保存
loan_business_legacy_long,CHN,2009-01,12.177055,万亿元,M,,https://www.pbc.gov.cn/eportal/fileDir/defaultCurSite/resource/cms/2015/07/2009s03a.htm,人民银行人民币信贷收支表；月末余额，亿元÷10000=万亿元；非当月新增贷款；旧企业范围含非居民，独立保存
loan_business_legacy_long,CHN,2009-02,12.544856,万亿元,M,,https://www.pbc.gov.cn/eportal/fileDir/defaultCurSite/resource/cms/2015/07/2009s03a.htm,人民银行人民币信贷收支表；月末余额，亿元÷10000=万亿元；非当月新增贷款；旧企业范围含非居民，独立保存
loan_business_legacy_long,CHN,2009-03,13.329079,万亿元,M,,https://www.pbc.gov.cn/eportal/fileDir/defaultCurSite/resource/cms/2015/07/2009s03a.htm,人民银行人民币信贷收支表；月末余额，亿元÷10000=万亿元；非当月新增贷款；旧企业范围含非居民，独立保存
loan_business_legacy_long,CHN,2009-04,13.703473,万亿元,M,,https://www.pbc.gov.cn/eportal/fileDir/defaultCurSite/resource/cms/2015/07/2009s03a.htm,人民银行人民币信贷收支表；月末余额，亿元÷10000=万亿元；非当月新增贷款；旧企业范围含非居民，独立保存
loan_business_legacy_long,CHN,2009-05,14.05283,万亿元,M,,https://www.pbc.gov.cn/eportal/fileDir/defaultCurSite/resource/cms/2015/07/2009s03a.htm,人民银行人民币信贷收支表；月末余额，亿元÷10000=万亿元；非当月新增贷款；旧企业范围含非居民，独立保存
loan_business_legacy_long,CHN,2009-06,14.828442,万亿元,M,,https://www.pbc.gov.cn/eportal/fileDir/defaultCurSite/resource/cms/2015/07/2009s03a.htm,人民银行人民币信贷收支表；月末余额，亿元÷10000=万亿元；非当月新增贷款；旧企业范围含非居民，独立保存
loan_business_legacy_long,CHN,2009-07,15.18,万亿元,M,,https://www.pbc.gov.cn/eportal/fileDir/defaultCurSite/resource/cms/2015/07/2009s03a.htm,人民银行人民币信贷收支表；月末余额，亿元÷10000=万亿元；非当月新增贷款；旧企业范围含非居民，独立保存
loan_business_legacy_long,CHN,2009-08,15.547532,万亿元,M,,https://www.pbc.gov.cn/eportal/fileDir/defaultCurSite/resource/cms/2015/07/2009s03a.htm,人民银行人民币信贷收支表；月末余额，亿元÷10000=万亿元；非当月新增贷款；旧企业范围含非居民，独立保存
loan_business_legacy_long,CHN,2009-09,15.951391,万亿元,M,,https://www.pbc.gov.cn/eportal/fileDir/defaultCurSite/resource/cms/2015/07/2009s03a.htm,人民银行人民币信贷收支表；月末余额，亿元÷10000=万亿元；非当月新增贷款；旧企业范围含非居民，独立保存
loan_business_legacy_long,CHN,2009-10,16.224124,万亿元,M,,https://www.pbc.gov.cn/eportal/fileDir/defaultCurSite/resource/cms/2015/07/2009s03a.htm,人民银行人民币信贷收支表；月末余额，亿元÷10000=万亿元；非当月新增贷款；旧企业范围含非居民，独立保存
loan_business_legacy_long,CHN,2009-11,16.386719,万亿元,M,,https://www.pbc.gov.cn/eportal/fileDir/defaultCurSite/resource/cms/2015/07/2009s03a.htm,人民银行人民币信贷收支表；月末余额，亿元÷10000=万亿元；非当月新增贷款；旧企业范围含非居民，独立保存
loan_business_legacy_long,CHN,2009-12,16.650094,万亿元,M,,https://www.pbc.gov.cn/eportal/fileDir/defaultCurSite/resource/cms/2015/07/2009s03a.htm,人民银行人民币信贷收支表；月末余额，亿元÷10000=万亿元；非当月新增贷款；旧企业范围含非居民，独立保存
loan_business_legacy_short,CHN,2007-01,8.767565,万亿元,M,,https://www.pbc.gov.cn/eportal/fileDir/defaultCurSite/resource/cms/2015/07/2007S03a.htm,人民银行人民币信贷收支表；月末余额，亿元÷10000=万亿元；非当月新增贷款；旧企业范围含非居民，独立保存
loan_business_legacy_short,CHN,2007-02,8.934929,万亿元,M,,https://www.pbc.gov.cn/eportal/fileDir/defaultCurSite/resource/cms/2015/07/2007S03a.htm,人民银行人民币信贷收支表；月末余额，亿元÷10000=万亿元；非当月新增贷款；旧企业范围含非居民，独立保存
loan_business_legacy_short,CHN,2007-03,9.080151,万亿元,M,,https://www.pbc.gov.cn/eportal/fileDir/defaultCurSite/resource/cms/2015/07/2007S03a.htm,人民银行人民币信贷收支表；月末余额，亿元÷10000=万亿元；非当月新增贷款；旧企业范围含非居民，独立保存
loan_business_legacy_short,CHN,2007-04,9.17966,万亿元,M,,https://www.pbc.gov.cn/eportal/fileDir/defaultCurSite/resource/cms/2015/07/2007S03a.htm,人民银行人民币信贷收支表；月末余额，亿元÷10000=万亿元；非当月新增贷款；旧企业范围含非居民，独立保存
loan_business_legacy_short,CHN,2007-05,9.237559,万亿元,M,,https://www.pbc.gov.cn/eportal/fileDir/defaultCurSite/resource/cms/2015/07/2007S03a.htm,人民银行人民币信贷收支表；月末余额，亿元÷10000=万亿元；非当月新增贷款；旧企业范围含非居民，独立保存
loan_business_legacy_short,CHN,2007-06,9.41844,万亿元,M,,https://www.pbc.gov.cn/eportal/fileDir/defaultCurSite/resource/cms/2015/07/2007S03a.htm,人民银行人民币信贷收支表；月末余额，亿元÷10000=万亿元；非当月新增贷款；旧企业范围含非居民，独立保存
loan_business_legacy_short,CHN,2007-07,9.45852,万亿元,M,,https://www.pbc.gov.cn/eportal/fileDir/defaultCurSite/resource/cms/2015/07/2007S03a.htm,人民银行人民币信贷收支表；月末余额，亿元÷10000=万亿元；非当月新增贷款；旧企业范围含非居民，独立保存
loan_business_legacy_short,CHN,2007-08,9.517878,万亿元,M,,https://www.pbc.gov.cn/eportal/fileDir/defaultCurSite/resource/cms/2015/07/2007S03a.htm,人民银行人民币信贷收支表；月末余额，亿元÷10000=万亿元；非当月新增贷款；旧企业范围含非居民，独立保存
loan_business_legacy_short,CHN,2007-09,9.638643,万亿元,M,,https://www.pbc.gov.cn/eportal/fileDir/defaultCurSite/resource/cms/2015/07/2007S03a.htm,人民银行人民币信贷收支表；月末余额，亿元÷10000=万亿元；非当月新增贷款；旧企业范围含非居民，独立保存
loan_business_legacy_short,CHN,2007-10,9.725159,万亿元,M,,https://www.pbc.gov.cn/eportal/fileDir/defaultCurSite/resource/cms/2015/07/2007S03a.htm,人民银行人民币信贷收支表；月末余额，亿元÷10000=万亿元；非当月新增贷款；旧企业范围含非居民，独立保存
loan_business_legacy_short,CHN,2007-11,9.791095,万亿元,M,,https://www.pbc.gov.cn/eportal/fileDir/defaultCurSite/resource/cms/2015/07/2007S03a.htm,人民银行人民币信贷收支表；月末余额，亿元÷10000=万亿元；非当月新增贷款；旧企业范围含非居民，独立保存
loan_business_legacy_short,CHN,2007-12,9.844458,万亿元,M,,https://www.pbc.gov.cn/eportal/fileDir/defaultCurSite/resource/cms/2015/07/2007S03a.htm,人民银行人民币信贷收支表；月末余额，亿元÷10000=万亿元；非当月新增贷款；旧企业范围含非居民，独立保存
loan_business_legacy_short,CHN,2008-01,10.128658,万亿元,M,,https://www.pbc.gov.cn/eportal/fileDir/defaultCurSite/resource/cms/2015/07/2008S03a.htm,人民银行人民币信贷收支表；月末余额，亿元÷10000=万亿元；非当月新增贷款；旧企业范围含非居民，独立保存
loan_business_legacy_short,CHN,2008-02,10.249612,万亿元,M,,https://www.pbc.gov.cn/eportal/fileDir/defaultCurSite/resource/cms/2015/07/2008S03a.htm,人民银行人民币信贷收支表；月末余额，亿元÷10000=万亿元；非当月新增贷款；旧企业范围含非居民，独立保存
loan_business_legacy_short,CHN,2008-03,10.304529,万亿元,M,,https://www.pbc.gov.cn/eportal/fileDir/defaultCurSite/resource/cms/2015/07/2008S03a.htm,人民银行人民币信贷收支表；月末余额，亿元÷10000=万亿元；非当月新增贷款；旧企业范围含非居民，独立保存
loan_business_legacy_short,CHN,2008-04,10.396678,万亿元,M,,https://www.pbc.gov.cn/eportal/fileDir/defaultCurSite/resource/cms/2015/07/2008S03a.htm,人民银行人民币信贷收支表；月末余额，亿元÷10000=万亿元；非当月新增贷款；旧企业范围含非居民，独立保存
loan_business_legacy_short,CHN,2008-05,10.457048,万亿元,M,,https://www.pbc.gov.cn/eportal/fileDir/defaultCurSite/resource/cms/2015/07/2008S03a.htm,人民银行人民币信贷收支表；月末余额，亿元÷10000=万亿元；非当月新增贷款；旧企业范围含非居民，独立保存
loan_business_legacy_short,CHN,2008-06,10.582302,万亿元,M,,https://www.pbc.gov.cn/eportal/fileDir/defaultCurSite/resource/cms/2015/07/2008S03a.htm,人民银行人民币信贷收支表；月末余额，亿元÷10000=万亿元；非当月新增贷款；旧企业范围含非居民，独立保存
loan_business_legacy_short,CHN,2008-07,10.668008,万亿元,M,,https://www.pbc.gov.cn/eportal/fileDir/defaultCurSite/resource/cms/2015/07/2008S03a.htm,人民银行人民币信贷收支表；月末余额，亿元÷10000=万亿元；非当月新增贷款；旧企业范围含非居民，独立保存
loan_business_legacy_short,CHN,2008-08,10.707375,万亿元,M,,https://www.pbc.gov.cn/eportal/fileDir/defaultCurSite/resource/cms/2015/07/2008S03a.htm,人民银行人民币信贷收支表；月末余额，亿元÷10000=万亿元；非当月新增贷款；旧企业范围含非居民，独立保存
loan_business_legacy_short,CHN,2008-09,10.827674,万亿元,M,,https://www.pbc.gov.cn/eportal/fileDir/defaultCurSite/resource/cms/2015/07/2008S03a.htm,人民银行人民币信贷收支表；月末余额，亿元÷10000=万亿元；非当月新增贷款；旧企业范围含非居民，独立保存
loan_business_legacy_short,CHN,2008-10,10.84533,万亿元,M,,https://www.pbc.gov.cn/eportal/fileDir/defaultCurSite/resource/cms/2015/07/2008S03a.htm,人民银行人民币信贷收支表；月末余额，亿元÷10000=万亿元；非当月新增贷款；旧企业范围含非居民，独立保存
loan_business_legacy_short,CHN,2008-11,10.422093,万亿元,M,,https://www.pbc.gov.cn/eportal/fileDir/defaultCurSite/resource/cms/2015/07/2008S03a.htm,人民银行人民币信贷收支表；月末余额，亿元÷10000=万亿元；非当月新增贷款；旧企业范围含非居民，独立保存
loan_business_legacy_short,CHN,2008-12,10.630788,万亿元,M,,https://www.pbc.gov.cn/eportal/fileDir/defaultCurSite/resource/cms/2015/07/2008S03a.htm,人民银行人民币信贷收支表；月末余额，亿元÷10000=万亿元；非当月新增贷款；旧企业范围含非居民，独立保存
loan_business_legacy_short,CHN,2009-01,10.995935,万亿元,M,,https://www.pbc.gov.cn/eportal/fileDir/defaultCurSite/resource/cms/2015/07/2009s03a.htm,人民银行人民币信贷收支表；月末余额，亿元÷10000=万亿元；非当月新增贷款；旧企业范围含非居民，独立保存
loan_business_legacy_short,CHN,2009-02,11.154129,万亿元,M,,https://www.pbc.gov.cn/eportal/fileDir/defaultCurSite/resource/cms/2015/07/2009s03a.htm,人民银行人民币信贷收支表；月末余额，亿元÷10000=万亿元；非当月新增贷款；旧企业范围含非居民，独立保存
loan_business_legacy_short,CHN,2009-03,11.626934,万亿元,M,,https://www.pbc.gov.cn/eportal/fileDir/defaultCurSite/resource/cms/2015/07/2009s03a.htm,人民银行人民币信贷收支表；月末余额，亿元÷10000=万亿元；非当月新增贷款；旧企业范围含非居民，独立保存
loan_business_legacy_short,CHN,2009-04,11.548302,万亿元,M,,https://www.pbc.gov.cn/eportal/fileDir/defaultCurSite/resource/cms/2015/07/2009s03a.htm,人民银行人民币信贷收支表；月末余额，亿元÷10000=万亿元；非当月新增贷款；旧企业范围含非居民，独立保存
loan_business_legacy_short,CHN,2009-05,11.57046,万亿元,M,,https://www.pbc.gov.cn/eportal/fileDir/defaultCurSite/resource/cms/2015/07/2009s03a.htm,人民银行人民币信贷收支表；月末余额，亿元÷10000=万亿元；非当月新增贷款；旧企业范围含非居民，独立保存
loan_business_legacy_short,CHN,2009-06,11.977501,万亿元,M,,https://www.pbc.gov.cn/eportal/fileDir/defaultCurSite/resource/cms/2015/07/2009s03a.htm,人民银行人民币信贷收支表；月末余额，亿元÷10000=万亿元；非当月新增贷款；旧企业范围含非居民，独立保存
loan_business_legacy_short,CHN,2009-07,11.923626,万亿元,M,,https://www.pbc.gov.cn/eportal/fileDir/defaultCurSite/resource/cms/2015/07/2009s03a.htm,人民银行人民币信贷收支表；月末余额，亿元÷10000=万亿元；非当月新增贷款；旧企业范围含非居民，独立保存
loan_business_legacy_short,CHN,2009-08,11.974481,万亿元,M,,https://www.pbc.gov.cn/eportal/fileDir/defaultCurSite/resource/cms/2015/07/2009s03a.htm,人民银行人民币信贷收支表；月末余额，亿元÷10000=万亿元；非当月新增贷款；旧企业范围含非居民，独立保存
loan_business_legacy_short,CHN,2009-09,12.098597,万亿元,M,,https://www.pbc.gov.cn/eportal/fileDir/defaultCurSite/resource/cms/2015/07/2009s03a.htm,人民银行人民币信贷收支表；月末余额，亿元÷10000=万亿元；非当月新增贷款；旧企业范围含非居民，独立保存
loan_business_legacy_short,CHN,2009-10,12.087489,万亿元,M,,https://www.pbc.gov.cn/eportal/fileDir/defaultCurSite/resource/cms/2015/07/2009s03a.htm,人民银行人民币信贷收支表；月末余额，亿元÷10000=万亿元；非当月新增贷款；旧企业范围含非居民，独立保存
loan_business_legacy_short,CHN,2009-11,12.067031,万亿元,M,,https://www.pbc.gov.cn/eportal/fileDir/defaultCurSite/resource/cms/2015/07/2009s03a.htm,人民银行人民币信贷收支表；月末余额，亿元÷10000=万亿元；非当月新增贷款；旧企业范围含非居民，独立保存
loan_business_legacy_short,CHN,2009-12,12.037209,万亿元,M,,https://www.pbc.gov.cn/eportal/fileDir/defaultCurSite/resource/cms/2015/07/2009s03a.htm,人民银行人民币信贷收支表；月末余额，亿元÷10000=万亿元；非当月新增贷款；旧企业范围含非居民，独立保存
loan_business_legacy_total,CHN,2007-01,19.080186,万亿元,M,,https://www.pbc.gov.cn/eportal/fileDir/defaultCurSite/resource/cms/2015/07/2007S03a.htm,人民银行人民币信贷收支表；月末余额，亿元÷10000=万亿元；非当月新增贷款；旧企业范围含非居民，独立保存
loan_business_legacy_total,CHN,2007-02,19.407097,万亿元,M,,https://www.pbc.gov.cn/eportal/fileDir/defaultCurSite/resource/cms/2015/07/2007S03a.htm,人民银行人民币信贷收支表；月末余额，亿元÷10000=万亿元；非当月新增贷款；旧企业范围含非居民，独立保存
loan_business_legacy_total,CHN,2007-03,19.740932,万亿元,M,,https://www.pbc.gov.cn/eportal/fileDir/defaultCurSite/resource/cms/2015/07/2007S03a.htm,人民银行人民币信贷收支表；月末余额，亿元÷10000=万亿元；非当月新增贷款；旧企业范围含非居民，独立保存
loan_business_legacy_total,CHN,2007-04,20.039259,万亿元,M,,https://www.pbc.gov.cn/eportal/fileDir/defaultCurSite/resource/cms/2015/07/2007S03a.htm,人民银行人民币信贷收支表；月末余额，亿元÷10000=万亿元；非当月新增贷款；旧企业范围含非居民，独立保存
loan_business_legacy_total,CHN,2007-05,20.197089,万亿元,M,,https://www.pbc.gov.cn/eportal/fileDir/defaultCurSite/resource/cms/2015/07/2007S03a.htm,人民银行人民币信贷收支表；月末余额，亿元÷10000=万亿元；非当月新增贷款；旧企业范围含非居民，独立保存
loan_business_legacy_total,CHN,2007-06,20.519616,万亿元,M,,https://www.pbc.gov.cn/eportal/fileDir/defaultCurSite/resource/cms/2015/07/2007S03a.htm,人民银行人民币信贷收支表；月末余额，亿元÷10000=万亿元；非当月新增贷款；旧企业范围含非居民，独立保存
loan_business_legacy_total,CHN,2007-07,20.640778,万亿元,M,,https://www.pbc.gov.cn/eportal/fileDir/defaultCurSite/resource/cms/2015/07/2007S03a.htm,人民银行人民币信贷收支表；月末余额，亿元÷10000=万亿元；非当月新增贷款；旧企业范围含非居民，独立保存
loan_business_legacy_total,CHN,2007-08,20.81539,万亿元,M,,https://www.pbc.gov.cn/eportal/fileDir/defaultCurSite/resource/cms/2015/07/2007S03a.htm,人民银行人民币信贷收支表；月末余额，亿元÷10000=万亿元；非当月新增贷款；旧企业范围含非居民，独立保存
loan_business_legacy_total,CHN,2007-09,20.954658,万亿元,M,,https://www.pbc.gov.cn/eportal/fileDir/defaultCurSite/resource/cms/2015/07/2007S03a.htm,人民银行人民币信贷收支表；月末余额，亿元÷10000=万亿元；非当月新增贷款；旧企业范围含非居民，独立保存
loan_business_legacy_total,CHN,2007-10,21.02256,万亿元,M,,https://www.pbc.gov.cn/eportal/fileDir/defaultCurSite/resource/cms/2015/07/2007S03a.htm,人民银行人民币信贷收支表；月末余额，亿元÷10000=万亿元；非当月新增贷款；旧企业范围含非居民，独立保存
loan_business_legacy_total,CHN,2007-11,21.056888,万亿元,M,,https://www.pbc.gov.cn/eportal/fileDir/defaultCurSite/resource/cms/2015/07/2007S03a.htm,人民银行人民币信贷收支表；月末余额，亿元÷10000=万亿元；非当月新增贷款；旧企业范围含非居民，独立保存
loan_business_legacy_total,CHN,2007-12,21.103862,万亿元,M,,https://www.pbc.gov.cn/eportal/fileDir/defaultCurSite/resource/cms/2015/07/2007S03a.htm,人民银行人民币信贷收支表；月末余额，亿元÷10000=万亿元；非当月新增贷款；旧企业范围含非居民，独立保存
loan_business_legacy_total,CHN,2008-01,21.774694,万亿元,M,,https://www.pbc.gov.cn/eportal/fileDir/defaultCurSite/resource/cms/2015/07/2008S03a.htm,人民银行人民币信贷收支表；月末余额，亿元÷10000=万亿元；非当月新增贷款；旧企业范围含非居民，独立保存
loan_business_legacy_total,CHN,2008-02,22.010853,万亿元,M,,https://www.pbc.gov.cn/eportal/fileDir/defaultCurSite/resource/cms/2015/07/2008S03a.htm,人民银行人民币信贷收支表；月末余额，亿元÷10000=万亿元；非当月新增贷款；旧企业范围含非居民，独立保存
loan_business_legacy_total,CHN,2008-03,22.201019,万亿元,M,,https://www.pbc.gov.cn/eportal/fileDir/defaultCurSite/resource/cms/2015/07/2008S03a.htm,人民银行人民币信贷收支表；月末余额，亿元÷10000=万亿元；非当月新增贷款；旧企业范围含非居民，独立保存
loan_business_legacy_total,CHN,2008-04,22.597178,万亿元,M,,https://www.pbc.gov.cn/eportal/fileDir/defaultCurSite/resource/cms/2015/07/2008S03a.htm,人民银行人民币信贷收支表；月末余额，亿元÷10000=万亿元；非当月新增贷款；旧企业范围含非居民，独立保存
loan_business_legacy_total,CHN,2008-05,22.846391,万亿元,M,,https://www.pbc.gov.cn/eportal/fileDir/defaultCurSite/resource/cms/2015/07/2008S03a.htm,人民银行人民币信贷收支表；月末余额，亿元÷10000=万亿元；非当月新增贷款；旧企业范围含非居民，独立保存
loan_business_legacy_total,CHN,2008-06,23.100043,万亿元,M,,https://www.pbc.gov.cn/eportal/fileDir/defaultCurSite/resource/cms/2015/07/2008S03a.htm,人民银行人民币信贷收支表；月末余额，亿元÷10000=万亿元；非当月新增贷款；旧企业范围含非居民，独立保存
loan_business_legacy_total,CHN,2008-07,23.432848,万亿元,M,,https://www.pbc.gov.cn/eportal/fileDir/defaultCurSite/resource/cms/2015/07/2008S03a.htm,人民银行人民币信贷收支表；月末余额，亿元÷10000=万亿元；非当月新增贷款；旧企业范围含非居民，独立保存
loan_business_legacy_total,CHN,2008-08,23.653982,万亿元,M,,https://www.pbc.gov.cn/eportal/fileDir/defaultCurSite/resource/cms/2015/07/2008S03a.htm,人民银行人民币信贷收支表；月末余额，亿元÷10000=万亿元；非当月新增贷款；旧企业范围含非居民，独立保存
loan_business_legacy_total,CHN,2008-09,23.967052,万亿元,M,,https://www.pbc.gov.cn/eportal/fileDir/defaultCurSite/resource/cms/2015/07/2008S03a.htm,人民银行人民币信贷收支表；月末余额，亿元÷10000=万亿元；非当月新增贷款；旧企业范围含非居民，独立保存
loan_business_legacy_total,CHN,2008-10,24.14493,万亿元,M,,https://www.pbc.gov.cn/eportal/fileDir/defaultCurSite/resource/cms/2015/07/2008S03a.htm,人民银行人民币信贷收支表；月末余额，亿元÷10000=万亿元；非当月新增贷款；旧企业范围含非居民，独立保存
loan_business_legacy_total,CHN,2008-11,23.925713,万亿元,M,,https://www.pbc.gov.cn/eportal/fileDir/defaultCurSite/resource/cms/2015/07/2008S03a.htm,人民银行人民币信贷收支表；月末余额，亿元÷10000=万亿元；非当月新增贷款；旧企业范围含非居民，独立保存
loan_business_legacy_total,CHN,2008-12,24.633673,万亿元,M,,https://www.pbc.gov.cn/eportal/fileDir/defaultCurSite/resource/cms/2015/07/2008S03a.htm,人民银行人民币信贷收支表；月末余额，亿元÷10000=万亿元；非当月新增贷款；旧企业范围含非居民，独立保存
loan_business_legacy_total,CHN,2009-01,26.15065,万亿元,M,,https://www.pbc.gov.cn/eportal/fileDir/defaultCurSite/resource/cms/2015/07/2009s03a.htm,人民银行人民币信贷收支表；月末余额，亿元÷10000=万亿元；非当月新增贷款；旧企业范围含非居民，独立保存
loan_business_legacy_total,CHN,2009-02,27.1782,万亿元,M,,https://www.pbc.gov.cn/eportal/fileDir/defaultCurSite/resource/cms/2015/07/2009s03a.htm,人民银行人民币信贷收支表；月末余额，亿元÷10000=万亿元；非当月新增贷款；旧企业范围含非居民，独立保存
loan_business_legacy_total,CHN,2009-03,28.813126,万亿元,M,,https://www.pbc.gov.cn/eportal/fileDir/defaultCurSite/resource/cms/2015/07/2009s03a.htm,人民银行人民币信贷收支表；月末余额，亿元÷10000=万亿元；非当月新增贷款；旧企业范围含非居民，独立保存
loan_business_legacy_total,CHN,2009-04,29.257769,万亿元,M,,https://www.pbc.gov.cn/eportal/fileDir/defaultCurSite/resource/cms/2015/07/2009s03a.htm,人民银行人民币信贷收支表；月末余额，亿元÷10000=万亿元；非当月新增贷款；旧企业范围含非居民，独立保存
loan_business_legacy_total,CHN,2009-05,29.736558,万亿元,M,,https://www.pbc.gov.cn/eportal/fileDir/defaultCurSite/resource/cms/2015/07/2009s03a.htm,人民银行人民币信贷收支表；月末余额，亿元÷10000=万亿元；非当月新增贷款；旧企业范围含非居民，独立保存
loan_business_legacy_total,CHN,2009-06,30.963916,万亿元,M,,https://www.pbc.gov.cn/eportal/fileDir/defaultCurSite/resource/cms/2015/07/2009s03a.htm,人民银行人民币信贷收支表；月末余额，亿元÷10000=万亿元；非当月新增贷款；旧企业范围含非居民，独立保存
loan_business_legacy_total,CHN,2009-07,31.088204,万亿元,M,,https://www.pbc.gov.cn/eportal/fileDir/defaultCurSite/resource/cms/2015/07/2009s03a.htm,人民银行人民币信贷收支表；月末余额，亿元÷10000=万亿元；非当月新增贷款；旧企业范围含非居民，独立保存
loan_business_legacy_total,CHN,2009-08,31.247285,万亿元,M,,https://www.pbc.gov.cn/eportal/fileDir/defaultCurSite/resource/cms/2015/07/2009s03a.htm,人民银行人民币信贷收支表；月末余额，亿元÷10000=万亿元；非当月新增贷款；旧企业范围含非居民，独立保存
loan_business_legacy_total,CHN,2009-09,31.484669,万亿元,M,,https://www.pbc.gov.cn/eportal/fileDir/defaultCurSite/resource/cms/2015/07/2009s03a.htm,人民银行人民币信贷收支表；月末余额，亿元÷10000=万亿元；非当月新增贷款；旧企业范围含非居民，独立保存
loan_business_legacy_total,CHN,2009-10,31.580097,万亿元,M,,https://www.pbc.gov.cn/eportal/fileDir/defaultCurSite/resource/cms/2015/07/2009s03a.htm,人民银行人民币信贷收支表；月末余额，亿元÷10000=万亿元；非当月新增贷款；旧企业范围含非居民，独立保存
loan_business_legacy_total,CHN,2009-11,31.637122,万亿元,M,,https://www.pbc.gov.cn/eportal/fileDir/defaultCurSite/resource/cms/2015/07/2009s03a.htm,人民银行人民币信贷收支表；月末余额，亿元÷10000=万亿元；非当月新增贷款；旧企业范围含非居民，独立保存
loan_business_legacy_total,CHN,2009-12,31.789792,万亿元,M,,https://www.pbc.gov.cn/eportal/fileDir/defaultCurSite/resource/cms/2015/07/2009s03a.htm,人民银行人民币信贷收支表；月末余额，亿元÷10000=万亿元；非当月新增贷款；旧企业范围含非居民，独立保存
loan_business_long,CHN,2010-01,17.694991,万亿元,M,,https://www.pbc.gov.cn/eportal/fileDir/defaultCurSite/resource/cms/2015/07/2010s03a.htm,人民银行人民币信贷收支表；月末余额，亿元÷10000=万亿元；非当月新增贷款；来源称非金融企业及其他部门；境内，境外已单列
loan_business_long,CHN,2010-02,18.20298,万亿元,M,,https://www.pbc.gov.cn/eportal/fileDir/defaultCurSite/resource/cms/2015/07/2010s03a.htm,人民银行人民币信贷收支表；月末余额，亿元÷10000=万亿元；非当月新增贷款；来源称非金融企业及其他部门；境内，境外已单列
loan_business_long,CHN,2010-03,18.650657,万亿元,M,,https://www.pbc.gov.cn/eportal/fileDir/defaultCurSite/resource/cms/2015/07/2010s03a.htm,人民银行人民币信贷收支表；月末余额，亿元÷10000=万亿元；非当月新增贷款；来源称非金融企业及其他部门；境内，境外已单列
loan_business_long,CHN,2010-04,18.977547,万亿元,M,,https://www.pbc.gov.cn/eportal/fileDir/defaultCurSite/resource/cms/2015/07/2010s03a.htm,人民银行人民币信贷收支表；月末余额，亿元÷10000=万亿元；非当月新增贷款；来源称非金融企业及其他部门；境内，境外已单列
loan_business_long,CHN,2010-05,19.286275,万亿元,M,,https://www.pbc.gov.cn/eportal/fileDir/defaultCurSite/resource/cms/2015/07/2010s03a.htm,人民银行人民币信贷收支表；月末余额，亿元÷10000=万亿元；非当月新增贷款；来源称非金融企业及其他部门；境内，境外已单列
loan_business_long,CHN,2010-06,19.619381,万亿元,M,,https://www.pbc.gov.cn/eportal/fileDir/defaultCurSite/resource/cms/2015/07/2010s03a.htm,人民银行人民币信贷收支表；月末余额，亿元÷10000=万亿元；非当月新增贷款；来源称非金融企业及其他部门；境内，境外已单列
loan_business_long,CHN,2010-07,19.94637,万亿元,M,,https://www.pbc.gov.cn/eportal/fileDir/defaultCurSite/resource/cms/2015/07/2010s03a.htm,人民银行人民币信贷收支表；月末余额，亿元÷10000=万亿元；非当月新增贷款；来源称非金融企业及其他部门；境内，境外已单列
loan_business_long,CHN,2010-08,20.199408,万亿元,M,,https://www.pbc.gov.cn/eportal/fileDir/defaultCurSite/resource/cms/2015/07/2010s03a.htm,人民银行人民币信贷收支表；月末余额，亿元÷10000=万亿元；非当月新增贷款；来源称非金融企业及其他部门；境内，境外已单列
loan_business_long,CHN,2010-09,20.495851,万亿元,M,,https://www.pbc.gov.cn/eportal/fileDir/defaultCurSite/resource/cms/2015/07/2010s03a.htm,人民银行人民币信贷收支表；月末余额，亿元÷10000=万亿元；非当月新增贷款；来源称非金融企业及其他部门；境内，境外已单列
loan_business_long,CHN,2010-10,20.736905,万亿元,M,,https://www.pbc.gov.cn/eportal/fileDir/defaultCurSite/resource/cms/2015/07/2010s03a.htm,人民银行人民币信贷收支表；月末余额，亿元÷10000=万亿元；非当月新增贷款；来源称非金融企业及其他部门；境内，境外已单列
loan_business_long,CHN,2010-11,20.930947,万亿元,M,,https://www.pbc.gov.cn/eportal/fileDir/defaultCurSite/resource/cms/2015/07/2010s03a.htm,人民银行人民币信贷收支表；月末余额，亿元÷10000=万亿元；非当月新增贷款；来源称非金融企业及其他部门；境内，境外已单列
loan_business_long,CHN,2010-12,21.073569,万亿元,M,,https://www.pbc.gov.cn/eportal/fileDir/defaultCurSite/resource/cms/2015/07/2010s03a.htm,人民银行人民币信贷收支表；月末余额，亿元÷10000=万亿元；非当月新增贷款；来源称非金融企业及其他部门；境内，境外已单列
loan_business_long,CHN,2011-01,21.536436,万亿元,M,,https://www.pbc.gov.cn/eportal/fileDir/defaultCurSite/resource/cms/2015/07/2011s03a.htm,人民银行人民币信贷收支表；月末余额，亿元÷10000=万亿元；非当月新增贷款；来源称非金融企业及其他部门；境内，境外已单列
loan_business_long,CHN,2011-02,21.799916,万亿元,M,,https://www.pbc.gov.cn/eportal/fileDir/defaultCurSite/resource/cms/2015/07/2011s03a.htm,人民银行人民币信贷收支表；月末余额，亿元÷10000=万亿元；非当月新增贷款；来源称非金融企业及其他部门；境内，境外已单列
loan_business_long,CHN,2011-03,22.038402,万亿元,M,,https://www.pbc.gov.cn/eportal/fileDir/defaultCurSite/resource/cms/2015/07/2011s03a.htm,人民银行人民币信贷收支表；月末余额，亿元÷10000=万亿元；非当月新增贷款；来源称非金融企业及其他部门；境内，境外已单列
loan_business_long,CHN,2011-04,22.27254,万亿元,M,,https://www.pbc.gov.cn/eportal/fileDir/defaultCurSite/resource/cms/2015/07/2011s03a.htm,人民银行人民币信贷收支表；月末余额，亿元÷10000=万亿元；非当月新增贷款；来源称非金融企业及其他部门；境内，境外已单列
loan_business_long,CHN,2011-05,22.390941,万亿元,M,,https://www.pbc.gov.cn/eportal/fileDir/defaultCurSite/resource/cms/2015/07/2011s03a.htm,人民银行人民币信贷收支表；月末余额，亿元÷10000=万亿元；非当月新增贷款；来源称非金融企业及其他部门；境内，境外已单列
loan_business_long,CHN,2011-06,22.482585,万亿元,M,,https://www.pbc.gov.cn/eportal/fileDir/defaultCurSite/resource/cms/2015/07/2011s03a.htm,人民银行人民币信贷收支表；月末余额，亿元÷10000=万亿元；非当月新增贷款；来源称非金融企业及其他部门；境内，境外已单列
loan_business_long,CHN,2011-07,22.587007,万亿元,M,,https://www.pbc.gov.cn/eportal/fileDir/defaultCurSite/resource/cms/2015/07/2011s03a.htm,人民银行人民币信贷收支表；月末余额，亿元÷10000=万亿元；非当月新增贷款；来源称非金融企业及其他部门；境内，境外已单列
loan_business_long,CHN,2011-08,22.688128,万亿元,M,,https://www.pbc.gov.cn/eportal/fileDir/defaultCurSite/resource/cms/2015/07/2011s03a.htm,人民银行人民币信贷收支表；月末余额，亿元÷10000=万亿元；非当月新增贷款；来源称非金融企业及其他部门；境内，境外已单列
loan_business_long,CHN,2011-09,22.761446,万亿元,M,,https://www.pbc.gov.cn/eportal/fileDir/defaultCurSite/resource/cms/2015/07/2011s03a.htm,人民银行人民币信贷收支表；月末余额，亿元÷10000=万亿元；非当月新增贷款；来源称非金融企业及其他部门；境内，境外已单列
loan_business_long,CHN,2011-10,22.998366,万亿元,M,,https://www.pbc.gov.cn/eportal/fileDir/defaultCurSite/resource/cms/2015/07/2011s03a.htm,人民银行人民币信贷收支表；月末余额，亿元÷10000=万亿元；非当月新增贷款；来源称非金融企业及其他部门；境内，境外已单列
loan_business_long,CHN,2011-11,23.079617,万亿元,M,,https://www.pbc.gov.cn/eportal/fileDir/defaultCurSite/resource/cms/2015/07/2011s03a.htm,人民银行人民币信贷收支表；月末余额，亿元÷10000=万亿元；非当月新增贷款；来源称非金融企业及其他部门；境内，境外已单列
loan_business_long,CHN,2011-12,23.154758,万亿元,M,,https://www.pbc.gov.cn/eportal/fileDir/defaultCurSite/resource/cms/2015/07/2011s03a.htm,人民银行人民币信贷收支表；月末余额，亿元÷10000=万亿元；非当月新增贷款；来源称非金融企业及其他部门；境内，境外已单列
loan_business_long,CHN,2012-01,23.418377,万亿元,M,,https://www.pbc.gov.cn/eportal/fileDir/defaultCurSite/resource/cms/2015/07/2012s03a.htm,人民银行人民币信贷收支表；月末余额，亿元÷10000=万亿元；非当月新增贷款；来源称非金融企业及其他部门；境内，境外已单列
loan_business_long,CHN,2012-02,23.596747,万亿元,M,,https://www.pbc.gov.cn/eportal/fileDir/defaultCurSite/resource/cms/2015/07/2012s03a.htm,人民银行人民币信贷收支表；月末余额，亿元÷10000=万亿元；非当月新增贷款；来源称非金融企业及其他部门；境内，境外已单列
loan_business_long,CHN,2012-03,23.77459,万亿元,M,,https://www.pbc.gov.cn/eportal/fileDir/defaultCurSite/resource/cms/2015/07/2012s03a.htm,人民银行人民币信贷收支表；月末余额，亿元÷10000=万亿元；非当月新增贷款；来源称非金融企业及其他部门；境内，境外已单列
loan_business_long,CHN,2012-04,23.901079,万亿元,M,,https://www.pbc.gov.cn/eportal/fileDir/defaultCurSite/resource/cms/2015/07/2012s03a.htm,人民银行人民币信贷收支表；月末余额，亿元÷10000=万亿元；非当月新增贷款；来源称非金融企业及其他部门；境内，境外已单列
loan_business_long,CHN,2012-05,24.070829,万亿元,M,,https://www.pbc.gov.cn/eportal/fileDir/defaultCurSite/resource/cms/2015/07/2012s03a.htm,人民银行人民币信贷收支表；月末余额，亿元÷10000=万亿元；非当月新增贷款；来源称非金融企业及其他部门；境内，境外已单列
loan_business_long,CHN,2012-06,24.229364,万亿元,M,,https://www.pbc.gov.cn/eportal/fileDir/defaultCurSite/resource/cms/2015/07/2012s03a.htm,人民银行人民币信贷收支表；月末余额，亿元÷10000=万亿元；非当月新增贷款；来源称非金融企业及其他部门；境内，境外已单列
loan_business_long,CHN,2012-07,24.321347,万亿元,M,,https://www.pbc.gov.cn/eportal/fileDir/defaultCurSite/resource/cms/2015/07/2012s03a.htm,人民银行人民币信贷收支表；月末余额，亿元÷10000=万亿元；非当月新增贷款；来源称非金融企业及其他部门；境内，境外已单列
loan_business_long,CHN,2012-08,24.441645,万亿元,M,,https://www.pbc.gov.cn/eportal/fileDir/defaultCurSite/resource/cms/2015/07/2012s03a.htm,人民银行人民币信贷收支表；月末余额，亿元÷10000=万亿元；非当月新增贷款；来源称非金融企业及其他部门；境内，境外已单列
loan_business_long,CHN,2012-09,24.573298,万亿元,M,,https://www.pbc.gov.cn/eportal/fileDir/defaultCurSite/resource/cms/2015/07/2012s03a.htm,人民银行人民币信贷收支表；月末余额，亿元÷10000=万亿元；非当月新增贷款；来源称非金融企业及其他部门；境内，境外已单列
loan_business_long,CHN,2012-10,24.741862,万亿元,M,,https://www.pbc.gov.cn/eportal/fileDir/defaultCurSite/resource/cms/2015/07/2012s03a.htm,人民银行人民币信贷收支表；月末余额，亿元÷10000=万亿元；非当月新增贷款；来源称非金融企业及其他部门；境内，境外已单列
loan_business_long,CHN,2012-11,24.738781,万亿元,M,,https://www.pbc.gov.cn/eportal/fileDir/defaultCurSite/resource/cms/2015/07/2012s03a.htm,人民银行人民币信贷收支表；月末余额，亿元÷10000=万亿元；非当月新增贷款；来源称非金融企业及其他部门；境内，境外已单列
loan_business_long,CHN,2012-12,24.720995,万亿元,M,,https://www.pbc.gov.cn/eportal/fileDir/defaultCurSite/resource/cms/2015/07/2012s03a.htm,人民银行人民币信贷收支表；月末余额，亿元÷10000=万亿元；非当月新增贷款；来源称非金融企业及其他部门；境内，境外已单列
loan_business_long,CHN,2013-01,25.029726,万亿元,M,,https://www.pbc.gov.cn/eportal/fileDir/defaultCurSite/resource/cms/2015/07/2013s03a.htm,人民银行人民币信贷收支表；月末余额，亿元÷10000=万亿元；非当月新增贷款；来源称非金融企业及其他部门；境内，境外已单列
loan_business_long,CHN,2013-02,25.312325,万亿元,M,,https://www.pbc.gov.cn/eportal/fileDir/defaultCurSite/resource/cms/2015/07/2013s03a.htm,人民银行人民币信贷收支表；月末余额，亿元÷10000=万亿元；非当月新增贷款；来源称非金融企业及其他部门；境内，境外已单列
loan_business_long,CHN,2013-03,25.55764,万亿元,M,,https://www.pbc.gov.cn/eportal/fileDir/defaultCurSite/resource/cms/2015/07/2013s03a.htm,人民银行人民币信贷收支表；月末余额，亿元÷10000=万亿元；非当月新增贷款；来源称非金融企业及其他部门；境内，境外已单列
loan_business_long,CHN,2013-04,25.732648,万亿元,M,,https://www.pbc.gov.cn/eportal/fileDir/defaultCurSite/resource/cms/2015/07/2013s03a.htm,人民银行人民币信贷收支表；月末余额，亿元÷10000=万亿元；非当月新增贷款；来源称非金融企业及其他部门；境内，境外已单列
loan_business_long,CHN,2013-05,25.878164,万亿元,M,,https://www.pbc.gov.cn/eportal/fileDir/defaultCurSite/resource/cms/2015/07/2013s03a.htm,人民银行人民币信贷收支表；月末余额，亿元÷10000=万亿元；非当月新增贷款；来源称非金融企业及其他部门；境内，境外已单列
loan_business_long,CHN,2013-06,26.068442,万亿元,M,,https://www.pbc.gov.cn/eportal/fileDir/defaultCurSite/resource/cms/2015/07/2013s03a.htm,人民银行人民币信贷收支表；月末余额，亿元÷10000=万亿元；非当月新增贷款；来源称非金融企业及其他部门；境内，境外已单列
loan_business_long,CHN,2013-07,26.311543,万亿元,M,,https://www.pbc.gov.cn/eportal/fileDir/defaultCurSite/resource/cms/2015/07/2013s03a.htm,人民银行人民币信贷收支表；月末余额，亿元÷10000=万亿元；非当月新增贷款；来源称非金融企业及其他部门；境内，境外已单列
loan_business_long,CHN,2013-08,26.543178,万亿元,M,,https://www.pbc.gov.cn/eportal/fileDir/defaultCurSite/resource/cms/2015/07/2013s03a.htm,人民银行人民币信贷收支表；月末余额，亿元÷10000=万亿元；非当月新增贷款；来源称非金融企业及其他部门；境内，境外已单列
loan_business_long,CHN,2013-09,26.795075,万亿元,M,,https://www.pbc.gov.cn/eportal/fileDir/defaultCurSite/resource/cms/2015/07/2013s03a.htm,人民银行人民币信贷收支表；月末余额，亿元÷10000=万亿元；非当月新增贷款；来源称非金融企业及其他部门；境内，境外已单列
loan_business_long,CHN,2013-10,26.939046,万亿元,M,,https://www.pbc.gov.cn/eportal/fileDir/defaultCurSite/resource/cms/2015/07/2013s03a.htm,人民银行人民币信贷收支表；月末余额，亿元÷10000=万亿元；非当月新增贷款；来源称非金融企业及其他部门；境内，境外已单列
loan_business_long,CHN,2013-11,27.024843,万亿元,M,,https://www.pbc.gov.cn/eportal/fileDir/defaultCurSite/resource/cms/2015/07/2013s03a.htm,人民银行人民币信贷收支表；月末余额，亿元÷10000=万亿元；非当月新增贷款；来源称非金融企业及其他部门；境内，境外已单列
loan_business_long,CHN,2013-12,27.050199,万亿元,M,,https://www.pbc.gov.cn/eportal/fileDir/defaultCurSite/resource/cms/2015/07/2013s03a.htm,人民银行人民币信贷收支表；月末余额，亿元÷10000=万亿元；非当月新增贷款；来源称非金融企业及其他部门；境内，境外已单列
loan_business_long,CHN,2014-01,27.552309,万亿元,M,,https://www.pbc.gov.cn/eportal/fileDir/defaultCurSite/resource/cms/2015/07/2014s03a.htm,人民银行人民币信贷收支表；月末余额，亿元÷10000=万亿元；非当月新增贷款；来源称非金融企业及其他部门；境内，境外已单列
loan_business_long,CHN,2014-02,27.842694,万亿元,M,,https://www.pbc.gov.cn/eportal/fileDir/defaultCurSite/resource/cms/2015/07/2014s03a.htm,人民银行人民币信贷收支表；月末余额，亿元÷10000=万亿元；非当月新增贷款；来源称非金融企业及其他部门；境内，境外已单列
loan_business_long,CHN,2014-03,28.172543,万亿元,M,,https://www.pbc.gov.cn/eportal/fileDir/defaultCurSite/resource/cms/2015/07/2014s03a.htm,人民银行人民币信贷收支表；月末余额，亿元÷10000=万亿元；非当月新增贷款；来源称非金融企业及其他部门；境内，境外已单列
loan_business_long,CHN,2014-04,28.495293,万亿元,M,,https://www.pbc.gov.cn/eportal/fileDir/defaultCurSite/resource/cms/2015/07/2014s03a.htm,人民银行人民币信贷收支表；月末余额，亿元÷10000=万亿元；非当月新增贷款；来源称非金融企业及其他部门；境内，境外已单列
loan_business_long,CHN,2014-05,28.843216,万亿元,M,,https://www.pbc.gov.cn/eportal/fileDir/defaultCurSite/resource/cms/2015/07/2014s03a.htm,人民银行人民币信贷收支表；月末余额，亿元÷10000=万亿元；非当月新增贷款；来源称非金融企业及其他部门；境内，境外已单列
loan_business_long,CHN,2014-06,29.110155,万亿元,M,,https://www.pbc.gov.cn/eportal/fileDir/defaultCurSite/resource/cms/2015/07/2014s03a.htm,人民银行人民币信贷收支表；月末余额，亿元÷10000=万亿元；非当月新增贷款；来源称非金融企业及其他部门；境内，境外已单列
loan_business_long,CHN,2014-07,29.318367,万亿元,M,,https://www.pbc.gov.cn/eportal/fileDir/defaultCurSite/resource/cms/2015/07/2014s03a.htm,人民银行人民币信贷收支表；月末余额，亿元÷10000=万亿元；非当月新增贷款；来源称非金融企业及其他部门；境内，境外已单列
loan_business_long,CHN,2014-08,29.559168,万亿元,M,,https://www.pbc.gov.cn/eportal/fileDir/defaultCurSite/resource/cms/2015/07/2014s03a.htm,人民银行人民币信贷收支表；月末余额，亿元÷10000=万亿元；非当月新增贷款；来源称非金融企业及其他部门；境内，境外已单列
loan_business_long,CHN,2014-09,29.835963,万亿元,M,,https://www.pbc.gov.cn/eportal/fileDir/defaultCurSite/resource/cms/2015/07/2014s03a.htm,人民银行人民币信贷收支表；月末余额，亿元÷10000=万亿元；非当月新增贷款；来源称非金融企业及其他部门；境内，境外已单列
loan_business_long,CHN,2014-10,30.059176,万亿元,M,,https://www.pbc.gov.cn/eportal/fileDir/defaultCurSite/resource/cms/2015/07/2014s03a.htm,人民银行人民币信贷收支表；月末余额，亿元÷10000=万亿元；非当月新增贷款；来源称非金融企业及其他部门；境内，境外已单列
loan_business_long,CHN,2014-11,30.347034,万亿元,M,,https://www.pbc.gov.cn/eportal/fileDir/defaultCurSite/resource/cms/2015/07/2014s03a.htm,人民银行人民币信贷收支表；月末余额，亿元÷10000=万亿元；非当月新增贷款；来源称非金融企业及其他部门；境内，境外已单列
loan_business_long,CHN,2014-12,30.878773,万亿元,M,,https://www.pbc.gov.cn/eportal/fileDir/defaultCurSite/resource/cms/2015/07/2014s03a.htm,人民银行人民币信贷收支表；月末余额，亿元÷10000=万亿元；非当月新增贷款；来源称非金融企业及其他部门；境内，境外已单列
loan_business_long,CHN,2015-01,31.489703,万亿元,M,,https://www.pbc.gov.cn/diaochatongjisi/attachDir/2025/11/2025111810564114123.xls,人民银行人民币信贷收支表；月末余额，亿元÷10000=万亿元；非当月新增贷款
loan_business_long,CHN,2015-02,31.993317,万亿元,M,,https://www.pbc.gov.cn/diaochatongjisi/attachDir/2025/11/2025111810564114123.xls,人民银行人民币信贷收支表；月末余额，亿元÷10000=万亿元；非当月新增贷款
loan_business_long,CHN,2015-03,32.358736,万亿元,M,,https://www.pbc.gov.cn/diaochatongjisi/attachDir/2025/11/2025111810564114123.xls,人民银行人民币信贷收支表；月末余额，亿元÷10000=万亿元；非当月新增贷款
loan_business_long,CHN,2015-04,32.636373,万亿元,M,,https://www.pbc.gov.cn/diaochatongjisi/attachDir/2025/11/2025111810564114123.xls,人民银行人民币信贷收支表；月末余额，亿元÷10000=万亿元；非当月新增贷款
loan_business_long,CHN,2015-05,32.89114,万亿元,M,,https://www.pbc.gov.cn/diaochatongjisi/attachDir/2025/11/2025111810564114123.xls,人民银行人民币信贷收支表；月末余额，亿元÷10000=万亿元；非当月新增贷款
loan_business_long,CHN,2015-06,33.204584,万亿元,M,,https://www.pbc.gov.cn/diaochatongjisi/attachDir/2025/11/2025111810564114123.xls,人民银行人民币信贷收支表；月末余额，亿元÷10000=万亿元；非当月新增贷款
loan_business_long,CHN,2015-07,33.307336,万亿元,M,,https://www.pbc.gov.cn/diaochatongjisi/attachDir/2025/11/2025111810564114123.xls,人民银行人民币信贷收支表；月末余额，亿元÷10000=万亿元；非当月新增贷款
loan_business_long,CHN,2015-08,33.429026,万亿元,M,,https://www.pbc.gov.cn/diaochatongjisi/attachDir/2025/11/2025111810564114123.xls,人民银行人民币信贷收支表；月末余额，亿元÷10000=万亿元；非当月新增贷款
loan_business_long,CHN,2015-09,33.786133,万亿元,M,,https://www.pbc.gov.cn/diaochatongjisi/attachDir/2025/11/2025111810564114123.xls,人民银行人民币信贷收支表；月末余额，亿元÷10000=万亿元；非当月新增贷款
loan_business_long,CHN,2015-10,33.938004,万亿元,M,,https://www.pbc.gov.cn/diaochatongjisi/attachDir/2025/11/2025111810564114123.xls,人民银行人民币信贷收支表；月末余额，亿元÷10000=万亿元；非当月新增贷款
loan_business_long,CHN,2015-11,34.069698,万亿元,M,,https://www.pbc.gov.cn/diaochatongjisi/attachDir/2025/11/2025111810564114123.xls,人民银行人民币信贷收支表；月末余额，亿元÷10000=万亿元；非当月新增贷款
loan_business_long,CHN,2015-12,34.418184,万亿元,M,,https://www.pbc.gov.cn/diaochatongjisi/attachDir/2025/11/2025111810564114123.xls,人民银行人民币信贷收支表；月末余额，亿元÷10000=万亿元；非当月新增贷款
loan_business_long,CHN,2016-01,35.445908,万亿元,M,,https://www.pbc.gov.cn/diaochatongjisi/attachDir/2025/11/2025111811260014568.xls,人民银行人民币信贷收支表；月末余额，亿元÷10000=万亿元；非当月新增贷款
loan_business_long,CHN,2016-02,35.948065,万亿元,M,,https://www.pbc.gov.cn/diaochatongjisi/attachDir/2025/11/2025111811260014568.xls,人民银行人民币信贷收支表；月末余额，亿元÷10000=万亿元；非当月新增贷款
loan_business_long,CHN,2016-03,36.452892,万亿元,M,,https://www.pbc.gov.cn/diaochatongjisi/attachDir/2025/11/2025111811260014568.xls,人民银行人民币信贷收支表；月末余额，亿元÷10000=万亿元；非当月新增贷款
loan_business_long,CHN,2016-04,36.409919,万亿元,M,,https://www.pbc.gov.cn/diaochatongjisi/attachDir/2025/11/2025111811260014568.xls,人民银行人民币信贷收支表；月末余额，亿元÷10000=万亿元；非当月新增贷款
loan_business_long,CHN,2016-05,36.59238,万亿元,M,,https://www.pbc.gov.cn/diaochatongjisi/attachDir/2025/11/2025111811260014568.xls,人民银行人民币信贷收支表；月末余额，亿元÷10000=万亿元；非当月新增贷款
loan_business_long,CHN,2016-06,36.999623,万亿元,M,,https://www.pbc.gov.cn/diaochatongjisi/attachDir/2025/11/2025111811260014568.xls,人民银行人民币信贷收支表；月末余额，亿元÷10000=万亿元；非当月新增贷款
loan_business_long,CHN,2016-07,37.151006,万亿元,M,,https://www.pbc.gov.cn/diaochatongjisi/attachDir/2025/11/2025111811260014568.xls,人民银行人民币信贷收支表；月末余额，亿元÷10000=万亿元；非当月新增贷款
loan_business_long,CHN,2016-08,37.143006,万亿元,M,,https://www.pbc.gov.cn/diaochatongjisi/attachDir/2025/11/2025111811260014568.xls,人民银行人民币信贷收支表；月末余额，亿元÷10000=万亿元；非当月新增贷款
loan_business_long,CHN,2016-09,37.598244,万亿元,M,,https://www.pbc.gov.cn/diaochatongjisi/attachDir/2025/11/2025111811260014568.xls,人民银行人民币信贷收支表；月末余额，亿元÷10000=万亿元；非当月新增贷款
loan_business_long,CHN,2016-10,37.671065,万亿元,M,,https://www.pbc.gov.cn/diaochatongjisi/attachDir/2025/11/2025111811260014568.xls,人民银行人民币信贷收支表；月末余额，亿元÷10000=万亿元；非当月新增贷款
loan_business_long,CHN,2016-11,37.872832,万亿元,M,,https://www.pbc.gov.cn/diaochatongjisi/attachDir/2025/11/2025111811260014568.xls,人民银行人民币信贷收支表；月末余额，亿元÷10000=万亿元；非当月新增贷款
loan_business_long,CHN,2016-12,38.566191,万亿元,M,,https://www.pbc.gov.cn/diaochatongjisi/attachDir/2025/11/2025111811260014568.xls,人民银行人民币信贷收支表；月末余额，亿元÷10000=万亿元；非当月新增贷款
loan_business_long,CHN,2017-01,40.142486,万亿元,M,,https://www.pbc.gov.cn/diaochatongjisi/attachDir/2025/11/2025111814223377038.xls,人民银行人民币信贷收支表；月末余额，亿元÷10000=万亿元；非当月新增贷款
loan_business_long,CHN,2017-02,40.744241,万亿元,M,,https://www.pbc.gov.cn/diaochatongjisi/attachDir/2025/11/2025111814223377038.xls,人民银行人民币信贷收支表；月末余额，亿元÷10000=万亿元；非当月新增贷款
loan_business_long,CHN,2017-03,41.291983,万亿元,M,,https://www.pbc.gov.cn/diaochatongjisi/attachDir/2025/11/2025111814223377038.xls,人民银行人民币信贷收支表；月末余额，亿元÷10000=万亿元；非当月新增贷款
loan_business_long,CHN,2017-04,41.814554,万亿元,M,,https://www.pbc.gov.cn/diaochatongjisi/attachDir/2025/11/2025111814223377038.xls,人民银行人民币信贷收支表；月末余额，亿元÷10000=万亿元；非当月新增贷款
loan_business_long,CHN,2017-05,42.254105,万亿元,M,,https://www.pbc.gov.cn/diaochatongjisi/attachDir/2025/11/2025111814223377038.xls,人民银行人民币信贷收支表；月末余额，亿元÷10000=万亿元；非当月新增贷款
loan_business_long,CHN,2017-06,42.830695,万亿元,M,,https://www.pbc.gov.cn/diaochatongjisi/attachDir/2025/11/2025111814223377038.xls,人民银行人民币信贷收支表；月末余额，亿元÷10000=万亿元；非当月新增贷款
loan_business_long,CHN,2017-07,43.26394,万亿元,M,,https://www.pbc.gov.cn/diaochatongjisi/attachDir/2025/11/2025111814223377038.xls,人民银行人民币信贷收支表；月末余额，亿元÷10000=万亿元；非当月新增贷款
loan_business_long,CHN,2017-08,43.627851,万亿元,M,,https://www.pbc.gov.cn/diaochatongjisi/attachDir/2025/11/2025111814223377038.xls,人民银行人民币信贷收支表；月末余额，亿元÷10000=万亿元；非当月新增贷款
loan_business_long,CHN,2017-09,44.130293,万亿元,M,,https://www.pbc.gov.cn/diaochatongjisi/attachDir/2025/11/2025111814223377038.xls,人民银行人民币信贷收支表；月末余额，亿元÷10000=万亿元；非当月新增贷款
loan_business_long,CHN,2017-10,44.366855,万亿元,M,,https://www.pbc.gov.cn/diaochatongjisi/attachDir/2025/11/2025111814223377038.xls,人民银行人民币信贷收支表；月末余额，亿元÷10000=万亿元；非当月新增贷款
loan_business_long,CHN,2017-11,44.794317,万亿元,M,,https://www.pbc.gov.cn/diaochatongjisi/attachDir/2025/11/2025111814223377038.xls,人民银行人民币信贷收支表；月末余额，亿元÷10000=万亿元；非当月新增贷款
loan_business_long,CHN,2017-12,45.002222,万亿元,M,,https://www.pbc.gov.cn/diaochatongjisi/attachDir/2025/11/2025111814223377038.xls,人民银行人民币信贷收支表；月末余额，亿元÷10000=万亿元；非当月新增贷款
loan_business_long,CHN,2018-01,46.295232,万亿元,M,,https://www.pbc.gov.cn/diaochatongjisi/attachDir/2025/11/2025111815281576875.xls,人民银行人民币信贷收支表；月末余额，亿元÷10000=万亿元；非当月新增贷款
loan_business_long,CHN,2018-02,46.953726,万亿元,M,,https://www.pbc.gov.cn/diaochatongjisi/attachDir/2025/11/2025111815281576875.xls,人民银行人民币信贷收支表；月末余额，亿元÷10000=万亿元；非当月新增贷款
loan_business_long,CHN,2018-03,47.412529,万亿元,M,,https://www.pbc.gov.cn/diaochatongjisi/attachDir/2025/11/2025111815281576875.xls,人民银行人民币信贷收支表；月末余额，亿元÷10000=万亿元；非当月新增贷款
loan_business_long,CHN,2018-04,47.879367,万亿元,M,,https://www.pbc.gov.cn/diaochatongjisi/attachDir/2025/11/2025111815281576875.xls,人民银行人民币信贷收支表；月末余额，亿元÷10000=万亿元；非当月新增贷款
loan_business_long,CHN,2018-05,48.28244,万亿元,M,,https://www.pbc.gov.cn/diaochatongjisi/attachDir/2025/11/2025111815281576875.xls,人民银行人民币信贷收支表；月末余额，亿元÷10000=万亿元；非当月新增贷款
loan_business_long,CHN,2018-06,48.679463,万亿元,M,,https://www.pbc.gov.cn/diaochatongjisi/attachDir/2025/11/2025111815281576875.xls,人民银行人民币信贷收支表；月末余额，亿元÷10000=万亿元；非当月新增贷款
loan_business_long,CHN,2018-07,49.166955,万亿元,M,,https://www.pbc.gov.cn/diaochatongjisi/attachDir/2025/11/2025111815281576875.xls,人民银行人民币信贷收支表；月末余额，亿元÷10000=万亿元；非当月新增贷款
loan_business_long,CHN,2018-08,49.509437,万亿元,M,,https://www.pbc.gov.cn/diaochatongjisi/attachDir/2025/11/2025111815281576875.xls,人民银行人民币信贷收支表；月末余额，亿元÷10000=万亿元；非当月新增贷款
loan_business_long,CHN,2018-09,49.895175,万亿元,M,,https://www.pbc.gov.cn/diaochatongjisi/attachDir/2025/11/2025111815281576875.xls,人民银行人民币信贷收支表；月末余额，亿元÷10000=万亿元；非当月新增贷款
loan_business_long,CHN,2018-10,50.03803,万亿元,M,,https://www.pbc.gov.cn/diaochatongjisi/attachDir/2025/11/2025111815281576875.xls,人民银行人民币信贷收支表；月末余额，亿元÷10000=万亿元；非当月新增贷款
loan_business_long,CHN,2018-11,50.367552,万亿元,M,,https://www.pbc.gov.cn/diaochatongjisi/attachDir/2025/11/2025111815281576875.xls,人民银行人民币信贷收支表；月末余额，亿元÷10000=万亿元；非当月新增贷款
loan_business_long,CHN,2018-12,50.564565,万亿元,M,,https://www.pbc.gov.cn/diaochatongjisi/attachDir/2025/11/2025111815281576875.xls,人民银行人民币信贷收支表；月末余额，亿元÷10000=万亿元；非当月新增贷款
loan_business_long,CHN,2019-01,52.064083,万亿元,M,,https://www.pbc.gov.cn/diaochatongjisi/attachDir/2025/11/2025111815533429222.xls,人民银行人民币信贷收支表；月末余额，亿元÷10000=万亿元；非当月新增贷款
loan_business_long,CHN,2019-02,52.576774,万亿元,M,,https://www.pbc.gov.cn/diaochatongjisi/attachDir/2025/11/2025111815533429222.xls,人民银行人民币信贷收支表；月末余额，亿元÷10000=万亿元；非当月新增贷款
loan_business_long,CHN,2019-03,53.227347,万亿元,M,,https://www.pbc.gov.cn/diaochatongjisi/attachDir/2025/11/2025111815533429222.xls,人民银行人民币信贷收支表；月末余额，亿元÷10000=万亿元；非当月新增贷款
loan_business_long,CHN,2019-04,53.509622,万亿元,M,,https://www.pbc.gov.cn/diaochatongjisi/attachDir/2025/11/2025111815533429222.xls,人民银行人民币信贷收支表；月末余额，亿元÷10000=万亿元；非当月新增贷款
loan_business_long,CHN,2019-05,53.762061,万亿元,M,,https://www.pbc.gov.cn/diaochatongjisi/attachDir/2025/11/2025111815533429222.xls,人民银行人民币信贷收支表；月末余额，亿元÷10000=万亿元；非当月新增贷款
loan_business_long,CHN,2019-06,54.144723,万亿元,M,,https://www.pbc.gov.cn/diaochatongjisi/attachDir/2025/11/2025111815533429222.xls,人民银行人民币信贷收支表；月末余额，亿元÷10000=万亿元；非当月新增贷款
loan_business_long,CHN,2019-07,54.512573,万亿元,M,,https://www.pbc.gov.cn/diaochatongjisi/attachDir/2025/11/2025111815533429222.xls,人民银行人民币信贷收支表；月末余额，亿元÷10000=万亿元；非当月新增贷款
loan_business_long,CHN,2019-08,54.941084,万亿元,M,,https://www.pbc.gov.cn/diaochatongjisi/attachDir/2025/11/2025111815533429222.xls,人民银行人民币信贷收支表；月末余额，亿元÷10000=万亿元；非当月新增贷款
loan_business_long,CHN,2019-09,55.49817,万亿元,M,,https://www.pbc.gov.cn/diaochatongjisi/attachDir/2025/11/2025111815533429222.xls,人民银行人民币信贷收支表；月末余额，亿元÷10000=万亿元；非当月新增贷款
loan_business_long,CHN,2019-10,55.719792,万亿元,M,,https://www.pbc.gov.cn/diaochatongjisi/attachDir/2025/11/2025111815533429222.xls,人民银行人民币信贷收支表；月末余额，亿元÷10000=万亿元；非当月新增贷款
loan_business_long,CHN,2019-11,56.140433,万亿元,M,,https://www.pbc.gov.cn/diaochatongjisi/attachDir/2025/11/2025111815533429222.xls,人民银行人民币信贷收支表；月末余额，亿元÷10000=万亿元；非当月新增贷款
loan_business_long,CHN,2019-12,56.538994,万亿元,M,,https://www.pbc.gov.cn/diaochatongjisi/attachDir/2025/11/2025111815533429222.xls,人民银行人民币信贷收支表；月末余额，亿元÷10000=万亿元；非当月新增贷款
loan_business_long,CHN,2020-01,58.200156,万亿元,M,,https://www.pbc.gov.cn/diaochatongjisi/attachDir/2025/11/2025111816065225038.xls,人民银行人民币信贷收支表；月末余额，亿元÷10000=万亿元；非当月新增贷款
loan_business_long,CHN,2020-02,58.615852,万亿元,M,,https://www.pbc.gov.cn/diaochatongjisi/attachDir/2025/11/2025111816065225038.xls,人民银行人民币信贷收支表；月末余额，亿元÷10000=万亿元；非当月新增贷款
loan_business_long,CHN,2020-03,59.58283,万亿元,M,,https://www.pbc.gov.cn/diaochatongjisi/attachDir/2025/11/2025111816065225038.xls,人民银行人民币信贷收支表；月末余额，亿元÷10000=万亿元；非当月新增贷款
loan_business_long,CHN,2020-04,60.137558,万亿元,M,,https://www.pbc.gov.cn/diaochatongjisi/attachDir/2025/11/2025111816065225038.xls,人民银行人民币信贷收支表；月末余额，亿元÷10000=万亿元；非当月新增贷款
loan_business_long,CHN,2020-05,60.668018,万亿元,M,,https://www.pbc.gov.cn/diaochatongjisi/attachDir/2025/11/2025111816065225038.xls,人民银行人民币信贷收支表；月末余额，亿元÷10000=万亿元；非当月新增贷款
loan_business_long,CHN,2020-06,61.394711,万亿元,M,,https://www.pbc.gov.cn/diaochatongjisi/attachDir/2025/11/2025111816065225038.xls,人民银行人民币信贷收支表；月末余额，亿元÷10000=万亿元；非当月新增贷款
loan_business_long,CHN,2020-07,61.991486,万亿元,M,,https://www.pbc.gov.cn/diaochatongjisi/attachDir/2025/11/2025111816065225038.xls,人民银行人民币信贷收支表；月末余额，亿元÷10000=万亿元；非当月新增贷款
loan_business_long,CHN,2020-08,62.716729,万亿元,M,,https://www.pbc.gov.cn/diaochatongjisi/attachDir/2025/11/2025111816065225038.xls,人民银行人民币信贷收支表；月末余额，亿元÷10000=万亿元；非当月新增贷款
loan_business_long,CHN,2020-09,63.788257,万亿元,M,,https://www.pbc.gov.cn/diaochatongjisi/attachDir/2025/11/2025111816065225038.xls,人民银行人民币信贷收支表；月末余额，亿元÷10000=万亿元；非当月新增贷款
loan_business_long,CHN,2020-10,64.199552,万亿元,M,,https://www.pbc.gov.cn/diaochatongjisi/attachDir/2025/11/2025111816065225038.xls,人民银行人民币信贷收支表；月末余额，亿元÷10000=万亿元；非当月新增贷款
loan_business_long,CHN,2020-11,64.788269,万亿元,M,,https://www.pbc.gov.cn/diaochatongjisi/attachDir/2025/11/2025111816065225038.xls,人民银行人民币信贷收支表；月末余额，亿元÷10000=万亿元；非当月新增贷款
loan_business_long,CHN,2020-12,65.335017,万亿元,M,,https://www.pbc.gov.cn/diaochatongjisi/attachDir/2025/11/2025111816065225038.xls,人民银行人民币信贷收支表；月末余额，亿元÷10000=万亿元；非当月新增贷款
loan_business_long,CHN,2021-01,67.393167,万亿元,M,,https://www.pbc.gov.cn/diaochatongjisi/attachDir/2025/11/2025111816273553641.xlsx,人民银行人民币信贷收支表；月末余额，亿元÷10000=万亿元；非当月新增贷款
loan_business_long,CHN,2021-02,68.497397,万亿元,M,,https://www.pbc.gov.cn/diaochatongjisi/attachDir/2025/11/2025111816273553641.xlsx,人民银行人民币信贷收支表；月末余额，亿元÷10000=万亿元；非当月新增贷款
loan_business_long,CHN,2021-03,69.820549,万亿元,M,,https://www.pbc.gov.cn/diaochatongjisi/attachDir/2025/11/2025111816273553641.xlsx,人民银行人民币信贷收支表；月末余额，亿元÷10000=万亿元；非当月新增贷款
loan_business_long,CHN,2021-04,70.481035,万亿元,M,,https://www.pbc.gov.cn/diaochatongjisi/attachDir/2025/11/2025111816273553641.xlsx,人民银行人民币信贷收支表；月末余额，亿元÷10000=万亿元；非当月新增贷款
loan_business_long,CHN,2021-05,71.133799,万亿元,M,,https://www.pbc.gov.cn/diaochatongjisi/attachDir/2025/11/2025111816273553641.xlsx,人民银行人民币信贷收支表；月末余额，亿元÷10000=万亿元；非当月新增贷款
loan_business_long,CHN,2021-06,71.971205,万亿元,M,,https://www.pbc.gov.cn/diaochatongjisi/attachDir/2025/11/2025111816273553641.xlsx,人民银行人民币信贷收支表；月末余额，亿元÷10000=万亿元；非当月新增贷款
loan_business_long,CHN,2021-07,72.464866,万亿元,M,,https://www.pbc.gov.cn/diaochatongjisi/attachDir/2025/11/2025111816273553641.xlsx,人民银行人民币信贷收支表；月末余额，亿元÷10000=万亿元；非当月新增贷款
loan_business_long,CHN,2021-08,72.98632,万亿元,M,,https://www.pbc.gov.cn/diaochatongjisi/attachDir/2025/11/2025111816273553641.xlsx,人民银行人民币信贷收支表；月末余额，亿元÷10000=万亿元；非当月新增贷款
loan_business_long,CHN,2021-09,73.684346,万亿元,M,,https://www.pbc.gov.cn/diaochatongjisi/attachDir/2025/11/2025111816273553641.xlsx,人民银行人民币信贷收支表；月末余额，亿元÷10000=万亿元；非当月新增贷款
loan_business_long,CHN,2021-10,73.903307,万亿元,M,,https://www.pbc.gov.cn/diaochatongjisi/attachDir/2025/11/2025111816273553641.xlsx,人民银行人民币信贷收支表；月末余额，亿元÷10000=万亿元；非当月新增贷款
loan_business_long,CHN,2021-11,74.245006,万亿元,M,,https://www.pbc.gov.cn/diaochatongjisi/attachDir/2025/11/2025111816273553641.xlsx,人民银行人民币信贷收支表；月末余额，亿元÷10000=万亿元；非当月新增贷款
loan_business_long,CHN,2021-12,74.582311,万亿元,M,,https://www.pbc.gov.cn/diaochatongjisi/attachDir/2025/11/2025111816273553641.xlsx,人民银行人民币信贷收支表；月末余额，亿元÷10000=万亿元；非当月新增贷款
loan_business_long,CHN,2022-01,76.610065,万亿元,M,,https://www.pbc.gov.cn/diaochatongjisi/attachDir/2025/11/2025111816420126728.xls,人民银行人民币信贷收支表；月末余额，亿元÷10000=万亿元；非当月新增贷款
loan_business_long,CHN,2022-02,77.115272,万亿元,M,,https://www.pbc.gov.cn/diaochatongjisi/attachDir/2025/11/2025111816420126728.xls,人民银行人民币信贷收支表；月末余额，亿元÷10000=万亿元；非当月新增贷款
loan_business_long,CHN,2022-03,78.459832,万亿元,M,,https://www.pbc.gov.cn/diaochatongjisi/attachDir/2025/11/2025111816420126728.xls,人民银行人民币信贷收支表；月末余额，亿元÷10000=万亿元；非当月新增贷款
loan_business_long,CHN,2022-04,78.724992,万亿元,M,,https://www.pbc.gov.cn/diaochatongjisi/attachDir/2025/11/2025111816420126728.xls,人民银行人民币信贷收支表；月末余额，亿元÷10000=万亿元；非当月新增贷款
loan_business_long,CHN,2022-05,79.280087,万亿元,M,,https://www.pbc.gov.cn/diaochatongjisi/attachDir/2025/11/2025111816420126728.xls,人民银行人民币信贷收支表；月末余额，亿元÷10000=万亿元；非当月新增贷款
loan_business_long,CHN,2022-06,80.727476,万亿元,M,,https://www.pbc.gov.cn/diaochatongjisi/attachDir/2025/11/2025111816420126728.xls,人民银行人民币信贷收支表；月末余额，亿元÷10000=万亿元；非当月新增贷款
loan_business_long,CHN,2022-07,81.073333,万亿元,M,,https://www.pbc.gov.cn/diaochatongjisi/attachDir/2025/11/2025111816420126728.xls,人民银行人民币信贷收支表；月末余额，亿元÷10000=万亿元；非当月新增贷款
loan_business_long,CHN,2022-08,81.808595,万亿元,M,,https://www.pbc.gov.cn/diaochatongjisi/attachDir/2025/11/2025111816420126728.xls,人民银行人民币信贷收支表；月末余额，亿元÷10000=万亿元；非当月新增贷款
loan_business_long,CHN,2022-09,83.162031,万亿元,M,,https://www.pbc.gov.cn/diaochatongjisi/attachDir/2025/11/2025111816420126728.xls,人民银行人民币信贷收支表；月末余额，亿元÷10000=万亿元；非当月新增贷款
loan_business_long,CHN,2022-10,83.624333,万亿元,M,,https://www.pbc.gov.cn/diaochatongjisi/attachDir/2025/11/2025111816420126728.xls,人民银行人民币信贷收支表；月末余额，亿元÷10000=万亿元；非当月新增贷款
loan_business_long,CHN,2022-11,84.36104,万亿元,M,,https://www.pbc.gov.cn/diaochatongjisi/attachDir/2025/11/2025111816420126728.xls,人民银行人民币信贷收支表；月末余额，亿元÷10000=万亿元；非当月新增贷款
loan_business_long,CHN,2022-12,85.568453,万亿元,M,,https://www.pbc.gov.cn/diaochatongjisi/attachDir/2025/11/2025111816420126728.xls,人民银行人民币信贷收支表；月末余额，亿元÷10000=万亿元；非当月新增贷款
loan_business_long,CHN,2023-01,89.123236,万亿元,M,,https://www.pbc.gov.cn/diaochatongjisi/attachDir/2025/11/2025111817162649674.xlsx,人民银行人民币信贷收支表；月末余额，亿元÷10000=万亿元；非当月新增贷款
loan_business_long,CHN,2023-02,90.235991,万亿元,M,,https://www.pbc.gov.cn/diaochatongjisi/attachDir/2025/11/2025111817162649674.xlsx,人民银行人民币信贷收支表；月末余额，亿元÷10000=万亿元；非当月新增贷款
loan_business_long,CHN,2023-03,92.296875,万亿元,M,,https://www.pbc.gov.cn/diaochatongjisi/attachDir/2025/11/2025111817162649674.xlsx,人民银行人民币信贷收支表；月末余额，亿元÷10000=万亿元；非当月新增贷款
loan_business_long,CHN,2023-04,92.96377,万亿元,M,,https://www.pbc.gov.cn/diaochatongjisi/attachDir/2025/11/2025111817162649674.xlsx,人民银行人民币信贷收支表；月末余额，亿元÷10000=万亿元；非当月新增贷款
loan_business_long,CHN,2023-05,93.73357,万亿元,M,,https://www.pbc.gov.cn/diaochatongjisi/attachDir/2025/11/2025111817162649674.xlsx,人民银行人民币信贷收支表；月末余额，亿元÷10000=万亿元；非当月新增贷款
loan_business_long,CHN,2023-06,95.332639,万亿元,M,,https://www.pbc.gov.cn/diaochatongjisi/attachDir/2025/11/2025111817162649674.xlsx,人民银行人民币信贷收支表；月末余额，亿元÷10000=万亿元；非当月新增贷款
loan_business_long,CHN,2023-07,95.603793,万亿元,M,,https://www.pbc.gov.cn/diaochatongjisi/attachDir/2025/11/2025111817162649674.xlsx,人民银行人民币信贷收支表；月末余额，亿元÷10000=万亿元；非当月新增贷款
loan_business_long,CHN,2023-08,96.248177,万亿元,M,,https://www.pbc.gov.cn/diaochatongjisi/attachDir/2025/11/2025111817162649674.xlsx,人民银行人民币信贷收支表；月末余额，亿元÷10000=万亿元；非当月新增贷款
loan_business_long,CHN,2023-09,97.502301,万亿元,M,,https://www.pbc.gov.cn/diaochatongjisi/attachDir/2025/11/2025111817162649674.xlsx,人民银行人民币信贷收支表；月末余额，亿元÷10000=万亿元；非当月新增贷款
loan_business_long,CHN,2023-10,97.885138,万亿元,M,,https://www.pbc.gov.cn/diaochatongjisi/attachDir/2025/11/2025111817162649674.xlsx,人民银行人民币信贷收支表；月末余额，亿元÷10000=万亿元；非当月新增贷款
loan_business_long,CHN,2023-11,98.331148,万亿元,M,,https://www.pbc.gov.cn/diaochatongjisi/attachDir/2025/11/2025111817162649674.xlsx,人民银行人民币信贷收支表；月末余额，亿元÷10000=万亿元；非当月新增贷款
loan_business_long,CHN,2023-12,99.185339,万亿元,M,,https://www.pbc.gov.cn/diaochatongjisi/attachDir/2025/11/2025111817162649674.xlsx,人民银行人民币信贷收支表；月末余额，亿元÷10000=万亿元；非当月新增贷款
loan_business_long,CHN,2024-01,102.487725,万亿元,M,,https://www.pbc.gov.cn/diaochatongjisi/attachDir/2025/11/2025111817274124837.xlsx,人民银行人民币信贷收支表；月末余额，亿元÷10000=万亿元；非当月新增贷款
loan_business_long,CHN,2024-02,103.780533,万亿元,M,,https://www.pbc.gov.cn/diaochatongjisi/attachDir/2025/11/2025111817274124837.xlsx,人民银行人民币信贷收支表；月末余额，亿元÷10000=万亿元；非当月新增贷款
loan_business_long,CHN,2024-03,105.378077,万亿元,M,,https://www.pbc.gov.cn/diaochatongjisi/attachDir/2025/11/2025111817274124837.xlsx,人民银行人民币信贷收支表；月末余额，亿元÷10000=万亿元；非当月新增贷款
loan_business_long,CHN,2024-04,105.786242,万亿元,M,,https://www.pbc.gov.cn/diaochatongjisi/attachDir/2025/11/2025111817274124837.xlsx,人民银行人民币信贷收支表；月末余额，亿元÷10000=万亿元；非当月新增贷款
loan_business_long,CHN,2024-05,106.287468,万亿元,M,,https://www.pbc.gov.cn/diaochatongjisi/attachDir/2025/11/2025111817274124837.xlsx,人民银行人民币信贷收支表；月末余额，亿元÷10000=万亿元；非当月新增贷款
loan_business_long,CHN,2024-06,107.253233,万亿元,M,,https://www.pbc.gov.cn/diaochatongjisi/attachDir/2025/11/2025111817274124837.xlsx,人民银行人民币信贷收支表；月末余额，亿元÷10000=万亿元；非当月新增贷款
loan_business_long,CHN,2024-07,107.388281,万亿元,M,,https://www.pbc.gov.cn/diaochatongjisi/attachDir/2025/11/2025111817274124837.xlsx,人民银行人民币信贷收支表；月末余额，亿元÷10000=万亿元；非当月新增贷款
loan_business_long,CHN,2024-08,107.875045,万亿元,M,,https://www.pbc.gov.cn/diaochatongjisi/attachDir/2025/11/2025111817274124837.xlsx,人民银行人民币信贷收支表；月末余额，亿元÷10000=万亿元；非当月新增贷款
loan_business_long,CHN,2024-09,108.838469,万亿元,M,,https://www.pbc.gov.cn/diaochatongjisi/attachDir/2025/11/2025111817274124837.xlsx,人民银行人民币信贷收支表；月末余额，亿元÷10000=万亿元；非当月新增贷款
loan_business_long,CHN,2024-10,109.008895,万亿元,M,,https://www.pbc.gov.cn/diaochatongjisi/attachDir/2025/11/2025111817274124837.xlsx,人民银行人民币信贷收支表；月末余额，亿元÷10000=万亿元；非当月新增贷款
loan_business_long,CHN,2024-11,109.220031,万亿元,M,,https://www.pbc.gov.cn/diaochatongjisi/attachDir/2025/11/2025111817274124837.xlsx,人民银行人民币信贷收支表；月末余额，亿元÷10000=万亿元；非当月新增贷款
loan_business_long,CHN,2024-12,109.260613,万亿元,M,,https://www.pbc.gov.cn/diaochatongjisi/attachDir/2025/11/2025111817274124837.xlsx,人民银行人民币信贷收支表；月末余额，亿元÷10000=万亿元；非当月新增贷款
loan_business_long,CHN,2025-01,112.705337,万亿元,M,,https://www.pbc.gov.cn/diaochatongjisi/attachDir/2026/01/2026011517314370061.xlsx,人民银行人民币信贷收支表；月末余额，亿元÷10000=万亿元；非当月新增贷款
loan_business_long,CHN,2025-02,113.249514,万亿元,M,,https://www.pbc.gov.cn/diaochatongjisi/attachDir/2026/01/2026011517314370061.xlsx,人民银行人民币信贷收支表；月末余额，亿元÷10000=万亿元；非当月新增贷款
loan_business_long,CHN,2025-03,114.825818,万亿元,M,,https://www.pbc.gov.cn/diaochatongjisi/attachDir/2026/01/2026011517314370061.xlsx,人民银行人民币信贷收支表；月末余额，亿元÷10000=万亿元；非当月新增贷款
loan_business_long,CHN,2025-04,115.076936,万亿元,M,,https://www.pbc.gov.cn/diaochatongjisi/attachDir/2026/01/2026011517314370061.xlsx,人民银行人民币信贷收支表；月末余额，亿元÷10000=万亿元；非当月新增贷款
loan_business_long,CHN,2025-05,115.409462,万亿元,M,,https://www.pbc.gov.cn/diaochatongjisi/attachDir/2026/01/2026011517314370061.xlsx,人民银行人民币信贷收支表；月末余额，亿元÷10000=万亿元；非当月新增贷款
loan_business_long,CHN,2025-06,116.415111,万亿元,M,,https://www.pbc.gov.cn/diaochatongjisi/attachDir/2026/01/2026011517314370061.xlsx,人民银行人民币信贷收支表；月末余额，亿元÷10000=万亿元；非当月新增贷款
loan_business_long,CHN,2025-07,116.158778,万亿元,M,,https://www.pbc.gov.cn/diaochatongjisi/attachDir/2026/01/2026011517314370061.xlsx,人民银行人民币信贷收支表；月末余额，亿元÷10000=万亿元；非当月新增贷款
loan_business_long,CHN,2025-08,116.631335,万亿元,M,,https://www.pbc.gov.cn/diaochatongjisi/attachDir/2026/01/2026011517314370061.xlsx,人民银行人民币信贷收支表；月末余额，亿元÷10000=万亿元；非当月新增贷款
loan_business_long,CHN,2025-09,117.534598,万亿元,M,,https://www.pbc.gov.cn/diaochatongjisi/attachDir/2026/01/2026011517314370061.xlsx,人民银行人民币信贷收支表；月末余额，亿元÷10000=万亿元；非当月新增贷款
loan_business_long,CHN,2025-10,117.569534,万亿元,M,,https://www.pbc.gov.cn/diaochatongjisi/attachDir/2026/01/2026011517314370061.xlsx,人民银行人民币信贷收支表；月末余额，亿元÷10000=万亿元；非当月新增贷款
loan_business_long,CHN,2025-11,117.733675,万亿元,M,,https://www.pbc.gov.cn/diaochatongjisi/attachDir/2026/01/2026011517314370061.xlsx,人民银行人民币信贷收支表；月末余额，亿元÷10000=万亿元；非当月新增贷款
loan_business_long,CHN,2025-12,118.072219,万亿元,M,,https://www.pbc.gov.cn/diaochatongjisi/attachDir/2026/01/2026011517314370061.xlsx,人民银行人民币信贷收支表；月末余额，亿元÷10000=万亿元；非当月新增贷款
loan_business_long,CHN,2026-01,121.247951,万亿元,M,,https://www.pbc.gov.cn/diaochatongjisi/attachDir/2026/09/2026091418213884368.xlsx,人民银行人民币信贷收支表；月末余额，亿元÷10000=万亿元；非当月新增贷款
loan_business_long,CHN,2026-02,122.14371,万亿元,M,,https://www.pbc.gov.cn/diaochatongjisi/attachDir/2026/09/2026091418213884368.xlsx,人民银行人民币信贷收支表；月末余额，亿元÷10000=万亿元；非当月新增贷款
loan_business_long,CHN,2026-03,123.493981,万亿元,M,,https://www.pbc.gov.cn/diaochatongjisi/attachDir/2026/09/2026091418213884368.xlsx,人民银行人民币信贷收支表；月末余额，亿元÷10000=万亿元；非当月新增贷款
loan_business_long,CHN,2026-04,123.085193,万亿元,M,,https://www.pbc.gov.cn/diaochatongjisi/attachDir/2026/09/2026091418213884368.xlsx,人民银行人民币信贷收支表；月末余额，亿元÷10000=万亿元；非当月新增贷款
loan_business_long,CHN,2026-05,123.065781,万亿元,M,,https://www.pbc.gov.cn/diaochatongjisi/attachDir/2026/09/2026091418213884368.xlsx,人民银行人民币信贷收支表；月末余额，亿元÷10000=万亿元；非当月新增贷款
loan_business_long,CHN,2026-06,123.618078,万亿元,M,,https://www.pbc.gov.cn/diaochatongjisi/attachDir/2026/09/2026091418213884368.xlsx,人民银行人民币信贷收支表；月末余额，亿元÷10000=万亿元；非当月新增贷款
loan_business_long,CHN,2026-07,123.395758,万亿元,M,,https://www.pbc.gov.cn/diaochatongjisi/attachDir/2026/09/2026091418213884368.xlsx,人民银行人民币信贷收支表；月末余额，亿元÷10000=万亿元；非当月新增贷款
loan_business_long,CHN,2026-08,123.711416,万亿元,M,,https://www.pbc.gov.cn/diaochatongjisi/attachDir/2026/09/2026091418213884368.xlsx,人民银行人民币信贷收支表；月末余额，亿元÷10000=万亿元；非当月新增贷款
loan_business_short,CHN,2010-01,11.897866,万亿元,M,,https://www.pbc.gov.cn/eportal/fileDir/defaultCurSite/resource/cms/2015/07/2010s03a.htm,人民银行人民币信贷收支表；月末余额，亿元÷10000=万亿元；非当月新增贷款；来源称非金融企业及其他部门；境内，境外已单列
loan_business_short,CHN,2010-02,12.09466,万亿元,M,,https://www.pbc.gov.cn/eportal/fileDir/defaultCurSite/resource/cms/2015/07/2010s03a.htm,人民银行人民币信贷收支表；月末余额，亿元÷10000=万亿元；非当月新增贷款；来源称非金融企业及其他部门；境内，境外已单列
loan_business_short,CHN,2010-03,12.130701,万亿元,M,,https://www.pbc.gov.cn/eportal/fileDir/defaultCurSite/resource/cms/2015/07/2010s03a.htm,人民银行人民币信贷收支表；月末余额，亿元÷10000=万亿元；非当月新增贷款；来源称非金融企业及其他部门；境内，境外已单列
loan_business_short,CHN,2010-04,12.189594,万亿元,M,,https://www.pbc.gov.cn/eportal/fileDir/defaultCurSite/resource/cms/2015/07/2010s03a.htm,人民银行人民币信贷收支表；月末余额，亿元÷10000=万亿元；非当月新增贷款；来源称非金融企业及其他部门；境内，境外已单列
loan_business_short,CHN,2010-05,12.222949,万亿元,M,,https://www.pbc.gov.cn/eportal/fileDir/defaultCurSite/resource/cms/2015/07/2010s03a.htm,人民银行人民币信贷收支表；月末余额，亿元÷10000=万亿元；非当月新增贷款；来源称非金融企业及其他部门；境内，境外已单列
loan_business_short,CHN,2010-06,12.365381,万亿元,M,,https://www.pbc.gov.cn/eportal/fileDir/defaultCurSite/resource/cms/2015/07/2010s03a.htm,人民银行人民币信贷收支表；月末余额，亿元÷10000=万亿元；非当月新增贷款；来源称非金融企业及其他部门；境内，境外已单列
loan_business_short,CHN,2010-07,12.418453,万亿元,M,,https://www.pbc.gov.cn/eportal/fileDir/defaultCurSite/resource/cms/2015/07/2010s03a.htm,人民银行人民币信贷收支表；月末余额，亿元÷10000=万亿元；非当月新增贷款；来源称非金融企业及其他部门；境内，境外已单列
loan_business_short,CHN,2010-08,12.514283,万亿元,M,,https://www.pbc.gov.cn/eportal/fileDir/defaultCurSite/resource/cms/2015/07/2010s03a.htm,人民银行人民币信贷收支表；月末余额，亿元÷10000=万亿元；非当月新增贷款；来源称非金融企业及其他部门；境内，境外已单列
loan_business_short,CHN,2010-09,12.645474,万亿元,M,,https://www.pbc.gov.cn/eportal/fileDir/defaultCurSite/resource/cms/2015/07/2010s03a.htm,人民银行人民币信贷收支表；月末余额，亿元÷10000=万亿元；非当月新增贷款；来源称非金融企业及其他部门；境内，境外已单列
loan_business_short,CHN,2010-10,12.792238,万亿元,M,,https://www.pbc.gov.cn/eportal/fileDir/defaultCurSite/resource/cms/2015/07/2010s03a.htm,人民银行人民币信贷收支表；月末余额，亿元÷10000=万亿元；非当月新增贷款；来源称非金融企业及其他部门；境内，境外已单列
loan_business_short,CHN,2010-11,12.960937,万亿元,M,,https://www.pbc.gov.cn/eportal/fileDir/defaultCurSite/resource/cms/2015/07/2010s03a.htm,人民银行人民币信贷收支表；月末余额，亿元÷10000=万亿元；非当月新增贷款；来源称非金融企业及其他部门；境内，境外已单列
loan_business_short,CHN,2010-12,13.188604,万亿元,M,,https://www.pbc.gov.cn/eportal/fileDir/defaultCurSite/resource/cms/2015/07/2010s03a.htm,人民银行人民币信贷收支表；月末余额，亿元÷10000=万亿元；非当月新增贷款；来源称非金融企业及其他部门；境内，境外已单列
loan_business_short,CHN,2011-01,13.419117,万亿元,M,,https://www.pbc.gov.cn/eportal/fileDir/defaultCurSite/resource/cms/2015/07/2011s03a.htm,人民银行人民币信贷收支表；月末余额，亿元÷10000=万亿元；非当月新增贷款；来源称非金融企业及其他部门；境内，境外已单列
loan_business_short,CHN,2011-02,13.652563,万亿元,M,,https://www.pbc.gov.cn/eportal/fileDir/defaultCurSite/resource/cms/2015/07/2011s03a.htm,人民银行人民币信贷收支表；月末余额，亿元÷10000=万亿元；非当月新增贷款；来源称非金融企业及其他部门；境内，境外已单列
loan_business_short,CHN,2011-03,13.788632,万亿元,M,,https://www.pbc.gov.cn/eportal/fileDir/defaultCurSite/resource/cms/2015/07/2011s03a.htm,人民银行人民币信贷收支表；月末余额，亿元÷10000=万亿元；非当月新增贷款；来源称非金融企业及其他部门；境内，境外已单列
loan_business_short,CHN,2011-04,13.996741,万亿元,M,,https://www.pbc.gov.cn/eportal/fileDir/defaultCurSite/resource/cms/2015/07/2011s03a.htm,人民银行人民币信贷收支表；月末余额，亿元÷10000=万亿元；非当月新增贷款；来源称非金融企业及其他部门；境内，境外已单列
loan_business_short,CHN,2011-05,14.135299,万亿元,M,,https://www.pbc.gov.cn/eportal/fileDir/defaultCurSite/resource/cms/2015/07/2011s03a.htm,人民银行人民币信贷收支表；月末余额，亿元÷10000=万亿元；非当月新增贷款；来源称非金融企业及其他部门；境内，境外已单列
loan_business_short,CHN,2011-06,14.40645,万亿元,M,,https://www.pbc.gov.cn/eportal/fileDir/defaultCurSite/resource/cms/2015/07/2011s03a.htm,人民银行人民币信贷收支表；月末余额，亿元÷10000=万亿元；非当月新增贷款；来源称非金融企业及其他部门；境内，境外已单列
loan_business_short,CHN,2011-07,14.537202,万亿元,M,,https://www.pbc.gov.cn/eportal/fileDir/defaultCurSite/resource/cms/2015/07/2011s03a.htm,人民银行人民币信贷收支表；月末余额，亿元÷10000=万亿元；非当月新增贷款；来源称非金融企业及其他部门；境内，境外已单列
loan_business_short,CHN,2011-08,14.695941,万亿元,M,,https://www.pbc.gov.cn/eportal/fileDir/defaultCurSite/resource/cms/2015/07/2011s03a.htm,人民银行人民币信贷收支表；月末余额，亿元÷10000=万亿元；非当月新增贷款；来源称非金融企业及其他部门；境内，境外已单列
loan_business_short,CHN,2011-09,14.927816,万亿元,M,,https://www.pbc.gov.cn/eportal/fileDir/defaultCurSite/resource/cms/2015/07/2011s03a.htm,人民银行人民币信贷收支表；月末余额，亿元÷10000=万亿元；非当月新增贷款；来源称非金融企业及其他部门；境内，境外已单列
loan_business_short,CHN,2011-10,15.206476,万亿元,M,,https://www.pbc.gov.cn/eportal/fileDir/defaultCurSite/resource/cms/2015/07/2011s03a.htm,人民银行人民币信贷收支表；月末余额，亿元÷10000=万亿元；非当月新增贷款；来源称非金融企业及其他部门；境内，境外已单列
loan_business_short,CHN,2011-11,15.491766,万亿元,M,,https://www.pbc.gov.cn/eportal/fileDir/defaultCurSite/resource/cms/2015/07/2011s03a.htm,人民银行人民币信贷收支表；月末余额，亿元÷10000=万亿元；非当月新增贷款；来源称非金融企业及其他部门；境内，境外已单列
loan_business_short,CHN,2011-12,15.937999,万亿元,M,,https://www.pbc.gov.cn/eportal/fileDir/defaultCurSite/resource/cms/2015/07/2011s03a.htm,人民银行人民币信贷收支表；月末余额，亿元÷10000=万亿元；非当月新增贷款；来源称非金融企业及其他部门；境内，境外已单列
loan_business_short,CHN,2012-01,16.22106,万亿元,M,,https://www.pbc.gov.cn/eportal/fileDir/defaultCurSite/resource/cms/2015/07/2012s03a.htm,人民银行人民币信贷收支表；月末余额，亿元÷10000=万亿元；非当月新增贷款；来源称非金融企业及其他部门；境内，境外已单列
loan_business_short,CHN,2012-02,16.558165,万亿元,M,,https://www.pbc.gov.cn/eportal/fileDir/defaultCurSite/resource/cms/2015/07/2012s03a.htm,人民银行人民币信贷收支表；月末余额，亿元÷10000=万亿元；非当月新增贷款；来源称非金融企业及其他部门；境内，境外已单列
loan_business_short,CHN,2012-03,16.939018,万亿元,M,,https://www.pbc.gov.cn/eportal/fileDir/defaultCurSite/resource/cms/2015/07/2012s03a.htm,人民银行人民币信贷收支表；月末余额，亿元÷10000=万亿元；非当月新增贷款；来源称非金融企业及其他部门；境内，境外已单列
loan_business_short,CHN,2012-04,17.089891,万亿元,M,,https://www.pbc.gov.cn/eportal/fileDir/defaultCurSite/resource/cms/2015/07/2012s03a.htm,人民银行人民币信贷收支表；月末余额，亿元÷10000=万亿元；非当月新增贷款；来源称非金融企业及其他部门；境内，境外已单列
loan_business_short,CHN,2012-05,17.242257,万亿元,M,,https://www.pbc.gov.cn/eportal/fileDir/defaultCurSite/resource/cms/2015/07/2012s03a.htm,人民银行人民币信贷收支表；月末余额，亿元÷10000=万亿元；非当月新增贷款；来源称非金融企业及其他部门；境内，境外已单列
loan_business_short,CHN,2012-06,17.659632,万亿元,M,,https://www.pbc.gov.cn/eportal/fileDir/defaultCurSite/resource/cms/2015/07/2012s03a.htm,人民银行人民币信贷收支表；月末余额，亿元÷10000=万亿元；非当月新增贷款；来源称非金融企业及其他部门；境内，境外已单列
loan_business_short,CHN,2012-07,17.755083,万亿元,M,,https://www.pbc.gov.cn/eportal/fileDir/defaultCurSite/resource/cms/2015/07/2012s03a.htm,人民银行人民币信贷收支表；月末余额，亿元÷10000=万亿元；非当月新增贷款；来源称非金融企业及其他部门；境内，境外已单列
loan_business_short,CHN,2012-08,17.905251,万亿元,M,,https://www.pbc.gov.cn/eportal/fileDir/defaultCurSite/resource/cms/2015/07/2012s03a.htm,人民银行人民币信贷收支表；月末余额，亿元÷10000=万亿元；非当月新增贷款；来源称非金融企业及其他部门；境内，境外已单列
loan_business_short,CHN,2012-09,18.260161,万亿元,M,,https://www.pbc.gov.cn/eportal/fileDir/defaultCurSite/resource/cms/2015/07/2012s03a.htm,人民银行人民币信贷收支表；月末余额，亿元÷10000=万亿元；非当月新增贷款；来源称非金融企业及其他部门；境内，境外已单列
loan_business_short,CHN,2012-10,18.506989,万亿元,M,,https://www.pbc.gov.cn/eportal/fileDir/defaultCurSite/resource/cms/2015/07/2012s03a.htm,人民银行人民币信贷收支表；月末余额，亿元÷10000=万亿元；非当月新增贷款；来源称非金融企业及其他部门；境内，境外已单列
loan_business_short,CHN,2012-11,18.811256,万亿元,M,,https://www.pbc.gov.cn/eportal/fileDir/defaultCurSite/resource/cms/2015/07/2012s03a.htm,人民银行人民币信贷收支表；月末余额，亿元÷10000=万亿元；非当月新增贷款；来源称非金融企业及其他部门；境内，境外已单列
loan_business_short,CHN,2012-12,19.267025,万亿元,M,,https://www.pbc.gov.cn/eportal/fileDir/defaultCurSite/resource/cms/2015/07/2012s03a.htm,人民银行人民币信贷收支表；月末余额，亿元÷10000=万亿元；非当月新增贷款；来源称非金融企业及其他部门；境内，境外已单列
loan_business_short,CHN,2013-01,19.563847,万亿元,M,,https://www.pbc.gov.cn/eportal/fileDir/defaultCurSite/resource/cms/2015/07/2013s03a.htm,人民银行人民币信贷收支表；月末余额，亿元÷10000=万亿元；非当月新增贷款；来源称非金融企业及其他部门；境内，境外已单列
loan_business_short,CHN,2013-02,19.745253,万亿元,M,,https://www.pbc.gov.cn/eportal/fileDir/defaultCurSite/resource/cms/2015/07/2013s03a.htm,人民银行人民币信贷收支表；月末余额，亿元÷10000=万亿元；非当月新增贷款；来源称非金融企业及其他部门；境内，境外已单列
loan_business_short,CHN,2013-03,20.040509,万亿元,M,,https://www.pbc.gov.cn/eportal/fileDir/defaultCurSite/resource/cms/2015/07/2013s03a.htm,人民银行人民币信贷收支表；月末余额，亿元÷10000=万亿元；非当月新增贷款；来源称非金融企业及其他部门；境内，境外已单列
loan_business_short,CHN,2013-04,20.094122,万亿元,M,,https://www.pbc.gov.cn/eportal/fileDir/defaultCurSite/resource/cms/2015/07/2013s03a.htm,人民银行人民币信贷收支表；月末余额，亿元÷10000=万亿元；非当月新增贷款；来源称非金融企业及其他部门；境内，境外已单列
loan_business_short,CHN,2013-05,20.131926,万亿元,M,,https://www.pbc.gov.cn/eportal/fileDir/defaultCurSite/resource/cms/2015/07/2013s03a.htm,人民银行人民币信贷收支表；月末余额，亿元÷10000=万亿元；非当月新增贷款；来源称非金融企业及其他部门；境内，境外已单列
loan_business_short,CHN,2013-06,20.521197,万亿元,M,,https://www.pbc.gov.cn/eportal/fileDir/defaultCurSite/resource/cms/2015/07/2013s03a.htm,人民银行人民币信贷收支表；月末余额，亿元÷10000=万亿元；非当月新增贷款；来源称非金融企业及其他部门；境内，境外已单列
loan_business_short,CHN,2013-07,20.749573,万亿元,M,,https://www.pbc.gov.cn/eportal/fileDir/defaultCurSite/resource/cms/2015/07/2013s03a.htm,人民银行人民币信贷收支表；月末余额，亿元÷10000=万亿元；非当月新增贷款；来源称非金融企业及其他部门；境内，境外已单列
loan_business_short,CHN,2013-08,20.896079,万亿元,M,,https://www.pbc.gov.cn/eportal/fileDir/defaultCurSite/resource/cms/2015/07/2013s03a.htm,人民银行人民币信贷收支表；月末余额，亿元÷10000=万亿元；非当月新增贷款；来源称非金融企业及其他部门；境内，境外已单列
loan_business_short,CHN,2013-09,21.227112,万亿元,M,,https://www.pbc.gov.cn/eportal/fileDir/defaultCurSite/resource/cms/2015/07/2013s03a.htm,人民银行人民币信贷收支表；月末余额，亿元÷10000=万亿元；非当月新增贷款；来源称非金融企业及其他部门；境内，境外已单列
loan_business_short,CHN,2013-10,21.441786,万亿元,M,,https://www.pbc.gov.cn/eportal/fileDir/defaultCurSite/resource/cms/2015/07/2013s03a.htm,人民银行人民币信贷收支表；月末余额，亿元÷10000=万亿元；非当月新增贷款；来源称非金融企业及其他部门；境内，境外已单列
loan_business_short,CHN,2013-11,21.68245,万亿元,M,,https://www.pbc.gov.cn/eportal/fileDir/defaultCurSite/resource/cms/2015/07/2013s03a.htm,人民银行人民币信贷收支表；月末余额，亿元÷10000=万亿元；非当月新增贷款；来源称非金融企业及其他部门；境内，境外已单列
loan_business_short,CHN,2013-12,22.009445,万亿元,M,,https://www.pbc.gov.cn/eportal/fileDir/defaultCurSite/resource/cms/2015/07/2013s03a.htm,人民银行人民币信贷收支表；月末余额，亿元÷10000=万亿元；非当月新增贷款；来源称非金融企业及其他部门；境内，境外已单列
loan_business_short,CHN,2014-01,22.369891,万亿元,M,,https://www.pbc.gov.cn/eportal/fileDir/defaultCurSite/resource/cms/2015/07/2014s03a.htm,人民银行人民币信贷收支表；月末余额，亿元÷10000=万亿元；非当月新增贷款；来源称非金融企业及其他部门；境内，境外已单列
loan_business_short,CHN,2014-02,22.685568,万亿元,M,,https://www.pbc.gov.cn/eportal/fileDir/defaultCurSite/resource/cms/2015/07/2014s03a.htm,人民银行人民币信贷收支表；月末余额，亿元÷10000=万亿元；非当月新增贷款；来源称非金融企业及其他部门；境内，境外已单列
loan_business_short,CHN,2014-03,22.944403,万亿元,M,,https://www.pbc.gov.cn/eportal/fileDir/defaultCurSite/resource/cms/2015/07/2014s03a.htm,人民银行人民币信贷收支表；月末余额，亿元÷10000=万亿元；非当月新增贷款；来源称非金融企业及其他部门；境内，境外已单列
loan_business_short,CHN,2014-04,23.001765,万亿元,M,,https://www.pbc.gov.cn/eportal/fileDir/defaultCurSite/resource/cms/2015/07/2014s03a.htm,人民银行人民币信贷收支表；月末余额，亿元÷10000=万亿元；非当月新增贷款；来源称非金融企业及其他部门；境内，境外已单列
loan_business_short,CHN,2014-05,23.037376,万亿元,M,,https://www.pbc.gov.cn/eportal/fileDir/defaultCurSite/resource/cms/2015/07/2014s03a.htm,人民银行人民币信贷收支表；月末余额，亿元÷10000=万亿元；非当月新增贷款；来源称非金融企业及其他部门；境内，境外已单列
loan_business_short,CHN,2014-06,23.387842,万亿元,M,,https://www.pbc.gov.cn/eportal/fileDir/defaultCurSite/resource/cms/2015/07/2014s03a.htm,人民银行人民币信贷收支表；月末余额，亿元÷10000=万亿元；非当月新增贷款；来源称非金融企业及其他部门；境内，境外已单列
loan_business_short,CHN,2014-07,23.152274,万亿元,M,,https://www.pbc.gov.cn/eportal/fileDir/defaultCurSite/resource/cms/2015/07/2014s03a.htm,人民银行人民币信贷收支表；月末余额，亿元÷10000=万亿元；非当月新增贷款；来源称非金融企业及其他部门；境内，境外已单列
loan_business_short,CHN,2014-08,23.083302,万亿元,M,,https://www.pbc.gov.cn/eportal/fileDir/defaultCurSite/resource/cms/2015/07/2014s03a.htm,人民银行人民币信贷收支表；月末余额，亿元÷10000=万亿元；非当月新增贷款；来源称非金融企业及其他部门；境内，境外已单列
loan_business_short,CHN,2014-09,23.254049,万亿元,M,,https://www.pbc.gov.cn/eportal/fileDir/defaultCurSite/resource/cms/2015/07/2014s03a.htm,人民银行人民币信贷收支表；月末余额，亿元÷10000=万亿元；非当月新增贷款；来源称非金融企业及其他部门；境内，境外已单列
loan_business_short,CHN,2014-10,23.271918,万亿元,M,,https://www.pbc.gov.cn/eportal/fileDir/defaultCurSite/resource/cms/2015/07/2014s03a.htm,人民银行人民币信贷收支表；月末余额，亿元÷10000=万亿元；非当月新增贷款；来源称非金融企业及其他部门；境内，境外已单列
loan_business_short,CHN,2014-11,23.325331,万亿元,M,,https://www.pbc.gov.cn/eportal/fileDir/defaultCurSite/resource/cms/2015/07/2014s03a.htm,人民银行人民币信贷收支表；月末余额，亿元÷10000=万亿元；非当月新增贷款；来源称非金融企业及其他部门；境内，境外已单列
loan_business_short,CHN,2014-12,23.407964,万亿元,M,,https://www.pbc.gov.cn/eportal/fileDir/defaultCurSite/resource/cms/2015/07/2014s03a.htm,人民银行人民币信贷收支表；月末余额，亿元÷10000=万亿元；非当月新增贷款；来源称非金融企业及其他部门；境内，境外已单列
loan_business_short,CHN,2015-01,23.733674,万亿元,M,,https://www.pbc.gov.cn/diaochatongjisi/attachDir/2025/11/2025111810564114123.xls,人民银行人民币信贷收支表；月末余额，亿元÷10000=万亿元；非当月新增贷款
loan_business_short,CHN,2015-02,24.082622,万亿元,M,,https://www.pbc.gov.cn/diaochatongjisi/attachDir/2025/11/2025111810564114123.xls,人民银行人民币信贷收支表；月末余额，亿元÷10000=万亿元；非当月新增贷款
loan_business_short,CHN,2015-03,24.389461,万亿元,M,,https://www.pbc.gov.cn/diaochatongjisi/attachDir/2025/11/2025111810564114123.xls,人民银行人民币信贷收支表；月末余额，亿元÷10000=万亿元；非当月新增贷款
loan_business_short,CHN,2015-04,24.459875,万亿元,M,,https://www.pbc.gov.cn/diaochatongjisi/attachDir/2025/11/2025111810564114123.xls,人民银行人民币信贷收支表；月末余额，亿元÷10000=万亿元；非当月新增贷款
loan_business_short,CHN,2015-05,24.489369,万亿元,M,,https://www.pbc.gov.cn/diaochatongjisi/attachDir/2025/11/2025111810564114123.xls,人民银行人民币信贷收支表；月末余额，亿元÷10000=万亿元；非当月新增贷款
loan_business_short,CHN,2015-06,24.670991,万亿元,M,,https://www.pbc.gov.cn/diaochatongjisi/attachDir/2025/11/2025111810564114123.xls,人民银行人民币信贷收支表；月末余额，亿元÷10000=万亿元；非当月新增贷款
loan_business_short,CHN,2015-07,24.595209,万亿元,M,,https://www.pbc.gov.cn/diaochatongjisi/attachDir/2025/11/2025111810564114123.xls,人民银行人民币信贷收支表；月末余额，亿元÷10000=万亿元；非当月新增贷款
loan_business_short,CHN,2015-08,24.624108,万亿元,M,,https://www.pbc.gov.cn/diaochatongjisi/attachDir/2025/11/2025111810564114123.xls,人民银行人民币信贷收支表；月末余额，亿元÷10000=万亿元；非当月新增贷款
loan_business_short,CHN,2015-09,24.847485,万亿元,M,,https://www.pbc.gov.cn/diaochatongjisi/attachDir/2025/11/2025111810564114123.xls,人民银行人民币信贷收支表；月末余额，亿元÷10000=万亿元；非当月新增贷款
loan_business_short,CHN,2015-10,24.877647,万亿元,M,,https://www.pbc.gov.cn/diaochatongjisi/attachDir/2025/11/2025111810564114123.xls,人民银行人民币信贷收支表；月末余额，亿元÷10000=万亿元；非当月新增贷款
loan_business_short,CHN,2015-11,25.072859,万亿元,M,,https://www.pbc.gov.cn/diaochatongjisi/attachDir/2025/11/2025111810564114123.xls,人民银行人民币信贷收支表；月末余额，亿元÷10000=万亿元；非当月新增贷款
loan_business_short,CHN,2015-12,25.337121,万亿元,M,,https://www.pbc.gov.cn/diaochatongjisi/attachDir/2025/11/2025111810564114123.xls,人民银行人民币信贷收支表；月末余额，亿元÷10000=万亿元；非当月新增贷款
loan_business_short,CHN,2016-01,25.813782,万亿元,M,,https://www.pbc.gov.cn/diaochatongjisi/attachDir/2025/11/2025111811260014568.xls,人民银行人民币信贷收支表；月末余额，亿元÷10000=万亿元；非当月新增贷款
loan_business_short,CHN,2016-02,26.146389,万亿元,M,,https://www.pbc.gov.cn/diaochatongjisi/attachDir/2025/11/2025111811260014568.xls,人民银行人民币信贷收支表；月末余额，亿元÷10000=万亿元；非当月新增贷款
loan_business_short,CHN,2016-03,26.234399,万亿元,M,,https://www.pbc.gov.cn/diaochatongjisi/attachDir/2025/11/2025111811260014568.xls,人民银行人民币信贷收支表；月末余额，亿元÷10000=万亿元；非当月新增贷款
loan_business_short,CHN,2016-04,26.141871,万亿元,M,,https://www.pbc.gov.cn/diaochatongjisi/attachDir/2025/11/2025111811260014568.xls,人民银行人民币信贷收支表；月末余额，亿元÷10000=万亿元；非当月新增贷款
loan_business_short,CHN,2016-05,26.129778,万亿元,M,,https://www.pbc.gov.cn/diaochatongjisi/attachDir/2025/11/2025111811260014568.xls,人民银行人民币信贷收支表；月末余额，亿元÷10000=万亿元；非当月新增贷款
loan_business_short,CHN,2016-06,26.327857,万亿元,M,,https://www.pbc.gov.cn/diaochatongjisi/attachDir/2025/11/2025111811260014568.xls,人民银行人民币信贷收支表；月末余额，亿元÷10000=万亿元；非当月新增贷款
loan_business_short,CHN,2016-07,26.126724,万亿元,M,,https://www.pbc.gov.cn/diaochatongjisi/attachDir/2025/11/2025111811260014568.xls,人民银行人民币信贷收支表；月末余额，亿元÷10000=万亿元；非当月新增贷款
loan_business_short,CHN,2016-08,26.00951,万亿元,M,,https://www.pbc.gov.cn/diaochatongjisi/attachDir/2025/11/2025111811260014568.xls,人民银行人民币信贷收支表；月末余额，亿元÷10000=万亿元；非当月新增贷款
loan_business_short,CHN,2016-09,26.012292,万亿元,M,,https://www.pbc.gov.cn/diaochatongjisi/attachDir/2025/11/2025111811260014568.xls,人民银行人民币信贷收支表；月末余额，亿元÷10000=万亿元；非当月新增贷款
loan_business_short,CHN,2016-10,25.968502,万亿元,M,,https://www.pbc.gov.cn/diaochatongjisi/attachDir/2025/11/2025111811260014568.xls,人民银行人民币信贷收支表；月末余额，亿元÷10000=万亿元；非当月新增贷款
loan_business_short,CHN,2016-11,26.011292,万亿元,M,,https://www.pbc.gov.cn/diaochatongjisi/attachDir/2025/11/2025111811260014568.xls,人民银行人民币信贷收支表；月末余额，亿元÷10000=万亿元；非当月新增贷款
loan_business_short,CHN,2016-12,26.089869,万亿元,M,,https://www.pbc.gov.cn/diaochatongjisi/attachDir/2025/11/2025111811260014568.xls,人民银行人民币信贷收支表；月末余额，亿元÷10000=万亿元；非当月新增贷款
loan_business_short,CHN,2017-01,26.456456,万亿元,M,,https://www.pbc.gov.cn/diaochatongjisi/attachDir/2025/11/2025111814223377038.xls,人民银行人民币信贷收支表；月末余额，亿元÷10000=万亿元；非当月新增贷款
loan_business_short,CHN,2017-02,26.795055,万亿元,M,,https://www.pbc.gov.cn/diaochatongjisi/attachDir/2025/11/2025111814223377038.xls,人民银行人民币信贷收支表；月末余额，亿元÷10000=万亿元；非当月新增贷款
loan_business_short,CHN,2017-03,26.987036,万亿元,M,,https://www.pbc.gov.cn/diaochatongjisi/attachDir/2025/11/2025111814223377038.xls,人民银行人民币信贷收支表；月末余额，亿元÷10000=万亿元；非当月新增贷款
loan_business_short,CHN,2017-04,27.142458,万亿元,M,,https://www.pbc.gov.cn/diaochatongjisi/attachDir/2025/11/2025111814223377038.xls,人民银行人民币信贷收支表；月末余额，亿元÷10000=万亿元；非当月新增贷款
loan_business_short,CHN,2017-05,27.389657,万亿元,M,,https://www.pbc.gov.cn/diaochatongjisi/attachDir/2025/11/2025111814223377038.xls,人民银行人民币信贷收支表；月末余额，亿元÷10000=万亿元；非当月新增贷款
loan_business_short,CHN,2017-06,27.664321,万亿元,M,,https://www.pbc.gov.cn/diaochatongjisi/attachDir/2025/11/2025111814223377038.xls,人民银行人民币信贷收支表；月末余额，亿元÷10000=万亿元；非当月新增贷款
loan_business_short,CHN,2017-07,27.726927,万亿元,M,,https://www.pbc.gov.cn/diaochatongjisi/attachDir/2025/11/2025111814223377038.xls,人民银行人民币信贷收支表；月末余额，亿元÷10000=万亿元；非当月新增贷款
loan_business_short,CHN,2017-08,27.796404,万亿元,M,,https://www.pbc.gov.cn/diaochatongjisi/attachDir/2025/11/2025111814223377038.xls,人民银行人民币信贷收支表；月末余额，亿元÷10000=万亿元；非当月新增贷款
loan_business_short,CHN,2017-09,27.739761,万亿元,M,,https://www.pbc.gov.cn/diaochatongjisi/attachDir/2025/11/2025111814223377038.xls,人民银行人民币信贷收支表；月末余额，亿元÷10000=万亿元；非当月新增贷款
loan_business_short,CHN,2017-10,27.728433,万亿元,M,,https://www.pbc.gov.cn/diaochatongjisi/attachDir/2025/11/2025111814223377038.xls,人民银行人民币信贷收支表；月末余额，亿元÷10000=万亿元；非当月新增贷款
loan_business_short,CHN,2017-11,27.748133,万亿元,M,,https://www.pbc.gov.cn/diaochatongjisi/attachDir/2025/11/2025111814223377038.xls,人民银行人民币信贷收支表；月末余额，亿元÷10000=万亿元；非当月新增贷款
loan_business_short,CHN,2017-12,27.655501,万亿元,M,,https://www.pbc.gov.cn/diaochatongjisi/attachDir/2025/11/2025111814223377038.xls,人民银行人民币信贷收支表；月末余额，亿元÷10000=万亿元；非当月新增贷款
loan_business_short,CHN,2018-01,28.040085,万亿元,M,,https://www.pbc.gov.cn/diaochatongjisi/attachDir/2025/11/2025111815281576875.xls,人民银行人民币信贷收支表；月末余额，亿元÷10000=万亿元；非当月新增贷款
loan_business_short,CHN,2018-02,28.180909,万亿元,M,,https://www.pbc.gov.cn/diaochatongjisi/attachDir/2025/11/2025111815281576875.xls,人民银行人民币信贷收支表；月末余额，亿元÷10000=万亿元；非当月新增贷款
loan_business_short,CHN,2018-03,28.263746,万亿元,M,,https://www.pbc.gov.cn/diaochatongjisi/attachDir/2025/11/2025111815281576875.xls,人民银行人民币信贷收支表；月末余额，亿元÷10000=万亿元；非当月新增贷款
loan_business_short,CHN,2018-04,28.337493,万亿元,M,,https://www.pbc.gov.cn/diaochatongjisi/attachDir/2025/11/2025111815281576875.xls,人民银行人民币信贷收支表；月末余额，亿元÷10000=万亿元；非当月新增贷款
loan_business_short,CHN,2018-05,28.278985,万亿元,M,,https://www.pbc.gov.cn/diaochatongjisi/attachDir/2025/11/2025111815281576875.xls,人民银行人民币信贷收支表；月末余额，亿元÷10000=万亿元；非当月新增贷款
loan_business_short,CHN,2018-06,28.538203,万亿元,M,,https://www.pbc.gov.cn/diaochatongjisi/attachDir/2025/11/2025111815281576875.xls,人民银行人民币信贷收支表；月末余额，亿元÷10000=万亿元；非当月新增贷款
loan_business_short,CHN,2018-07,28.434654,万亿元,M,,https://www.pbc.gov.cn/diaochatongjisi/attachDir/2025/11/2025111815281576875.xls,人民银行人民币信贷收支表；月末余额，亿元÷10000=万亿元；非当月新增贷款
loan_business_short,CHN,2018-08,28.259889,万亿元,M,,https://www.pbc.gov.cn/diaochatongjisi/attachDir/2025/11/2025111815281576875.xls,人民银行人民币信贷收支表；月末余额，亿元÷10000=万亿元；非当月新增贷款
loan_business_short,CHN,2018-09,28.369655,万亿元,M,,https://www.pbc.gov.cn/diaochatongjisi/attachDir/2025/11/2025111815281576875.xls,人民银行人民币信贷收支表；月末余额，亿元÷10000=万亿元；非当月新增贷款
loan_business_short,CHN,2018-10,28.25623,万亿元,M,,https://www.pbc.gov.cn/diaochatongjisi/attachDir/2025/11/2025111815281576875.xls,人民银行人民币信贷收支表；月末余额，亿元÷10000=万亿元；非当月新增贷款
loan_business_short,CHN,2018-11,28.242255,万亿元,M,,https://www.pbc.gov.cn/diaochatongjisi/attachDir/2025/11/2025111815281576875.xls,人民银行人民币信贷收支表；月末余额，亿元÷10000=万亿元；非当月新增贷款
loan_business_short,CHN,2018-12,28.163309,万亿元,M,,https://www.pbc.gov.cn/diaochatongjisi/attachDir/2025/11/2025111815281576875.xls,人民银行人民币信贷收支表；月末余额，亿元÷10000=万亿元；非当月新增贷款
loan_business_short,CHN,2019-01,28.656834,万亿元,M,,https://www.pbc.gov.cn/diaochatongjisi/attachDir/2025/11/2025111815533429222.xls,人民银行人民币信贷收支表；月末余额，亿元÷10000=万亿元；非当月新增贷款
loan_business_short,CHN,2019-02,28.804836,万亿元,M,,https://www.pbc.gov.cn/diaochatongjisi/attachDir/2025/11/2025111815533429222.xls,人民银行人民币信贷收支表；月末余额，亿元÷10000=万亿元；非当月新增贷款
loan_business_short,CHN,2019-03,29.110832,万亿元,M,,https://www.pbc.gov.cn/diaochatongjisi/attachDir/2025/11/2025111815533429222.xls,人民银行人民币信贷收支表；月末余额，亿元÷10000=万亿元；非当月新增贷款
loan_business_short,CHN,2019-04,28.969147,万亿元,M,,https://www.pbc.gov.cn/diaochatongjisi/attachDir/2025/11/2025111815533429222.xls,人民银行人民币信贷收支表；月末余额，亿元÷10000=万亿元；非当月新增贷款
loan_business_short,CHN,2019-05,29.090031,万亿元,M,,https://www.pbc.gov.cn/diaochatongjisi/attachDir/2025/11/2025111815533429222.xls,人民银行人民币信贷收支表；月末余额，亿元÷10000=万亿元；非当月新增贷款
loan_business_short,CHN,2019-06,29.531569,万亿元,M,,https://www.pbc.gov.cn/diaochatongjisi/attachDir/2025/11/2025111815533429222.xls,人民银行人民币信贷收支表；月末余额，亿元÷10000=万亿元；非当月新增贷款
loan_business_short,CHN,2019-07,29.312111,万亿元,M,,https://www.pbc.gov.cn/diaochatongjisi/attachDir/2025/11/2025111815533429222.xls,人民银行人民币信贷收支表；月末余额，亿元÷10000=万亿元；非当月新增贷款
loan_business_short,CHN,2019-08,29.276641,万亿元,M,,https://www.pbc.gov.cn/diaochatongjisi/attachDir/2025/11/2025111815533429222.xls,人民银行人民币信贷收支表；月末余额，亿元÷10000=万亿元；非当月新增贷款
loan_business_short,CHN,2019-09,29.538756,万亿元,M,,https://www.pbc.gov.cn/diaochatongjisi/attachDir/2025/11/2025111815533429222.xls,人民银行人民币信贷收支表；月末余额，亿元÷10000=万亿元；非当月新增贷款
loan_business_short,CHN,2019-10,29.420978,万亿元,M,,https://www.pbc.gov.cn/diaochatongjisi/attachDir/2025/11/2025111815533429222.xls,人民银行人民币信贷收支表；月末余额，亿元÷10000=万亿元；非当月新增贷款
loan_business_short,CHN,2019-11,29.58524,万亿元,M,,https://www.pbc.gov.cn/diaochatongjisi/attachDir/2025/11/2025111815533429222.xls,人民银行人民币信贷收支表；月末余额，亿元÷10000=万亿元；非当月新增贷款
loan_business_short,CHN,2019-12,29.583875,万亿元,M,,https://www.pbc.gov.cn/diaochatongjisi/attachDir/2025/11/2025111815533429222.xls,人民银行人民币信贷收支表；月末余额，亿元÷10000=万亿元；非当月新增贷款
loan_business_short,CHN,2020-01,30.35213,万亿元,M,,https://www.pbc.gov.cn/diaochatongjisi/attachDir/2025/11/2025111816065225038.xls,人民银行人民币信贷收支表；月末余额，亿元÷10000=万亿元；非当月新增贷款
loan_business_short,CHN,2020-02,31.007006,万亿元,M,,https://www.pbc.gov.cn/diaochatongjisi/attachDir/2025/11/2025111816065225038.xls,人民银行人民币信贷收支表；月末余额，亿元÷10000=万亿元；非当月新增贷款
loan_business_short,CHN,2020-03,31.879619,万亿元,M,,https://www.pbc.gov.cn/diaochatongjisi/attachDir/2025/11/2025111816065225038.xls,人民银行人民币信贷收支表；月末余额，亿元÷10000=万亿元；非当月新增贷款
loan_business_short,CHN,2020-04,31.873453,万亿元,M,,https://www.pbc.gov.cn/diaochatongjisi/attachDir/2025/11/2025111816065225038.xls,人民银行人民币信贷收支表；月末余额，亿元÷10000=万亿元；非当月新增贷款
loan_business_short,CHN,2020-05,31.994553,万亿元,M,,https://www.pbc.gov.cn/diaochatongjisi/attachDir/2025/11/2025111816065225038.xls,人民银行人民币信贷收支表；月末余额，亿元÷10000=万亿元；非当月新增贷款
loan_business_short,CHN,2020-06,32.404034,万亿元,M,,https://www.pbc.gov.cn/diaochatongjisi/attachDir/2025/11/2025111816065225038.xls,人民银行人民币信贷收支表；月末余额，亿元÷10000=万亿元；非当月新增贷款
loan_business_short,CHN,2020-07,32.161917,万亿元,M,,https://www.pbc.gov.cn/diaochatongjisi/attachDir/2025/11/2025111816065225038.xls,人民银行人民币信贷收支表；月末余额，亿元÷10000=万亿元；非当月新增贷款
loan_business_short,CHN,2020-08,32.166664,万亿元,M,,https://www.pbc.gov.cn/diaochatongjisi/attachDir/2025/11/2025111816065225038.xls,人民银行人民币信贷收支表；月末余额，亿元÷10000=万亿元；非当月新增贷款
loan_business_short,CHN,2020-09,32.288642,万亿元,M,,https://www.pbc.gov.cn/diaochatongjisi/attachDir/2025/11/2025111816065225038.xls,人民银行人民币信贷收支表；月末余额，亿元÷10000=万亿元；非当月新增贷款
loan_business_short,CHN,2020-10,32.204936,万亿元,M,,https://www.pbc.gov.cn/diaochatongjisi/attachDir/2025/11/2025111816065225038.xls,人民银行人民币信贷收支表；月末余额，亿元÷10000=万亿元；非当月新增贷款
loan_business_short,CHN,2020-11,32.278365,万亿元,M,,https://www.pbc.gov.cn/diaochatongjisi/attachDir/2025/11/2025111816065225038.xls,人民银行人民币信贷收支表；月末余额，亿元÷10000=万亿元；非当月新增贷款
loan_business_short,CHN,2020-12,31.971893,万亿元,M,,https://www.pbc.gov.cn/diaochatongjisi/attachDir/2025/11/2025111816065225038.xls,人民银行人民币信贷收支表；月末余额，亿元÷10000=万亿元；非当月新增贷款
loan_business_short,CHN,2021-01,32.528493,万亿元,M,,https://www.pbc.gov.cn/diaochatongjisi/attachDir/2025/11/2025111816273553641.xlsx,人民银行人民币信贷收支表；月末余额，亿元÷10000=万亿元；非当月新增贷款
loan_business_short,CHN,2021-02,32.778224,万亿元,M,,https://www.pbc.gov.cn/diaochatongjisi/attachDir/2025/11/2025111816273553641.xlsx,人民银行人民币信贷收支表；月末余额，亿元÷10000=万亿元；非当月新增贷款
loan_business_short,CHN,2021-03,33.152468,万亿元,M,,https://www.pbc.gov.cn/diaochatongjisi/attachDir/2025/11/2025111816273553641.xlsx,人民银行人民币信贷收支表；月末余额，亿元÷10000=万亿元；非当月新增贷款
loan_business_short,CHN,2021-04,32.937774,万亿元,M,,https://www.pbc.gov.cn/diaochatongjisi/attachDir/2025/11/2025111816273553641.xlsx,人民银行人民币信贷收支表；月末余额，亿元÷10000=万亿元；非当月新增贷款
loan_business_short,CHN,2021-05,32.873388,万亿元,M,,https://www.pbc.gov.cn/diaochatongjisi/attachDir/2025/11/2025111816273553641.xlsx,人民银行人民币信贷收支表；月末余额，亿元÷10000=万亿元；非当月新增贷款
loan_business_short,CHN,2021-06,33.17806,万亿元,M,,https://www.pbc.gov.cn/diaochatongjisi/attachDir/2025/11/2025111816273553641.xlsx,人民银行人民币信贷收支表；月末余额，亿元÷10000=万亿元；非当月新增贷款
loan_business_short,CHN,2021-07,32.920372,万亿元,M,,https://www.pbc.gov.cn/diaochatongjisi/attachDir/2025/11/2025111816273553641.xlsx,人民银行人民币信贷收支表；月末余额，亿元÷10000=万亿元；非当月新增贷款
loan_business_short,CHN,2021-08,32.805513,万亿元,M,,https://www.pbc.gov.cn/diaochatongjisi/attachDir/2025/11/2025111816273553641.xlsx,人民银行人民币信贷收支表；月末余额，亿元÷10000=万亿元；非当月新增贷款
loan_business_short,CHN,2021-09,32.989664,万亿元,M,,https://www.pbc.gov.cn/diaochatongjisi/attachDir/2025/11/2025111816273553641.xlsx,人民银行人民币信贷收支表；月末余额，亿元÷10000=万亿元；非当月新增贷款
loan_business_short,CHN,2021-10,32.960817,万亿元,M,,https://www.pbc.gov.cn/diaochatongjisi/attachDir/2025/11/2025111816273553641.xlsx,人民银行人民币信贷收支表；月末余额，亿元÷10000=万亿元；非当月新增贷款
loan_business_short,CHN,2021-11,33.001772,万亿元,M,,https://www.pbc.gov.cn/diaochatongjisi/attachDir/2025/11/2025111816273553641.xlsx,人民银行人民币信贷收支表；月末余额，亿元÷10000=万亿元；非当月新增贷款
loan_business_short,CHN,2021-12,32.899733,万亿元,M,,https://www.pbc.gov.cn/diaochatongjisi/attachDir/2025/11/2025111816273553641.xlsx,人民银行人民币信贷收支表；月末余额，亿元÷10000=万亿元；非当月新增贷款
loan_business_short,CHN,2022-01,33.957908,万亿元,M,,https://www.pbc.gov.cn/diaochatongjisi/attachDir/2025/11/2025111816420126728.xls,人民银行人民币信贷收支表；月末余额，亿元÷10000=万亿元；非当月新增贷款
loan_business_short,CHN,2022-02,34.369029,万亿元,M,,https://www.pbc.gov.cn/diaochatongjisi/attachDir/2025/11/2025111816420126728.xls,人民银行人民币信贷收支表；月末余额，亿元÷10000=万亿元；非当月新增贷款
loan_business_short,CHN,2022-03,35.183419,万亿元,M,,https://www.pbc.gov.cn/diaochatongjisi/attachDir/2025/11/2025111816420126728.xls,人民银行人民币信贷收支表；月末余额，亿元÷10000=万亿元；非当月新增贷款
loan_business_short,CHN,2022-04,34.988646,万亿元,M,,https://www.pbc.gov.cn/diaochatongjisi/attachDir/2025/11/2025111816420126728.xls,人民银行人民币信贷收支表；月末余额，亿元÷10000=万亿元；非当月新增贷款
loan_business_short,CHN,2022-05,35.25286,万亿元,M,,https://www.pbc.gov.cn/diaochatongjisi/attachDir/2025/11/2025111816420126728.xls,人民银行人民币信贷收支表；月末余额，亿元÷10000=万亿元；非当月新增贷款
loan_business_short,CHN,2022-06,35.938948,万亿元,M,,https://www.pbc.gov.cn/diaochatongjisi/attachDir/2025/11/2025111816420126728.xls,人民银行人民币信贷收支表；月末余额，亿元÷10000=万亿元；非当月新增贷款
loan_business_short,CHN,2022-07,35.584312,万亿元,M,,https://www.pbc.gov.cn/diaochatongjisi/attachDir/2025/11/2025111816420126728.xls,人民银行人民币信贷收支表；月末余额，亿元÷10000=万亿元；非当月新增贷款
loan_business_short,CHN,2022-08,35.572172,万亿元,M,,https://www.pbc.gov.cn/diaochatongjisi/attachDir/2025/11/2025111816420126728.xls,人民银行人民币信贷收支表；月末余额，亿元÷10000=万亿元；非当月新增贷款
loan_business_short,CHN,2022-09,36.227699,万亿元,M,,https://www.pbc.gov.cn/diaochatongjisi/attachDir/2025/11/2025111816420126728.xls,人民银行人民币信贷收支表；月末余额，亿元÷10000=万亿元；非当月新增贷款
loan_business_short,CHN,2022-10,36.043399,万亿元,M,,https://www.pbc.gov.cn/diaochatongjisi/attachDir/2025/11/2025111816420126728.xls,人民银行人民币信贷收支表；月末余额，亿元÷10000=万亿元；非当月新增贷款
loan_business_short,CHN,2022-11,36.019276,万亿元,M,,https://www.pbc.gov.cn/diaochatongjisi/attachDir/2025/11/2025111816420126728.xls,人民银行人民币信贷收支表；月末余额，亿元÷10000=万亿元；非当月新增贷款
loan_business_short,CHN,2022-12,35.978685,万亿元,M,,https://www.pbc.gov.cn/diaochatongjisi/attachDir/2025/11/2025111816420126728.xls,人民银行人民币信贷收支表；月末余额，亿元÷10000=万亿元；非当月新增贷款
loan_business_short,CHN,2023-01,37.436714,万亿元,M,,https://www.pbc.gov.cn/diaochatongjisi/attachDir/2025/11/2025111817162649674.xlsx,人民银行人民币信贷收支表；月末余额，亿元÷10000=万亿元；非当月新增贷款
loan_business_short,CHN,2023-02,38.01523,万亿元,M,,https://www.pbc.gov.cn/diaochatongjisi/attachDir/2025/11/2025111817162649674.xlsx,人民银行人民币信贷收支表；月末余额，亿元÷10000=万亿元；非当月新增贷款
loan_business_short,CHN,2023-03,39.094031,万亿元,M,,https://www.pbc.gov.cn/diaochatongjisi/attachDir/2025/11/2025111817162649674.xlsx,人民银行人民币信贷收支表；月末余额，亿元÷10000=万亿元；非当月新增贷款
loan_business_short,CHN,2023-04,38.984164,万亿元,M,,https://www.pbc.gov.cn/diaochatongjisi/attachDir/2025/11/2025111817162649674.xlsx,人民银行人民币信贷收支表；月末余额，亿元÷10000=万亿元；非当月新增贷款
loan_business_short,CHN,2023-05,39.019189,万亿元,M,,https://www.pbc.gov.cn/diaochatongjisi/attachDir/2025/11/2025111817162649674.xlsx,人民银行人民币信贷收支表；月末余额，亿元÷10000=万亿元；非当月新增贷款
loan_business_short,CHN,2023-06,39.762557,万亿元,M,,https://www.pbc.gov.cn/diaochatongjisi/attachDir/2025/11/2025111817162649674.xlsx,人民银行人民币信贷收支表；月末余额，亿元÷10000=万亿元；非当月新增贷款
loan_business_short,CHN,2023-07,39.384088,万亿元,M,,https://www.pbc.gov.cn/diaochatongjisi/attachDir/2025/11/2025111817162649674.xlsx,人民银行人民币信贷收支表；月末余额，亿元÷10000=万亿元；非当月新增贷款
loan_business_short,CHN,2023-08,39.343964,万亿元,M,,https://www.pbc.gov.cn/diaochatongjisi/attachDir/2025/11/2025111817162649674.xlsx,人民银行人民币信贷收支表；月末余额，亿元÷10000=万亿元；非当月新增贷款
loan_business_short,CHN,2023-09,39.912802,万亿元,M,,https://www.pbc.gov.cn/diaochatongjisi/attachDir/2025/11/2025111817162649674.xlsx,人民银行人民币信贷收支表；月末余额，亿元÷10000=万亿元；非当月新增贷款
loan_business_short,CHN,2023-10,39.735788,万亿元,M,,https://www.pbc.gov.cn/diaochatongjisi/attachDir/2025/11/2025111817162649674.xlsx,人民银行人民币信贷收支表；月末余额，亿元÷10000=万亿元；非当月新增贷款
loan_business_short,CHN,2023-11,39.90633,万亿元,M,,https://www.pbc.gov.cn/diaochatongjisi/attachDir/2025/11/2025111817162649674.xlsx,人民银行人民币信贷收支表；月末余额，亿元÷10000=万亿元；非当月新增贷款
loan_business_short,CHN,2023-12,39.838839,万亿元,M,,https://www.pbc.gov.cn/diaochatongjisi/attachDir/2025/11/2025111817162649674.xlsx,人民银行人民币信贷收支表；月末余额，亿元÷10000=万亿元；非当月新增贷款
loan_business_short,CHN,2024-01,41.289923,万亿元,M,,https://www.pbc.gov.cn/diaochatongjisi/attachDir/2025/11/2025111817274124837.xlsx,人民银行人民币信贷收支表；月末余额，亿元÷10000=万亿元；非当月新增贷款
loan_business_short,CHN,2024-02,41.816784,万亿元,M,,https://www.pbc.gov.cn/diaochatongjisi/attachDir/2025/11/2025111817274124837.xlsx,人民银行人民币信贷收支表；月末余额，亿元÷10000=万亿元；非当月新增贷款
loan_business_short,CHN,2024-03,42.800382,万亿元,M,,https://www.pbc.gov.cn/diaochatongjisi/attachDir/2025/11/2025111817274124837.xlsx,人民银行人民币信贷收支表；月末余额，亿元÷10000=万亿元；非当月新增贷款
loan_business_short,CHN,2024-04,42.392736,万亿元,M,,https://www.pbc.gov.cn/diaochatongjisi/attachDir/2025/11/2025111817274124837.xlsx,人民银行人民币信贷收支表；月末余额，亿元÷10000=万亿元；非当月新增贷款
loan_business_short,CHN,2024-05,42.267037,万亿元,M,,https://www.pbc.gov.cn/diaochatongjisi/attachDir/2025/11/2025111817274124837.xlsx,人民银行人民币信贷收支表；月末余额，亿元÷10000=万亿元；非当月新增贷款
loan_business_short,CHN,2024-06,42.943498,万亿元,M,,https://www.pbc.gov.cn/diaochatongjisi/attachDir/2025/11/2025111817274124837.xlsx,人民银行人民币信贷收支表；月末余额，亿元÷10000=万亿元；非当月新增贷款
loan_business_short,CHN,2024-07,42.385283,万亿元,M,,https://www.pbc.gov.cn/diaochatongjisi/attachDir/2025/11/2025111817274124837.xlsx,人民银行人民币信贷收支表；月末余额，亿元÷10000=万亿元；非当月新增贷款
loan_business_short,CHN,2024-08,42.203661,万亿元,M,,https://www.pbc.gov.cn/diaochatongjisi/attachDir/2025/11/2025111817274124837.xlsx,人民银行人民币信贷收支表；月末余额，亿元÷10000=万亿元；非当月新增贷款
loan_business_short,CHN,2024-09,42.655347,万亿元,M,,https://www.pbc.gov.cn/diaochatongjisi/attachDir/2025/11/2025111817274124837.xlsx,人民银行人民币信贷收支表；月末余额，亿元÷10000=万亿元；非当月新增贷款
loan_business_short,CHN,2024-10,42.469661,万亿元,M,,https://www.pbc.gov.cn/diaochatongjisi/attachDir/2025/11/2025111817274124837.xlsx,人民银行人民币信贷收支表；月末余额，亿元÷10000=万亿元；非当月新增贷款
loan_business_short,CHN,2024-11,42.455657,万亿元,M,,https://www.pbc.gov.cn/diaochatongjisi/attachDir/2025/11/2025111817274124837.xlsx,人民银行人民币信贷收支表；月末余额，亿元÷10000=万亿元；非当月新增贷款
loan_business_short,CHN,2024-12,42.441914,万亿元,M,,https://www.pbc.gov.cn/diaochatongjisi/attachDir/2025/11/2025111817274124837.xlsx,人民银行人民币信贷收支表；月末余额，亿元÷10000=万亿元；非当月新增贷款
loan_business_short,CHN,2025-01,44.150892,万亿元,M,,https://www.pbc.gov.cn/diaochatongjisi/attachDir/2026/01/2026011517314370061.xlsx,人民银行人民币信贷收支表；月末余额，亿元÷10000=万亿元；非当月新增贷款
loan_business_short,CHN,2025-02,44.482708,万亿元,M,,https://www.pbc.gov.cn/diaochatongjisi/attachDir/2026/01/2026011517314370061.xlsx,人民银行人民币信贷收支表；月末余额，亿元÷10000=万亿元；非当月新增贷款
loan_business_short,CHN,2025-03,45.920409,万亿元,M,,https://www.pbc.gov.cn/diaochatongjisi/attachDir/2026/01/2026011517314370061.xlsx,人民银行人民币信贷收支表；月末余额，亿元÷10000=万亿元；非当月新增贷款
loan_business_short,CHN,2025-04,45.443116,万亿元,M,,https://www.pbc.gov.cn/diaochatongjisi/attachDir/2026/01/2026011517314370061.xlsx,人民银行人民币信贷收支表；月末余额，亿元÷10000=万亿元；非当月新增贷款
loan_business_short,CHN,2025-05,45.558045,万亿元,M,,https://www.pbc.gov.cn/diaochatongjisi/attachDir/2026/01/2026011517314370061.xlsx,人民银行人民币信贷收支表；月末余额，亿元÷10000=万亿元；非当月新增贷款
loan_business_short,CHN,2025-06,46.710794,万亿元,M,,https://www.pbc.gov.cn/diaochatongjisi/attachDir/2026/01/2026011517314370061.xlsx,人民银行人民币信贷收支表；月末余额，亿元÷10000=万亿元；非当月新增贷款
loan_business_short,CHN,2025-07,46.167956,万亿元,M,,https://www.pbc.gov.cn/diaochatongjisi/attachDir/2026/01/2026011517314370061.xlsx,人民银行人民币信贷收支表；月末余额，亿元÷10000=万亿元；非当月新增贷款
loan_business_short,CHN,2025-08,46.232852,万亿元,M,,https://www.pbc.gov.cn/diaochatongjisi/attachDir/2026/01/2026011517314370061.xlsx,人民银行人民币信贷收支表；月末余额，亿元÷10000=万亿元；非当月新增贷款
loan_business_short,CHN,2025-09,46.945295,万亿元,M,,https://www.pbc.gov.cn/diaochatongjisi/attachDir/2026/01/2026011517314370061.xlsx,人民银行人民币信贷收支表；月末余额，亿元÷10000=万亿元；非当月新增贷款
loan_business_short,CHN,2025-10,46.754578,万亿元,M,,https://www.pbc.gov.cn/diaochatongjisi/attachDir/2026/01/2026011517314370061.xlsx,人民银行人民币信贷收支表；月末余额，亿元÷10000=万亿元；非当月新增贷款
loan_business_short,CHN,2025-11,46.857442,万亿元,M,,https://www.pbc.gov.cn/diaochatongjisi/attachDir/2026/01/2026011517314370061.xlsx,人民银行人民币信贷收支表；月末余额，亿元÷10000=万亿元；非当月新增贷款
loan_business_short,CHN,2025-12,47.224349,万亿元,M,,https://www.pbc.gov.cn/diaochatongjisi/attachDir/2026/01/2026011517314370061.xlsx,人民银行人民币信贷收支表；月末余额，亿元÷10000=万亿元；非当月新增贷款
loan_business_short,CHN,2026-01,49.268919,万亿元,M,,https://www.pbc.gov.cn/diaochatongjisi/attachDir/2026/09/2026091418213884368.xlsx,人民银行人民币信贷收支表；月末余额，亿元÷10000=万亿元；非当月新增贷款
loan_business_short,CHN,2026-02,49.870318,万亿元,M,,https://www.pbc.gov.cn/diaochatongjisi/attachDir/2026/09/2026091418213884368.xlsx,人民银行人民币信贷收支表；月末余额，亿元÷10000=万亿元；非当月新增贷款
loan_business_short,CHN,2026-03,51.349156,万亿元,M,,https://www.pbc.gov.cn/diaochatongjisi/attachDir/2026/09/2026091418213884368.xlsx,人民银行人民币信贷收支表；月末余额，亿元÷10000=万亿元；非当月新增贷款
loan_business_short,CHN,2026-04,50.891515,万亿元,M,,https://www.pbc.gov.cn/diaochatongjisi/attachDir/2026/09/2026091418213884368.xlsx,人民银行人民币信贷收支表；月末余额，亿元÷10000=万亿元；非当月新增贷款
loan_business_short,CHN,2026-05,50.993805,万亿元,M,,https://www.pbc.gov.cn/diaochatongjisi/attachDir/2026/09/2026091418213884368.xlsx,人民银行人民币信贷收支表；月末余额，亿元÷10000=万亿元；非当月新增贷款
loan_business_short,CHN,2026-06,51.816925,万亿元,M,,https://www.pbc.gov.cn/diaochatongjisi/attachDir/2026/09/2026091418213884368.xlsx,人民银行人民币信贷收支表；月末余额，亿元÷10000=万亿元；非当月新增贷款
loan_business_short,CHN,2026-07,51.559813,万亿元,M,,https://www.pbc.gov.cn/diaochatongjisi/attachDir/2026/09/2026091418213884368.xlsx,人民银行人民币信贷收支表；月末余额，亿元÷10000=万亿元；非当月新增贷款
loan_business_short,CHN,2026-08,51.401439,万亿元,M,,https://www.pbc.gov.cn/diaochatongjisi/attachDir/2026/09/2026091418213884368.xlsx,人民银行人民币信贷收支表；月末余额，亿元÷10000=万亿元；非当月新增贷款
loan_business_total,CHN,2010-01,32.518116,万亿元,M,,https://www.pbc.gov.cn/eportal/fileDir/defaultCurSite/resource/cms/2015/07/2010s03a.htm,人民银行人民币信贷收支表；月末余额，亿元÷10000=万亿元；非当月新增贷款；来源称非金融企业及其他部门；境内，境外已单列
loan_business_total,CHN,2010-02,33.025231,万亿元,M,,https://www.pbc.gov.cn/eportal/fileDir/defaultCurSite/resource/cms/2015/07/2010s03a.htm,人民银行人民币信贷收支表；月末余额，亿元÷10000=万亿元；非当月新增贷款；来源称非金融企业及其他部门；境内，境外已单列
loan_business_total,CHN,2010-03,33.251278,万亿元,M,,https://www.pbc.gov.cn/eportal/fileDir/defaultCurSite/resource/cms/2015/07/2010s03a.htm,人民银行人民币信贷收支表；月末余额，亿元÷10000=万亿元；非当月新增贷款；来源称非金融企业及其他部门；境内，境外已单列
loan_business_total,CHN,2010-04,33.712639,万亿元,M,,https://www.pbc.gov.cn/eportal/fileDir/defaultCurSite/resource/cms/2015/07/2010s03a.htm,人民银行人民币信贷收支表；月末余额，亿元÷10000=万亿元；非当月新增贷款；来源称非金融企业及其他部门；境内，境外已单列
loan_business_total,CHN,2010-05,34.099175,万亿元,M,,https://www.pbc.gov.cn/eportal/fileDir/defaultCurSite/resource/cms/2015/07/2010s03a.htm,人民银行人民币信贷收支表；月末余额，亿元÷10000=万亿元；非当月新增贷款；来源称非金融企业及其他部门；境内，境外已单列
loan_business_total,CHN,2010-06,34.468254,万亿元,M,,https://www.pbc.gov.cn/eportal/fileDir/defaultCurSite/resource/cms/2015/07/2010s03a.htm,人民银行人民币信贷收支表；月末余额，亿元÷10000=万亿元；非当月新增贷款；来源称非金融企业及其他部门；境内，境外已单列
loan_business_total,CHN,2010-07,34.827766,万亿元,M,,https://www.pbc.gov.cn/eportal/fileDir/defaultCurSite/resource/cms/2015/07/2010s03a.htm,人民银行人民币信贷收支表；月末余额，亿元÷10000=万亿元；非当月新增贷款；来源称非金融企业及其他部门；境内，境外已单列
loan_business_total,CHN,2010-08,35.170758,万亿元,M,,https://www.pbc.gov.cn/eportal/fileDir/defaultCurSite/resource/cms/2015/07/2010s03a.htm,人民银行人民币信贷收支表；月末余额，亿元÷10000=万亿元；非当月新增贷款；来源称非金融企业及其他部门；境内，境外已单列
loan_business_total,CHN,2010-09,35.512915,万亿元,M,,https://www.pbc.gov.cn/eportal/fileDir/defaultCurSite/resource/cms/2015/07/2010s03a.htm,人民银行人民币信贷收支表；月末余额，亿元÷10000=万亿元；非当月新增贷款；来源称非金融企业及其他部门；境内，境外已单列
loan_business_total,CHN,2010-10,35.935065,万亿元,M,,https://www.pbc.gov.cn/eportal/fileDir/defaultCurSite/resource/cms/2015/07/2010s03a.htm,人民银行人民币信贷收支表；月末余额，亿元÷10000=万亿元；非当月新增贷款；来源称非金融企业及其他部门；境内，境外已单列
loan_business_total,CHN,2010-11,36.313749,万亿元,M,,https://www.pbc.gov.cn/eportal/fileDir/defaultCurSite/resource/cms/2015/07/2010s03a.htm,人民银行人民币信贷收支表；月末余额，亿元÷10000=万亿元；非当月新增贷款；来源称非金融企业及其他部门；境内，境外已单列
loan_business_total,CHN,2010-12,36.643438,万亿元,M,,https://www.pbc.gov.cn/eportal/fileDir/defaultCurSite/resource/cms/2015/07/2010s03a.htm,人民银行人民币信贷收支表；月末余额，亿元÷10000=万亿元；非当月新增贷款；来源称非金融企业及其他部门；境内，境外已单列
loan_business_total,CHN,2011-01,36.675442,万亿元,M,,https://www.pbc.gov.cn/eportal/fileDir/defaultCurSite/resource/cms/2015/07/2011s03a.htm,人民银行人民币信贷收支表；月末余额，亿元÷10000=万亿元；非当月新增贷款；来源称非金融企业及其他部门；境内，境外已单列
loan_business_total,CHN,2011-02,37.108137,万亿元,M,,https://www.pbc.gov.cn/eportal/fileDir/defaultCurSite/resource/cms/2015/07/2011s03a.htm,人民银行人民币信贷收支表；月末余额，亿元÷10000=万亿元；非当月新增贷款；来源称非金融企业及其他部门；境内，境外已单列
loan_business_total,CHN,2011-03,37.389745,万亿元,M,,https://www.pbc.gov.cn/eportal/fileDir/defaultCurSite/resource/cms/2015/07/2011s03a.htm,人民银行人民币信贷收支表；月末余额，亿元÷10000=万亿元；非当月新增贷款；来源称非金融企业及其他部门；境内，境外已单列
loan_business_total,CHN,2011-04,37.885978,万亿元,M,,https://www.pbc.gov.cn/eportal/fileDir/defaultCurSite/resource/cms/2015/07/2011s03a.htm,人民银行人民币信贷收支表；月末余额，亿元÷10000=万亿元；非当月新增贷款；来源称非金融企业及其他部门；境内，境外已单列
loan_business_total,CHN,2011-05,38.210829,万亿元,M,,https://www.pbc.gov.cn/eportal/fileDir/defaultCurSite/resource/cms/2015/07/2011s03a.htm,人民银行人民币信贷收支表；月末余额，亿元÷10000=万亿元；非当月新增贷款；来源称非金融企业及其他部门；境内，境外已单列
loan_business_total,CHN,2011-06,38.607798,万亿元,M,,https://www.pbc.gov.cn/eportal/fileDir/defaultCurSite/resource/cms/2015/07/2011s03a.htm,人民银行人民币信贷收支表；月末余额，亿元÷10000=万亿元；非当月新增贷款；来源称非金融企业及其他部门；境内，境外已单列
loan_business_total,CHN,2011-07,38.922493,万亿元,M,,https://www.pbc.gov.cn/eportal/fileDir/defaultCurSite/resource/cms/2015/07/2011s03a.htm,人民银行人民币信贷收支表；月末余额，亿元÷10000=万亿元；非当月新增贷款；来源称非金融企业及其他部门；境内，境外已单列
loan_business_total,CHN,2011-08,39.282634,万亿元,M,,https://www.pbc.gov.cn/eportal/fileDir/defaultCurSite/resource/cms/2015/07/2011s03a.htm,人民银行人民币信贷收支表；月末余额，亿元÷10000=万亿元；非当月新增贷款；来源称非金融企业及其他部门；境内，境外已单列
loan_business_total,CHN,2011-09,39.575795,万亿元,M,,https://www.pbc.gov.cn/eportal/fileDir/defaultCurSite/resource/cms/2015/07/2011s03a.htm,人民银行人民币信贷收支表；月末余额，亿元÷10000=万亿元；非当月新增贷款；来源称非金融企业及其他部门；境内，境外已单列
loan_business_total,CHN,2011-10,40.030524,万亿元,M,,https://www.pbc.gov.cn/eportal/fileDir/defaultCurSite/resource/cms/2015/07/2011s03a.htm,人民银行人民币信贷收支表；月末余额，亿元÷10000=万亿元；非当月新增贷款；来源称非金融企业及其他部门；境内，境外已单列
loan_business_total,CHN,2011-11,40.449487,万亿元,M,,https://www.pbc.gov.cn/eportal/fileDir/defaultCurSite/resource/cms/2015/07/2011s03a.htm,人民银行人民币信贷收支表；月末余额，亿元÷10000=万亿元；非当月新增贷款；来源称非金融企业及其他部门；境内，境外已单列
loan_business_total,CHN,2011-12,41.038668,万亿元,M,,https://www.pbc.gov.cn/eportal/fileDir/defaultCurSite/resource/cms/2015/07/2011s03a.htm,人民银行人民币信贷收支表；月末余额，亿元÷10000=万亿元；非当月新增贷款；来源称非金融企业及其他部门；境内，境外已单列
loan_business_total,CHN,2012-01,41.607284,万亿元,M,,https://www.pbc.gov.cn/eportal/fileDir/defaultCurSite/resource/cms/2015/07/2012s03a.htm,人民银行人民币信贷收支表；月末余额，亿元÷10000=万亿元；非当月新增贷款；来源称非金融企业及其他部门；境内，境外已单列
loan_business_total,CHN,2012-02,42.250884,万亿元,M,,https://www.pbc.gov.cn/eportal/fileDir/defaultCurSite/resource/cms/2015/07/2012s03a.htm,人民银行人民币信贷收支表；月末余额，亿元÷10000=万亿元；非当月新增贷款；来源称非金融企业及其他部门；境内，境外已单列
loan_business_total,CHN,2012-03,42.976925,万亿元,M,,https://www.pbc.gov.cn/eportal/fileDir/defaultCurSite/resource/cms/2015/07/2012s03a.htm,人民银行人民币信贷收支表；月末余额，亿元÷10000=万亿元；非当月新增贷款；来源称非金融企业及其他部门；境内，境外已单列
loan_business_total,CHN,2012-04,43.511908,万亿元,M,,https://www.pbc.gov.cn/eportal/fileDir/defaultCurSite/resource/cms/2015/07/2012s03a.htm,人民银行人民币信贷收支表；月末余额，亿元÷10000=万亿元；非当月新增贷款；来源称非金融企业及其他部门；境内，境外已单列
loan_business_total,CHN,2012-05,44.087945,万亿元,M,,https://www.pbc.gov.cn/eportal/fileDir/defaultCurSite/resource/cms/2015/07/2012s03a.htm,人民银行人民币信贷收支表；月末余额，亿元÷10000=万亿元；非当月新增贷款；来源称非金融企业及其他部门；境内，境外已单列
loan_business_total,CHN,2012-06,44.73181,万亿元,M,,https://www.pbc.gov.cn/eportal/fileDir/defaultCurSite/resource/cms/2015/07/2012s03a.htm,人民银行人民币信贷收支表；月末余额，亿元÷10000=万亿元；非当月新增贷款；来源称非金融企业及其他部门；境内，境外已单列
loan_business_total,CHN,2012-07,45.087582,万亿元,M,,https://www.pbc.gov.cn/eportal/fileDir/defaultCurSite/resource/cms/2015/07/2012s03a.htm,人民银行人民币信贷收支表；月末余额，亿元÷10000=万亿元；非当月新增贷款；来源称非金融企业及其他部门；境内，境外已单列
loan_business_total,CHN,2012-08,45.508702,万亿元,M,,https://www.pbc.gov.cn/eportal/fileDir/defaultCurSite/resource/cms/2015/07/2012s03a.htm,人民银行人民币信贷收支表；月末余额，亿元÷10000=万亿元；非当月新增贷款；来源称非金融企业及其他部门；境内，境外已单列
loan_business_total,CHN,2012-09,45.799661,万亿元,M,,https://www.pbc.gov.cn/eportal/fileDir/defaultCurSite/resource/cms/2015/07/2012s03a.htm,人民银行人民币信贷收支表；月末余额，亿元÷10000=万亿元；非当月新增贷款；来源称非金融企业及其他部门；境内，境外已单列
loan_business_total,CHN,2012-10,46.158489,万亿元,M,,https://www.pbc.gov.cn/eportal/fileDir/defaultCurSite/resource/cms/2015/07/2012s03a.htm,人民银行人民币信贷收支表；月末余额，亿元÷10000=万亿元；非当月新增贷款；来源称非金融企业及其他部门；境内，境外已单列
loan_business_total,CHN,2012-11,46.439327,万亿元,M,,https://www.pbc.gov.cn/eportal/fileDir/defaultCurSite/resource/cms/2015/07/2012s03a.htm,人民银行人民币信贷收支表；月末余额，亿元÷10000=万亿元；非当月新增贷款；来源称非金融企业及其他部门；境内，境外已单列
loan_business_total,CHN,2012-12,46.680054,万亿元,M,,https://www.pbc.gov.cn/eportal/fileDir/defaultCurSite/resource/cms/2015/07/2012s03a.htm,人民银行人民币信贷收支表；月末余额，亿元÷10000=万亿元；非当月新增贷款；来源称非金融企业及其他部门；境内，境外已单列
loan_business_total,CHN,2013-01,47.286918,万亿元,M,,https://www.pbc.gov.cn/eportal/fileDir/defaultCurSite/resource/cms/2015/07/2013s03a.htm,人民银行人民币信贷收支表；月末余额，亿元÷10000=万亿元；非当月新增贷款；来源称非金融企业及其他部门；境内，境外已单列
loan_business_total,CHN,2013-02,47.786405,万亿元,M,,https://www.pbc.gov.cn/eportal/fileDir/defaultCurSite/resource/cms/2015/07/2013s03a.htm,人民银行人民币信贷收支表；月末余额，亿元÷10000=万亿元；非当月新增贷款；来源称非金融企业及其他部门；境内，境外已单列
loan_business_total,CHN,2013-03,48.463742,万亿元,M,,https://www.pbc.gov.cn/eportal/fileDir/defaultCurSite/resource/cms/2015/07/2013s03a.htm,人民银行人民币信贷收支表；月末余额，亿元÷10000=万亿元；非当月新增贷款；来源称非金融企业及其他部门；境内，境外已单列
loan_business_total,CHN,2013-04,48.883427,万亿元,M,,https://www.pbc.gov.cn/eportal/fileDir/defaultCurSite/resource/cms/2015/07/2013s03a.htm,人民银行人民币信贷收支表；月末余额，亿元÷10000=万亿元；非当月新增贷款；来源称非金融企业及其他部门；境内，境外已单列
loan_business_total,CHN,2013-05,49.170835,万亿元,M,,https://www.pbc.gov.cn/eportal/fileDir/defaultCurSite/resource/cms/2015/07/2013s03a.htm,人民银行人民币信贷收支表；月末余额，亿元÷10000=万亿元；非当月新增贷款；来源称非金融企业及其他部门；境内，境外已单列
loan_business_total,CHN,2013-06,49.688008,万亿元,M,,https://www.pbc.gov.cn/eportal/fileDir/defaultCurSite/resource/cms/2015/07/2013s03a.htm,人民银行人民币信贷收支表；月末余额，亿元÷10000=万亿元；非当月新增贷款；来源称非金融企业及其他部门；境内，境外已单列
loan_business_total,CHN,2013-07,50.079831,万亿元,M,,https://www.pbc.gov.cn/eportal/fileDir/defaultCurSite/resource/cms/2015/07/2013s03a.htm,人民银行人民币信贷收支表；月末余额，亿元÷10000=万亿元；非当月新增贷款；来源称非金融企业及其他部门；境内，境外已单列
loan_business_total,CHN,2013-08,50.453548,万亿元,M,,https://www.pbc.gov.cn/eportal/fileDir/defaultCurSite/resource/cms/2015/07/2013s03a.htm,人民银行人民币信贷收支表；月末余额，亿元÷10000=万亿元；非当月新增贷款；来源称非金融企业及其他部门；境内，境外已单列
loan_business_total,CHN,2013-09,50.888762,万亿元,M,,https://www.pbc.gov.cn/eportal/fileDir/defaultCurSite/resource/cms/2015/07/2013s03a.htm,人民银行人民币信贷收支表；月末余额，亿元÷10000=万亿元；非当月新增贷款；来源称非金融企业及其他部门；境内，境外已单列
loan_business_total,CHN,2013-10,51.189661,万亿元,M,,https://www.pbc.gov.cn/eportal/fileDir/defaultCurSite/resource/cms/2015/07/2013s03a.htm,人民银行人民币信贷收支表；月末余额，亿元÷10000=万亿元；非当月新增贷款；来源称非金融企业及其他部门；境内，境外已单列
loan_business_total,CHN,2013-11,51.553513,万亿元,M,,https://www.pbc.gov.cn/eportal/fileDir/defaultCurSite/resource/cms/2015/07/2013s03a.htm,人民银行人民币信贷收支表；月末余额，亿元÷10000=万亿元；非当月新增贷款；来源称非金融企业及其他部门；境内，境外已单列
loan_business_total,CHN,2013-12,51.858391,万亿元,M,,https://www.pbc.gov.cn/eportal/fileDir/defaultCurSite/resource/cms/2015/07/2013s03a.htm,人民银行人民币信贷收支表；月末余额，亿元÷10000=万亿元；非当月新增贷款；来源称非金融企业及其他部门；境内，境外已单列
loan_business_total,CHN,2014-01,52.683818,万亿元,M,,https://www.pbc.gov.cn/eportal/fileDir/defaultCurSite/resource/cms/2015/07/2014s03a.htm,人民银行人民币信贷收支表；月末余额，亿元÷10000=万亿元；非当月新增贷款；来源称非金融企业及其他部门；境内，境外已单列
loan_business_total,CHN,2014-02,53.278782,万亿元,M,,https://www.pbc.gov.cn/eportal/fileDir/defaultCurSite/resource/cms/2015/07/2014s03a.htm,人民银行人民币信贷收支表；月末余额，亿元÷10000=万亿元；非当月新增贷款；来源称非金融企业及其他部门；境内，境外已单列
loan_business_total,CHN,2014-03,53.941162,万亿元,M,,https://www.pbc.gov.cn/eportal/fileDir/defaultCurSite/resource/cms/2015/07/2014s03a.htm,人民银行人民币信贷收支表；月末余额，亿元÷10000=万亿元；非当月新增贷款；来源称非金融企业及其他部门；境内，境外已单列
loan_business_total,CHN,2014-04,54.435691,万亿元,M,,https://www.pbc.gov.cn/eportal/fileDir/defaultCurSite/resource/cms/2015/07/2014s03a.htm,人民银行人民币信贷收支表；月末余额，亿元÷10000=万亿元；非当月新增贷款；来源称非金融企业及其他部门；境内，境外已单列
loan_business_total,CHN,2014-05,54.994296,万亿元,M,,https://www.pbc.gov.cn/eportal/fileDir/defaultCurSite/resource/cms/2015/07/2014s03a.htm,人民银行人民币信贷收支表；月末余额，亿元÷10000=万亿元；非当月新增贷款；来源称非金融企业及其他部门；境内，境外已单列
loan_business_total,CHN,2014-06,55.713444,万亿元,M,,https://www.pbc.gov.cn/eportal/fileDir/defaultCurSite/resource/cms/2015/07/2014s03a.htm,人民银行人民币信贷收支表；月末余额，亿元÷10000=万亿元；非当月新增贷款；来源称非金融企业及其他部门；境内，境外已单列
loan_business_total,CHN,2014-07,55.890791,万亿元,M,,https://www.pbc.gov.cn/eportal/fileDir/defaultCurSite/resource/cms/2015/07/2014s03a.htm,人民银行人民币信贷收支表；月末余额，亿元÷10000=万亿元；非当月新增贷款；来源称非金融企业及其他部门；境内，境外已单列
loan_business_total,CHN,2014-08,56.319828,万亿元,M,,https://www.pbc.gov.cn/eportal/fileDir/defaultCurSite/resource/cms/2015/07/2014s03a.htm,人民银行人民币信贷收支表；月末余额，亿元÷10000=万亿元；非当月新增贷款；来源称非金融企业及其他部门；境内，境外已单列
loan_business_total,CHN,2014-09,56.878723,万亿元,M,,https://www.pbc.gov.cn/eportal/fileDir/defaultCurSite/resource/cms/2015/07/2014s03a.htm,人民银行人民币信贷收支表；月末余额，亿元÷10000=万亿元；非当月新增贷款；来源称非金融企业及其他部门；境内，境外已单列
loan_business_total,CHN,2014-10,57.267761,万亿元,M,,https://www.pbc.gov.cn/eportal/fileDir/defaultCurSite/resource/cms/2015/07/2014s03a.htm,人民银行人民币信贷收支表；月末余额，亿元÷10000=万亿元；非当月新增贷款；来源称非金融企业及其他部门；境内，境外已单列
loan_business_total,CHN,2014-11,57.871227,万亿元,M,,https://www.pbc.gov.cn/eportal/fileDir/defaultCurSite/resource/cms/2015/07/2014s03a.htm,人民银行人民币信贷收支表；月末余额，亿元÷10000=万亿元；非当月新增贷款；来源称非金融企业及其他部门；境内，境外已单列
loan_business_total,CHN,2014-12,58.336993,万亿元,M,,https://www.pbc.gov.cn/eportal/fileDir/defaultCurSite/resource/cms/2015/07/2014s03a.htm,人民银行人民币信贷收支表；月末余额，亿元÷10000=万亿元；非当月新增贷款；来源称非金融企业及其他部门；境内，境外已单列
loan_business_total,CHN,2015-01,59.431151,万亿元,M,,https://www.pbc.gov.cn/diaochatongjisi/attachDir/2025/11/2025111810564114123.xls,人民银行人民币信贷收支表；月末余额，亿元÷10000=万亿元；非当月新增贷款
loan_business_total,CHN,2015-02,60.360801,万亿元,M,,https://www.pbc.gov.cn/diaochatongjisi/attachDir/2025/11/2025111810564114123.xls,人民银行人民币信贷收支表；月末余额，亿元÷10000=万亿元；非当月新增贷款
loan_business_total,CHN,2015-03,61.099633,万亿元,M,,https://www.pbc.gov.cn/diaochatongjisi/attachDir/2025/11/2025111810564114123.xls,人民银行人民币信贷收支表；月末余额，亿元÷10000=万亿元；非当月新增贷款
loan_business_total,CHN,2015-04,61.609586,万亿元,M,,https://www.pbc.gov.cn/diaochatongjisi/attachDir/2025/11/2025111810564114123.xls,人民银行人民币信贷收支表；月末余额，亿元÷10000=万亿元；非当月新增贷款
loan_business_total,CHN,2015-05,62.149322,万亿元,M,,https://www.pbc.gov.cn/diaochatongjisi/attachDir/2025/11/2025111810564114123.xls,人民银行人民币信贷收支表；月末余额，亿元÷10000=万亿元；非当月新增贷款
loan_business_total,CHN,2015-06,63.008794,万亿元,M,,https://www.pbc.gov.cn/diaochatongjisi/attachDir/2025/11/2025111810564114123.xls,人民银行人民币信贷收支表；月末余额，亿元÷10000=万亿元；非当月新增贷款
loan_business_total,CHN,2015-07,63.321484,万亿元,M,,https://www.pbc.gov.cn/diaochatongjisi/attachDir/2025/11/2025111810564114123.xls,人民银行人民币信贷收支表；月末余额，亿元÷10000=万亿元；非当月新增贷款
loan_business_total,CHN,2015-08,63.742466,万亿元,M,,https://www.pbc.gov.cn/diaochatongjisi/attachDir/2025/11/2025111810564114123.xls,人民银行人民币信贷收支表；月末余额，亿元÷10000=万亿元；非当月新增贷款
loan_business_total,CHN,2015-09,64.363062,万亿元,M,,https://www.pbc.gov.cn/diaochatongjisi/attachDir/2025/11/2025111810564114123.xls,人民银行人民币信贷收支表；月末余额，亿元÷10000=万亿元；非当月新增贷款
loan_business_total,CHN,2015-10,64.751153,万亿元,M,,https://www.pbc.gov.cn/diaochatongjisi/attachDir/2025/11/2025111810564114123.xls,人民银行人民币信贷收支表；月末余额，亿元÷10000=万亿元；非当月新增贷款
loan_business_total,CHN,2015-11,65.252267,万亿元,M,,https://www.pbc.gov.cn/diaochatongjisi/attachDir/2025/11/2025111810564114123.xls,人民银行人民币信贷收支表；月末余额，亿元÷10000=万亿元；非当月新增贷款
loan_business_total,CHN,2015-12,65.763348,万亿元,M,,https://www.pbc.gov.cn/diaochatongjisi/attachDir/2025/11/2025111810564114123.xls,人民银行人民币信贷收支表；月末余额，亿元÷10000=万亿元；非当月新增贷款
loan_business_total,CHN,2016-01,67.689385,万亿元,M,,https://www.pbc.gov.cn/diaochatongjisi/attachDir/2025/11/2025111811260014568.xls,人民银行人民币信贷收支表；月末余额，亿元÷10000=万亿元；非当月新增贷款
loan_business_total,CHN,2016-02,68.500118,万亿元,M,,https://www.pbc.gov.cn/diaochatongjisi/attachDir/2025/11/2025111811260014568.xls,人民银行人民币信贷收支表；月末余额，亿元÷10000=万亿元；非当月新增贷款
loan_business_total,CHN,2016-03,69.173081,万亿元,M,,https://www.pbc.gov.cn/diaochatongjisi/attachDir/2025/11/2025111811260014568.xls,人民银行人民币信贷收支表；月末余额，亿元÷10000=万亿元；非当月新增贷款
loan_business_total,CHN,2016-04,69.314611,万亿元,M,,https://www.pbc.gov.cn/diaochatongjisi/attachDir/2025/11/2025111811260014568.xls,人民银行人民币信贷收支表；月末余额，亿元÷10000=万亿元；非当月新增贷款
loan_business_total,CHN,2016-05,69.67429,万亿元,M,,https://www.pbc.gov.cn/diaochatongjisi/attachDir/2025/11/2025111811260014568.xls,人民银行人民币信贷收支表；月末余额，亿元÷10000=万亿元；非当月新增贷款
loan_business_total,CHN,2016-06,70.28327,万亿元,M,,https://www.pbc.gov.cn/diaochatongjisi/attachDir/2025/11/2025111811260014568.xls,人民银行人民币信贷收支表；月末余额，亿元÷10000=万亿元；非当月新增贷款
loan_business_total,CHN,2016-07,70.280711,万亿元,M,,https://www.pbc.gov.cn/diaochatongjisi/attachDir/2025/11/2025111811260014568.xls,人民银行人民币信贷收支表；月末余额，亿元÷10000=万亿元；非当月新增贷款
loan_business_total,CHN,2016-08,70.401636,万亿元,M,,https://www.pbc.gov.cn/diaochatongjisi/attachDir/2025/11/2025111811260014568.xls,人民银行人民币信贷收支表；月末余额，亿元÷10000=万亿元；非当月新增贷款
loan_business_total,CHN,2016-09,71.019882,万亿元,M,,https://www.pbc.gov.cn/diaochatongjisi/attachDir/2025/11/2025111811260014568.xls,人民银行人民币信贷收支表；月末余额，亿元÷10000=万亿元；非当月新增贷款
loan_business_total,CHN,2016-10,71.188319,万亿元,M,,https://www.pbc.gov.cn/diaochatongjisi/attachDir/2025/11/2025111811260014568.xls,人民银行人民币信贷收支表；月末余额，亿元÷10000=万亿元；非当月新增贷款
loan_business_total,CHN,2016-11,71.353888,万亿元,M,,https://www.pbc.gov.cn/diaochatongjisi/attachDir/2025/11/2025111811260014568.xls,人民银行人民币信贷收支表；月末余额，亿元÷10000=万亿元；非当月新增贷款
loan_business_total,CHN,2016-12,71.852056,万亿元,M,,https://www.pbc.gov.cn/diaochatongjisi/attachDir/2025/11/2025111811260014568.xls,人民银行人民币信贷收支表；月末余额，亿元÷10000=万亿元；非当月新增贷款
loan_business_total,CHN,2017-01,73.403694,万亿元,M,,https://www.pbc.gov.cn/diaochatongjisi/attachDir/2025/11/2025111814223377038.xls,人民银行人民币信贷收支表；月末余额，亿元÷10000=万亿元；非当月新增贷款
loan_business_total,CHN,2017-02,74.135088,万亿元,M,,https://www.pbc.gov.cn/diaochatongjisi/attachDir/2025/11/2025111814223377038.xls,人民银行人民币信贷收支表；月末余额，亿元÷10000=万亿元；非当月新增贷款
loan_business_total,CHN,2017-03,74.499567,万亿元,M,,https://www.pbc.gov.cn/diaochatongjisi/attachDir/2025/11/2025111814223377038.xls,人民银行人民币信贷收支表；月末余额，亿元÷10000=万亿元；非当月新增贷款
loan_business_total,CHN,2017-04,75.008234,万亿元,M,,https://www.pbc.gov.cn/diaochatongjisi/attachDir/2025/11/2025111814223377038.xls,人民银行人民币信贷收支表；月末余额，亿元÷10000=万亿元；非当月新增贷款
loan_business_total,CHN,2017-05,75.574362,万亿元,M,,https://www.pbc.gov.cn/diaochatongjisi/attachDir/2025/11/2025111814223377038.xls,人民银行人民币信贷收支表；月末余额，亿元÷10000=万亿元；非当月新增贷款
loan_business_total,CHN,2017-06,76.274779,万亿元,M,,https://www.pbc.gov.cn/diaochatongjisi/attachDir/2025/11/2025111814223377038.xls,人民银行人民币信贷收支表；月末余额，亿元÷10000=万亿元；非当月新增贷款
loan_business_total,CHN,2017-07,76.628313,万亿元,M,,https://www.pbc.gov.cn/diaochatongjisi/attachDir/2025/11/2025111814223377038.xls,人民银行人民币信贷收支表；月末余额，亿元÷10000=万亿元；非当月新增贷款
loan_business_total,CHN,2017-08,77.111345,万亿元,M,,https://www.pbc.gov.cn/diaochatongjisi/attachDir/2025/11/2025111814223377038.xls,人民银行人民币信贷收支表；月末余额，亿元÷10000=万亿元；非当月新增贷款
loan_business_total,CHN,2017-09,77.567781,万亿元,M,,https://www.pbc.gov.cn/diaochatongjisi/attachDir/2025/11/2025111814223377038.xls,人民银行人民币信贷收支表；月末余额，亿元÷10000=万亿元；非当月新增贷款
loan_business_total,CHN,2017-10,77.78197,万亿元,M,,https://www.pbc.gov.cn/diaochatongjisi/attachDir/2025/11/2025111814223377038.xls,人民银行人民币信贷收支表；月末余额，亿元÷10000=万亿元；非当月新增贷款
loan_business_total,CHN,2017-11,78.304576,万亿元,M,,https://www.pbc.gov.cn/diaochatongjisi/attachDir/2025/11/2025111814223377038.xls,人民银行人民币信贷收支表；月末余额，亿元÷10000=万亿元；非当月新增贷款
loan_business_total,CHN,2017-12,78.549579,万亿元,M,,https://www.pbc.gov.cn/diaochatongjisi/attachDir/2025/11/2025111814223377038.xls,人民银行人民币信贷收支表；月末余额，亿元÷10000=万亿元；非当月新增贷款
loan_business_total,CHN,2018-01,80.30472,万亿元,M,,https://www.pbc.gov.cn/diaochatongjisi/attachDir/2025/11/2025111815281576875.xls,人民银行人民币信贷收支表；月末余额，亿元÷10000=万亿元；非当月新增贷款
loan_business_total,CHN,2018-02,81.049414,万亿元,M,,https://www.pbc.gov.cn/diaochatongjisi/attachDir/2025/11/2025111815281576875.xls,人民银行人民币信贷收支表；月末余额，亿元÷10000=万亿元；非当月新增贷款
loan_business_total,CHN,2018-03,81.61537,万亿元,M,,https://www.pbc.gov.cn/diaochatongjisi/attachDir/2025/11/2025111815281576875.xls,人民银行人民币信贷收支表；月末余额，亿元÷10000=万亿元；非当月新增贷款
loan_business_total,CHN,2018-04,82.187947,万亿元,M,,https://www.pbc.gov.cn/diaochatongjisi/attachDir/2025/11/2025111815281576875.xls,人民银行人民币信贷收支表；月末余额，亿元÷10000=万亿元；非当月新增贷款
loan_business_total,CHN,2018-05,82.713463,万亿元,M,,https://www.pbc.gov.cn/diaochatongjisi/attachDir/2025/11/2025111815281576875.xls,人民银行人民币信贷收支表；月末余额，亿元÷10000=万亿元；非当月新增贷款
loan_business_total,CHN,2018-06,83.687147,万亿元,M,,https://www.pbc.gov.cn/diaochatongjisi/attachDir/2025/11/2025111815281576875.xls,人民银行人民币信贷收支表；月末余额，亿元÷10000=万亿元；非当月新增贷款
loan_business_total,CHN,2018-07,84.33723,万亿元,M,,https://www.pbc.gov.cn/diaochatongjisi/attachDir/2025/11/2025111815281576875.xls,人民银行人民币信贷收支表；月末余额，亿元÷10000=万亿元；非当月新增贷款
loan_business_total,CHN,2018-08,84.949883,万亿元,M,,https://www.pbc.gov.cn/diaochatongjisi/attachDir/2025/11/2025111815281576875.xls,人民银行人民币信贷收支表；月末余额，亿元÷10000=万亿元；非当月新增贷款
loan_business_total,CHN,2018-09,85.635194,万亿元,M,,https://www.pbc.gov.cn/diaochatongjisi/attachDir/2025/11/2025111815281576875.xls,人民银行人民币信贷收支表；月末余额，亿元÷10000=万亿元；非当月新增贷款
loan_business_total,CHN,2018-10,85.78548,万亿元,M,,https://www.pbc.gov.cn/diaochatongjisi/attachDir/2025/11/2025111815281576875.xls,人民银行人民币信贷收支表；月末余额，亿元÷10000=万亿元；非当月新增贷款
loan_business_total,CHN,2018-11,86.361867,万亿元,M,,https://www.pbc.gov.cn/diaochatongjisi/attachDir/2025/11/2025111815281576875.xls,人民银行人民币信贷收支表；月末余额，亿元÷10000=万亿元；非当月新增贷款
loan_business_total,CHN,2018-12,86.828888,万亿元,M,,https://www.pbc.gov.cn/diaochatongjisi/attachDir/2025/11/2025111815281576875.xls,人民银行人民币信贷收支表；月末余额，亿元÷10000=万亿元；非当月新增贷款
loan_business_total,CHN,2019-01,89.403663,万亿元,M,,https://www.pbc.gov.cn/diaochatongjisi/attachDir/2025/11/2025111815533429222.xls,人民银行人民币信贷收支表；月末余额，亿元÷10000=万亿元；非当月新增贷款
loan_business_total,CHN,2019-02,90.23776,万亿元,M,,https://www.pbc.gov.cn/diaochatongjisi/attachDir/2025/11/2025111815533429222.xls,人民银行人民币信贷收支表；月末余额，亿元÷10000=万亿元；非当月新增贷款
loan_business_total,CHN,2019-03,91.304844,万亿元,M,,https://www.pbc.gov.cn/diaochatongjisi/attachDir/2025/11/2025111815533429222.xls,人民银行人民币信贷收支表；月末余额，亿元÷10000=万亿元；非当月新增贷款
loan_business_total,CHN,2019-04,91.651895,万亿元,M,,https://www.pbc.gov.cn/diaochatongjisi/attachDir/2025/11/2025111815533429222.xls,人民银行人民币信贷收支表；月末余额，亿元÷10000=万亿元；非当月新增贷款
loan_business_total,CHN,2019-05,92.174282,万亿元,M,,https://www.pbc.gov.cn/diaochatongjisi/attachDir/2025/11/2025111815533429222.xls,人民银行人民币信贷收支表；月末余额，亿元÷10000=万亿元；非当月新增贷款
loan_business_total,CHN,2019-06,93.090263,万亿元,M,,https://www.pbc.gov.cn/diaochatongjisi/attachDir/2025/11/2025111815533429222.xls,人民银行人民币信贷收支表；月末余额，亿元÷10000=万亿元；非当月新增贷款
loan_business_total,CHN,2019-07,93.387705,万亿元,M,,https://www.pbc.gov.cn/diaochatongjisi/attachDir/2025/11/2025111815533429222.xls,人民银行人民币信贷收支表；月末余额，亿元÷10000=万亿元；非当月新增贷款
loan_business_total,CHN,2019-08,94.038957,万亿元,M,,https://www.pbc.gov.cn/diaochatongjisi/attachDir/2025/11/2025111815533429222.xls,人民银行人民币信贷收支表；月末余额，亿元÷10000=万亿元；非当月新增贷款
loan_business_total,CHN,2019-09,95.042423,万亿元,M,,https://www.pbc.gov.cn/diaochatongjisi/attachDir/2025/11/2025111815533429222.xls,人民银行人民币信贷收支表；月末余额，亿元÷10000=万亿元；非当月新增贷款
loan_business_total,CHN,2019-10,95.168624,万亿元,M,,https://www.pbc.gov.cn/diaochatongjisi/attachDir/2025/11/2025111815533429222.xls,人民银行人民币信贷收支表；月末余额，亿元÷10000=万亿元；非当月新增贷款
loan_business_total,CHN,2019-11,95.847988,万亿元,M,,https://www.pbc.gov.cn/diaochatongjisi/attachDir/2025/11/2025111815533429222.xls,人民银行人民币信贷收支表；月末余额，亿元÷10000=万亿元；非当月新增贷款
loan_business_total,CHN,2019-12,96.273685,万亿元,M,,https://www.pbc.gov.cn/diaochatongjisi/attachDir/2025/11/2025111815533429222.xls,人民银行人民币信贷收支表；月末余额，亿元÷10000=万亿元；非当月新增贷款
loan_business_total,CHN,2020-01,99.129445,万亿元,M,,https://www.pbc.gov.cn/diaochatongjisi/attachDir/2025/11/2025111816065225038.xls,人民银行人民币信贷收支表；月末余额，亿元÷10000=万亿元；非当月新增贷款
loan_business_total,CHN,2020-02,100.262736,万亿元,M,,https://www.pbc.gov.cn/diaochatongjisi/attachDir/2025/11/2025111816065225038.xls,人民银行人民币信贷收支表；月末余额，亿元÷10000=万亿元；非当月新增贷款
loan_business_total,CHN,2020-03,102.314406,万亿元,M,,https://www.pbc.gov.cn/diaochatongjisi/attachDir/2025/11/2025111816065225038.xls,人民银行人民币信贷收支表；月末余额，亿元÷10000=万亿元；非当月新增贷款
loan_business_total,CHN,2020-04,103.270676,万亿元,M,,https://www.pbc.gov.cn/diaochatongjisi/attachDir/2025/11/2025111816065225038.xls,人民银行人民币信贷收支表；月末余额，亿元÷10000=万亿元；非当月新增贷款
loan_business_total,CHN,2020-05,104.116566,万亿元,M,,https://www.pbc.gov.cn/diaochatongjisi/attachDir/2025/11/2025111816065225038.xls,人民银行人民币信贷收支表；月末余额，亿元÷10000=万亿元；非当月新增贷款
loan_business_total,CHN,2020-06,105.042013,万亿元,M,,https://www.pbc.gov.cn/diaochatongjisi/attachDir/2025/11/2025111816065225038.xls,人民银行人民币信贷收支表；月末余额，亿元÷10000=万亿元；非当月新增贷款
loan_business_total,CHN,2020-07,105.306534,万亿元,M,,https://www.pbc.gov.cn/diaochatongjisi/attachDir/2025/11/2025111816065225038.xls,人民银行人民币信贷收支表；月末余额，亿元÷10000=万亿元；非当月新增贷款
loan_business_total,CHN,2020-08,105.886195,万亿元,M,,https://www.pbc.gov.cn/diaochatongjisi/attachDir/2025/11/2025111816065225038.xls,人民银行人民币信贷收支表；月末余额，亿元÷10000=万亿元；非当月新增贷款
loan_business_total,CHN,2020-09,106.834726,万亿元,M,,https://www.pbc.gov.cn/diaochatongjisi/attachDir/2025/11/2025111816065225038.xls,人民银行人民币信贷收支表；月末余额，亿元÷10000=万亿元；非当月新增贷款
loan_business_total,CHN,2020-10,107.068269,万亿元,M,,https://www.pbc.gov.cn/diaochatongjisi/attachDir/2025/11/2025111816065225038.xls,人民银行人民币信贷收支表；月末余额，亿元÷10000=万亿元；非当月新增贷款
loan_business_total,CHN,2020-11,107.849514,万亿元,M,,https://www.pbc.gov.cn/diaochatongjisi/attachDir/2025/11/2025111816065225038.xls,人民银行人民币信贷收支表；月末余额，亿元÷10000=万亿元；非当月新增贷款
loan_business_total,CHN,2020-12,108.4388,万亿元,M,,https://www.pbc.gov.cn/diaochatongjisi/attachDir/2025/11/2025111816065225038.xls,人民银行人民币信贷收支表；月末余额，亿元÷10000=万亿元；非当月新增贷款
loan_business_total,CHN,2021-01,110.98459,万亿元,M,,https://www.pbc.gov.cn/diaochatongjisi/attachDir/2025/11/2025111816273553641.xlsx,人民银行人民币信贷收支表；月末余额，亿元÷10000=万亿元；非当月新增贷款
loan_business_total,CHN,2021-02,112.18335,万亿元,M,,https://www.pbc.gov.cn/diaochatongjisi/attachDir/2025/11/2025111816273553641.xlsx,人民银行人民币信贷收支表；月末余额，亿元÷10000=万亿元；非当月新增贷款
loan_business_total,CHN,2021-03,113.787803,万亿元,M,,https://www.pbc.gov.cn/diaochatongjisi/attachDir/2025/11/2025111816273553641.xlsx,人民银行人民币信贷收支表；月末余额，亿元÷10000=万亿元；非当月新增贷款
loan_business_total,CHN,2021-04,114.543,万亿元,M,,https://www.pbc.gov.cn/diaochatongjisi/attachDir/2025/11/2025111816273553641.xlsx,人民银行人民币信贷收支表；月末余额，亿元÷10000=万亿元；非当月新增贷款
loan_business_total,CHN,2021-05,115.348735,万亿元,M,,https://www.pbc.gov.cn/diaochatongjisi/attachDir/2025/11/2025111816273553641.xlsx,人民银行人民币信贷收支表；月末余额，亿元÷10000=万亿元；非当月新增贷款
loan_business_total,CHN,2021-06,116.803153,万亿元,M,,https://www.pbc.gov.cn/diaochatongjisi/attachDir/2025/11/2025111816273553641.xlsx,人民银行人民币信贷收支表；月末余额，亿元÷10000=万亿元；非当月新增贷款
loan_business_total,CHN,2021-07,117.236532,万亿元,M,,https://www.pbc.gov.cn/diaochatongjisi/attachDir/2025/11/2025111816273553641.xlsx,人民银行人民币信贷收支表；月末余额，亿元÷10000=万亿元；非当月新增贷款
loan_business_total,CHN,2021-08,117.932822,万亿元,M,,https://www.pbc.gov.cn/diaochatongjisi/attachDir/2025/11/2025111816273553641.xlsx,人民银行人民币信贷收支表；月末余额，亿元÷10000=万亿元；非当月新增贷款
loan_business_total,CHN,2021-09,118.916285,万亿元,M,,https://www.pbc.gov.cn/diaochatongjisi/attachDir/2025/11/2025111816273553641.xlsx,人民银行人民币信贷收支表；月末余额，亿元÷10000=万亿元；非当月新增贷款
loan_business_total,CHN,2021-10,119.226361,万亿元,M,,https://www.pbc.gov.cn/diaochatongjisi/attachDir/2025/11/2025111816273553641.xlsx,人民银行人民币信贷收支表；月末余额，亿元÷10000=万亿元；非当月新增贷款
loan_business_total,CHN,2021-11,119.794222,万亿元,M,,https://www.pbc.gov.cn/diaochatongjisi/attachDir/2025/11/2025111816273553641.xlsx,人民银行人民币信贷收支表；月末余额，亿元÷10000=万亿元；非当月新增贷款
loan_business_total,CHN,2021-12,120.453733,万亿元,M,,https://www.pbc.gov.cn/diaochatongjisi/attachDir/2025/11/2025111816273553641.xlsx,人民银行人民币信贷收支表；月末余额，亿元÷10000=万亿元；非当月新增贷款
loan_business_total,CHN,2022-01,123.788894,万亿元,M,,https://www.pbc.gov.cn/diaochatongjisi/attachDir/2025/11/2025111816420126728.xls,人民银行人民币信贷收支表；月末余额，亿元÷10000=万亿元；非当月新增贷款
loan_business_total,CHN,2022-02,125.032598,万亿元,M,,https://www.pbc.gov.cn/diaochatongjisi/attachDir/2025/11/2025111816420126728.xls,人民银行人民币信贷收支表；月末余额，亿元÷10000=万亿元；非当月新增贷款
loan_business_total,CHN,2022-03,127.51228,万亿元,M,,https://www.pbc.gov.cn/diaochatongjisi/attachDir/2025/11/2025111816420126728.xls,人民银行人民币信贷收支表；月末余额，亿元÷10000=万亿元；非当月新增贷款
loan_business_total,CHN,2022-04,128.090649,万亿元,M,,https://www.pbc.gov.cn/diaochatongjisi/attachDir/2025/11/2025111816420126728.xls,人民银行人民币信贷收支表；月末余额，亿元÷10000=万亿元；非当月新增贷款
loan_business_total,CHN,2022-05,129.625459,万亿元,M,,https://www.pbc.gov.cn/diaochatongjisi/attachDir/2025/11/2025111816420126728.xls,人民银行人民币信贷收支表；月末余额，亿元÷10000=万亿元；非当月新增贷款
loan_business_total,CHN,2022-06,131.828265,万亿元,M,,https://www.pbc.gov.cn/diaochatongjisi/attachDir/2025/11/2025111816420126728.xls,人民银行人民币信贷收支表；月末余额，亿元÷10000=万亿元；非当月新增贷款
loan_business_total,CHN,2022-07,132.115985,万亿元,M,,https://www.pbc.gov.cn/diaochatongjisi/attachDir/2025/11/2025111816420126728.xls,人民银行人民币信贷收支表；月末余额，亿元÷10000=万亿元；非当月新增贷款
loan_business_total,CHN,2022-08,132.991004,万亿元,M,,https://www.pbc.gov.cn/diaochatongjisi/attachDir/2025/11/2025111816420126728.xls,人民银行人民币信贷收支表；月末余额，亿元÷10000=万亿元；非当月新增贷款
loan_business_total,CHN,2022-09,134.908534,万亿元,M,,https://www.pbc.gov.cn/diaochatongjisi/attachDir/2025/11/2025111816420126728.xls,人民银行人民币信贷收支表；月末余额，亿元÷10000=万亿元；非当月新增贷款
loan_business_total,CHN,2022-10,135.371127,万亿元,M,,https://www.pbc.gov.cn/diaochatongjisi/attachDir/2025/11/2025111816420126728.xls,人民银行人民币信贷收支表；月末余额，亿元÷10000=万亿元；非当月新增贷款
loan_business_total,CHN,2022-11,136.254814,万亿元,M,,https://www.pbc.gov.cn/diaochatongjisi/attachDir/2025/11/2025111816420126728.xls,人民银行人民币信贷收支表；月末余额，亿元÷10000=万亿元；非当月新增贷款
loan_business_total,CHN,2022-12,137.520805,万亿元,M,,https://www.pbc.gov.cn/diaochatongjisi/attachDir/2025/11/2025111816420126728.xls,人民银行人民币信贷收支表；月末余额，亿元÷10000=万亿元；非当月新增贷款
loan_business_total,CHN,2023-01,142.192555,万亿元,M,,https://www.pbc.gov.cn/diaochatongjisi/attachDir/2025/11/2025111817162649674.xlsx,人民银行人民币信贷收支表；月末余额，亿元÷10000=万亿元；非当月新增贷款
loan_business_total,CHN,2023-02,143.802174,万亿元,M,,https://www.pbc.gov.cn/diaochatongjisi/attachDir/2025/11/2025111817162649674.xlsx,人民银行人民币信贷收支表；月末余额，亿元÷10000=万亿元；非当月新增贷款
loan_business_total,CHN,2023-03,146.507709,万亿元,M,,https://www.pbc.gov.cn/diaochatongjisi/attachDir/2025/11/2025111817162649674.xlsx,人民银行人民币信贷收支表；月末余额，亿元÷10000=万亿元；非当月新增贷款
loan_business_total,CHN,2023-04,147.191587,万亿元,M,,https://www.pbc.gov.cn/diaochatongjisi/attachDir/2025/11/2025111817162649674.xlsx,人民银行人民币信贷收支表；月末余额，亿元÷10000=万亿元；非当月新增贷款
loan_business_total,CHN,2023-05,148.047406,万亿元,M,,https://www.pbc.gov.cn/diaochatongjisi/attachDir/2025/11/2025111817162649674.xlsx,人民银行人民币信贷收支表；月末余额，亿元÷10000=万亿元；非当月新增贷款
loan_business_total,CHN,2023-06,150.330795,万亿元,M,,https://www.pbc.gov.cn/diaochatongjisi/attachDir/2025/11/2025111817162649674.xlsx,人民银行人民币信贷收支表；月末余额，亿元÷10000=万亿元；非当月新增贷款
loan_business_total,CHN,2023-07,150.568601,万亿元,M,,https://www.pbc.gov.cn/diaochatongjisi/attachDir/2025/11/2025111817162649674.xlsx,人民银行人民币信贷收支表；月末余额，亿元÷10000=万亿元；非当月新增贷款
loan_business_total,CHN,2023-08,151.517443,万亿元,M,,https://www.pbc.gov.cn/diaochatongjisi/attachDir/2025/11/2025111817162649674.xlsx,人民银行人民币信贷收支表；月末余额，亿元÷10000=万亿元；非当月新增贷款
loan_business_total,CHN,2023-09,153.191125,万亿元,M,,https://www.pbc.gov.cn/diaochatongjisi/attachDir/2025/11/2025111817162649674.xlsx,人民银行人民币信贷收支表；月末余额，亿元÷10000=万亿元；非当月新增贷款
loan_business_total,CHN,2023-10,153.707434,万亿元,M,,https://www.pbc.gov.cn/diaochatongjisi/attachDir/2025/11/2025111817162649674.xlsx,人民银行人民币信贷收支表；月末余额，亿元÷10000=万亿元；非当月新增贷款
loan_business_total,CHN,2023-11,154.529566,万亿元,M,,https://www.pbc.gov.cn/diaochatongjisi/attachDir/2025/11/2025111817162649674.xlsx,人民银行人民币信贷收支表；月末余额，亿元÷10000=万亿元；非当月新增贷款
loan_business_total,CHN,2023-12,155.423158,万亿元,M,,https://www.pbc.gov.cn/diaochatongjisi/attachDir/2025/11/2025111817162649674.xlsx,人民银行人民币信贷收支表；月末余额，亿元÷10000=万亿元；非当月新增贷款
loan_business_total,CHN,2024-01,159.265104,万亿元,M,,https://www.pbc.gov.cn/diaochatongjisi/attachDir/2025/11/2025111817274124837.xlsx,人民银行人民币信贷收支表；月末余额，亿元÷10000=万亿元；非当月新增贷款
loan_business_total,CHN,2024-02,160.830689,万亿元,M,,https://www.pbc.gov.cn/diaochatongjisi/attachDir/2025/11/2025111817274124837.xlsx,人民银行人民币信贷收支表；月末余额，亿元÷10000=万亿元；非当月新增贷款
loan_business_total,CHN,2024-03,163.179077,万亿元,M,,https://www.pbc.gov.cn/diaochatongjisi/attachDir/2025/11/2025111817274124837.xlsx,人民银行人民币信贷收支表；月末余额，亿元÷10000=万亿元；非当月新增贷款
loan_business_total,CHN,2024-04,164.032257,万亿元,M,,https://www.pbc.gov.cn/diaochatongjisi/attachDir/2025/11/2025111817274124837.xlsx,人民银行人民币信贷收支表；月末余额，亿元÷10000=万亿元；非当月新增贷款
loan_business_total,CHN,2024-05,164.777173,万亿元,M,,https://www.pbc.gov.cn/diaochatongjisi/attachDir/2025/11/2025111817274124837.xlsx,人民银行人民币信贷收支表；月末余额，亿元÷10000=万亿元；非当月新增贷款
loan_business_total,CHN,2024-06,166.401329,万亿元,M,,https://www.pbc.gov.cn/diaochatongjisi/attachDir/2025/11/2025111817274124837.xlsx,人民银行人民币信贷收支表；月末余额，亿元÷10000=万亿元；非当月新增贷款
loan_business_total,CHN,2024-07,166.532289,万亿元,M,,https://www.pbc.gov.cn/diaochatongjisi/attachDir/2025/11/2025111817274124837.xlsx,人民银行人民币信贷收支表；月末余额，亿元÷10000=万亿元；非当月新增贷款
loan_business_total,CHN,2024-08,167.380224,万亿元,M,,https://www.pbc.gov.cn/diaochatongjisi/attachDir/2025/11/2025111817274124837.xlsx,人民银行人民币信贷收支表；月末余额，亿元÷10000=万亿元；非当月新增贷款
loan_business_total,CHN,2024-09,168.860645,万亿元,M,,https://www.pbc.gov.cn/diaochatongjisi/attachDir/2025/11/2025111817274124837.xlsx,人民银行人民币信贷收支表；月末余额，亿元÷10000=万亿元；非当月新增贷款
loan_business_total,CHN,2024-10,168.996717,万亿元,M,,https://www.pbc.gov.cn/diaochatongjisi/attachDir/2025/11/2025111817274124837.xlsx,人民银行人民币信贷收支表；月末余额，亿元÷10000=万亿元；非当月新增贷款
loan_business_total,CHN,2024-11,169.248818,万亿元,M,,https://www.pbc.gov.cn/diaochatongjisi/attachDir/2025/11/2025111817274124837.xlsx,人民银行人民币信贷收支表；月末余额，亿元÷10000=万亿元；非当月新增贷款
loan_business_total,CHN,2024-12,169.73177,万亿元,M,,https://www.pbc.gov.cn/diaochatongjisi/attachDir/2025/11/2025111817274124837.xlsx,人民银行人民币信贷收支表；月末余额，亿元÷10000=万亿元；非当月新增贷款
loan_business_total,CHN,2025-01,174.470948,万亿元,M,,https://www.pbc.gov.cn/diaochatongjisi/attachDir/2026/01/2026011517314370061.xlsx,人民银行人民币信贷收支表；月末余额，亿元÷10000=万亿元；非当月新增贷款
loan_business_total,CHN,2025-02,175.511241,万亿元,M,,https://www.pbc.gov.cn/diaochatongjisi/attachDir/2026/01/2026011517314370061.xlsx,人民银行人民币信贷收支表；月末余额，亿元÷10000=万亿元；非当月新增贷款
loan_business_total,CHN,2025-03,178.349121,万亿元,M,,https://www.pbc.gov.cn/diaochatongjisi/attachDir/2026/01/2026011517314370061.xlsx,人民银行人民币信贷收支表；月末余额，亿元÷10000=万亿元；非当月新增贷款
loan_business_total,CHN,2025-04,178.960728,万亿元,M,,https://www.pbc.gov.cn/diaochatongjisi/attachDir/2026/01/2026011517314370061.xlsx,人民银行人民币信贷收支表；月末余额，亿元÷10000=万亿元；非当月新增贷款
loan_business_total,CHN,2025-05,179.496471,万亿元,M,,https://www.pbc.gov.cn/diaochatongjisi/attachDir/2026/01/2026011517314370061.xlsx,人民银行人民币信贷收支表；月末余额，亿元÷10000=万亿元；非当月新增贷款
loan_business_total,CHN,2025-06,181.260674,万亿元,M,,https://www.pbc.gov.cn/diaochatongjisi/attachDir/2026/01/2026011517314370061.xlsx,人民银行人民币信贷收支表；月末余额，亿元÷10000=万亿元；非当月新增贷款
loan_business_total,CHN,2025-07,181.318887,万亿元,M,,https://www.pbc.gov.cn/diaochatongjisi/attachDir/2026/01/2026011517314370061.xlsx,人民银行人民币信贷收支表；月末余额，亿元÷10000=万亿元；非当月新增贷款
loan_business_total,CHN,2025-08,181.913798,万亿元,M,,https://www.pbc.gov.cn/diaochatongjisi/attachDir/2026/01/2026011517314370061.xlsx,人民银行人民币信贷收支表；月末余额，亿元÷10000=万亿元；非当月新增贷款
loan_business_total,CHN,2025-09,183.130866,万亿元,M,,https://www.pbc.gov.cn/diaochatongjisi/attachDir/2026/01/2026011517314370061.xlsx,人民银行人民币信贷收支表；月末余额，亿元÷10000=万亿元；非当月新增贷款
loan_business_total,CHN,2025-10,183.478409,万亿元,M,,https://www.pbc.gov.cn/diaochatongjisi/attachDir/2026/01/2026011517314370061.xlsx,人民银行人民币信贷收支表；月末余额，亿元÷10000=万亿元；非当月新增贷款
loan_business_total,CHN,2025-11,184.09345,万亿元,M,,https://www.pbc.gov.cn/diaochatongjisi/attachDir/2026/01/2026011517314370061.xlsx,人民银行人民币信贷收支表；月末余额，亿元÷10000=万亿元；非当月新增贷款
loan_business_total,CHN,2025-12,185.165389,万亿元,M,,https://www.pbc.gov.cn/diaochatongjisi/attachDir/2026/01/2026011517314370061.xlsx,人民银行人民币信贷收支表；月末余额，亿元÷10000=万亿元；非当月新增贷款
loan_business_total,CHN,2026-01,189.610437,万亿元,M,,https://www.pbc.gov.cn/diaochatongjisi/attachDir/2026/09/2026091418213884368.xlsx,人民银行人民币信贷收支表；月末余额，亿元÷10000=万亿元；非当月新增贷款
loan_business_total,CHN,2026-02,191.106044,万亿元,M,,https://www.pbc.gov.cn/diaochatongjisi/attachDir/2026/09/2026091418213884368.xlsx,人民银行人民币信贷收支表；月末余额，亿元÷10000=万亿元；非当月新增贷款
loan_business_total,CHN,2026-03,193.766811,万亿元,M,,https://www.pbc.gov.cn/diaochatongjisi/attachDir/2026/09/2026091418213884368.xlsx,人民银行人民币信贷收支表；月末余额，亿元÷10000=万亿元；非当月新增贷款
loan_business_total,CHN,2026-04,194.154866,万亿元,M,,https://www.pbc.gov.cn/diaochatongjisi/attachDir/2026/09/2026091418213884368.xlsx,人民银行人民币信贷收支表；月末余额，亿元÷10000=万亿元；非当月新增贷款
loan_business_total,CHN,2026-05,194.792297,万亿元,M,,https://www.pbc.gov.cn/diaochatongjisi/attachDir/2026/09/2026091418213884368.xlsx,人民银行人民币信贷收支表；月末余额，亿元÷10000=万亿元；非当月新增贷款
loan_business_total,CHN,2026-06,196.295783,万亿元,M,,https://www.pbc.gov.cn/diaochatongjisi/attachDir/2026/09/2026091418213884368.xlsx,人民银行人民币信贷收支表；月末余额，亿元÷10000=万亿元；非当月新增贷款
loan_business_total,CHN,2026-07,196.166158,万亿元,M,,https://www.pbc.gov.cn/diaochatongjisi/attachDir/2026/09/2026091418213884368.xlsx,人民银行人民币信贷收支表；月末余额，亿元÷10000=万亿元；非当月新增贷款
loan_business_total,CHN,2026-08,196.424831,万亿元,M,,https://www.pbc.gov.cn/diaochatongjisi/attachDir/2026/09/2026091418213884368.xlsx,人民银行人民币信贷收支表；月末余额，亿元÷10000=万亿元；非当月新增贷款
loan_household_long,CHN,2007-01,2.687929,万亿元,M,,https://www.pbc.gov.cn/eportal/fileDir/defaultCurSite/resource/cms/2015/07/2007S03a.htm,人民银行人民币信贷收支表；月末余额，亿元÷10000=万亿元；非当月新增贷款；同表消费性＋经营性贷款相加
loan_household_long,CHN,2007-02,2.735961,万亿元,M,,https://www.pbc.gov.cn/eportal/fileDir/defaultCurSite/resource/cms/2015/07/2007S03a.htm,人民银行人民币信贷收支表；月末余额，亿元÷10000=万亿元；非当月新增贷款；同表消费性＋经营性贷款相加
loan_household_long,CHN,2007-03,2.792349,万亿元,M,,https://www.pbc.gov.cn/eportal/fileDir/defaultCurSite/resource/cms/2015/07/2007S03a.htm,人民银行人民币信贷收支表；月末余额，亿元÷10000=万亿元；非当月新增贷款；同表消费性＋经营性贷款相加
loan_household_long,CHN,2007-04,2.851144,万亿元,M,,https://www.pbc.gov.cn/eportal/fileDir/defaultCurSite/resource/cms/2015/07/2007S03a.htm,人民银行人民币信贷收支表；月末余额，亿元÷10000=万亿元；非当月新增贷款；同表消费性＋经营性贷款相加
loan_household_long,CHN,2007-05,2.901458,万亿元,M,,https://www.pbc.gov.cn/eportal/fileDir/defaultCurSite/resource/cms/2015/07/2007S03a.htm,人民银行人民币信贷收支表；月末余额，亿元÷10000=万亿元；非当月新增贷款；同表消费性＋经营性贷款相加
loan_household_long,CHN,2007-06,2.994303,万亿元,M,,https://www.pbc.gov.cn/eportal/fileDir/defaultCurSite/resource/cms/2015/07/2007S03a.htm,人民银行人民币信贷收支表；月末余额，亿元÷10000=万亿元；非当月新增贷款；同表消费性＋经营性贷款相加
loan_household_long,CHN,2007-07,3.082157,万亿元,M,,https://www.pbc.gov.cn/eportal/fileDir/defaultCurSite/resource/cms/2015/07/2007S03a.htm,人民银行人民币信贷收支表；月末余额，亿元÷10000=万亿元；非当月新增贷款；同表消费性＋经营性贷款相加
loan_household_long,CHN,2007-08,3.182418,万亿元,M,,https://www.pbc.gov.cn/eportal/fileDir/defaultCurSite/resource/cms/2015/07/2007S03a.htm,人民银行人民币信贷收支表；月末余额，亿元÷10000=万亿元；非当月新增贷款；同表消费性＋经营性贷款相加
loan_household_long,CHN,2007-09,3.301491,万亿元,M,,https://www.pbc.gov.cn/eportal/fileDir/defaultCurSite/resource/cms/2015/07/2007S03a.htm,人民银行人民币信贷收支表；月末余额，亿元÷10000=万亿元；非当月新增贷款；同表消费性＋经营性贷款相加
loan_household_long,CHN,2007-10,3.367025,万亿元,M,,https://www.pbc.gov.cn/eportal/fileDir/defaultCurSite/resource/cms/2015/07/2007S03a.htm,人民银行人民币信贷收支表；月末余额，亿元÷10000=万亿元；非当月新增贷款；同表消费性＋经营性贷款相加
loan_household_long,CHN,2007-11,3.437532,万亿元,M,,https://www.pbc.gov.cn/eportal/fileDir/defaultCurSite/resource/cms/2015/07/2007S03a.htm,人民银行人民币信贷收支表；月末余额，亿元÷10000=万亿元；非当月新增贷款；同表消费性＋经营性贷款相加
loan_household_long,CHN,2007-12,3.475625,万亿元,M,,https://www.pbc.gov.cn/eportal/fileDir/defaultCurSite/resource/cms/2015/07/2007S03a.htm,人民银行人民币信贷收支表；月末余额，亿元÷10000=万亿元；非当月新增贷款；同表消费性＋经营性贷款相加
loan_household_long,CHN,2008-01,3.564919,万亿元,M,,https://www.pbc.gov.cn/eportal/fileDir/defaultCurSite/resource/cms/2015/07/2008S03a.htm,人民银行人民币信贷收支表；月末余额，亿元÷10000=万亿元；非当月新增贷款；同表消费性＋经营性贷款相加
loan_household_long,CHN,2008-02,3.574446,万亿元,M,,https://www.pbc.gov.cn/eportal/fileDir/defaultCurSite/resource/cms/2015/07/2008S03a.htm,人民银行人民币信贷收支表；月末余额，亿元÷10000=万亿元；非当月新增贷款；同表消费性＋经营性贷款相加
loan_household_long,CHN,2008-03,3.610941,万亿元,M,,https://www.pbc.gov.cn/eportal/fileDir/defaultCurSite/resource/cms/2015/07/2008S03a.htm,人民银行人民币信贷收支表；月末余额，亿元÷10000=万亿元；非当月新增贷款；同表消费性＋经营性贷款相加
loan_household_long,CHN,2008-04,3.639266,万亿元,M,,https://www.pbc.gov.cn/eportal/fileDir/defaultCurSite/resource/cms/2015/07/2008S03a.htm,人民银行人民币信贷收支表；月末余额，亿元÷10000=万亿元；非当月新增贷款；同表消费性＋经营性贷款相加
loan_household_long,CHN,2008-05,3.681521,万亿元,M,,https://www.pbc.gov.cn/eportal/fileDir/defaultCurSite/resource/cms/2015/07/2008S03a.htm,人民银行人民币信贷收支表；月末余额，亿元÷10000=万亿元；非当月新增贷款；同表消费性＋经营性贷款相加
loan_household_long,CHN,2008-06,3.733124,万亿元,M,,https://www.pbc.gov.cn/eportal/fileDir/defaultCurSite/resource/cms/2015/07/2008S03a.htm,人民银行人民币信贷收支表；月末余额，亿元÷10000=万亿元；非当月新增贷款；同表消费性＋经营性贷款相加
loan_household_long,CHN,2008-07,3.770575,万亿元,M,,https://www.pbc.gov.cn/eportal/fileDir/defaultCurSite/resource/cms/2015/07/2008S03a.htm,人民银行人民币信贷收支表；月末余额，亿元÷10000=万亿元；非当月新增贷款；同表消费性＋经营性贷款相加
loan_household_long,CHN,2008-08,3.797878,万亿元,M,,https://www.pbc.gov.cn/eportal/fileDir/defaultCurSite/resource/cms/2015/07/2008S03a.htm,人民银行人民币信贷收支表；月末余额，亿元÷10000=万亿元；非当月新增贷款；同表消费性＋经营性贷款相加
loan_household_long,CHN,2008-09,3.827976,万亿元,M,,https://www.pbc.gov.cn/eportal/fileDir/defaultCurSite/resource/cms/2015/07/2008S03a.htm,人民银行人民币信贷收支表；月末余额，亿元÷10000=万亿元；非当月新增贷款；同表消费性＋经营性贷款相加
loan_household_long,CHN,2008-10,3.83008,万亿元,M,,https://www.pbc.gov.cn/eportal/fileDir/defaultCurSite/resource/cms/2015/07/2008S03a.htm,人民银行人民币信贷收支表；月末余额，亿元÷10000=万亿元；非当月新增贷款；同表消费性＋经营性贷款相加
loan_household_long,CHN,2008-11,3.794472,万亿元,M,,https://www.pbc.gov.cn/eportal/fileDir/defaultCurSite/resource/cms/2015/07/2008S03a.htm,人民银行人民币信贷收支表；月末余额，亿元÷10000=万亿元；非当月新增贷款；同表消费性＋经营性贷款相加
loan_household_long,CHN,2008-12,3.83665,万亿元,M,,https://www.pbc.gov.cn/eportal/fileDir/defaultCurSite/resource/cms/2015/07/2008S03a.htm,人民银行人民币信贷收支表；月末余额，亿元÷10000=万亿元；非当月新增贷款；同表消费性＋经营性贷款相加
loan_household_long,CHN,2009-01,3.943636,万亿元,M,,https://www.pbc.gov.cn/eportal/fileDir/defaultCurSite/resource/cms/2015/07/2009s03a.htm,人民银行人民币信贷收支表；月末余额，亿元÷10000=万亿元；非当月新增贷款；同表消费性＋经营性贷款相加
loan_household_long,CHN,2009-02,3.957306,万亿元,M,,https://www.pbc.gov.cn/eportal/fileDir/defaultCurSite/resource/cms/2015/07/2009s03a.htm,人民银行人民币信贷收支表；月末余额，亿元÷10000=万亿元；非当月新增贷款；同表消费性＋经营性贷款相加
loan_household_long,CHN,2009-03,4.071626,万亿元,M,,https://www.pbc.gov.cn/eportal/fileDir/defaultCurSite/resource/cms/2015/07/2009s03a.htm,人民银行人民币信贷收支表；月末余额，亿元÷10000=万亿元；非当月新增贷款；同表消费性＋经营性贷款相加
loan_household_long,CHN,2009-04,4.169921,万亿元,M,,https://www.pbc.gov.cn/eportal/fileDir/defaultCurSite/resource/cms/2015/07/2009s03a.htm,人民银行人民币信贷收支表；月末余额，亿元÷10000=万亿元；非当月新增贷款；同表消费性＋经营性贷款相加
loan_household_long,CHN,2009-05,4.271124,万亿元,M,,https://www.pbc.gov.cn/eportal/fileDir/defaultCurSite/resource/cms/2015/07/2009s03a.htm,人民银行人民币信贷收支表；月末余额，亿元÷10000=万亿元；非当月新增贷款；同表消费性＋经营性贷款相加
loan_household_long,CHN,2009-06,4.479282,万亿元,M,,https://www.pbc.gov.cn/eportal/fileDir/defaultCurSite/resource/cms/2015/07/2009s03a.htm,人民银行人民币信贷收支表；月末余额，亿元÷10000=万亿元；非当月新增贷款；同表消费性＋经营性贷款相加
loan_household_long,CHN,2009-07,4.670783,万亿元,M,,https://www.pbc.gov.cn/eportal/fileDir/defaultCurSite/resource/cms/2015/07/2009s03a.htm,人民银行人民币信贷收支表；月末余额，亿元÷10000=万亿元；非当月新增贷款；同表消费性＋经营性贷款相加
loan_household_long,CHN,2009-08,4.851337,万亿元,M,,https://www.pbc.gov.cn/eportal/fileDir/defaultCurSite/resource/cms/2015/07/2009s03a.htm,人民银行人民币信贷收支表；月末余额，亿元÷10000=万亿元；非当月新增贷款；同表消费性＋经营性贷款相加
loan_household_long,CHN,2009-09,5.053124,万亿元,M,,https://www.pbc.gov.cn/eportal/fileDir/defaultCurSite/resource/cms/2015/07/2009s03a.htm,人民银行人民币信贷收支表；月末余额，亿元÷10000=万亿元；非当月新增贷款；同表消费性＋经营性贷款相加
loan_household_long,CHN,2009-10,5.191696,万亿元,M,,https://www.pbc.gov.cn/eportal/fileDir/defaultCurSite/resource/cms/2015/07/2009s03a.htm,人民银行人民币信贷收支表；月末余额，亿元÷10000=万亿元；非当月新增贷款；同表消费性＋经营性贷款相加
loan_household_long,CHN,2009-11,5.39292,万亿元,M,,https://www.pbc.gov.cn/eportal/fileDir/defaultCurSite/resource/cms/2015/07/2009s03a.htm,人民银行人民币信贷收支表；月末余额，亿元÷10000=万亿元；非当月新增贷款；同表消费性＋经营性贷款相加
loan_household_long,CHN,2009-12,5.585909,万亿元,M,,https://www.pbc.gov.cn/eportal/fileDir/defaultCurSite/resource/cms/2015/07/2009s03a.htm,人民银行人民币信贷收支表；月末余额，亿元÷10000=万亿元；非当月新增贷款；同表消费性＋经营性贷款相加
loan_household_long,CHN,2010-01,6.171063,万亿元,M,,https://www.pbc.gov.cn/eportal/fileDir/defaultCurSite/resource/cms/2015/07/2010s03a.htm,人民银行人民币信贷收支表；月末余额，亿元÷10000=万亿元；非当月新增贷款；同表消费性＋经营性贷款相加
loan_household_long,CHN,2010-02,6.32386,万亿元,M,,https://www.pbc.gov.cn/eportal/fileDir/defaultCurSite/resource/cms/2015/07/2010s03a.htm,人民银行人民币信贷收支表；月末余额，亿元÷10000=万亿元；非当月新增贷款；同表消费性＋经营性贷款相加
loan_household_long,CHN,2010-03,6.500965,万亿元,M,,https://www.pbc.gov.cn/eportal/fileDir/defaultCurSite/resource/cms/2015/07/2010s03a.htm,人民银行人民币信贷收支表；月末余额，亿元÷10000=万亿元；非当月新增贷款；同表消费性＋经营性贷款相加
loan_household_long,CHN,2010-04,6.731231,万亿元,M,,https://www.pbc.gov.cn/eportal/fileDir/defaultCurSite/resource/cms/2015/07/2010s03a.htm,人民银行人民币信贷收支表；月末余额，亿元÷10000=万亿元；非当月新增贷款；同表消费性＋经营性贷款相加
loan_household_long,CHN,2010-05,6.923094,万亿元,M,,https://www.pbc.gov.cn/eportal/fileDir/defaultCurSite/resource/cms/2015/07/2010s03a.htm,人民银行人民币信贷收支表；月末余额，亿元÷10000=万亿元；非当月新增贷款；同表消费性＋经营性贷款相加
loan_household_long,CHN,2010-06,7.065842,万亿元,M,,https://www.pbc.gov.cn/eportal/fileDir/defaultCurSite/resource/cms/2015/07/2010s03a.htm,人民银行人民币信贷收支表；月末余额，亿元÷10000=万亿元；非当月新增贷款；同表消费性＋经营性贷款相加
loan_household_long,CHN,2010-07,7.191775,万亿元,M,,https://www.pbc.gov.cn/eportal/fileDir/defaultCurSite/resource/cms/2015/07/2010s03a.htm,人民银行人民币信贷收支表；月末余额，亿元÷10000=万亿元；非当月新增贷款；同表消费性＋经营性贷款相加
loan_household_long,CHN,2010-08,7.303149,万亿元,M,,https://www.pbc.gov.cn/eportal/fileDir/defaultCurSite/resource/cms/2015/07/2010s03a.htm,人民银行人民币信贷收支表；月末余额，亿元÷10000=万亿元；非当月新增贷款；同表消费性＋经营性贷款相加
loan_household_long,CHN,2010-09,7.452263,万亿元,M,,https://www.pbc.gov.cn/eportal/fileDir/defaultCurSite/resource/cms/2015/07/2010s03a.htm,人民银行人民币信贷收支表；月末余额，亿元÷10000=万亿元；非当月新增贷款；同表消费性＋经营性贷款相加
loan_household_long,CHN,2010-10,7.57121,万亿元,M,,https://www.pbc.gov.cn/eportal/fileDir/defaultCurSite/resource/cms/2015/07/2010s03a.htm,人民银行人民币信贷收支表；月末余额，亿元÷10000=万亿元；非当月新增贷款；同表消费性＋经营性贷款相加
loan_household_long,CHN,2010-11,7.708504,万亿元,M,,https://www.pbc.gov.cn/eportal/fileDir/defaultCurSite/resource/cms/2015/07/2010s03a.htm,人民银行人民币信贷收支表；月末余额，亿元÷10000=万亿元；非当月新增贷款；同表消费性＋经营性贷款相加
loan_household_long,CHN,2010-12,7.819475,万亿元,M,,https://www.pbc.gov.cn/eportal/fileDir/defaultCurSite/resource/cms/2015/07/2010s03a.htm,人民银行人民币信贷收支表；月末余额，亿元÷10000=万亿元；非当月新增贷款；同表消费性＋经营性贷款相加
loan_household_long,CHN,2011-01,7.973906,万亿元,M,,https://www.pbc.gov.cn/eportal/fileDir/defaultCurSite/resource/cms/2015/07/2011s03a.htm,人民银行人民币信贷收支表；月末余额，亿元÷10000=万亿元；非当月新增贷款；同表消费性＋经营性贷款相加
loan_household_long,CHN,2011-02,8.079078,万亿元,M,,https://www.pbc.gov.cn/eportal/fileDir/defaultCurSite/resource/cms/2015/07/2011s03a.htm,人民银行人民币信贷收支表；月末余额，亿元÷10000=万亿元；非当月新增贷款；同表消费性＋经营性贷款相加
loan_household_long,CHN,2011-03,8.233685,万亿元,M,,https://www.pbc.gov.cn/eportal/fileDir/defaultCurSite/resource/cms/2015/07/2011s03a.htm,人民银行人民币信贷收支表；月末余额，亿元÷10000=万亿元；非当月新增贷款；同表消费性＋经营性贷款相加
loan_household_long,CHN,2011-04,8.37581,万亿元,M,,https://www.pbc.gov.cn/eportal/fileDir/defaultCurSite/resource/cms/2015/07/2011s03a.htm,人民银行人民币信贷收支表；月末余额，亿元÷10000=万亿元；非当月新增贷款；同表消费性＋经营性贷款相加
loan_household_long,CHN,2011-05,8.502174,万亿元,M,,https://www.pbc.gov.cn/eportal/fileDir/defaultCurSite/resource/cms/2015/07/2011s03a.htm,人民银行人民币信贷收支表；月末余额，亿元÷10000=万亿元；非当月新增贷款；同表消费性＋经营性贷款相加
loan_household_long,CHN,2011-06,8.620109,万亿元,M,,https://www.pbc.gov.cn/eportal/fileDir/defaultCurSite/resource/cms/2015/07/2011s03a.htm,人民银行人民币信贷收支表；月末余额，亿元÷10000=万亿元；非当月新增贷款；同表消费性＋经营性贷款相加
loan_household_long,CHN,2011-07,8.742198,万亿元,M,,https://www.pbc.gov.cn/eportal/fileDir/defaultCurSite/resource/cms/2015/07/2011s03a.htm,人民银行人民币信贷收支表；月末余额，亿元÷10000=万亿元；非当月新增贷款；同表消费性＋经营性贷款相加
loan_household_long,CHN,2011-08,8.843123,万亿元,M,,https://www.pbc.gov.cn/eportal/fileDir/defaultCurSite/resource/cms/2015/07/2011s03a.htm,人民银行人民币信贷收支表；月末余额，亿元÷10000=万亿元；非当月新增贷款；同表消费性＋经营性贷款相加
loan_household_long,CHN,2011-09,8.935792,万亿元,M,,https://www.pbc.gov.cn/eportal/fileDir/defaultCurSite/resource/cms/2015/07/2011s03a.htm,人民银行人民币信贷收支表；月末余额，亿元÷10000=万亿元；非当月新增贷款；同表消费性＋经营性贷款相加
loan_household_long,CHN,2011-10,9.033397,万亿元,M,,https://www.pbc.gov.cn/eportal/fileDir/defaultCurSite/resource/cms/2015/07/2011s03a.htm,人民银行人民币信贷收支表；月末余额，亿元÷10000=万亿元；非当月新增贷款；同表消费性＋经营性贷款相加
loan_household_long,CHN,2011-11,9.146918,万亿元,M,,https://www.pbc.gov.cn/eportal/fileDir/defaultCurSite/resource/cms/2015/07/2011s03a.htm,人民银行人民币信贷收支表；月末余额，亿元÷10000=万亿元；非当月新增贷款；同表消费性＋经营性贷款相加
loan_household_long,CHN,2011-12,9.225894,万亿元,M,,https://www.pbc.gov.cn/eportal/fileDir/defaultCurSite/resource/cms/2015/07/2011s03a.htm,人民银行人民币信贷收支表；月末余额，亿元÷10000=万亿元；非当月新增贷款；同表消费性＋经营性贷款相加
loan_household_long,CHN,2012-01,9.349338,万亿元,M,,https://www.pbc.gov.cn/eportal/fileDir/defaultCurSite/resource/cms/2015/07/2012s03a.htm,人民银行人民币信贷收支表；月末余额，亿元÷10000=万亿元；非当月新增贷款；同表消费性＋经营性贷款相加
loan_household_long,CHN,2012-02,9.38184,万亿元,M,,https://www.pbc.gov.cn/eportal/fileDir/defaultCurSite/resource/cms/2015/07/2012s03a.htm,人民银行人民币信贷收支表；月末余额，亿元÷10000=万亿元；非当月新增贷款；同表消费性＋经营性贷款相加
loan_household_long,CHN,2012-03,9.474655,万亿元,M,,https://www.pbc.gov.cn/eportal/fileDir/defaultCurSite/resource/cms/2015/07/2012s03a.htm,人民银行人民币信贷收支表；月末余额，亿元÷10000=万亿元；非当月新增贷款；同表消费性＋经营性贷款相加
loan_household_long,CHN,2012-04,9.537502,万亿元,M,,https://www.pbc.gov.cn/eportal/fileDir/defaultCurSite/resource/cms/2015/07/2012s03a.htm,人民银行人民币信贷收支表；月末余额，亿元÷10000=万亿元；非当月新增贷款；同表消费性＋经营性贷款相加
loan_household_long,CHN,2012-05,9.636889,万亿元,M,,https://www.pbc.gov.cn/eportal/fileDir/defaultCurSite/resource/cms/2015/07/2012s03a.htm,人民银行人民币信贷收支表；月末余额，亿元÷10000=万亿元；非当月新增贷款；同表消费性＋经营性贷款相加
loan_household_long,CHN,2012-06,9.756612,万亿元,M,,https://www.pbc.gov.cn/eportal/fileDir/defaultCurSite/resource/cms/2015/07/2012s03a.htm,人民银行人民币信贷收支表；月末余额，亿元÷10000=万亿元；非当月新增贷款；同表消费性＋经营性贷款相加
loan_household_long,CHN,2012-07,9.874543,万亿元,M,,https://www.pbc.gov.cn/eportal/fileDir/defaultCurSite/resource/cms/2015/07/2012s03a.htm,人民银行人民币信贷收支表；月末余额，亿元÷10000=万亿元；非当月新增贷款；同表消费性＋经营性贷款相加
loan_household_long,CHN,2012-08,10.040279,万亿元,M,,https://www.pbc.gov.cn/eportal/fileDir/defaultCurSite/resource/cms/2015/07/2012s03a.htm,人民银行人民币信贷收支表；月末余额，亿元÷10000=万亿元；非当月新增贷款；同表消费性＋经营性贷款相加
loan_household_long,CHN,2012-09,10.199388,万亿元,M,,https://www.pbc.gov.cn/eportal/fileDir/defaultCurSite/resource/cms/2015/07/2012s03a.htm,人民银行人民币信贷收支表；月末余额，亿元÷10000=万亿元；非当月新增贷款；同表消费性＋经营性贷款相加
loan_household_long,CHN,2012-10,10.314503,万亿元,M,,https://www.pbc.gov.cn/eportal/fileDir/defaultCurSite/resource/cms/2015/07/2012s03a.htm,人民银行人民币信贷收支表；月末余额，亿元÷10000=万亿元；非当月新增贷款；同表消费性＋经营性贷款相加
loan_household_long,CHN,2012-11,10.46596,万亿元,M,,https://www.pbc.gov.cn/eportal/fileDir/defaultCurSite/resource/cms/2015/07/2012s03a.htm,人民银行人民币信贷收支表；月末余额，亿元÷10000=万亿元；非当月新增贷款；同表消费性＋经营性贷款相加
loan_household_long,CHN,2012-12,10.569747,万亿元,M,,https://www.pbc.gov.cn/eportal/fileDir/defaultCurSite/resource/cms/2015/07/2012s03a.htm,人民银行人民币信贷收支表；月末余额，亿元÷10000=万亿元；非当月新增贷款；同表消费性＋经营性贷款相加
loan_household_long,CHN,2013-01,10.854591,万亿元,M,,https://www.pbc.gov.cn/eportal/fileDir/defaultCurSite/resource/cms/2015/07/2013s03a.htm,人民银行人民币信贷收支表；月末余额，亿元÷10000=万亿元；非当月新增贷款；同表消费性＋经营性贷款相加
loan_household_long,CHN,2013-02,10.992595,万亿元,M,,https://www.pbc.gov.cn/eportal/fileDir/defaultCurSite/resource/cms/2015/07/2013s03a.htm,人民银行人民币信贷收支表；月末余额，亿元÷10000=万亿元；非当月新增贷款；同表消费性＋经营性贷款相加
loan_household_long,CHN,2013-03,11.166282,万亿元,M,,https://www.pbc.gov.cn/eportal/fileDir/defaultCurSite/resource/cms/2015/07/2013s03a.htm,人民银行人民币信贷收支表；月末余额，亿元÷10000=万亿元；非当月新增贷款；同表消费性＋经营性贷款相加
loan_household_long,CHN,2013-04,11.397384,万亿元,M,,https://www.pbc.gov.cn/eportal/fileDir/defaultCurSite/resource/cms/2015/07/2013s03a.htm,人民银行人民币信贷收支表；月末余额，亿元÷10000=万亿元；非当月新增贷款；同表消费性＋经营性贷款相加
loan_household_long,CHN,2013-05,11.626546,万亿元,M,,https://www.pbc.gov.cn/eportal/fileDir/defaultCurSite/resource/cms/2015/07/2013s03a.htm,人民银行人民币信贷收支表；月末余额，亿元÷10000=万亿元；非当月新增贷款；同表消费性＋经营性贷款相加
loan_household_long,CHN,2013-06,11.814843,万亿元,M,,https://www.pbc.gov.cn/eportal/fileDir/defaultCurSite/resource/cms/2015/07/2013s03a.htm,人民银行人民币信贷收支表；月末余额，亿元÷10000=万亿元；非当月新增贷款；同表消费性＋经营性贷款相加
loan_household_long,CHN,2013-07,12.009926,万亿元,M,,https://www.pbc.gov.cn/eportal/fileDir/defaultCurSite/resource/cms/2015/07/2013s03a.htm,人民银行人民币信贷收支表；月末余额，亿元÷10000=万亿元；非当月新增贷款；同表消费性＋经营性贷款相加
loan_household_long,CHN,2013-08,12.201551,万亿元,M,,https://www.pbc.gov.cn/eportal/fileDir/defaultCurSite/resource/cms/2015/07/2013s03a.htm,人民银行人民币信贷收支表；月末余额，亿元÷10000=万亿元；非当月新增贷款；同表消费性＋经营性贷款相加
loan_household_long,CHN,2013-09,12.386893,万亿元,M,,https://www.pbc.gov.cn/eportal/fileDir/defaultCurSite/resource/cms/2015/07/2013s03a.htm,人民银行人民币信贷收支表；月末余额，亿元÷10000=万亿元；非当月新增贷款；同表消费性＋经营性贷款相加
loan_household_long,CHN,2013-10,12.540347,万亿元,M,,https://www.pbc.gov.cn/eportal/fileDir/defaultCurSite/resource/cms/2015/07/2013s03a.htm,人民银行人民币信贷收支表；月末余额，亿元÷10000=万亿元；非当月新增贷款；同表消费性＋经营性贷款相加
loan_household_long,CHN,2013-11,12.722055,万亿元,M,,https://www.pbc.gov.cn/eportal/fileDir/defaultCurSite/resource/cms/2015/07/2013s03a.htm,人民银行人民币信贷收支表；月末余额，亿元÷10000=万亿元；非当月新增贷款；同表消费性＋经营性贷款相加
loan_household_long,CHN,2013-12,12.836043,万亿元,M,,https://www.pbc.gov.cn/eportal/fileDir/defaultCurSite/resource/cms/2015/07/2013s03a.htm,人民银行人民币信贷收支表；月末余额，亿元÷10000=万亿元；非当月新增贷款；同表消费性＋经营性贷款相加
loan_household_long,CHN,2014-01,13.147815,万亿元,M,,https://www.pbc.gov.cn/eportal/fileDir/defaultCurSite/resource/cms/2015/07/2014s03a.htm,人民银行人民币信贷收支表；月末余额，亿元÷10000=万亿元；非当月新增贷款；同表消费性＋经营性贷款相加
loan_household_long,CHN,2014-02,13.271589,万亿元,M,,https://www.pbc.gov.cn/eportal/fileDir/defaultCurSite/resource/cms/2015/07/2014s03a.htm,人民银行人民币信贷收支表；月末余额，亿元÷10000=万亿元；非当月新增贷款；同表消费性＋经营性贷款相加
loan_household_long,CHN,2014-03,13.464594,万亿元,M,,https://www.pbc.gov.cn/eportal/fileDir/defaultCurSite/resource/cms/2015/07/2014s03a.htm,人民银行人民币信贷收支表；月末余额，亿元÷10000=万亿元；非当月新增贷款；同表消费性＋经营性贷款相加
loan_household_long,CHN,2014-04,13.654709,万亿元,M,,https://www.pbc.gov.cn/eportal/fileDir/defaultCurSite/resource/cms/2015/07/2014s03a.htm,人民银行人民币信贷收支表；月末余额，亿元÷10000=万亿元；非当月新增贷款；同表消费性＋经营性贷款相加
loan_household_long,CHN,2014-05,13.856811,万亿元,M,,https://www.pbc.gov.cn/eportal/fileDir/defaultCurSite/resource/cms/2015/07/2014s03a.htm,人民银行人民币信贷收支表；月末余额，亿元÷10000=万亿元；非当月新增贷款；同表消费性＋经营性贷款相加
loan_household_long,CHN,2014-06,14.054443,万亿元,M,,https://www.pbc.gov.cn/eportal/fileDir/defaultCurSite/resource/cms/2015/07/2014s03a.htm,人民银行人民币信贷收支表；月末余额，亿元÷10000=万亿元；非当月新增贷款；同表消费性＋经营性贷款相加
loan_household_long,CHN,2014-07,14.234731,万亿元,M,,https://www.pbc.gov.cn/eportal/fileDir/defaultCurSite/resource/cms/2015/07/2014s03a.htm,人民银行人民币信贷收支表；月末余额，亿元÷10000=万亿元；非当月新增贷款；同表消费性＋经营性贷款相加
loan_household_long,CHN,2014-08,14.42374,万亿元,M,,https://www.pbc.gov.cn/eportal/fileDir/defaultCurSite/resource/cms/2015/07/2014s03a.htm,人民银行人民币信贷收支表；月末余额，亿元÷10000=万亿元；非当月新增贷款；同表消费性＋经营性贷款相加
loan_household_long,CHN,2014-09,14.592913,万亿元,M,,https://www.pbc.gov.cn/eportal/fileDir/defaultCurSite/resource/cms/2015/07/2014s03a.htm,人民银行人民币信贷收支表；月末余额，亿元÷10000=万亿元；非当月新增贷款；同表消费性＋经营性贷款相加
loan_household_long,CHN,2014-10,14.712382,万亿元,M,,https://www.pbc.gov.cn/eportal/fileDir/defaultCurSite/resource/cms/2015/07/2014s03a.htm,人民银行人民币信贷收支表；月末余额，亿元÷10000=万亿元；非当月新增贷款；同表消费性＋经营性贷款相加
loan_household_long,CHN,2014-11,14.895415,万亿元,M,,https://www.pbc.gov.cn/eportal/fileDir/defaultCurSite/resource/cms/2015/07/2014s03a.htm,人民银行人民币信贷收支表；月末余额，亿元÷10000=万亿元；非当月新增贷款；同表消费性＋经营性贷款相加
loan_household_long,CHN,2014-12,15.069434,万亿元,M,,https://www.pbc.gov.cn/eportal/fileDir/defaultCurSite/resource/cms/2015/07/2014s03a.htm,人民银行人民币信贷收支表；月末余额，亿元÷10000=万亿元；非当月新增贷款；同表消费性＋经营性贷款相加
loan_household_long,CHN,2015-01,15.397859,万亿元,M,,https://www.pbc.gov.cn/diaochatongjisi/attachDir/2025/11/2025111810564114123.xls,人民银行人民币信贷收支表；月末余额，亿元÷10000=万亿元；非当月新增贷款
loan_household_long,CHN,2015-02,15.584361,万亿元,M,,https://www.pbc.gov.cn/diaochatongjisi/attachDir/2025/11/2025111810564114123.xls,人民银行人民币信贷收支表；月末余额，亿元÷10000=万亿元；非当月新增贷款
loan_household_long,CHN,2015-03,15.751322,万亿元,M,,https://www.pbc.gov.cn/diaochatongjisi/attachDir/2025/11/2025111810564114123.xls,人民银行人民币信贷收支表；月末余额，亿元÷10000=万亿元；非当月新增贷款
loan_household_long,CHN,2015-04,15.908111,万亿元,M,,https://www.pbc.gov.cn/diaochatongjisi/attachDir/2025/11/2025111810564114123.xls,人民银行人民币信贷收支表；月末余额，亿元÷10000=万亿元；非当月新增贷款
loan_household_long,CHN,2015-05,16.114422,万亿元,M,,https://www.pbc.gov.cn/diaochatongjisi/attachDir/2025/11/2025111810564114123.xls,人民银行人民币信贷收支表；月末余额，亿元÷10000=万亿元；非当月新增贷款
loan_household_long,CHN,2015-06,16.405175,万亿元,M,,https://www.pbc.gov.cn/diaochatongjisi/attachDir/2025/11/2025111810564114123.xls,人民银行人民币信贷收支表；月末余额，亿元÷10000=万亿元；非当月新增贷款
loan_household_long,CHN,2015-07,16.684048,万亿元,M,,https://www.pbc.gov.cn/diaochatongjisi/attachDir/2025/11/2025111810564114123.xls,人民银行人民币信贷收支表；月末余额，亿元÷10000=万亿元；非当月新增贷款
loan_household_long,CHN,2015-08,16.969539,万亿元,M,,https://www.pbc.gov.cn/diaochatongjisi/attachDir/2025/11/2025111810564114123.xls,人民银行人民币信贷收支表；月末余额，亿元÷10000=万亿元；非当月新增贷款
loan_household_long,CHN,2015-09,17.294966,万亿元,M,,https://www.pbc.gov.cn/diaochatongjisi/attachDir/2025/11/2025111810564114123.xls,人民银行人民币信贷收支表；月末余额，亿元÷10000=万亿元；非当月新增贷款
loan_household_long,CHN,2015-10,17.494737,万亿元,M,,https://www.pbc.gov.cn/diaochatongjisi/attachDir/2025/11/2025111810564114123.xls,人民银行人民币信贷收支表；月末余额，亿元÷10000=万亿元；非当月新增贷款
loan_household_long,CHN,2015-11,17.822497,万亿元,M,,https://www.pbc.gov.cn/diaochatongjisi/attachDir/2025/11/2025111810564114123.xls,人民银行人民币信贷收支表；月末余额，亿元÷10000=万亿元；非当月新增贷款
loan_household_long,CHN,2015-12,18.120777,万亿元,M,,https://www.pbc.gov.cn/diaochatongjisi/attachDir/2025/11/2025111810564114123.xls,人民银行人民币信贷收支表；月末余额，亿元÷10000=万亿元；非当月新增贷款
loan_household_long,CHN,2016-01,18.60646,万亿元,M,,https://www.pbc.gov.cn/diaochatongjisi/attachDir/2025/11/2025111811260014568.xls,人民银行人民币信贷收支表；月末余额，亿元÷10000=万亿元；非当月新增贷款
loan_household_long,CHN,2016-02,18.788467,万亿元,M,,https://www.pbc.gov.cn/diaochatongjisi/attachDir/2025/11/2025111811260014568.xls,人民银行人民币信贷收支表；月末余额，亿元÷10000=万亿元；非当月新增贷款
loan_household_long,CHN,2016-03,19.225866,万亿元,M,,https://www.pbc.gov.cn/diaochatongjisi/attachDir/2025/11/2025111811260014568.xls,人民银行人民币信贷收支表；月末余额，亿元÷10000=万亿元；非当月新增贷款
loan_household_long,CHN,2016-04,19.653898,万亿元,M,,https://www.pbc.gov.cn/diaochatongjisi/attachDir/2025/11/2025111811260014568.xls,人民银行人民币信贷收支表；月末余额，亿元÷10000=万亿元；非当月新增贷款
loan_household_long,CHN,2016-05,20.182019,万亿元,M,,https://www.pbc.gov.cn/diaochatongjisi/attachDir/2025/11/2025111811260014568.xls,人民银行人民币信贷收支表；月末余额，亿元÷10000=万亿元；非当月新增贷款
loan_household_long,CHN,2016-06,20.748048,万亿元,M,,https://www.pbc.gov.cn/diaochatongjisi/attachDir/2025/11/2025111811260014568.xls,人民银行人民币信贷收支表；月末余额，亿元÷10000=万亿元；非当月新增贷款
loan_household_long,CHN,2016-07,21.225307,万亿元,M,,https://www.pbc.gov.cn/diaochatongjisi/attachDir/2025/11/2025111811260014568.xls,人民银行人民币信贷收支表；月末余额，亿元÷10000=万亿元；非当月新增贷款
loan_household_long,CHN,2016-08,21.753949,万亿元,M,,https://www.pbc.gov.cn/diaochatongjisi/attachDir/2025/11/2025111811260014568.xls,人民银行人民币信贷收支表；月末余额，亿元÷10000=万亿元；非当月新增贷款
loan_household_long,CHN,2016-09,22.325251,万亿元,M,,https://www.pbc.gov.cn/diaochatongjisi/attachDir/2025/11/2025111811260014568.xls,人民银行人民币信贷收支表；月末余额，亿元÷10000=万亿元；非当月新增贷款
loan_household_long,CHN,2016-10,22.814356,万亿元,M,,https://www.pbc.gov.cn/diaochatongjisi/attachDir/2025/11/2025111811260014568.xls,人民银行人民币信贷收支表；月末余额，亿元÷10000=万亿元；非当月新增贷款
loan_household_long,CHN,2016-11,23.383561,万亿元,M,,https://www.pbc.gov.cn/diaochatongjisi/attachDir/2025/11/2025111811260014568.xls,人民银行人民币信贷收支表；月末余额，亿元÷10000=万亿元；非当月新增贷款
loan_household_long,CHN,2016-12,23.809429,万亿元,M,,https://www.pbc.gov.cn/diaochatongjisi/attachDir/2025/11/2025111811260014568.xls,人民银行人民币信贷收支表；月末余额，亿元÷10000=万亿元；非当月新增贷款
loan_household_long,CHN,2017-01,24.442874,万亿元,M,,https://www.pbc.gov.cn/diaochatongjisi/attachDir/2025/11/2025111814223377038.xls,人民银行人民币信贷收支表；月末余额，亿元÷10000=万亿元；非当月新增贷款
loan_household_long,CHN,2017-02,24.823235,万亿元,M,,https://www.pbc.gov.cn/diaochatongjisi/attachDir/2025/11/2025111814223377038.xls,人民银行人民币信贷收支表；月末余额，亿元÷10000=万亿元；非当月新增贷款
loan_household_long,CHN,2017-03,25.273657,万亿元,M,,https://www.pbc.gov.cn/diaochatongjisi/attachDir/2025/11/2025111814223377038.xls,人民银行人民币信贷收支表；月末余额，亿元÷10000=万亿元；非当月新增贷款
loan_household_long,CHN,2017-04,25.717719,万亿元,M,,https://www.pbc.gov.cn/diaochatongjisi/attachDir/2025/11/2025111814223377038.xls,人民银行人民币信贷收支表；月末余额，亿元÷10000=万亿元；非当月新增贷款
loan_household_long,CHN,2017-05,26.150319,万亿元,M,,https://www.pbc.gov.cn/diaochatongjisi/attachDir/2025/11/2025111814223377038.xls,人民银行人民币信贷收支表；月末余额，亿元÷10000=万亿元；非当月新增贷款
loan_household_long,CHN,2017-06,26.635829,万亿元,M,,https://www.pbc.gov.cn/diaochatongjisi/attachDir/2025/11/2025111814223377038.xls,人民银行人民币信贷收支表；月末余额，亿元÷10000=万亿元；非当月新增贷款
loan_household_long,CHN,2017-07,27.090257,万亿元,M,,https://www.pbc.gov.cn/diaochatongjisi/attachDir/2025/11/2025111814223377038.xls,人民银行人民币信贷收支表；月末余额，亿元÷10000=万亿元；非当月新增贷款
loan_household_long,CHN,2017-08,27.537276,万亿元,M,,https://www.pbc.gov.cn/diaochatongjisi/attachDir/2025/11/2025111814223377038.xls,人民银行人民币信贷收支表；月末余额，亿元÷10000=万亿元；非当月新增贷款
loan_household_long,CHN,2017-09,28.01379,万亿元,M,,https://www.pbc.gov.cn/diaochatongjisi/attachDir/2025/11/2025111814223377038.xls,人民银行人民币信贷收支表；月末余额，亿元÷10000=万亿元；非当月新增贷款
loan_household_long,CHN,2017-10,28.384761,万亿元,M,,https://www.pbc.gov.cn/diaochatongjisi/attachDir/2025/11/2025111814223377038.xls,人民银行人民币信贷收支表；月末余额，亿元÷10000=万亿元；非当月新增贷款
loan_household_long,CHN,2017-11,28.80254,万亿元,M,,https://www.pbc.gov.cn/diaochatongjisi/attachDir/2025/11/2025111814223377038.xls,人民银行人民币信贷收支表；月末余额，亿元÷10000=万亿元；非当月新增贷款
loan_household_long,CHN,2017-12,29.115293,万亿元,M,,https://www.pbc.gov.cn/diaochatongjisi/attachDir/2025/11/2025111814223377038.xls,人民银行人民币信贷收支表；月末余额，亿元÷10000=万亿元；非当月新增贷款
loan_household_long,CHN,2018-01,29.722192,万亿元,M,,https://www.pbc.gov.cn/diaochatongjisi/attachDir/2025/11/2025111815281576875.xls,人民银行人民币信贷收支表；月末余额，亿元÷10000=万亿元；非当月新增贷款
loan_household_long,CHN,2018-02,30.044191,万亿元,M,,https://www.pbc.gov.cn/diaochatongjisi/attachDir/2025/11/2025111815281576875.xls,人民银行人民币信贷收支表；月末余额，亿元÷10000=万亿元；非当月新增贷款
loan_household_long,CHN,2018-03,30.41744,万亿元,M,,https://www.pbc.gov.cn/diaochatongjisi/attachDir/2025/11/2025111815281576875.xls,人民银行人民币信贷收支表；月末余额，亿元÷10000=万亿元；非当月新增贷款
loan_household_long,CHN,2018-04,30.771714,万亿元,M,,https://www.pbc.gov.cn/diaochatongjisi/attachDir/2025/11/2025111815281576875.xls,人民银行人民币信贷收支表；月末余额，亿元÷10000=万亿元；非当月新增贷款
loan_household_long,CHN,2018-05,31.164024,万亿元,M,,https://www.pbc.gov.cn/diaochatongjisi/attachDir/2025/11/2025111815281576875.xls,人民银行人民币信贷收支表；月末余额，亿元÷10000=万亿元；非当月新增贷款
loan_household_long,CHN,2018-06,31.632623,万亿元,M,,https://www.pbc.gov.cn/diaochatongjisi/attachDir/2025/11/2025111815281576875.xls,人民银行人民币信贷收支表；月末余额，亿元÷10000=万亿元；非当月新增贷款
loan_household_long,CHN,2018-07,32.090187,万亿元,M,,https://www.pbc.gov.cn/diaochatongjisi/attachDir/2025/11/2025111815281576875.xls,人民银行人民币信贷收支表；月末余额，亿元÷10000=万亿元；非当月新增贷款
loan_household_long,CHN,2018-08,32.531644,万亿元,M,,https://www.pbc.gov.cn/diaochatongjisi/attachDir/2025/11/2025111815281576875.xls,人民银行人民币信贷收支表；月末余额，亿元÷10000=万亿元；非当月新增贷款
loan_household_long,CHN,2018-09,32.965859,万亿元,M,,https://www.pbc.gov.cn/diaochatongjisi/attachDir/2025/11/2025111815281576875.xls,人民银行人民币信贷收支表；月末余额，亿元÷10000=万亿元；非当月新增贷款
loan_household_long,CHN,2018-10,33.338809,万亿元,M,,https://www.pbc.gov.cn/diaochatongjisi/attachDir/2025/11/2025111815281576875.xls,人民银行人民币信贷收支表；月末余额，亿元÷10000=万亿元；非当月新增贷款
loan_household_long,CHN,2018-11,33.777873,万亿元,M,,https://www.pbc.gov.cn/diaochatongjisi/attachDir/2025/11/2025111815281576875.xls,人民银行人民币信贷收支表；月末余额，亿元÷10000=万亿元；非当月新增贷款
loan_household_long,CHN,2018-12,34.084465,万亿元,M,,https://www.pbc.gov.cn/diaochatongjisi/attachDir/2025/11/2025111815281576875.xls,人民银行人民币信贷收支表；月末余额，亿元÷10000=万亿元；非当月新增贷款
loan_household_long,CHN,2019-01,35.117201,万亿元,M,,https://www.pbc.gov.cn/diaochatongjisi/attachDir/2025/11/2025111815533429222.xls,人民银行人民币信贷收支表；月末余额，亿元÷10000=万亿元；非当月新增贷款
loan_household_long,CHN,2019-02,35.339817,万亿元,M,,https://www.pbc.gov.cn/diaochatongjisi/attachDir/2025/11/2025111815533429222.xls,人民银行人民币信贷收支表；月末余额，亿元÷10000=万亿元；非当月新增贷款
loan_household_long,CHN,2019-03,35.800772,万亿元,M,,https://www.pbc.gov.cn/diaochatongjisi/attachDir/2025/11/2025111815533429222.xls,人民银行人民币信贷收支表；月末余额，亿元÷10000=万亿元；非当月新增贷款
loan_household_long,CHN,2019-04,36.217281,万亿元,M,,https://www.pbc.gov.cn/diaochatongjisi/attachDir/2025/11/2025111815533429222.xls,人民银行人民币信贷收支表；月末余额，亿元÷10000=万亿元；非当月新增贷款
loan_household_long,CHN,2019-05,36.685008,万亿元,M,,https://www.pbc.gov.cn/diaochatongjisi/attachDir/2025/11/2025111815533429222.xls,人民银行人民币信贷收支表；月末余额，亿元÷10000=万亿元；非当月新增贷款
loan_household_long,CHN,2019-06,37.174077,万亿元,M,,https://www.pbc.gov.cn/diaochatongjisi/attachDir/2025/11/2025111815533429222.xls,人民银行人民币信贷收支表；月末余额，亿元÷10000=万亿元；非当月新增贷款
loan_household_long,CHN,2019-07,37.615779,万亿元,M,,https://www.pbc.gov.cn/diaochatongjisi/attachDir/2025/11/2025111815533429222.xls,人民银行人民币信贷收支表；月末余额，亿元÷10000=万亿元；非当月新增贷款
loan_household_long,CHN,2019-08,38.069811,万亿元,M,,https://www.pbc.gov.cn/diaochatongjisi/attachDir/2025/11/2025111815533429222.xls,人民银行人民币信贷收支表；月末余额，亿元÷10000=万亿元；非当月新增贷款
loan_household_long,CHN,2019-09,38.560702,万亿元,M,,https://www.pbc.gov.cn/diaochatongjisi/attachDir/2025/11/2025111815533429222.xls,人民银行人民币信贷收支表；月末余额，亿元÷10000=万亿元；非当月新增贷款
loan_household_long,CHN,2019-10,38.919364,万亿元,M,,https://www.pbc.gov.cn/diaochatongjisi/attachDir/2025/11/2025111815533429222.xls,人民银行人民币信贷收支表；月末余额，亿元÷10000=万亿元；非当月新增贷款
loan_household_long,CHN,2019-11,39.388284,万亿元,M,,https://www.pbc.gov.cn/diaochatongjisi/attachDir/2025/11/2025111815533429222.xls,人民银行人民币信贷收支表；月末余额，亿元÷10000=万亿元；非当月新增贷款
loan_household_long,CHN,2019-12,39.871935,万亿元,M,,https://www.pbc.gov.cn/diaochatongjisi/attachDir/2025/11/2025111815533429222.xls,人民银行人民币信贷收支表；月末余额，亿元÷10000=万亿元；非当月新增贷款
loan_household_long,CHN,2020-01,42.483929,万亿元,M,,https://www.pbc.gov.cn/diaochatongjisi/attachDir/2025/11/2025111816065225038.xls,人民银行人民币信贷收支表；月末余额，亿元÷10000=万亿元；非当月新增贷款
loan_household_long,CHN,2020-02,42.521033,万亿元,M,,https://www.pbc.gov.cn/diaochatongjisi/attachDir/2025/11/2025111816065225038.xls,人民银行人民币信贷收支表；月末余额，亿元÷10000=万亿元；非当月新增贷款
loan_household_long,CHN,2020-03,42.993215,万亿元,M,,https://www.pbc.gov.cn/diaochatongjisi/attachDir/2025/11/2025111816065225038.xls,人民银行人民币信贷收支表；月末余额，亿元÷10000=万亿元；非当月新增贷款
loan_household_long,CHN,2020-04,43.432154,万亿元,M,,https://www.pbc.gov.cn/diaochatongjisi/attachDir/2025/11/2025111816065225038.xls,人民银行人民币信贷收支表；月末余额，亿元÷10000=万亿元；非当月新增贷款
loan_household_long,CHN,2020-05,43.898316,万亿元,M,,https://www.pbc.gov.cn/diaochatongjisi/attachDir/2025/11/2025111816065225038.xls,人民银行人民币信贷收支表；月末余额，亿元÷10000=万亿元；非当月新增贷款
loan_household_long,CHN,2020-06,44.535714,万亿元,M,,https://www.pbc.gov.cn/diaochatongjisi/attachDir/2025/11/2025111816065225038.xls,人民银行人民币信贷收支表；月末余额，亿元÷10000=万亿元；非当月新增贷款
loan_household_long,CHN,2020-07,45.142443,万亿元,M,,https://www.pbc.gov.cn/diaochatongjisi/attachDir/2025/11/2025111816065225038.xls,人民银行人民币信贷收支表；月末余额，亿元÷10000=万亿元；非当月新增贷款
loan_household_long,CHN,2020-08,45.699501,万亿元,M,,https://www.pbc.gov.cn/diaochatongjisi/attachDir/2025/11/2025111816065225038.xls,人民银行人民币信贷收支表；月末余额，亿元÷10000=万亿元；非当月新增贷款
loan_household_long,CHN,2020-09,46.331233,万亿元,M,,https://www.pbc.gov.cn/diaochatongjisi/attachDir/2025/11/2025111816065225038.xls,人民银行人民币信贷收支表；月末余额，亿元÷10000=万亿元；非当月新增贷款
loan_household_long,CHN,2020-10,46.737115,万亿元,M,,https://www.pbc.gov.cn/diaochatongjisi/attachDir/2025/11/2025111816065225038.xls,人民银行人民币信贷收支表；月末余额，亿元÷10000=万亿元；非当月新增贷款
loan_household_long,CHN,2020-11,47.241972,万亿元,M,,https://www.pbc.gov.cn/diaochatongjisi/attachDir/2025/11/2025111816065225038.xls,人民银行人民币信贷收支表；月末余额，亿元÷10000=万亿元；非当月新增贷款
loan_household_long,CHN,2020-12,47.680157,万亿元,M,,https://www.pbc.gov.cn/diaochatongjisi/attachDir/2025/11/2025111816065225038.xls,人民银行人民币信贷收支表；月末余额，亿元÷10000=万亿元；非当月新增贷款
loan_household_long,CHN,2021-01,48.653632,万亿元,M,,https://www.pbc.gov.cn/diaochatongjisi/attachDir/2025/11/2025111816273553641.xlsx,人民银行人民币信贷收支表；月末余额，亿元÷10000=万亿元；非当月新增贷款
loan_household_long,CHN,2021-02,49.064902,万亿元,M,,https://www.pbc.gov.cn/diaochatongjisi/attachDir/2025/11/2025111816273553641.xlsx,人民银行人民币信贷收支表；月末余额，亿元÷10000=万亿元；非当月新增贷款
loan_household_long,CHN,2021-03,49.687918,万亿元,M,,https://www.pbc.gov.cn/diaochatongjisi/attachDir/2025/11/2025111816273553641.xlsx,人民银行人民币信贷收支表；月末余额，亿元÷10000=万亿元；非当月新增贷款
loan_household_long,CHN,2021-04,50.179733,万亿元,M,,https://www.pbc.gov.cn/diaochatongjisi/attachDir/2025/11/2025111816273553641.xlsx,人民银行人民币信贷收支表；月末余额，亿元÷10000=万亿元；非当月新增贷款
loan_household_long,CHN,2021-05,50.622359,万亿元,M,,https://www.pbc.gov.cn/diaochatongjisi/attachDir/2025/11/2025111816273553641.xlsx,人民银行人民币信贷收支表；月末余额，亿元÷10000=万亿元；非当月新增贷款
loan_household_long,CHN,2021-06,51.138974,万亿元,M,,https://www.pbc.gov.cn/diaochatongjisi/attachDir/2025/11/2025111816273553641.xlsx,人民银行人民币信贷收支表；月末余额，亿元÷10000=万亿元；非当月新增贷款
loan_household_long,CHN,2021-07,51.536404,万亿元,M,,https://www.pbc.gov.cn/diaochatongjisi/attachDir/2025/11/2025111816273553641.xlsx,人民银行人民币信贷收支表；月末余额，亿元÷10000=万亿元；非当月新增贷款
loan_household_long,CHN,2021-08,51.962314,万亿元,M,,https://www.pbc.gov.cn/diaochatongjisi/attachDir/2025/11/2025111816273553641.xlsx,人民银行人民币信贷收支表；月末余额，亿元÷10000=万亿元；非当月新增贷款
loan_household_long,CHN,2021-09,52.428379,万亿元,M,,https://www.pbc.gov.cn/diaochatongjisi/attachDir/2025/11/2025111816273553641.xlsx,人民银行人民币信贷收支表；月末余额，亿元÷10000=万亿元；非当月新增贷款
loan_household_long,CHN,2021-10,52.850474,万亿元,M,,https://www.pbc.gov.cn/diaochatongjisi/attachDir/2025/11/2025111816273553641.xlsx,人民银行人民币信贷收支表；月末余额，亿元÷10000=万亿元；非当月新增贷款
loan_household_long,CHN,2021-11,53.432556,万亿元,M,,https://www.pbc.gov.cn/diaochatongjisi/attachDir/2025/11/2025111816273553641.xlsx,人民银行人民币信贷收支表；月末余额，亿元÷10000=万亿元；非当月新增贷款
loan_household_long,CHN,2021-12,53.784724,万亿元,M,,https://www.pbc.gov.cn/diaochatongjisi/attachDir/2025/11/2025111816273553641.xlsx,人民银行人民币信贷收支表；月末余额，亿元÷10000=万亿元；非当月新增贷款
loan_household_long,CHN,2022-01,54.523838,万亿元,M,,https://www.pbc.gov.cn/diaochatongjisi/attachDir/2025/11/2025111816420126728.xls,人民银行人民币信贷收支表；月末余额，亿元÷10000=万亿元；非当月新增贷款
loan_household_long,CHN,2022-02,54.477986,万亿元,M,,https://www.pbc.gov.cn/diaochatongjisi/attachDir/2025/11/2025111816420126728.xls,人民银行人民币信贷收支表；月末余额，亿元÷10000=万亿元；非当月新增贷款
loan_household_long,CHN,2022-03,54.847078,万亿元,M,,https://www.pbc.gov.cn/diaochatongjisi/attachDir/2025/11/2025111816420126728.xls,人民银行人民币信贷收支表；月末余额，亿元÷10000=万亿元；非当月新增贷款
loan_household_long,CHN,2022-04,54.815706,万亿元,M,,https://www.pbc.gov.cn/diaochatongjisi/attachDir/2025/11/2025111816420126728.xls,人民银行人民币信贷收支表；月末余额，亿元÷10000=万亿元；非当月新增贷款
loan_household_long,CHN,2022-05,54.920454,万亿元,M,,https://www.pbc.gov.cn/diaochatongjisi/attachDir/2025/11/2025111816420126728.xls,人民银行人民币信贷收支表；月末余额，亿元÷10000=万亿元；非当月新增贷款
loan_household_long,CHN,2022-06,55.344511,万亿元,M,,https://www.pbc.gov.cn/diaochatongjisi/attachDir/2025/11/2025111816420126728.xls,人民银行人民币信贷收支表；月末余额，亿元÷10000=万亿元；非当月新增贷款
loan_household_long,CHN,2022-07,55.493072,万亿元,M,,https://www.pbc.gov.cn/diaochatongjisi/attachDir/2025/11/2025111816420126728.xls,人民银行人民币信贷收支表；月末余额，亿元÷10000=万亿元；非当月新增贷款
loan_household_long,CHN,2022-08,55.758822,万亿元,M,,https://www.pbc.gov.cn/diaochatongjisi/attachDir/2025/11/2025111816420126728.xls,人民银行人民币信贷收支表；月末余额，亿元÷10000=万亿元；非当月新增贷款
loan_household_long,CHN,2022-09,56.105941,万亿元,M,,https://www.pbc.gov.cn/diaochatongjisi/attachDir/2025/11/2025111816420126728.xls,人民银行人民币信贷收支表；月末余额，亿元÷10000=万亿元；非当月新增贷款
loan_household_long,CHN,2022-10,56.139157,万亿元,M,,https://www.pbc.gov.cn/diaochatongjisi/attachDir/2025/11/2025111816420126728.xls,人民银行人民币信贷收支表；月末余额，亿元÷10000=万亿元；非当月新增贷款
loan_household_long,CHN,2022-11,56.349414,万亿元,M,,https://www.pbc.gov.cn/diaochatongjisi/attachDir/2025/11/2025111816420126728.xls,人民银行人民币信贷收支表；月末余额，亿元÷10000=万亿元；非当月新增贷款
loan_household_long,CHN,2022-12,56.534159,万亿元,M,,https://www.pbc.gov.cn/diaochatongjisi/attachDir/2025/11/2025111816420126728.xls,人民银行人民币信贷收支表；月末余额，亿元÷10000=万亿元；非当月新增贷款
loan_household_long,CHN,2023-01,57.06117,万亿元,M,,https://www.pbc.gov.cn/diaochatongjisi/attachDir/2025/11/2025111817162649674.xlsx,人民银行人民币信贷收支表；月末余额，亿元÷10000=万亿元；非当月新增贷款
loan_household_long,CHN,2023-02,57.14752,万亿元,M,,https://www.pbc.gov.cn/diaochatongjisi/attachDir/2025/11/2025111817162649674.xlsx,人民银行人民币信贷收支表；月末余额，亿元÷10000=万亿元；非当月新增贷款
loan_household_long,CHN,2023-03,57.782302,万亿元,M,,https://www.pbc.gov.cn/diaochatongjisi/attachDir/2025/11/2025111817162649674.xlsx,人民银行人民币信贷收支表；月末余额，亿元÷10000=万亿元；非当月新增贷款
loan_household_long,CHN,2023-04,57.666711,万亿元,M,,https://www.pbc.gov.cn/diaochatongjisi/attachDir/2025/11/2025111817162649674.xlsx,人民银行人民币信贷收支表；月末余额，亿元÷10000=万亿元；非当月新增贷款
loan_household_long,CHN,2023-05,57.835068,万亿元,M,,https://www.pbc.gov.cn/diaochatongjisi/attachDir/2025/11/2025111817162649674.xlsx,人民银行人民币信贷收支表；月末余额，亿元÷10000=万亿元；非当月新增贷款
loan_household_long,CHN,2023-06,58.300829,万亿元,M,,https://www.pbc.gov.cn/diaochatongjisi/attachDir/2025/11/2025111817162649674.xlsx,人民银行人民币信贷收支表；月末余额，亿元÷10000=万亿元；非当月新增贷款
loan_household_long,CHN,2023-07,58.23365,万亿元,M,,https://www.pbc.gov.cn/diaochatongjisi/attachDir/2025/11/2025111817162649674.xlsx,人民银行人民币信贷收支表；月末余额，亿元÷10000=万亿元；非当月新增贷款
loan_household_long,CHN,2023-08,58.393809,万亿元,M,,https://www.pbc.gov.cn/diaochatongjisi/attachDir/2025/11/2025111817162649674.xlsx,人民银行人民币信贷收支表；月末余额，亿元÷10000=万亿元；非当月新增贷款
loan_household_long,CHN,2023-09,58.937286,万亿元,M,,https://www.pbc.gov.cn/diaochatongjisi/attachDir/2025/11/2025111817162649674.xlsx,人民银行人民币信贷收支表；月末余额，亿元÷10000=万亿元；非当月新增贷款
loan_household_long,CHN,2023-10,59.007982,万亿元,M,,https://www.pbc.gov.cn/diaochatongjisi/attachDir/2025/11/2025111817162649674.xlsx,人民银行人民币信贷收支表；月末余额，亿元÷10000=万亿元；非当月新增贷款
loan_household_long,CHN,2023-11,59.241081,万亿元,M,,https://www.pbc.gov.cn/diaochatongjisi/attachDir/2025/11/2025111817162649674.xlsx,人民银行人民币信贷收支表；月末余额，亿元÷10000=万亿元；非当月新增贷款
loan_household_long,CHN,2023-12,59.388732,万亿元,M,,https://www.pbc.gov.cn/diaochatongjisi/attachDir/2025/11/2025111817162649674.xlsx,人民银行人民币信贷收支表；月末余额，亿元÷10000=万亿元；非当月新增贷款
loan_household_long,CHN,2024-01,60.023043,万亿元,M,,https://www.pbc.gov.cn/diaochatongjisi/attachDir/2025/11/2025111817274124837.xlsx,人民银行人民币信贷收支表；月末余额，亿元÷10000=万亿元；非当月新增贷款
loan_household_long,CHN,2024-02,59.919223,万亿元,M,,https://www.pbc.gov.cn/diaochatongjisi/attachDir/2025/11/2025111817274124837.xlsx,人民银行人民币信贷收支表；月末余额，亿元÷10000=万亿元；非当月新增贷款
loan_household_long,CHN,2024-03,60.37083,万亿元,M,,https://www.pbc.gov.cn/diaochatongjisi/attachDir/2025/11/2025111817274124837.xlsx,人民银行人民币信贷收支表；月末余额，亿元÷10000=万亿元；非当月新增贷款
loan_household_long,CHN,2024-04,60.204205,万亿元,M,,https://www.pbc.gov.cn/diaochatongjisi/attachDir/2025/11/2025111817274124837.xlsx,人民银行人民币信贷收支表；月末余额，亿元÷10000=万亿元；非当月新增贷款
loan_household_long,CHN,2024-05,60.255594,万亿元,M,,https://www.pbc.gov.cn/diaochatongjisi/attachDir/2025/11/2025111817274124837.xlsx,人民银行人民币信贷收支表；月末余额，亿元÷10000=万亿元；非当月新增贷款
loan_household_long,CHN,2024-06,60.578376,万亿元,M,,https://www.pbc.gov.cn/diaochatongjisi/attachDir/2025/11/2025111817274124837.xlsx,人民银行人民币信贷收支表；月末余额，亿元÷10000=万亿元；非当月新增贷款
loan_household_long,CHN,2024-07,60.582016,万亿元,M,,https://www.pbc.gov.cn/diaochatongjisi/attachDir/2025/11/2025111817274124837.xlsx,人民银行人民币信贷收支表；月末余额，亿元÷10000=万亿元；非当月新增贷款
loan_household_long,CHN,2024-08,60.706771,万亿元,M,,https://www.pbc.gov.cn/diaochatongjisi/attachDir/2025/11/2025111817274124837.xlsx,人民银行人民币信贷收支表；月末余额，亿元÷10000=万亿元；非当月新增贷款
loan_household_long,CHN,2024-09,60.930896,万亿元,M,,https://www.pbc.gov.cn/diaochatongjisi/attachDir/2025/11/2025111817274124837.xlsx,人民银行人民币信贷收支表；月末余额，亿元÷10000=万亿元；非当月新增贷款
loan_household_long,CHN,2024-10,61.04167,万亿元,M,,https://www.pbc.gov.cn/diaochatongjisi/attachDir/2025/11/2025111817274124837.xlsx,人民银行人民币信贷收支表；月末余额，亿元÷10000=万亿元；非当月新增贷款
loan_household_long,CHN,2024-11,61.348198,万亿元,M,,https://www.pbc.gov.cn/diaochatongjisi/attachDir/2025/11/2025111817274124837.xlsx,人民银行人民币信贷收支表；月末余额，亿元÷10000=万亿元；非当月新增贷款
loan_household_long,CHN,2024-12,61.647163,万亿元,M,,https://www.pbc.gov.cn/diaochatongjisi/attachDir/2025/11/2025111817274124837.xlsx,人民银行人民币信贷收支表；月末余额，亿元÷10000=万亿元；非当月新增贷款
loan_household_long,CHN,2025-01,62.091839,万亿元,M,,https://www.pbc.gov.cn/diaochatongjisi/attachDir/2026/01/2026011517314370061.xlsx,人民银行人民币信贷收支表；月末余额，亿元÷10000=万亿元；非当月新增贷款
loan_household_long,CHN,2025-02,61.976796,万亿元,M,,https://www.pbc.gov.cn/diaochatongjisi/attachDir/2026/01/2026011517314370061.xlsx,人民银行人民币信贷收支表；月末余额，亿元÷10000=万亿元；非当月新增贷款
loan_household_long,CHN,2025-03,62.481502,万亿元,M,,https://www.pbc.gov.cn/diaochatongjisi/attachDir/2026/01/2026011517314370061.xlsx,人民银行人民币信贷收支表；月末余额，亿元÷10000=万亿元；非当月新增贷款
loan_household_long,CHN,2025-04,62.358359,万亿元,M,,https://www.pbc.gov.cn/diaochatongjisi/attachDir/2026/01/2026011517314370061.xlsx,人民银行人民币信贷收支表；月末余额，亿元÷10000=万亿元；非当月新增贷款
loan_household_long,CHN,2025-05,62.433043,万亿元,M,,https://www.pbc.gov.cn/diaochatongjisi/attachDir/2026/01/2026011517314370061.xlsx,人民银行人民币信贷收支表；月末余额，亿元÷10000=万亿元；非当月新增贷款
loan_household_long,CHN,2025-06,62.76861,万亿元,M,,https://www.pbc.gov.cn/diaochatongjisi/attachDir/2026/01/2026011517314370061.xlsx,人民银行人民币信贷收支表；月末余额，亿元÷10000=万亿元；非当月新增贷款
loan_household_long,CHN,2025-07,62.662033,万亿元,M,,https://www.pbc.gov.cn/diaochatongjisi/attachDir/2026/01/2026011517314370061.xlsx,人民银行人民币信贷收支表；月末余额，亿元÷10000=万亿元；非当月新增贷款
loan_household_long,CHN,2025-08,62.681863,万亿元,M,,https://www.pbc.gov.cn/diaochatongjisi/attachDir/2026/01/2026011517314370061.xlsx,人民银行人民币信贷收支表；月末余额，亿元÷10000=万亿元；非当月新增贷款
loan_household_long,CHN,2025-09,62.931725,万亿元,M,,https://www.pbc.gov.cn/diaochatongjisi/attachDir/2026/01/2026011517314370061.xlsx,人民银行人民币信贷收支表；月末余额，亿元÷10000=万亿元；非当月新增贷款
loan_household_long,CHN,2025-10,62.854915,万亿元,M,,https://www.pbc.gov.cn/diaochatongjisi/attachDir/2026/01/2026011517314370061.xlsx,人民银行人民币信贷收支表；月末余额，亿元÷10000=万亿元；非当月新增贷款
loan_household_long,CHN,2025-11,62.864418,万亿元,M,,https://www.pbc.gov.cn/diaochatongjisi/attachDir/2026/01/2026011517314370061.xlsx,人民银行人民币信贷收支表；月末余额，亿元÷10000=万亿元；非当月新增贷款
loan_household_long,CHN,2025-12,62.875028,万亿元,M,,https://www.pbc.gov.cn/diaochatongjisi/attachDir/2026/01/2026011517314370061.xlsx,人民银行人民币信贷收支表；月末余额，亿元÷10000=万亿元；非当月新增贷款
loan_household_long,CHN,2026-01,63.221842,万亿元,M,,https://www.pbc.gov.cn/diaochatongjisi/attachDir/2026/09/2026091418213884368.xlsx,人民银行人民币信贷收支表；月末余额，亿元÷10000=万亿元；非当月新增贷款
loan_household_long,CHN,2026-02,63.04042,万亿元,M,,https://www.pbc.gov.cn/diaochatongjisi/attachDir/2026/09/2026091418213884368.xlsx,人民银行人民币信贷收支表；月末余额，亿元÷10000=万亿元；非当月新增贷款
loan_household_long,CHN,2026-03,63.335725,万亿元,M,,https://www.pbc.gov.cn/diaochatongjisi/attachDir/2026/09/2026091418213884368.xlsx,人民银行人民币信贷收支表；月末余额，亿元÷10000=万亿元；非当月新增贷款
loan_household_long,CHN,2026-04,62.994895,万亿元,M,,https://www.pbc.gov.cn/diaochatongjisi/attachDir/2026/09/2026091418213884368.xlsx,人民银行人民币信贷收支表；月末余额，亿元÷10000=万亿元；非当月新增贷款
loan_household_long,CHN,2026-05,62.937774,万亿元,M,,https://www.pbc.gov.cn/diaochatongjisi/attachDir/2026/09/2026091418213884368.xlsx,人民银行人民币信贷收支表；月末余额，亿元÷10000=万亿元；非当月新增贷款
loan_household_long,CHN,2026-06,63.09621,万亿元,M,,https://www.pbc.gov.cn/diaochatongjisi/attachDir/2026/09/2026091418213884368.xlsx,人民银行人民币信贷收支表；月末余额，亿元÷10000=万亿元；非当月新增贷款
loan_household_long,CHN,2026-07,62.975995,万亿元,M,,https://www.pbc.gov.cn/diaochatongjisi/attachDir/2026/09/2026091418213884368.xlsx,人民银行人民币信贷收支表；月末余额，亿元÷10000=万亿元；非当月新增贷款
loan_household_long,CHN,2026-08,62.893771,万亿元,M,,https://www.pbc.gov.cn/diaochatongjisi/attachDir/2026/09/2026091418213884368.xlsx,人民银行人民币信贷收支表；月末余额，亿元÷10000=万亿元；非当月新增贷款
loan_household_short,CHN,2007-01,1.335003,万亿元,M,,https://www.pbc.gov.cn/eportal/fileDir/defaultCurSite/resource/cms/2015/07/2007S03a.htm,人民银行人民币信贷收支表；月末余额，亿元÷10000=万亿元；非当月新增贷款；同表消费性＋经营性贷款相加
loan_household_short,CHN,2007-02,1.373816,万亿元,M,,https://www.pbc.gov.cn/eportal/fileDir/defaultCurSite/resource/cms/2015/07/2007S03a.htm,人民银行人民币信贷收支表；月末余额，亿元÷10000=万亿元；非当月新增贷款；同表消费性＋经营性贷款相加
loan_household_short,CHN,2007-03,1.425277,万亿元,M,,https://www.pbc.gov.cn/eportal/fileDir/defaultCurSite/resource/cms/2015/07/2007S03a.htm,人民银行人民币信贷收支表；月末余额，亿元÷10000=万亿元；非当月新增贷款；同表消费性＋经营性贷款相加
loan_household_short,CHN,2007-04,1.490119,万亿元,M,,https://www.pbc.gov.cn/eportal/fileDir/defaultCurSite/resource/cms/2015/07/2007S03a.htm,人民银行人民币信贷收支表；月末余额，亿元÷10000=万亿元；非当月新增贷款；同表消费性＋经营性贷款相加
loan_household_short,CHN,2007-05,1.52925,万亿元,M,,https://www.pbc.gov.cn/eportal/fileDir/defaultCurSite/resource/cms/2015/07/2007S03a.htm,人民银行人民币信贷收支表；月末余额，亿元÷10000=万亿元；非当月新增贷款；同表消费性＋经营性贷款相加
loan_household_short,CHN,2007-06,1.565339,万亿元,M,,https://www.pbc.gov.cn/eportal/fileDir/defaultCurSite/resource/cms/2015/07/2007S03a.htm,人民银行人民币信贷收支表；月末余额，亿元÷10000=万亿元；非当月新增贷款；同表消费性＋经营性贷款相加
loan_household_short,CHN,2007-07,1.587732,万亿元,M,,https://www.pbc.gov.cn/eportal/fileDir/defaultCurSite/resource/cms/2015/07/2007S03a.htm,人民银行人民币信贷收支表；月末余额，亿元÷10000=万亿元；非当月新增贷款；同表消费性＋经营性贷款相加
loan_household_short,CHN,2007-08,1.615734,万亿元,M,,https://www.pbc.gov.cn/eportal/fileDir/defaultCurSite/resource/cms/2015/07/2007S03a.htm,人民银行人民币信贷收支表；月末余额，亿元÷10000=万亿元；非当月新增贷款；同表消费性＋经营性贷款相加
loan_household_short,CHN,2007-09,1.640884,万亿元,M,,https://www.pbc.gov.cn/eportal/fileDir/defaultCurSite/resource/cms/2015/07/2007S03a.htm,人民银行人民币信贷收支表；月末余额，亿元÷10000=万亿元；非当月新增贷款；同表消费性＋经营性贷款相加
loan_household_short,CHN,2007-10,1.643558,万亿元,M,,https://www.pbc.gov.cn/eportal/fileDir/defaultCurSite/resource/cms/2015/07/2007S03a.htm,人民银行人民币信贷收支表；月末余额，亿元÷10000=万亿元；非当月新增贷款；同表消费性＋经营性贷款相加
loan_household_short,CHN,2007-11,1.62612,万亿元,M,,https://www.pbc.gov.cn/eportal/fileDir/defaultCurSite/resource/cms/2015/07/2007S03a.htm,人民银行人民币信贷收支表；月末余额，亿元÷10000=万亿元；非当月新增贷款；同表消费性＋经营性贷款相加
loan_household_short,CHN,2007-12,1.589601,万亿元,M,,https://www.pbc.gov.cn/eportal/fileDir/defaultCurSite/resource/cms/2015/07/2007S03a.htm,人民银行人民币信贷收支表；月末余额，亿元÷10000=万亿元；非当月新增贷款；同表消费性＋经营性贷款相加
loan_household_short,CHN,2008-01,1.629946,万亿元,M,,https://www.pbc.gov.cn/eportal/fileDir/defaultCurSite/resource/cms/2015/07/2008S03a.htm,人民银行人民币信贷收支表；月末余额，亿元÷10000=万亿元；非当月新增贷款；同表消费性＋经营性贷款相加
loan_household_short,CHN,2008-02,1.6313,万亿元,M,,https://www.pbc.gov.cn/eportal/fileDir/defaultCurSite/resource/cms/2015/07/2008S03a.htm,人民银行人民币信贷收支表；月末余额，亿元÷10000=万亿元；非当月新增贷款；同表消费性＋经营性贷款相加
loan_household_short,CHN,2008-03,1.68806,万亿元,M,,https://www.pbc.gov.cn/eportal/fileDir/defaultCurSite/resource/cms/2015/07/2008S03a.htm,人民银行人民币信贷收支表；月末余额，亿元÷10000=万亿元；非当月新增贷款；同表消费性＋经营性贷款相加
loan_household_short,CHN,2008-04,1.732572,万亿元,M,,https://www.pbc.gov.cn/eportal/fileDir/defaultCurSite/resource/cms/2015/07/2008S03a.htm,人民银行人民币信贷收支表；月末余额，亿元÷10000=万亿元；非当月新增贷款；同表消费性＋经营性贷款相加
loan_household_short,CHN,2008-05,1.759604,万亿元,M,,https://www.pbc.gov.cn/eportal/fileDir/defaultCurSite/resource/cms/2015/07/2008S03a.htm,人民银行人民币信贷收支表；月末余额，亿元÷10000=万亿元；非当月新增贷款；同表消费性＋经营性贷款相加
loan_household_short,CHN,2008-06,1.78677,万亿元,M,,https://www.pbc.gov.cn/eportal/fileDir/defaultCurSite/resource/cms/2015/07/2008S03a.htm,人民银行人民币信贷收支表；月末余额，亿元÷10000=万亿元；非当月新增贷款；同表消费性＋经营性贷款相加
loan_household_short,CHN,2008-07,1.798275,万亿元,M,,https://www.pbc.gov.cn/eportal/fileDir/defaultCurSite/resource/cms/2015/07/2008S03a.htm,人民银行人民币信贷收支表；月末余额，亿元÷10000=万亿元；非当月新增贷款；同表消费性＋经营性贷款相加
loan_household_short,CHN,2008-08,1.821376,万亿元,M,,https://www.pbc.gov.cn/eportal/fileDir/defaultCurSite/resource/cms/2015/07/2008S03a.htm,人民银行人民币信贷收支表；月末余额，亿元÷10000=万亿元；非当月新增贷款；同表消费性＋经营性贷款相加
loan_household_short,CHN,2008-09,1.852681,万亿元,M,,https://www.pbc.gov.cn/eportal/fileDir/defaultCurSite/resource/cms/2015/07/2008S03a.htm,人民银行人民币信贷收支表；月末余额，亿元÷10000=万亿元；非当月新增贷款；同表消费性＋经营性贷款相加
loan_household_short,CHN,2008-10,1.854555,万亿元,M,,https://www.pbc.gov.cn/eportal/fileDir/defaultCurSite/resource/cms/2015/07/2008S03a.htm,人民银行人民币信贷收支表；月末余额，亿元÷10000=万亿元；非当月新增贷款；同表消费性＋经营性贷款相加
loan_household_short,CHN,2008-11,1.85477,万亿元,M,,https://www.pbc.gov.cn/eportal/fileDir/defaultCurSite/resource/cms/2015/07/2008S03a.htm,人民银行人民币信贷收支表；月末余额，亿元÷10000=万亿元；非当月新增贷款；同表消费性＋经营性贷款相加
loan_household_short,CHN,2008-12,1.869142,万亿元,M,,https://www.pbc.gov.cn/eportal/fileDir/defaultCurSite/resource/cms/2015/07/2008S03a.htm,人民银行人民币信贷收支表；月末余额，亿元÷10000=万亿元；非当月新增贷款；同表消费性＋经营性贷款相加
loan_household_short,CHN,2009-01,1.897898,万亿元,M,,https://www.pbc.gov.cn/eportal/fileDir/defaultCurSite/resource/cms/2015/07/2009s03a.htm,人民银行人民币信贷收支表；月末余额，亿元÷10000=万亿元；非当月新增贷款；同表消费性＋经营性贷款相加
loan_household_short,CHN,2009-02,1.928265,万亿元,M,,https://www.pbc.gov.cn/eportal/fileDir/defaultCurSite/resource/cms/2015/07/2009s03a.htm,人民银行人民币信贷收支表；月末余额，亿元÷10000=万亿元；非当月新增贷款；同表消费性＋经营性贷款相加
loan_household_short,CHN,2009-03,2.070729,万亿元,M,,https://www.pbc.gov.cn/eportal/fileDir/defaultCurSite/resource/cms/2015/07/2009s03a.htm,人民银行人民币信贷收支表；月末余额，亿元÷10000=万亿元；非当月新增贷款；同表消费性＋经营性贷款相加
loan_household_short,CHN,2009-04,2.119592,万亿元,M,,https://www.pbc.gov.cn/eportal/fileDir/defaultCurSite/resource/cms/2015/07/2009s03a.htm,人民银行人民币信贷收支表；月末余额，亿元÷10000=万亿元；非当月新增贷款；同表消费性＋经营性贷款相加
loan_household_short,CHN,2009-05,2.206486,万亿元,M,,https://www.pbc.gov.cn/eportal/fileDir/defaultCurSite/resource/cms/2015/07/2009s03a.htm,人民银行人民币信贷收支表；月末余额，亿元÷10000=万亿元；非当月新增贷款；同表消费性＋经营性贷款相加
loan_household_short,CHN,2009-06,2.301413,万亿元,M,,https://www.pbc.gov.cn/eportal/fileDir/defaultCurSite/resource/cms/2015/07/2009s03a.htm,人民银行人民币信贷收支表；月末余额，亿元÷10000=万亿元；非当月新增贷款；同表消费性＋经营性贷款相加
loan_household_short,CHN,2009-07,2.354775,万亿元,M,,https://www.pbc.gov.cn/eportal/fileDir/defaultCurSite/resource/cms/2015/07/2009s03a.htm,人民银行人民币信贷收支表；月末余额，亿元÷10000=万亿元；非当月新增贷款；同表消费性＋经营性贷款相加
loan_household_short,CHN,2009-08,2.425497,万亿元,M,,https://www.pbc.gov.cn/eportal/fileDir/defaultCurSite/resource/cms/2015/07/2009s03a.htm,人民银行人民币信贷收支表；月末余额，亿元÷10000=万亿元；非当月新增贷款；同表消费性＋经营性贷款相加
loan_household_short,CHN,2009-09,2.502992,万亿元,M,,https://www.pbc.gov.cn/eportal/fileDir/defaultCurSite/resource/cms/2015/07/2009s03a.htm,人民银行人民币信贷收支表；月末余额，亿元÷10000=万亿元；非当月新增贷款；同表消费性＋经营性贷款相加
loan_household_short,CHN,2009-10,2.521972,万亿元,M,,https://www.pbc.gov.cn/eportal/fileDir/defaultCurSite/resource/cms/2015/07/2009s03a.htm,人民银行人民币信贷收支表；月末余额，亿元÷10000=万亿元；非当月新增贷款；同表消费性＋经营性贷款相加
loan_household_short,CHN,2009-11,2.558489,万亿元,M,,https://www.pbc.gov.cn/eportal/fileDir/defaultCurSite/resource/cms/2015/07/2009s03a.htm,人民银行人民币信贷收支表；月末余额，亿元÷10000=万亿元；非当月新增贷款；同表消费性＋经营性贷款相加
loan_household_short,CHN,2009-12,2.592781,万亿元,M,,https://www.pbc.gov.cn/eportal/fileDir/defaultCurSite/resource/cms/2015/07/2009s03a.htm,人民银行人民币信贷收支表；月末余额，亿元÷10000=万亿元；非当月新增贷款；同表消费性＋经营性贷款相加
loan_household_short,CHN,2010-01,2.652131,万亿元,M,,https://www.pbc.gov.cn/eportal/fileDir/defaultCurSite/resource/cms/2015/07/2010s03a.htm,人民银行人民币信贷收支表；月末余额，亿元÷10000=万亿元；非当月新增贷款；同表消费性＋经营性贷款相加
loan_household_short,CHN,2010-02,2.698758,万亿元,M,,https://www.pbc.gov.cn/eportal/fileDir/defaultCurSite/resource/cms/2015/07/2010s03a.htm,人民银行人民币信贷收支表；月末余额，亿元÷10000=万亿元；非当月新增贷款；同表消费性＋经营性贷款相加
loan_household_short,CHN,2010-03,2.803906,万亿元,M,,https://www.pbc.gov.cn/eportal/fileDir/defaultCurSite/resource/cms/2015/07/2010s03a.htm,人民银行人民币信贷收支表；月末余额，亿元÷10000=万亿元；非当月新增贷款；同表消费性＋经营性贷款相加
loan_household_short,CHN,2010-04,2.897872,万亿元,M,,https://www.pbc.gov.cn/eportal/fileDir/defaultCurSite/resource/cms/2015/07/2010s03a.htm,人民银行人民币信贷收支表；月末余额，亿元÷10000=万亿元；非当月新增贷款；同表消费性＋经营性贷款相加
loan_household_short,CHN,2010-05,2.969278,万亿元,M,,https://www.pbc.gov.cn/eportal/fileDir/defaultCurSite/resource/cms/2015/07/2010s03a.htm,人民银行人民币信贷收支表；月末余额，亿元÷10000=万亿元；非当月新增贷款；同表消费性＋经营性贷款相加
loan_household_short,CHN,2010-06,3.060836,万亿元,M,,https://www.pbc.gov.cn/eportal/fileDir/defaultCurSite/resource/cms/2015/07/2010s03a.htm,人民银行人民币信贷收支表；月末余额，亿元÷10000=万亿元；非当月新增贷款；同表消费性＋经营性贷款相加
loan_household_short,CHN,2010-07,3.106919,万亿元,M,,https://www.pbc.gov.cn/eportal/fileDir/defaultCurSite/resource/cms/2015/07/2010s03a.htm,人民银行人民币信贷收支表；月末余额，亿元÷10000=万亿元；非当月新增贷款；同表消费性＋经营性贷款相加
loan_household_short,CHN,2010-08,3.196607,万亿元,M,,https://www.pbc.gov.cn/eportal/fileDir/defaultCurSite/resource/cms/2015/07/2010s03a.htm,人民银行人民币信贷收支表；月末余额，亿元÷10000=万亿元；非当月新增贷款；同表消费性＋经营性贷款相加
loan_household_short,CHN,2010-09,3.29585,万亿元,M,,https://www.pbc.gov.cn/eportal/fileDir/defaultCurSite/resource/cms/2015/07/2010s03a.htm,人民银行人民币信贷收支表；月末余额，亿元÷10000=万亿元；非当月新增贷款；同表消费性＋经营性贷款相加
loan_household_short,CHN,2010-10,3.342524,万亿元,M,,https://www.pbc.gov.cn/eportal/fileDir/defaultCurSite/resource/cms/2015/07/2010s03a.htm,人民银行人民币信贷收支表；月末余额，亿元÷10000=万亿元；非当月新增贷款；同表消费性＋经营性贷款相加
loan_household_short,CHN,2010-11,3.39532,万亿元,M,,https://www.pbc.gov.cn/eportal/fileDir/defaultCurSite/resource/cms/2015/07/2010s03a.htm,人民银行人民币信贷收支表；月末余额，亿元÷10000=万亿元；非当月新增贷款；同表消费性＋经营性贷款相加
loan_household_short,CHN,2010-12,3.434734,万亿元,M,,https://www.pbc.gov.cn/eportal/fileDir/defaultCurSite/resource/cms/2015/07/2010s03a.htm,人民银行人民币信贷收支表；月末余额，亿元÷10000=万亿元；非当月新增贷款；同表消费性＋经营性贷款相加
loan_household_short,CHN,2011-01,3.557759,万亿元,M,,https://www.pbc.gov.cn/eportal/fileDir/defaultCurSite/resource/cms/2015/07/2011s03a.htm,人民银行人民币信贷收支表；月末余额，亿元÷10000=万亿元；非当月新增贷款；同表消费性＋经营性贷款相加
loan_household_short,CHN,2011-02,3.558444,万亿元,M,,https://www.pbc.gov.cn/eportal/fileDir/defaultCurSite/resource/cms/2015/07/2011s03a.htm,人民银行人民币信贷收支表；月末余额，亿元÷10000=万亿元；非当月新增贷款；同表消费性＋经营性贷款相加
loan_household_short,CHN,2011-03,3.706863,万亿元,M,,https://www.pbc.gov.cn/eportal/fileDir/defaultCurSite/resource/cms/2015/07/2011s03a.htm,人民银行人民币信贷收支表；月末余额，亿元÷10000=万亿元；非当月新增贷款；同表消费性＋经营性贷款相加
loan_household_short,CHN,2011-04,3.811719,万亿元,M,,https://www.pbc.gov.cn/eportal/fileDir/defaultCurSite/resource/cms/2015/07/2011s03a.htm,人民银行人民币信贷收支表；月末余额，亿元÷10000=万亿元；非当月新增贷款；同表消费性＋经营性贷款相加
loan_household_short,CHN,2011-05,3.902877,万亿元,M,,https://www.pbc.gov.cn/eportal/fileDir/defaultCurSite/resource/cms/2015/07/2011s03a.htm,人民银行人民币信贷收支表；月末余额，亿元÷10000=万亿元；非当月新增贷款；同表消费性＋经营性贷款相加
loan_household_short,CHN,2011-06,4.02001,万亿元,M,,https://www.pbc.gov.cn/eportal/fileDir/defaultCurSite/resource/cms/2015/07/2011s03a.htm,人民银行人民币信贷收支表；月末余额，亿元÷10000=万亿元；非当月新增贷款；同表消费性＋经营性贷款相加
loan_household_short,CHN,2011-07,4.074088,万亿元,M,,https://www.pbc.gov.cn/eportal/fileDir/defaultCurSite/resource/cms/2015/07/2011s03a.htm,人民银行人民币信贷收支表；月末余额，亿元÷10000=万亿元；非当月新增贷款；同表消费性＋经营性贷款相加
loan_household_short,CHN,2011-08,4.161966,万亿元,M,,https://www.pbc.gov.cn/eportal/fileDir/defaultCurSite/resource/cms/2015/07/2011s03a.htm,人民银行人民币信贷收支表；月末余额，亿元÷10000=万亿元；非当月新增贷款；同表消费性＋经营性贷款相加
loan_household_short,CHN,2011-09,4.25051,万亿元,M,,https://www.pbc.gov.cn/eportal/fileDir/defaultCurSite/resource/cms/2015/07/2011s03a.htm,人民银行人民币信贷收支表；月末余额，亿元÷10000=万亿元；非当月新增贷款；同表消费性＋经营性贷款相加
loan_household_short,CHN,2011-10,4.283648,万亿元,M,,https://www.pbc.gov.cn/eportal/fileDir/defaultCurSite/resource/cms/2015/07/2011s03a.htm,人民银行人民币信贷收支表；月末余额，亿元÷10000=万亿元；非当月新增贷款；同表消费性＋经营性贷款相加
loan_household_short,CHN,2011-11,4.31365,万亿元,M,,https://www.pbc.gov.cn/eportal/fileDir/defaultCurSite/resource/cms/2015/07/2011s03a.htm,人民银行人民币信贷收支表；月末余额，亿元÷10000=万亿元；非当月新增贷款；同表消费性＋经营性贷款相加
loan_household_short,CHN,2011-12,4.375263,万亿元,M,,https://www.pbc.gov.cn/eportal/fileDir/defaultCurSite/resource/cms/2015/07/2011s03a.htm,人民银行人民币信贷收支表；月末余额，亿元÷10000=万亿元；非当月新增贷款；同表消费性＋经营性贷款相加
loan_household_short,CHN,2012-01,4.409852,万亿元,M,,https://www.pbc.gov.cn/eportal/fileDir/defaultCurSite/resource/cms/2015/07/2012s03a.htm,人民银行人民币信贷收支表；月末余额，亿元÷10000=万亿元；非当月新增贷款；同表消费性＋经营性贷款相加
loan_household_short,CHN,2012-02,4.442592,万亿元,M,,https://www.pbc.gov.cn/eportal/fileDir/defaultCurSite/resource/cms/2015/07/2012s03a.htm,人民银行人民币信贷收支表；月末余额，亿元÷10000=万亿元；非当月新增贷款；同表消费性＋经营性贷款相加
loan_household_short,CHN,2012-03,4.631368,万亿元,M,,https://www.pbc.gov.cn/eportal/fileDir/defaultCurSite/resource/cms/2015/07/2012s03a.htm,人民银行人民币信贷收支表；月末余额，亿元÷10000=万亿元；非当月新增贷款；同表消费性＋经营性贷款相加
loan_household_short,CHN,2012-04,4.710656,万亿元,M,,https://www.pbc.gov.cn/eportal/fileDir/defaultCurSite/resource/cms/2015/07/2012s03a.htm,人民银行人民币信贷收支表；月末余额，亿元÷10000=万亿元；非当月新增贷款；同表消费性＋经营性贷款相加
loan_household_short,CHN,2012-05,4.825039,万亿元,M,,https://www.pbc.gov.cn/eportal/fileDir/defaultCurSite/resource/cms/2015/07/2012s03a.htm,人民银行人民币信贷收支表；月末余额，亿元÷10000=万亿元；非当月新增贷款；同表消费性＋经营性贷款相加
loan_household_short,CHN,2012-06,4.977753,万亿元,M,,https://www.pbc.gov.cn/eportal/fileDir/defaultCurSite/resource/cms/2015/07/2012s03a.htm,人民银行人民币信贷收支表；月末余额，亿元÷10000=万亿元；非当月新增贷款；同表消费性＋经营性贷款相加
loan_household_short,CHN,2012-07,5.043818,万亿元,M,,https://www.pbc.gov.cn/eportal/fileDir/defaultCurSite/resource/cms/2015/07/2012s03a.htm,人民银行人民币信贷收支表；月末余额，亿元÷10000=万亿元；非当月新增贷款；同表消费性＋经营性贷款相加
loan_household_short,CHN,2012-08,5.160616,万亿元,M,,https://www.pbc.gov.cn/eportal/fileDir/defaultCurSite/resource/cms/2015/07/2012s03a.htm,人民银行人民币信贷收支表；月末余额，亿元÷10000=万亿元；非当月新增贷款；同表消费性＋经营性贷款相加
loan_household_short,CHN,2012-09,5.334087,万亿元,M,,https://www.pbc.gov.cn/eportal/fileDir/defaultCurSite/resource/cms/2015/07/2012s03a.htm,人民银行人民币信贷收支表；月末余额，亿元÷10000=万亿元；非当月新增贷款；同表消费性＋经营性贷款相加
loan_household_short,CHN,2012-10,5.364546,万亿元,M,,https://www.pbc.gov.cn/eportal/fileDir/defaultCurSite/resource/cms/2015/07/2012s03a.htm,人民银行人民币信贷收支表；月末余额，亿元÷10000=万亿元；非当月新增贷款；同表消费性＋经营性贷款相加
loan_household_short,CHN,2012-11,5.453879,万亿元,M,,https://www.pbc.gov.cn/eportal/fileDir/defaultCurSite/resource/cms/2015/07/2012s03a.htm,人民银行人民币信贷收支表；月末余额，亿元÷10000=万亿元；非当月新增贷款；同表消费性＋经营性贷款相加
loan_household_short,CHN,2012-12,5.560252,万亿元,M,,https://www.pbc.gov.cn/eportal/fileDir/defaultCurSite/resource/cms/2015/07/2012s03a.htm,人民银行人民币信贷收支表；月末余额，亿元÷10000=万亿元；非当月新增贷款；同表消费性＋经营性贷款相加
loan_household_short,CHN,2013-01,5.752327,万亿元,M,,https://www.pbc.gov.cn/eportal/fileDir/defaultCurSite/resource/cms/2015/07/2013s03a.htm,人民银行人民币信贷收支表；月末余额，亿元÷10000=万亿元；非当月新增贷款；同表消费性＋经营性贷款相加
loan_household_short,CHN,2013-02,5.735595,万亿元,M,,https://www.pbc.gov.cn/eportal/fileDir/defaultCurSite/resource/cms/2015/07/2013s03a.htm,人民银行人民币信贷收支表；月末余额，亿元÷10000=万亿元；非当月新增贷款；同表消费性＋经营性贷款相加
loan_household_short,CHN,2013-03,5.946669,万亿元,M,,https://www.pbc.gov.cn/eportal/fileDir/defaultCurSite/resource/cms/2015/07/2013s03a.htm,人民银行人民币信贷收支表；月末余额，亿元÷10000=万亿元；非当月新增贷款；同表消费性＋经营性贷款相加
loan_household_short,CHN,2013-04,6.087309,万亿元,M,,https://www.pbc.gov.cn/eportal/fileDir/defaultCurSite/resource/cms/2015/07/2013s03a.htm,人民银行人民币信贷收支表；月末余额，亿元÷10000=万亿元；非当月新增贷款；同表消费性＋经营性贷款相加
loan_household_short,CHN,2013-05,6.240477,万亿元,M,,https://www.pbc.gov.cn/eportal/fileDir/defaultCurSite/resource/cms/2015/07/2013s03a.htm,人民银行人民币信贷收支表；月末余额，亿元÷10000=万亿元；非当月新增贷款；同表消费性＋经营性贷款相加
loan_household_short,CHN,2013-06,6.395757,万亿元,M,,https://www.pbc.gov.cn/eportal/fileDir/defaultCurSite/resource/cms/2015/07/2013s03a.htm,人民银行人民币信贷收支表；月末余额，亿元÷10000=万亿元；非当月新增贷款；同表消费性＋经营性贷款相加
loan_household_short,CHN,2013-07,6.507389,万亿元,M,,https://www.pbc.gov.cn/eportal/fileDir/defaultCurSite/resource/cms/2015/07/2013s03a.htm,人民银行人民币信贷收支表；月末余额，亿元÷10000=万亿元；非当月新增贷款；同表消费性＋经营性贷款相加
loan_household_short,CHN,2013-08,6.65536,万亿元,M,,https://www.pbc.gov.cn/eportal/fileDir/defaultCurSite/resource/cms/2015/07/2013s03a.htm,人民银行人民币信贷收支表；月末余额，亿元÷10000=万亿元；非当月新增贷款；同表消费性＋经营性贷款相加
loan_household_short,CHN,2013-09,6.822367,万亿元,M,,https://www.pbc.gov.cn/eportal/fileDir/defaultCurSite/resource/cms/2015/07/2013s03a.htm,人民银行人民币信贷收支表；月末余额，亿元÷10000=万亿元；非当月新增贷款；同表消费性＋经营性贷款相加
loan_household_short,CHN,2013-10,6.873791,万亿元,M,,https://www.pbc.gov.cn/eportal/fileDir/defaultCurSite/resource/cms/2015/07/2013s03a.htm,人民银行人民币信贷收支表；月末余额，亿元÷10000=万亿元；非当月新增贷款；同表消费性＋经营性贷款相加
loan_household_short,CHN,2013-11,6.953618,万亿元,M,,https://www.pbc.gov.cn/eportal/fileDir/defaultCurSite/resource/cms/2015/07/2013s03a.htm,人民银行人民币信贷收支表；月末余额，亿元÷10000=万亿元；非当月新增贷款；同表消费性＋经营性贷款相加
loan_household_short,CHN,2013-12,7.014336,万亿元,M,,https://www.pbc.gov.cn/eportal/fileDir/defaultCurSite/resource/cms/2015/07/2013s03a.htm,人民银行人民币信贷收支表；月末余额，亿元÷10000=万亿元；非当月新增贷款；同表消费性＋经营性贷款相加
loan_household_short,CHN,2014-01,7.19416,万亿元,M,,https://www.pbc.gov.cn/eportal/fileDir/defaultCurSite/resource/cms/2015/07/2014s03a.htm,人民银行人民币信贷收支表；月末余额，亿元÷10000=万亿元；非当月新增贷款；同表消费性＋经营性贷款相加
loan_household_short,CHN,2014-02,7.119575,万亿元,M,,https://www.pbc.gov.cn/eportal/fileDir/defaultCurSite/resource/cms/2015/07/2014s03a.htm,人民银行人民币信贷收支表；月末余额，亿元÷10000=万亿元；非当月新增贷款；同表消费性＋经营性贷款相加
loan_household_short,CHN,2014-03,7.314925,万亿元,M,,https://www.pbc.gov.cn/eportal/fileDir/defaultCurSite/resource/cms/2015/07/2014s03a.htm,人民银行人民币信贷收支表；月末余额，亿元÷10000=万亿元；非当月新增贷款；同表消费性＋经营性贷款相加
loan_household_short,CHN,2014-04,7.405587,万亿元,M,,https://www.pbc.gov.cn/eportal/fileDir/defaultCurSite/resource/cms/2015/07/2014s03a.htm,人民银行人民币信贷收支表；月末余额，亿元÷10000=万亿元；非当月新增贷款；同表消费性＋经营性贷款相加
loan_household_short,CHN,2014-05,7.51596,万亿元,M,,https://www.pbc.gov.cn/eportal/fileDir/defaultCurSite/resource/cms/2015/07/2014s03a.htm,人民银行人民币信贷收支表；月末余额，亿元÷10000=万亿元；非当月新增贷款；同表消费性＋经营性贷款相加
loan_household_short,CHN,2014-06,7.674542,万亿元,M,,https://www.pbc.gov.cn/eportal/fileDir/defaultCurSite/resource/cms/2015/07/2014s03a.htm,人民银行人民币信贷收支表；月末余额，亿元÷10000=万亿元；非当月新增贷款；同表消费性＋经营性贷款相加
loan_household_short,CHN,2014-07,7.700419,万亿元,M,,https://www.pbc.gov.cn/eportal/fileDir/defaultCurSite/resource/cms/2015/07/2014s03a.htm,人民银行人民币信贷收支表；月末余额，亿元÷10000=万亿元；非当月新增贷款；同表消费性＋经营性贷款相加
loan_household_short,CHN,2014-08,7.784322,万亿元,M,,https://www.pbc.gov.cn/eportal/fileDir/defaultCurSite/resource/cms/2015/07/2014s03a.htm,人民银行人民币信贷收支表；月末余额，亿元÷10000=万亿元；非当月新增贷款；同表消费性＋经营性贷款相加
loan_household_short,CHN,2014-09,7.913315,万亿元,M,,https://www.pbc.gov.cn/eportal/fileDir/defaultCurSite/resource/cms/2015/07/2014s03a.htm,人民银行人民币信贷收支表；月末余额，亿元÷10000=万亿元；非当月新增贷款；同表消费性＋经营性贷款相加
loan_household_short,CHN,2014-10,7.952361,万亿元,M,,https://www.pbc.gov.cn/eportal/fileDir/defaultCurSite/resource/cms/2015/07/2014s03a.htm,人民银行人民币信贷收支表；月末余额，亿元÷10000=万亿元；非当月新增贷款；同表消费性＋经营性贷款相加
loan_household_short,CHN,2014-11,8.017955,万亿元,M,,https://www.pbc.gov.cn/eportal/fileDir/defaultCurSite/resource/cms/2015/07/2014s03a.htm,人民银行人民币信贷收支表；月末余额，亿元÷10000=万亿元；非当月新增贷款；同表消费性＋经营性贷款相加
loan_household_short,CHN,2014-12,8.071606,万亿元,M,,https://www.pbc.gov.cn/eportal/fileDir/defaultCurSite/resource/cms/2015/07/2014s03a.htm,人民银行人民币信贷收支表；月末余额，亿元÷10000=万亿元；非当月新增贷款；同表消费性＋经营性贷款相加
loan_household_short,CHN,2015-01,8.177523,万亿元,M,,https://www.pbc.gov.cn/diaochatongjisi/attachDir/2025/11/2025111810564114123.xls,人民银行人民币信贷收支表；月末余额，亿元÷10000=万亿元；非当月新增贷款
loan_household_short,CHN,2015-02,8.202969,万亿元,M,,https://www.pbc.gov.cn/diaochatongjisi/attachDir/2025/11/2025111810564114123.xls,人民银行人民币信贷收支表；月末余额，亿元÷10000=万亿元；非当月新增贷款
loan_household_short,CHN,2015-03,8.287115,万亿元,M,,https://www.pbc.gov.cn/diaochatongjisi/attachDir/2025/11/2025111810564114123.xls,人民银行人民币信贷收支表；月末余额，亿元÷10000=万亿元；非当月新增贷款
loan_household_short,CHN,2015-04,8.422672,万亿元,M,,https://www.pbc.gov.cn/diaochatongjisi/attachDir/2025/11/2025111810564114123.xls,人民银行人民币信贷收支表；月末余额，亿元÷10000=万亿元；非当月新增贷款
loan_household_short,CHN,2015-05,8.52734,万亿元,M,,https://www.pbc.gov.cn/diaochatongjisi/attachDir/2025/11/2025111810564114123.xls,人民银行人民币信贷收支表；月末余额，亿元÷10000=万亿元；非当月新增贷款
loan_household_short,CHN,2015-06,8.697868,万亿元,M,,https://www.pbc.gov.cn/diaochatongjisi/attachDir/2025/11/2025111810564114123.xls,人民银行人民币信贷收支表；月末余额，亿元÷10000=万亿元；非当月新增贷款
loan_household_short,CHN,2015-07,8.694238,万亿元,M,,https://www.pbc.gov.cn/diaochatongjisi/attachDir/2025/11/2025111810564114123.xls,人民银行人民币信贷收支表；月末余额，亿元÷10000=万亿元；非当月新增贷款
loan_household_short,CHN,2015-08,8.761755,万亿元,M,,https://www.pbc.gov.cn/diaochatongjisi/attachDir/2025/11/2025111810564114123.xls,人民银行人民币信贷收支表；月末余额，亿元÷10000=万亿元；非当月新增贷款
loan_household_short,CHN,2015-09,8.856524,万亿元,M,,https://www.pbc.gov.cn/diaochatongjisi/attachDir/2025/11/2025111810564114123.xls,人民银行人民币信贷收支表；月末余额，亿元÷10000=万亿元；非当月新增贷款
loan_household_short,CHN,2015-10,8.823855,万亿元,M,,https://www.pbc.gov.cn/diaochatongjisi/attachDir/2025/11/2025111810564114123.xls,人民银行人民币信贷收支表；月末余额，亿元÷10000=万亿元；非当月新增贷款
loan_household_short,CHN,2015-11,8.880524,万亿元,M,,https://www.pbc.gov.cn/diaochatongjisi/attachDir/2025/11/2025111810564114123.xls,人民银行人民币信贷收支表；月末余额，亿元÷10000=万亿元；非当月新增贷款
loan_household_short,CHN,2015-12,8.900608,万亿元,M,,https://www.pbc.gov.cn/diaochatongjisi/attachDir/2025/11/2025111810564114123.xls,人民银行人民币信贷收支表；月末余额，亿元÷10000=万亿元；非当月新增贷款
loan_household_short,CHN,2016-01,9.031848,万亿元,M,,https://www.pbc.gov.cn/diaochatongjisi/attachDir/2025/11/2025111811260014568.xls,人民银行人民币信贷收支表；月末余额，亿元÷10000=万亿元；非当月新增贷款
loan_household_short,CHN,2016-02,8.843328,万亿元,M,,https://www.pbc.gov.cn/diaochatongjisi/attachDir/2025/11/2025111811260014568.xls,人民银行人民币信贷收支表；月末余额，亿元÷10000=万亿元；非当月新增贷款
loan_household_short,CHN,2016-03,9.04967,万亿元,M,,https://www.pbc.gov.cn/diaochatongjisi/attachDir/2025/11/2025111811260014568.xls,人民银行人民币信贷收支表；月末余额，亿元÷10000=万亿元；非当月新增贷款
loan_household_short,CHN,2016-04,9.043322,万亿元,M,,https://www.pbc.gov.cn/diaochatongjisi/attachDir/2025/11/2025111811260014568.xls,人民银行人民币信贷收支表；月末余额，亿元÷10000=万亿元；非当月新增贷款
loan_household_short,CHN,2016-05,9.091121,万亿元,M,,https://www.pbc.gov.cn/diaochatongjisi/attachDir/2025/11/2025111811260014568.xls,人民银行人民币信贷收支表；月末余额，亿元÷10000=万亿元；非当月新增贷款
loan_household_short,CHN,2016-06,9.228691,万亿元,M,,https://www.pbc.gov.cn/diaochatongjisi/attachDir/2025/11/2025111811260014568.xls,人民银行人民币信贷收支表；月末余额，亿元÷10000=万亿元；非当月新增贷款
loan_household_short,CHN,2016-07,9.20896,万亿元,M,,https://www.pbc.gov.cn/diaochatongjisi/attachDir/2025/11/2025111811260014568.xls,人民银行人民币信贷收支表；月末余额，亿元÷10000=万亿元；非当月新增贷款
loan_household_short,CHN,2016-08,9.355857,万亿元,M,,https://www.pbc.gov.cn/diaochatongjisi/attachDir/2025/11/2025111811260014568.xls,人民银行人民币信贷收支表；月末余额，亿元÷10000=万亿元；非当月新增贷款
loan_household_short,CHN,2016-09,9.42735,万亿元,M,,https://www.pbc.gov.cn/diaochatongjisi/attachDir/2025/11/2025111811260014568.xls,人民银行人民币信贷收支表；月末余额，亿元÷10000=万亿元；非当月新增贷款
loan_household_short,CHN,2016-10,9.3713,万亿元,M,,https://www.pbc.gov.cn/diaochatongjisi/attachDir/2025/11/2025111811260014568.xls,人民银行人民币信贷收支表；月末余额，亿元÷10000=万亿元；非当月新增贷款
loan_household_short,CHN,2016-11,9.48165,万亿元,M,,https://www.pbc.gov.cn/diaochatongjisi/attachDir/2025/11/2025111811260014568.xls,人民银行人民币信贷收支表；月末余额，亿元÷10000=万亿元；非当月新增贷款
loan_household_short,CHN,2016-12,9.552045,万亿元,M,,https://www.pbc.gov.cn/diaochatongjisi/attachDir/2025/11/2025111811260014568.xls,人民银行人民币信贷收支表；月末余额，亿元÷10000=万亿元；非当月新增贷款
loan_household_short,CHN,2017-01,9.679629,万亿元,M,,https://www.pbc.gov.cn/diaochatongjisi/attachDir/2025/11/2025111814223377038.xls,人民银行人民币信贷收支表；月末余额，亿元÷10000=万亿元；非当月新增贷款
loan_household_short,CHN,2017-02,9.599463,万亿元,M,,https://www.pbc.gov.cn/diaochatongjisi/attachDir/2025/11/2025111814223377038.xls,人民银行人民币信贷收支表；月末余额，亿元÷10000=万亿元；非当月新增贷款
loan_household_short,CHN,2017-03,9.943726,万亿元,M,,https://www.pbc.gov.cn/diaochatongjisi/attachDir/2025/11/2025111814223377038.xls,人民银行人民币信贷收支表；月末余额，亿元÷10000=万亿元；非当月新增贷款
loan_household_short,CHN,2017-04,10.070643,万亿元,M,,https://www.pbc.gov.cn/diaochatongjisi/attachDir/2025/11/2025111814223377038.xls,人民银行人民币信贷收支表；月末余额，亿元÷10000=万亿元；非当月新增贷款
loan_household_short,CHN,2017-05,10.24867,万亿元,M,,https://www.pbc.gov.cn/diaochatongjisi/attachDir/2025/11/2025111814223377038.xls,人民银行人民币信贷收支表；月末余额，亿元÷10000=万亿元；非当月新增贷款
loan_household_short,CHN,2017-06,10.509479,万亿元,M,,https://www.pbc.gov.cn/diaochatongjisi/attachDir/2025/11/2025111814223377038.xls,人民银行人民币信贷收支表；月末余额，亿元÷10000=万亿元；非当月新增贷款
loan_household_short,CHN,2017-07,10.616621,万亿元,M,,https://www.pbc.gov.cn/diaochatongjisi/attachDir/2025/11/2025111814223377038.xls,人民银行人民币信贷收支表；月末余额，亿元÷10000=万亿元；非当月新增贷款
loan_household_short,CHN,2017-08,10.833142,万亿元,M,,https://www.pbc.gov.cn/diaochatongjisi/attachDir/2025/11/2025111814223377038.xls,人民银行人民币信贷收支表；月末余额，亿元÷10000=万亿元；非当月新增贷款
loan_household_short,CHN,2017-09,11.08879,万亿元,M,,https://www.pbc.gov.cn/diaochatongjisi/attachDir/2025/11/2025111814223377038.xls,人民银行人民币信贷收支表；月末余额，亿元÷10000=万亿元；非当月新增贷款
loan_household_short,CHN,2017-10,11.167902,万亿元,M,,https://www.pbc.gov.cn/diaochatongjisi/attachDir/2025/11/2025111814223377038.xls,人民银行人民币信贷收支表；月末余额，亿元÷10000=万亿元；非当月新增贷款
loan_household_short,CHN,2017-11,11.370662,万亿元,M,,https://www.pbc.gov.cn/diaochatongjisi/attachDir/2025/11/2025111814223377038.xls,人民银行人民币信贷收支表；月末余额，亿元÷10000=万亿元；非当月新增贷款
loan_household_short,CHN,2017-12,11.389252,万亿元,M,,https://www.pbc.gov.cn/diaochatongjisi/attachDir/2025/11/2025111814223377038.xls,人民银行人民币信贷收支表；月末余额，亿元÷10000=万亿元；非当月新增贷款
loan_household_short,CHN,2018-01,11.699623,万亿元,M,,https://www.pbc.gov.cn/diaochatongjisi/attachDir/2025/11/2025111815281576875.xls,人民银行人民币信贷收支表；月末余额，亿元÷10000=万亿元；非当月新增贷款
loan_household_short,CHN,2018-02,11.652713,万亿元,M,,https://www.pbc.gov.cn/diaochatongjisi/attachDir/2025/11/2025111815281576875.xls,人民银行人民币信贷收支表；月末余额，亿元÷10000=万亿元；非当月新增贷款
loan_household_short,CHN,2018-03,11.85588,万亿元,M,,https://www.pbc.gov.cn/diaochatongjisi/attachDir/2025/11/2025111815281576875.xls,人民银行人民币信贷收支表；月末余额，亿元÷10000=万亿元；非当月新增贷款
loan_household_short,CHN,2018-04,12.029994,万亿元,M,,https://www.pbc.gov.cn/diaochatongjisi/attachDir/2025/11/2025111815281576875.xls,人民银行人民币信贷收支表；月末余额，亿元÷10000=万亿元；非当月新增贷款
loan_household_short,CHN,2018-05,12.251955,万亿元,M,,https://www.pbc.gov.cn/diaochatongjisi/attachDir/2025/11/2025111815281576875.xls,人民银行人民币信贷收支表；月末余额，亿元÷10000=万亿元；非当月新增贷款
loan_household_short,CHN,2018-06,12.489097,万亿元,M,,https://www.pbc.gov.cn/diaochatongjisi/attachDir/2025/11/2025111815281576875.xls,人民银行人民币信贷收支表；月末余额，亿元÷10000=万亿元；非当月新增贷款
loan_household_short,CHN,2018-07,12.665897,万亿元,M,,https://www.pbc.gov.cn/diaochatongjisi/attachDir/2025/11/2025111815281576875.xls,人民银行人民币信贷收支表；月末余额，亿元÷10000=万亿元；非当月新增贷款
loan_household_short,CHN,2018-08,12.925676,万亿元,M,,https://www.pbc.gov.cn/diaochatongjisi/attachDir/2025/11/2025111815281576875.xls,人民银行人民币信贷收支表；月末余额，亿元÷10000=万亿元；非当月新增贷款
loan_household_short,CHN,2018-09,13.239458,万亿元,M,,https://www.pbc.gov.cn/diaochatongjisi/attachDir/2025/11/2025111815281576875.xls,人民银行人民币信贷收支表；月末余额，亿元÷10000=万亿元；非当月新增贷款
loan_household_short,CHN,2018-10,13.430121,万亿元,M,,https://www.pbc.gov.cn/diaochatongjisi/attachDir/2025/11/2025111815281576875.xls,人民银行人民币信贷收支表；月末余额，亿元÷10000=万亿元；非当月新增贷款
loan_household_short,CHN,2018-11,13.647056,万亿元,M,,https://www.pbc.gov.cn/diaochatongjisi/attachDir/2025/11/2025111815281576875.xls,人民银行人民币信贷收支表；月末余额，亿元÷10000=万亿元；非当月新增贷款
loan_household_short,CHN,2018-12,13.799791,万亿元,M,,https://www.pbc.gov.cn/diaochatongjisi/attachDir/2025/11/2025111815281576875.xls,人民银行人民币信贷收支表；月末余额，亿元÷10000=万亿元；非当月新增贷款
loan_household_short,CHN,2019-01,13.761444,万亿元,M,,https://www.pbc.gov.cn/diaochatongjisi/attachDir/2025/11/2025111815533429222.xls,人民银行人民币信贷收支表；月末余额，亿元÷10000=万亿元；非当月新增贷款
loan_household_short,CHN,2019-02,13.468234,万亿元,M,,https://www.pbc.gov.cn/diaochatongjisi/attachDir/2025/11/2025111815533429222.xls,人民银行人民币信贷收支表；月末余额，亿元÷10000=万亿元；非当月新增贷款
loan_household_short,CHN,2019-03,13.897703,万亿元,M,,https://www.pbc.gov.cn/diaochatongjisi/attachDir/2025/11/2025111815533429222.xls,人民银行人民币信贷收支表；月末余额，亿元÷10000=万亿元；非当月新增贷款
loan_household_short,CHN,2019-04,14.006973,万亿元,M,,https://www.pbc.gov.cn/diaochatongjisi/attachDir/2025/11/2025111815533429222.xls,人民银行人民币信贷收支表；月末余额，亿元÷10000=万亿元；非当月新增贷款
loan_household_short,CHN,2019-05,14.20178,万亿元,M,,https://www.pbc.gov.cn/diaochatongjisi/attachDir/2025/11/2025111815533429222.xls,人民银行人民币信贷收支表；月末余额，亿元÷10000=万亿元；非当月新增贷款
loan_household_short,CHN,2019-06,14.470868,万亿元,M,,https://www.pbc.gov.cn/diaochatongjisi/attachDir/2025/11/2025111815533429222.xls,人民银行人民币信贷收支表；月末余额，亿元÷10000=万亿元；非当月新增贷款
loan_household_short,CHN,2019-07,14.540407,万亿元,M,,https://www.pbc.gov.cn/diaochatongjisi/attachDir/2025/11/2025111815533429222.xls,人民银行人民币信贷收支表；月末余额，亿元÷10000=万亿元；非当月新增贷款
loan_household_short,CHN,2019-08,14.740194,万亿元,M,,https://www.pbc.gov.cn/diaochatongjisi/attachDir/2025/11/2025111815533429222.xls,人民银行人民币信贷收支表；月末余额，亿元÷10000=万亿元；非当月新增贷款
loan_household_short,CHN,2019-09,15.005876,万亿元,M,,https://www.pbc.gov.cn/diaochatongjisi/attachDir/2025/11/2025111815533429222.xls,人民银行人民币信贷收支表；月末余额，亿元÷10000=万亿元；非当月新增贷款
loan_household_short,CHN,2019-10,15.068164,万亿元,M,,https://www.pbc.gov.cn/diaochatongjisi/attachDir/2025/11/2025111815533429222.xls,人民银行人民币信贷收支表；月末余额，亿元÷10000=万亿元；非当月新增贷款
loan_household_short,CHN,2019-11,15.282373,万亿元,M,,https://www.pbc.gov.cn/diaochatongjisi/attachDir/2025/11/2025111815533429222.xls,人民银行人民币信贷收支表；月末余额，亿元÷10000=万亿元；非当月新增贷款
loan_household_short,CHN,2019-12,15.447193,万亿元,M,,https://www.pbc.gov.cn/diaochatongjisi/attachDir/2025/11/2025111815533429222.xls,人民银行人民币信贷收支表；月末余额，亿元÷10000=万亿元；非当月新增贷款
loan_household_short,CHN,2020-01,13.469225,万亿元,M,,https://www.pbc.gov.cn/diaochatongjisi/attachDir/2025/11/2025111816065225038.xls,人民银行人民币信贷收支表；月末余额，亿元÷10000=万亿元；非当月新增贷款
loan_household_short,CHN,2020-02,13.018866,万亿元,M,,https://www.pbc.gov.cn/diaochatongjisi/attachDir/2025/11/2025111816065225038.xls,人民银行人民币信贷收支表；月末余额，亿元÷10000=万亿元；非当月新增贷款
loan_household_short,CHN,2020-03,13.533233,万亿元,M,,https://www.pbc.gov.cn/diaochatongjisi/attachDir/2025/11/2025111816065225038.xls,人民银行人民币信贷收支表；月末余额，亿元÷10000=万亿元；非当月新增贷款
loan_household_short,CHN,2020-04,13.761199,万亿元,M,,https://www.pbc.gov.cn/diaochatongjisi/attachDir/2025/11/2025111816065225038.xls,人民银行人民币信贷收支表；月末余额，亿元÷10000=万亿元；非当月新增贷款
loan_household_short,CHN,2020-05,13.99929,万亿元,M,,https://www.pbc.gov.cn/diaochatongjisi/attachDir/2025/11/2025111816065225038.xls,人民银行人民币信贷收支表；月末余额，亿元÷10000=万亿元；非当月新增贷款
loan_household_short,CHN,2020-06,14.339371,万亿元,M,,https://www.pbc.gov.cn/diaochatongjisi/attachDir/2025/11/2025111816065225038.xls,人民银行人民币信贷收支表；月末余额，亿元÷10000=万亿元；非当月新增贷款
loan_household_short,CHN,2020-07,14.490402,万亿元,M,,https://www.pbc.gov.cn/diaochatongjisi/attachDir/2025/11/2025111816065225038.xls,人民银行人民币信贷收支表；月末余额，亿元÷10000=万亿元；非当月新增贷款
loan_household_short,CHN,2020-08,14.774807,万亿元,M,,https://www.pbc.gov.cn/diaochatongjisi/attachDir/2025/11/2025111816065225038.xls,人民银行人民币信贷收支表；月末余额，亿元÷10000=万亿元；非当月新增贷款
loan_household_short,CHN,2020-09,15.111868,万亿元,M,,https://www.pbc.gov.cn/diaochatongjisi/attachDir/2025/11/2025111816065225038.xls,人民银行人民币信贷收支表；月末余额，亿元÷10000=万亿元；非当月新增贷款
loan_household_short,CHN,2020-10,15.13904,万亿元,M,,https://www.pbc.gov.cn/diaochatongjisi/attachDir/2025/11/2025111816065225038.xls,人民银行人民币信贷收支表；月末余额，亿元÷10000=万亿元；非当月新增贷款
loan_household_short,CHN,2020-11,15.387605,万亿元,M,,https://www.pbc.gov.cn/diaochatongjisi/attachDir/2025/11/2025111816065225038.xls,人民银行人民币信贷收支表；月末余额，亿元÷10000=万亿元；非当月新增贷款
loan_household_short,CHN,2020-12,15.504529,万亿元,M,,https://www.pbc.gov.cn/diaochatongjisi/attachDir/2025/11/2025111816065225038.xls,人民银行人民币信贷收支表；月末余额，亿元÷10000=万亿元；非当月新增贷款
loan_household_short,CHN,2021-01,15.803663,万亿元,M,,https://www.pbc.gov.cn/diaochatongjisi/attachDir/2025/11/2025111816273553641.xlsx,人民银行人民币信贷收支表；月末余额，亿元÷10000=万亿元；非当月新增贷款
loan_household_short,CHN,2021-02,15.534535,万亿元,M,,https://www.pbc.gov.cn/diaochatongjisi/attachDir/2025/11/2025111816273553641.xlsx,人民银行人民币信贷收支表；月末余额，亿元÷10000=万亿元；非当月新增贷款
loan_household_short,CHN,2021-03,16.058763,万亿元,M,,https://www.pbc.gov.cn/diaochatongjisi/attachDir/2025/11/2025111816273553641.xlsx,人民银行人民币信贷收支表；月末余额，亿元÷10000=万亿元；非当月新增贷款
loan_household_short,CHN,2021-04,16.095231,万亿元,M,,https://www.pbc.gov.cn/diaochatongjisi/attachDir/2025/11/2025111816273553641.xlsx,人民银行人民币信贷收支表；月末余额，亿元÷10000=万亿元；非当月新增贷款
loan_household_short,CHN,2021-05,16.275805,万亿元,M,,https://www.pbc.gov.cn/diaochatongjisi/attachDir/2025/11/2025111816273553641.xlsx,人民银行人民币信贷收支表；月末余额，亿元÷10000=万亿元；非当月新增贷款
loan_household_short,CHN,2021-06,16.623358,万亿元,M,,https://www.pbc.gov.cn/diaochatongjisi/attachDir/2025/11/2025111816273553641.xlsx,人民银行人民币信贷收支表；月末余额，亿元÷10000=万亿元；非当月新增贷款
loan_household_short,CHN,2021-07,16.631806,万亿元,M,,https://www.pbc.gov.cn/diaochatongjisi/attachDir/2025/11/2025111816273553641.xlsx,人民银行人民币信贷收支表；月末余额，亿元÷10000=万亿元；非当月新增贷款
loan_household_short,CHN,2021-08,16.781374,万亿元,M,,https://www.pbc.gov.cn/diaochatongjisi/attachDir/2025/11/2025111816273553641.xlsx,人民银行人民币信贷收支表；月末余额，亿元÷10000=万亿元；非当月新增贷款
loan_household_short,CHN,2021-09,17.101401,万亿元,M,,https://www.pbc.gov.cn/diaochatongjisi/attachDir/2025/11/2025111816273553641.xlsx,人民银行人民币信贷收支表；月末余额，亿元÷10000=万亿元；非当月新增贷款
loan_household_short,CHN,2021-10,17.144042,万亿元,M,,https://www.pbc.gov.cn/diaochatongjisi/attachDir/2025/11/2025111816273553641.xlsx,人民银行人民币信贷收支表；月末余额，亿元÷10000=万亿元；非当月新增贷款
loan_household_short,CHN,2021-11,17.295704,万亿元,M,,https://www.pbc.gov.cn/diaochatongjisi/attachDir/2025/11/2025111816273553641.xlsx,人民银行人民币信贷收支表；月末余额，亿元÷10000=万亿元；非当月新增贷款
loan_household_short,CHN,2021-12,17.319556,万亿元,M,,https://www.pbc.gov.cn/diaochatongjisi/attachDir/2025/11/2025111816273553641.xlsx,人民银行人民币信贷收支表；月末余额，亿元÷10000=万亿元；非当月新增贷款
loan_household_short,CHN,2022-01,17.418932,万亿元,M,,https://www.pbc.gov.cn/diaochatongjisi/attachDir/2025/11/2025111816420126728.xls,人民银行人民币信贷收支表；月末余额，亿元÷10000=万亿元；非当月新增贷款
loan_household_short,CHN,2022-02,17.12787,万亿元,M,,https://www.pbc.gov.cn/diaochatongjisi/attachDir/2025/11/2025111816420126728.xls,人民银行人民币信贷收支表；月末余额，亿元÷10000=万亿元；非当月新增贷款
loan_household_short,CHN,2022-03,17.512622,万亿元,M,,https://www.pbc.gov.cn/diaochatongjisi/attachDir/2025/11/2025111816420126728.xls,人民银行人民币信贷收支表；月末余额，亿元÷10000=万亿元；非当月新增贷款
loan_household_short,CHN,2022-04,17.327035,万亿元,M,,https://www.pbc.gov.cn/diaochatongjisi/attachDir/2025/11/2025111816420126728.xls,人民银行人民币信贷收支表；月末余额，亿元÷10000=万亿元；非当月新增贷款
loan_household_short,CHN,2022-05,17.511079,万亿元,M,,https://www.pbc.gov.cn/diaochatongjisi/attachDir/2025/11/2025111816420126728.xls,人民银行人民币信贷收支表；月末余额，亿元÷10000=万亿元；非当月新增贷款
loan_household_short,CHN,2022-06,17.939296,万亿元,M,,https://www.pbc.gov.cn/diaochatongjisi/attachDir/2025/11/2025111816420126728.xls,人民银行人民币信贷收支表；月末余额，亿元÷10000=万亿元；非当月新增贷款
loan_household_short,CHN,2022-07,17.91243,万亿元,M,,https://www.pbc.gov.cn/diaochatongjisi/attachDir/2025/11/2025111816420126728.xls,人民银行人民币信贷收支表；月末余额，亿元÷10000=万亿元；非当月新增贷款
loan_household_short,CHN,2022-08,18.10464,万亿元,M,,https://www.pbc.gov.cn/diaochatongjisi/attachDir/2025/11/2025111816420126728.xls,人民银行人民币信贷收支表；月末余额，亿元÷10000=万亿元；非当月新增贷款
loan_household_short,CHN,2022-09,18.408316,万亿元,M,,https://www.pbc.gov.cn/diaochatongjisi/attachDir/2025/11/2025111816420126728.xls,人民银行人民币信贷收支表；月末余额，亿元÷10000=万亿元；非当月新增贷款
loan_household_short,CHN,2022-10,18.357075,万亿元,M,,https://www.pbc.gov.cn/diaochatongjisi/attachDir/2025/11/2025111816420126728.xls,人民银行人民币信贷收支表；月末余额，亿元÷10000=万亿元；非当月新增贷款
loan_household_short,CHN,2022-11,18.409549,万亿元,M,,https://www.pbc.gov.cn/diaochatongjisi/attachDir/2025/11/2025111816420126728.xls,人民银行人民币信贷收支表；月末余额，亿元÷10000=万亿元；非当月新增贷款
loan_household_short,CHN,2022-12,18.398151,万亿元,M,,https://www.pbc.gov.cn/diaochatongjisi/attachDir/2025/11/2025111816420126728.xls,人民银行人民币信贷收支表；月末余额，亿元÷10000=万亿元；非当月新增贷款
loan_household_short,CHN,2023-01,18.962016,万亿元,M,,https://www.pbc.gov.cn/diaochatongjisi/attachDir/2025/11/2025111817162649674.xlsx,人民银行人民币信贷收支表；月末余额，亿元÷10000=万亿元；非当月新增贷款
loan_household_short,CHN,2023-02,19.083796,万亿元,M,,https://www.pbc.gov.cn/diaochatongjisi/attachDir/2025/11/2025111817162649674.xlsx,人民银行人民币信贷收支表；月末余额，亿元÷10000=万亿元；非当月新增贷款
loan_household_short,CHN,2023-03,19.69318,万亿元,M,,https://www.pbc.gov.cn/diaochatongjisi/attachDir/2025/11/2025111817162649674.xlsx,人民银行人民币信贷收支表；月末余额，亿元÷10000=万亿元；非当月新增贷款
loan_household_short,CHN,2023-04,19.56766,万亿元,M,,https://www.pbc.gov.cn/diaochatongjisi/attachDir/2025/11/2025111817162649674.xlsx,人民银行人民币信贷收支表；月末余额，亿元÷10000=万亿元；非当月新增贷款
loan_household_short,CHN,2023-05,19.766455,万亿元,M,,https://www.pbc.gov.cn/diaochatongjisi/attachDir/2025/11/2025111817162649674.xlsx,人民银行人民币信贷收支表；月末余额，亿元÷10000=万亿元；非当月新增贷款
loan_household_short,CHN,2023-06,20.260233,万亿元,M,,https://www.pbc.gov.cn/diaochatongjisi/attachDir/2025/11/2025111817162649674.xlsx,人民银行人民币信贷收支表；月末余额，亿元÷10000=万亿元；非当月新增贷款
loan_household_short,CHN,2023-07,20.126752,万亿元,M,,https://www.pbc.gov.cn/diaochatongjisi/attachDir/2025/11/2025111817162649674.xlsx,人民银行人民币信贷收支表；月末余额，亿元÷10000=万亿元；非当月新增贷款
loan_household_short,CHN,2023-08,20.358792,万亿元,M,,https://www.pbc.gov.cn/diaochatongjisi/attachDir/2025/11/2025111817162649674.xlsx,人民银行人民币信贷收支表；月末余额，亿元÷10000=万亿元；非当月新增贷款
loan_household_short,CHN,2023-09,20.679883,万亿元,M,,https://www.pbc.gov.cn/diaochatongjisi/attachDir/2025/11/2025111817162649674.xlsx,人民银行人民币信贷收支表；月末余额，亿元÷10000=万亿元；非当月新增贷款
loan_household_short,CHN,2023-10,20.574623,万亿元,M,,https://www.pbc.gov.cn/diaochatongjisi/attachDir/2025/11/2025111817162649674.xlsx,人民银行人民币信贷收支表；月末余额，亿元÷10000=万亿元；非当月新增贷款
loan_household_short,CHN,2023-11,20.634024,万亿元,M,,https://www.pbc.gov.cn/diaochatongjisi/attachDir/2025/11/2025111817162649674.xlsx,人民银行人民币信贷收支表；月末余额，亿元÷10000=万亿元；非当月新增贷款
loan_household_short,CHN,2023-12,20.703362,万亿元,M,,https://www.pbc.gov.cn/diaochatongjisi/attachDir/2025/11/2025111817162649674.xlsx,人民银行人民币信贷收支表；月末余额，亿元÷10000=万亿元；非当月新增贷款
loan_household_short,CHN,2024-01,21.062244,万亿元,M,,https://www.pbc.gov.cn/diaochatongjisi/attachDir/2025/11/2025111817274124837.xlsx,人民银行人民币信贷收支表；月末余额，亿元÷10000=万亿元；非当月新增贷款
loan_household_short,CHN,2024-02,20.575431,万亿元,M,,https://www.pbc.gov.cn/diaochatongjisi/attachDir/2025/11/2025111817274124837.xlsx,人民银行人民币信贷收支表；月末余额，亿元÷10000=万亿元；非当月新增贷款
loan_household_short,CHN,2024-03,21.066211,万亿元,M,,https://www.pbc.gov.cn/diaochatongjisi/attachDir/2025/11/2025111817274124837.xlsx,人民银行人民币信贷收支表；月末余额，亿元÷10000=万亿元；非当月新增贷款
loan_household_short,CHN,2024-04,20.7144,万亿元,M,,https://www.pbc.gov.cn/diaochatongjisi/attachDir/2025/11/2025111817274124837.xlsx,人民银行人民币信贷收支表；月末余额，亿元÷10000=万亿元；非当月新增贷款
loan_household_short,CHN,2024-05,20.738693,万亿元,M,,https://www.pbc.gov.cn/diaochatongjisi/attachDir/2025/11/2025111817274124837.xlsx,人民银行人民币信贷收支表；月末余额，亿元÷10000=万亿元；非当月新增贷款
loan_household_short,CHN,2024-06,20.985777,万亿元,M,,https://www.pbc.gov.cn/diaochatongjisi/attachDir/2025/11/2025111817274124837.xlsx,人民银行人民币信贷收支表；月末余额，亿元÷10000=万亿元；非当月新增贷款
loan_household_short,CHN,2024-07,20.770229,万亿元,M,,https://www.pbc.gov.cn/diaochatongjisi/attachDir/2025/11/2025111817274124837.xlsx,人民银行人民币信贷收支表；月末余额，亿元÷10000=万亿元；非当月新增贷款
loan_household_short,CHN,2024-08,20.841772,万亿元,M,,https://www.pbc.gov.cn/diaochatongjisi/attachDir/2025/11/2025111817274124837.xlsx,人民银行人民币信贷收支表；月末余额，亿元÷10000=万亿元；非当月新增贷款
loan_household_short,CHN,2024-09,21.111785,万亿元,M,,https://www.pbc.gov.cn/diaochatongjisi/attachDir/2025/11/2025111817274124837.xlsx,人民银行人民币信贷收支表；月末余额，亿元÷10000=万亿元；非当月新增贷款
loan_household_short,CHN,2024-10,21.160825,万亿元,M,,https://www.pbc.gov.cn/diaochatongjisi/attachDir/2025/11/2025111817274124837.xlsx,人民银行人民币信贷收支表；月末余额，亿元÷10000=万亿元；非当月新增贷款
loan_household_short,CHN,2024-11,21.123823,万亿元,M,,https://www.pbc.gov.cn/diaochatongjisi/attachDir/2025/11/2025111817274124837.xlsx,人民银行人民币信贷收支表；月末余额，亿元÷10000=万亿元；非当月新增贷款
loan_household_short,CHN,2024-12,21.182577,万亿元,M,,https://www.pbc.gov.cn/diaochatongjisi/attachDir/2025/11/2025111817274124837.xlsx,人民银行人民币信贷收支表；月末余额，亿元÷10000=万亿元；非当月新增贷款
loan_household_short,CHN,2025-01,21.181732,万亿元,M,,https://www.pbc.gov.cn/diaochatongjisi/attachDir/2026/01/2026011517314370061.xlsx,人民银行人民币信贷收支表；月末余额，亿元÷10000=万亿元；非当月新增贷款
loan_household_short,CHN,2025-02,20.907617,万亿元,M,,https://www.pbc.gov.cn/diaochatongjisi/attachDir/2026/01/2026011517314370061.xlsx,人民银行人民币信贷收支表；月末余额，亿元÷10000=万亿元；非当月新增贷款
loan_household_short,CHN,2025-03,21.391753,万亿元,M,,https://www.pbc.gov.cn/diaochatongjisi/attachDir/2026/01/2026011517314370061.xlsx,人民银行人民币信贷收支表；月末余额，亿元÷10000=万亿元；非当月新增贷款
loan_household_short,CHN,2025-04,20.989821,万亿元,M,,https://www.pbc.gov.cn/diaochatongjisi/attachDir/2026/01/2026011517314370061.xlsx,人民银行人民币信贷收支表；月末余额，亿元÷10000=万亿元；非当月新增贷款
loan_household_short,CHN,2025-05,20.96908,万亿元,M,,https://www.pbc.gov.cn/diaochatongjisi/attachDir/2026/01/2026011517314370061.xlsx,人民银行人民币信贷收支表；月末余额，亿元÷10000=万亿元；非当月新增贷款
loan_household_short,CHN,2025-06,21.231189,万亿元,M,,https://www.pbc.gov.cn/diaochatongjisi/attachDir/2026/01/2026011517314370061.xlsx,人民银行人民币信贷收支表；月末余额，亿元÷10000=万亿元；非当月新增贷款
loan_household_short,CHN,2025-07,20.848463,万亿元,M,,https://www.pbc.gov.cn/diaochatongjisi/attachDir/2026/01/2026011517314370061.xlsx,人民银行人民币信贷收支表；月末余额，亿元÷10000=万亿元；非当月新增贷款
loan_household_short,CHN,2025-08,20.858908,万亿元,M,,https://www.pbc.gov.cn/diaochatongjisi/attachDir/2026/01/2026011517314370061.xlsx,人民银行人民币信贷收支表；月末余额，亿元÷10000=万亿元；非当月新增贷款
loan_household_short,CHN,2025-09,21.001009,万亿元,M,,https://www.pbc.gov.cn/diaochatongjisi/attachDir/2026/01/2026011517314370061.xlsx,人民银行人民币信贷收支表；月末余额，亿元÷10000=万亿元；非当月新增贷款
loan_household_short,CHN,2025-10,20.714444,万亿元,M,,https://www.pbc.gov.cn/diaochatongjisi/attachDir/2026/01/2026011517314370061.xlsx,人民银行人民币信贷收支表；月末余额，亿元÷10000=万亿元；非当月新增贷款
loan_household_short,CHN,2025-11,20.498685,万亿元,M,,https://www.pbc.gov.cn/diaochatongjisi/attachDir/2026/01/2026011517314370061.xlsx,人民银行人民币信贷收支表；月末余额，亿元÷10000=万亿元；非当月新增贷款
loan_household_short,CHN,2025-12,20.396398,万亿元,M,,https://www.pbc.gov.cn/diaochatongjisi/attachDir/2026/01/2026011517314370061.xlsx,人民银行人民币信贷收支表；月末余额，亿元÷10000=万亿元；非当月新增贷款
loan_household_short,CHN,2026-01,20.50609,万亿元,M,,https://www.pbc.gov.cn/diaochatongjisi/attachDir/2026/09/2026091418213884368.xlsx,人民银行人民币信贷收支表；月末余额，亿元÷10000=万亿元；非当月新增贷款
loan_household_short,CHN,2026-02,20.03682,万亿元,M,,https://www.pbc.gov.cn/diaochatongjisi/attachDir/2026/09/2026091418213884368.xlsx,人民银行人民币信贷收支表；月末余额，亿元÷10000=万亿元；非当月新增贷款
loan_household_short,CHN,2026-03,20.232407,万亿元,M,,https://www.pbc.gov.cn/diaochatongjisi/attachDir/2026/09/2026091418213884368.xlsx,人民银行人民币信贷收支表；月末余额，亿元÷10000=万亿元；非当月新增贷款
loan_household_short,CHN,2026-04,19.786268,万亿元,M,,https://www.pbc.gov.cn/diaochatongjisi/attachDir/2026/09/2026091418213884368.xlsx,人民银行人民币信贷收支表；月末余额，亿元÷10000=万亿元；非当月新增贷款
loan_household_short,CHN,2026-05,19.702208,万亿元,M,,https://www.pbc.gov.cn/diaochatongjisi/attachDir/2026/09/2026091418213884368.xlsx,人民银行人民币信贷收支表；月末余额，亿元÷10000=万亿元；非当月新增贷款
loan_household_short,CHN,2026-06,19.808347,万亿元,M,,https://www.pbc.gov.cn/diaochatongjisi/attachDir/2026/09/2026091418213884368.xlsx,人民银行人民币信贷收支表；月末余额，亿元÷10000=万亿元；非当月新增贷款
loan_household_short,CHN,2026-07,19.468331,万亿元,M,,https://www.pbc.gov.cn/diaochatongjisi/attachDir/2026/09/2026091418213884368.xlsx,人民银行人民币信贷收支表；月末余额，亿元÷10000=万亿元；非当月新增贷款
loan_household_short,CHN,2026-08,19.349787,万亿元,M,,https://www.pbc.gov.cn/diaochatongjisi/attachDir/2026/09/2026091418213884368.xlsx,人民银行人民币信贷收支表；月末余额，亿元÷10000=万亿元；非当月新增贷款
loan_household_total,CHN,2007-01,4.022932,万亿元,M,,https://www.pbc.gov.cn/eportal/fileDir/defaultCurSite/resource/cms/2015/07/2007S03a.htm,人民银行人民币信贷收支表；月末余额，亿元÷10000=万亿元；非当月新增贷款
loan_household_total,CHN,2007-02,4.109777,万亿元,M,,https://www.pbc.gov.cn/eportal/fileDir/defaultCurSite/resource/cms/2015/07/2007S03a.htm,人民银行人民币信贷收支表；月末余额，亿元÷10000=万亿元；非当月新增贷款
loan_household_total,CHN,2007-03,4.217626,万亿元,M,,https://www.pbc.gov.cn/eportal/fileDir/defaultCurSite/resource/cms/2015/07/2007S03a.htm,人民银行人民币信贷收支表；月末余额，亿元÷10000=万亿元；非当月新增贷款
loan_household_total,CHN,2007-04,4.341263,万亿元,M,,https://www.pbc.gov.cn/eportal/fileDir/defaultCurSite/resource/cms/2015/07/2007S03a.htm,人民银行人民币信贷收支表；月末余额，亿元÷10000=万亿元；非当月新增贷款
loan_household_total,CHN,2007-05,4.430708,万亿元,M,,https://www.pbc.gov.cn/eportal/fileDir/defaultCurSite/resource/cms/2015/07/2007S03a.htm,人民银行人民币信贷收支表；月末余额，亿元÷10000=万亿元；非当月新增贷款
loan_household_total,CHN,2007-06,4.559642,万亿元,M,,https://www.pbc.gov.cn/eportal/fileDir/defaultCurSite/resource/cms/2015/07/2007S03a.htm,人民银行人民币信贷收支表；月末余额，亿元÷10000=万亿元；非当月新增贷款
loan_household_total,CHN,2007-07,4.669889,万亿元,M,,https://www.pbc.gov.cn/eportal/fileDir/defaultCurSite/resource/cms/2015/07/2007S03a.htm,人民银行人民币信贷收支表；月末余额，亿元÷10000=万亿元；非当月新增贷款
loan_household_total,CHN,2007-08,4.798152,万亿元,M,,https://www.pbc.gov.cn/eportal/fileDir/defaultCurSite/resource/cms/2015/07/2007S03a.htm,人民银行人民币信贷收支表；月末余额，亿元÷10000=万亿元；非当月新增贷款
loan_household_total,CHN,2007-09,4.942375,万亿元,M,,https://www.pbc.gov.cn/eportal/fileDir/defaultCurSite/resource/cms/2015/07/2007S03a.htm,人民银行人民币信贷收支表；月末余额，亿元÷10000=万亿元；非当月新增贷款
loan_household_total,CHN,2007-10,5.010583,万亿元,M,,https://www.pbc.gov.cn/eportal/fileDir/defaultCurSite/resource/cms/2015/07/2007S03a.htm,人民银行人民币信贷收支表；月末余额，亿元÷10000=万亿元；非当月新增贷款
loan_household_total,CHN,2007-11,5.063652,万亿元,M,,https://www.pbc.gov.cn/eportal/fileDir/defaultCurSite/resource/cms/2015/07/2007S03a.htm,人民银行人民币信贷收支表；月末余额，亿元÷10000=万亿元；非当月新增贷款
loan_household_total,CHN,2007-12,5.065226,万亿元,M,,https://www.pbc.gov.cn/eportal/fileDir/defaultCurSite/resource/cms/2015/07/2007S03a.htm,人民银行人民币信贷收支表；月末余额，亿元÷10000=万亿元；非当月新增贷款
loan_household_total,CHN,2008-01,5.194865,万亿元,M,,https://www.pbc.gov.cn/eportal/fileDir/defaultCurSite/resource/cms/2015/07/2008S03a.htm,人民银行人民币信贷收支表；月末余额，亿元÷10000=万亿元；非当月新增贷款
loan_household_total,CHN,2008-02,5.205746,万亿元,M,,https://www.pbc.gov.cn/eportal/fileDir/defaultCurSite/resource/cms/2015/07/2008S03a.htm,人民银行人民币信贷收支表；月末余额，亿元÷10000=万亿元；非当月新增贷款
loan_household_total,CHN,2008-03,5.299001,万亿元,M,,https://www.pbc.gov.cn/eportal/fileDir/defaultCurSite/resource/cms/2015/07/2008S03a.htm,人民银行人民币信贷收支表；月末余额，亿元÷10000=万亿元；非当月新增贷款
loan_household_total,CHN,2008-04,5.371838,万亿元,M,,https://www.pbc.gov.cn/eportal/fileDir/defaultCurSite/resource/cms/2015/07/2008S03a.htm,人民银行人民币信贷收支表；月末余额，亿元÷10000=万亿元；非当月新增贷款
loan_household_total,CHN,2008-05,5.441126,万亿元,M,,https://www.pbc.gov.cn/eportal/fileDir/defaultCurSite/resource/cms/2015/07/2008S03a.htm,人民银行人民币信贷收支表；月末余额，亿元÷10000=万亿元；非当月新增贷款
loan_household_total,CHN,2008-06,5.519894,万亿元,M,,https://www.pbc.gov.cn/eportal/fileDir/defaultCurSite/resource/cms/2015/07/2008S03a.htm,人民银行人民币信贷收支表；月末余额，亿元÷10000=万亿元；非当月新增贷款
loan_household_total,CHN,2008-07,5.56885,万亿元,M,,https://www.pbc.gov.cn/eportal/fileDir/defaultCurSite/resource/cms/2015/07/2008S03a.htm,人民银行人民币信贷收支表；月末余额，亿元÷10000=万亿元；非当月新增贷款
loan_household_total,CHN,2008-08,5.619254,万亿元,M,,https://www.pbc.gov.cn/eportal/fileDir/defaultCurSite/resource/cms/2015/07/2008S03a.htm,人民银行人民币信贷收支表；月末余额，亿元÷10000=万亿元；非当月新增贷款
loan_household_total,CHN,2008-09,5.680657,万亿元,M,,https://www.pbc.gov.cn/eportal/fileDir/defaultCurSite/resource/cms/2015/07/2008S03a.htm,人民银行人民币信贷收支表；月末余额，亿元÷10000=万亿元；非当月新增贷款
loan_household_total,CHN,2008-10,5.684635,万亿元,M,,https://www.pbc.gov.cn/eportal/fileDir/defaultCurSite/resource/cms/2015/07/2008S03a.htm,人民银行人民币信贷收支表；月末余额，亿元÷10000=万亿元；非当月新增贷款
loan_household_total,CHN,2008-11,5.649242,万亿元,M,,https://www.pbc.gov.cn/eportal/fileDir/defaultCurSite/resource/cms/2015/07/2008S03a.htm,人民银行人民币信贷收支表；月末余额，亿元÷10000=万亿元；非当月新增贷款
loan_household_total,CHN,2008-12,5.705792,万亿元,M,,https://www.pbc.gov.cn/eportal/fileDir/defaultCurSite/resource/cms/2015/07/2008S03a.htm,人民银行人民币信贷收支表；月末余额，亿元÷10000=万亿元；非当月新增贷款
loan_household_total,CHN,2009-01,5.841534,万亿元,M,,https://www.pbc.gov.cn/eportal/fileDir/defaultCurSite/resource/cms/2015/07/2009s03a.htm,人民银行人民币信贷收支表；月末余额，亿元÷10000=万亿元；非当月新增贷款
loan_household_total,CHN,2009-02,5.885571,万亿元,M,,https://www.pbc.gov.cn/eportal/fileDir/defaultCurSite/resource/cms/2015/07/2009s03a.htm,人民银行人民币信贷收支表；月末余额，亿元÷10000=万亿元；非当月新增贷款
loan_household_total,CHN,2009-03,6.142356,万亿元,M,,https://www.pbc.gov.cn/eportal/fileDir/defaultCurSite/resource/cms/2015/07/2009s03a.htm,人民银行人民币信贷收支表；月末余额，亿元÷10000=万亿元；非当月新增贷款
loan_household_total,CHN,2009-04,6.289512,万亿元,M,,https://www.pbc.gov.cn/eportal/fileDir/defaultCurSite/resource/cms/2015/07/2009s03a.htm,人民银行人民币信贷收支表；月末余额，亿元÷10000=万亿元；非当月新增贷款
loan_household_total,CHN,2009-05,6.477611,万亿元,M,,https://www.pbc.gov.cn/eportal/fileDir/defaultCurSite/resource/cms/2015/07/2009s03a.htm,人民银行人民币信贷收支表；月末余额，亿元÷10000=万亿元；非当月新增贷款
loan_household_total,CHN,2009-06,6.780696,万亿元,M,,https://www.pbc.gov.cn/eportal/fileDir/defaultCurSite/resource/cms/2015/07/2009s03a.htm,人民银行人民币信贷收支表；月末余额，亿元÷10000=万亿元；非当月新增贷款
loan_household_total,CHN,2009-07,7.025558,万亿元,M,,https://www.pbc.gov.cn/eportal/fileDir/defaultCurSite/resource/cms/2015/07/2009s03a.htm,人民银行人民币信贷收支表；月末余额，亿元÷10000=万亿元；非当月新增贷款
loan_household_total,CHN,2009-08,7.276834,万亿元,M,,https://www.pbc.gov.cn/eportal/fileDir/defaultCurSite/resource/cms/2015/07/2009s03a.htm,人民银行人民币信贷收支表；月末余额，亿元÷10000=万亿元；非当月新增贷款
loan_household_total,CHN,2009-09,7.556116,万亿元,M,,https://www.pbc.gov.cn/eportal/fileDir/defaultCurSite/resource/cms/2015/07/2009s03a.htm,人民银行人民币信贷收支表；月末余额，亿元÷10000=万亿元；非当月新增贷款
loan_household_total,CHN,2009-10,7.713667,万亿元,M,,https://www.pbc.gov.cn/eportal/fileDir/defaultCurSite/resource/cms/2015/07/2009s03a.htm,人民银行人民币信贷收支表；月末余额，亿元÷10000=万亿元；非当月新增贷款
loan_household_total,CHN,2009-11,7.951409,万亿元,M,,https://www.pbc.gov.cn/eportal/fileDir/defaultCurSite/resource/cms/2015/07/2009s03a.htm,人民银行人民币信贷收支表；月末余额，亿元÷10000=万亿元；非当月新增贷款
loan_household_total,CHN,2009-12,8.17869,万亿元,M,,https://www.pbc.gov.cn/eportal/fileDir/defaultCurSite/resource/cms/2015/07/2009s03a.htm,人民银行人民币信贷收支表；月末余额，亿元÷10000=万亿元；非当月新增贷款
loan_household_total,CHN,2010-01,8.823194,万亿元,M,,https://www.pbc.gov.cn/eportal/fileDir/defaultCurSite/resource/cms/2015/07/2010s03a.htm,人民银行人民币信贷收支表；月末余额，亿元÷10000=万亿元；非当月新增贷款
loan_household_total,CHN,2010-02,9.022618,万亿元,M,,https://www.pbc.gov.cn/eportal/fileDir/defaultCurSite/resource/cms/2015/07/2010s03a.htm,人民银行人民币信贷收支表；月末余额，亿元÷10000=万亿元；非当月新增贷款
loan_household_total,CHN,2010-03,9.304872,万亿元,M,,https://www.pbc.gov.cn/eportal/fileDir/defaultCurSite/resource/cms/2015/07/2010s03a.htm,人民银行人民币信贷收支表；月末余额，亿元÷10000=万亿元；非当月新增贷款
loan_household_total,CHN,2010-04,9.629103,万亿元,M,,https://www.pbc.gov.cn/eportal/fileDir/defaultCurSite/resource/cms/2015/07/2010s03a.htm,人民银行人民币信贷收支表；月末余额，亿元÷10000=万亿元；非当月新增贷款
loan_household_total,CHN,2010-05,9.892371,万亿元,M,,https://www.pbc.gov.cn/eportal/fileDir/defaultCurSite/resource/cms/2015/07/2010s03a.htm,人民银行人民币信贷收支表；月末余额，亿元÷10000=万亿元；非当月新增贷款
loan_household_total,CHN,2010-06,10.126678,万亿元,M,,https://www.pbc.gov.cn/eportal/fileDir/defaultCurSite/resource/cms/2015/07/2010s03a.htm,人民银行人民币信贷收支表；月末余额，亿元÷10000=万亿元；非当月新增贷款
loan_household_total,CHN,2010-07,10.298694,万亿元,M,,https://www.pbc.gov.cn/eportal/fileDir/defaultCurSite/resource/cms/2015/07/2010s03a.htm,人民银行人民币信贷收支表；月末余额，亿元÷10000=万亿元；非当月新增贷款
loan_household_total,CHN,2010-08,10.499756,万亿元,M,,https://www.pbc.gov.cn/eportal/fileDir/defaultCurSite/resource/cms/2015/07/2010s03a.htm,人民银行人民币信贷收支表；月末余额，亿元÷10000=万亿元；非当月新增贷款
loan_household_total,CHN,2010-09,10.748113,万亿元,M,,https://www.pbc.gov.cn/eportal/fileDir/defaultCurSite/resource/cms/2015/07/2010s03a.htm,人民银行人民币信贷收支表；月末余额，亿元÷10000=万亿元；非当月新增贷款
loan_household_total,CHN,2010-10,10.913734,万亿元,M,,https://www.pbc.gov.cn/eportal/fileDir/defaultCurSite/resource/cms/2015/07/2010s03a.htm,人民银行人民币信贷收支表；月末余额，亿元÷10000=万亿元；非当月新增贷款
loan_household_total,CHN,2010-11,11.103824,万亿元,M,,https://www.pbc.gov.cn/eportal/fileDir/defaultCurSite/resource/cms/2015/07/2010s03a.htm,人民银行人民币信贷收支表；月末余额，亿元÷10000=万亿元；非当月新增贷款
loan_household_total,CHN,2010-12,11.254209,万亿元,M,,https://www.pbc.gov.cn/eportal/fileDir/defaultCurSite/resource/cms/2015/07/2010s03a.htm,人民银行人民币信贷收支表；月末余额，亿元÷10000=万亿元；非当月新增贷款
loan_household_total,CHN,2011-01,11.531665,万亿元,M,,https://www.pbc.gov.cn/eportal/fileDir/defaultCurSite/resource/cms/2015/07/2011s03a.htm,人民银行人民币信贷收支表；月末余额，亿元÷10000=万亿元；非当月新增贷款
loan_household_total,CHN,2011-02,11.637522,万亿元,M,,https://www.pbc.gov.cn/eportal/fileDir/defaultCurSite/resource/cms/2015/07/2011s03a.htm,人民银行人民币信贷收支表；月末余额，亿元÷10000=万亿元；非当月新增贷款
loan_household_total,CHN,2011-03,11.940549,万亿元,M,,https://www.pbc.gov.cn/eportal/fileDir/defaultCurSite/resource/cms/2015/07/2011s03a.htm,人民银行人民币信贷收支表；月末余额，亿元÷10000=万亿元；非当月新增贷款
loan_household_total,CHN,2011-04,12.187529,万亿元,M,,https://www.pbc.gov.cn/eportal/fileDir/defaultCurSite/resource/cms/2015/07/2011s03a.htm,人民银行人民币信贷收支表；月末余额，亿元÷10000=万亿元；非当月新增贷款
loan_household_total,CHN,2011-05,12.405051,万亿元,M,,https://www.pbc.gov.cn/eportal/fileDir/defaultCurSite/resource/cms/2015/07/2011s03a.htm,人民银行人民币信贷收支表；月末余额，亿元÷10000=万亿元；非当月新增贷款
loan_household_total,CHN,2011-06,12.640119,万亿元,M,,https://www.pbc.gov.cn/eportal/fileDir/defaultCurSite/resource/cms/2015/07/2011s03a.htm,人民银行人民币信贷收支表；月末余额，亿元÷10000=万亿元；非当月新增贷款
loan_household_total,CHN,2011-07,12.816287,万亿元,M,,https://www.pbc.gov.cn/eportal/fileDir/defaultCurSite/resource/cms/2015/07/2011s03a.htm,人民银行人民币信贷收支表；月末余额，亿元÷10000=万亿元；非当月新增贷款
loan_household_total,CHN,2011-08,13.005089,万亿元,M,,https://www.pbc.gov.cn/eportal/fileDir/defaultCurSite/resource/cms/2015/07/2011s03a.htm,人民银行人民币信贷收支表；月末余额，亿元÷10000=万亿元；非当月新增贷款
loan_household_total,CHN,2011-09,13.186302,万亿元,M,,https://www.pbc.gov.cn/eportal/fileDir/defaultCurSite/resource/cms/2015/07/2011s03a.htm,人民银行人民币信贷收支表；月末余额，亿元÷10000=万亿元；非当月新增贷款
loan_household_total,CHN,2011-10,13.317045,万亿元,M,,https://www.pbc.gov.cn/eportal/fileDir/defaultCurSite/resource/cms/2015/07/2011s03a.htm,人民银行人民币信贷收支表；月末余额，亿元÷10000=万亿元；非当月新增贷款
loan_household_total,CHN,2011-11,13.460568,万亿元,M,,https://www.pbc.gov.cn/eportal/fileDir/defaultCurSite/resource/cms/2015/07/2011s03a.htm,人民银行人民币信贷收支表；月末余额，亿元÷10000=万亿元；非当月新增贷款
loan_household_total,CHN,2011-12,13.601158,万亿元,M,,https://www.pbc.gov.cn/eportal/fileDir/defaultCurSite/resource/cms/2015/07/2011s03a.htm,人民银行人民币信贷收支表；月末余额，亿元÷10000=万亿元；非当月新增贷款
loan_household_total,CHN,2012-01,13.75919,万亿元,M,,https://www.pbc.gov.cn/eportal/fileDir/defaultCurSite/resource/cms/2015/07/2012s03a.htm,人民银行人民币信贷收支表；月末余额，亿元÷10000=万亿元；非当月新增贷款
loan_household_total,CHN,2012-02,13.824433,万亿元,M,,https://www.pbc.gov.cn/eportal/fileDir/defaultCurSite/resource/cms/2015/07/2012s03a.htm,人民银行人民币信贷收支表；月末余额，亿元÷10000=万亿元；非当月新增贷款
loan_household_total,CHN,2012-03,14.106022,万亿元,M,,https://www.pbc.gov.cn/eportal/fileDir/defaultCurSite/resource/cms/2015/07/2012s03a.htm,人民银行人民币信贷收支表；月末余额，亿元÷10000=万亿元；非当月新增贷款
loan_household_total,CHN,2012-04,14.248158,万亿元,M,,https://www.pbc.gov.cn/eportal/fileDir/defaultCurSite/resource/cms/2015/07/2012s03a.htm,人民银行人民币信贷收支表；月末余额，亿元÷10000=万亿元；非当月新增贷款
loan_household_total,CHN,2012-05,14.461929,万亿元,M,,https://www.pbc.gov.cn/eportal/fileDir/defaultCurSite/resource/cms/2015/07/2012s03a.htm,人民银行人民币信贷收支表；月末余额，亿元÷10000=万亿元；非当月新增贷款
loan_household_total,CHN,2012-06,14.734364,万亿元,M,,https://www.pbc.gov.cn/eportal/fileDir/defaultCurSite/resource/cms/2015/07/2012s03a.htm,人民银行人民币信贷收支表；月末余额，亿元÷10000=万亿元；非当月新增贷款
loan_household_total,CHN,2012-07,14.918362,万亿元,M,,https://www.pbc.gov.cn/eportal/fileDir/defaultCurSite/resource/cms/2015/07/2012s03a.htm,人民银行人民币信贷收支表；月末余额，亿元÷10000=万亿元；非当月新增贷款
loan_household_total,CHN,2012-08,15.200894,万亿元,M,,https://www.pbc.gov.cn/eportal/fileDir/defaultCurSite/resource/cms/2015/07/2012s03a.htm,人民银行人民币信贷收支表；月末余额，亿元÷10000=万亿元；非当月新增贷款
loan_household_total,CHN,2012-09,15.533476,万亿元,M,,https://www.pbc.gov.cn/eportal/fileDir/defaultCurSite/resource/cms/2015/07/2012s03a.htm,人民银行人民币信贷收支表；月末余额，亿元÷10000=万亿元；非当月新增贷款
loan_household_total,CHN,2012-10,15.679049,万亿元,M,,https://www.pbc.gov.cn/eportal/fileDir/defaultCurSite/resource/cms/2015/07/2012s03a.htm,人民银行人民币信贷收支表；月末余额，亿元÷10000=万亿元；非当月新增贷款
loan_household_total,CHN,2012-11,15.919839,万亿元,M,,https://www.pbc.gov.cn/eportal/fileDir/defaultCurSite/resource/cms/2015/07/2012s03a.htm,人民银行人民币信贷收支表；月末余额，亿元÷10000=万亿元；非当月新增贷款
loan_household_total,CHN,2012-12,16.129999,万亿元,M,,https://www.pbc.gov.cn/eportal/fileDir/defaultCurSite/resource/cms/2015/07/2012s03a.htm,人民银行人民币信贷收支表；月末余额，亿元÷10000=万亿元；非当月新增贷款
loan_household_total,CHN,2013-01,16.606918,万亿元,M,,https://www.pbc.gov.cn/eportal/fileDir/defaultCurSite/resource/cms/2015/07/2013s03a.htm,人民银行人民币信贷收支表；月末余额，亿元÷10000=万亿元；非当月新增贷款
loan_household_total,CHN,2013-02,16.728189,万亿元,M,,https://www.pbc.gov.cn/eportal/fileDir/defaultCurSite/resource/cms/2015/07/2013s03a.htm,人民银行人民币信贷收支表；月末余额，亿元÷10000=万亿元；非当月新增贷款
loan_household_total,CHN,2013-03,17.11295,万亿元,M,,https://www.pbc.gov.cn/eportal/fileDir/defaultCurSite/resource/cms/2015/07/2013s03a.htm,人民银行人民币信贷收支表；月末余额，亿元÷10000=万亿元；非当月新增贷款
loan_household_total,CHN,2013-04,17.484693,万亿元,M,,https://www.pbc.gov.cn/eportal/fileDir/defaultCurSite/resource/cms/2015/07/2013s03a.htm,人民银行人民币信贷收支表；月末余额，亿元÷10000=万亿元；非当月新增贷款
loan_household_total,CHN,2013-05,17.867022,万亿元,M,,https://www.pbc.gov.cn/eportal/fileDir/defaultCurSite/resource/cms/2015/07/2013s03a.htm,人民银行人民币信贷收支表；月末余额，亿元÷10000=万亿元；非当月新增贷款
loan_household_total,CHN,2013-06,18.2106,万亿元,M,,https://www.pbc.gov.cn/eportal/fileDir/defaultCurSite/resource/cms/2015/07/2013s03a.htm,人民银行人民币信贷收支表；月末余额，亿元÷10000=万亿元；非当月新增贷款
loan_household_total,CHN,2013-07,18.517315,万亿元,M,,https://www.pbc.gov.cn/eportal/fileDir/defaultCurSite/resource/cms/2015/07/2013s03a.htm,人民银行人民币信贷收支表；月末余额，亿元÷10000=万亿元；非当月新增贷款
loan_household_total,CHN,2013-08,18.856911,万亿元,M,,https://www.pbc.gov.cn/eportal/fileDir/defaultCurSite/resource/cms/2015/07/2013s03a.htm,人民银行人民币信贷收支表；月末余额，亿元÷10000=万亿元；非当月新增贷款
loan_household_total,CHN,2013-09,19.20926,万亿元,M,,https://www.pbc.gov.cn/eportal/fileDir/defaultCurSite/resource/cms/2015/07/2013s03a.htm,人民银行人民币信贷收支表；月末余额，亿元÷10000=万亿元；非当月新增贷款
loan_household_total,CHN,2013-10,19.414139,万亿元,M,,https://www.pbc.gov.cn/eportal/fileDir/defaultCurSite/resource/cms/2015/07/2013s03a.htm,人民银行人民币信贷收支表；月末余额，亿元÷10000=万亿元；非当月新增贷款
loan_household_total,CHN,2013-11,19.675674,万亿元,M,,https://www.pbc.gov.cn/eportal/fileDir/defaultCurSite/resource/cms/2015/07/2013s03a.htm,人民银行人民币信贷收支表；月末余额，亿元÷10000=万亿元；非当月新增贷款
loan_household_total,CHN,2013-12,19.850379,万亿元,M,,https://www.pbc.gov.cn/eportal/fileDir/defaultCurSite/resource/cms/2015/07/2013s03a.htm,人民银行人民币信贷收支表；月末余额，亿元÷10000=万亿元；非当月新增贷款
loan_household_total,CHN,2014-01,20.341974,万亿元,M,,https://www.pbc.gov.cn/eportal/fileDir/defaultCurSite/resource/cms/2015/07/2014s03a.htm,人民银行人民币信贷收支表；月末余额，亿元÷10000=万亿元；非当月新增贷款
loan_household_total,CHN,2014-02,20.391163,万亿元,M,,https://www.pbc.gov.cn/eportal/fileDir/defaultCurSite/resource/cms/2015/07/2014s03a.htm,人民银行人民币信贷收支表；月末余额，亿元÷10000=万亿元；非当月新增贷款
loan_household_total,CHN,2014-03,20.779519,万亿元,M,,https://www.pbc.gov.cn/eportal/fileDir/defaultCurSite/resource/cms/2015/07/2014s03a.htm,人民银行人民币信贷收支表；月末余额，亿元÷10000=万亿元；非当月新增贷款
loan_household_total,CHN,2014-04,21.060296,万亿元,M,,https://www.pbc.gov.cn/eportal/fileDir/defaultCurSite/resource/cms/2015/07/2014s03a.htm,人民银行人民币信贷收支表；月末余额，亿元÷10000=万亿元；非当月新增贷款
loan_household_total,CHN,2014-05,21.372771,万亿元,M,,https://www.pbc.gov.cn/eportal/fileDir/defaultCurSite/resource/cms/2015/07/2014s03a.htm,人民银行人民币信贷收支表；月末余额，亿元÷10000=万亿元；非当月新增贷款
loan_household_total,CHN,2014-06,21.728985,万亿元,M,,https://www.pbc.gov.cn/eportal/fileDir/defaultCurSite/resource/cms/2015/07/2014s03a.htm,人民银行人民币信贷收支表；月末余额，亿元÷10000=万亿元；非当月新增贷款
loan_household_total,CHN,2014-07,21.93515,万亿元,M,,https://www.pbc.gov.cn/eportal/fileDir/defaultCurSite/resource/cms/2015/07/2014s03a.htm,人民银行人民币信贷收支表；月末余额，亿元÷10000=万亿元；非当月新增贷款
loan_household_total,CHN,2014-08,22.208061,万亿元,M,,https://www.pbc.gov.cn/eportal/fileDir/defaultCurSite/resource/cms/2015/07/2014s03a.htm,人民银行人民币信贷收支表；月末余额，亿元÷10000=万亿元；非当月新增贷款
loan_household_total,CHN,2014-09,22.506228,万亿元,M,,https://www.pbc.gov.cn/eportal/fileDir/defaultCurSite/resource/cms/2015/07/2014s03a.htm,人民银行人民币信贷收支表；月末余额，亿元÷10000=万亿元；非当月新增贷款
loan_household_total,CHN,2014-10,22.664742,万亿元,M,,https://www.pbc.gov.cn/eportal/fileDir/defaultCurSite/resource/cms/2015/07/2014s03a.htm,人民银行人民币信贷收支表；月末余额，亿元÷10000=万亿元；非当月新增贷款
loan_household_total,CHN,2014-11,22.91337,万亿元,M,,https://www.pbc.gov.cn/eportal/fileDir/defaultCurSite/resource/cms/2015/07/2014s03a.htm,人民银行人民币信贷收支表；月末余额，亿元÷10000=万亿元；非当月新增贷款
loan_household_total,CHN,2014-12,23.14104,万亿元,M,,https://www.pbc.gov.cn/eportal/fileDir/defaultCurSite/resource/cms/2015/07/2014s03a.htm,人民银行人民币信贷收支表；月末余额，亿元÷10000=万亿元；非当月新增贷款
loan_household_total,CHN,2015-01,23.575383,万亿元,M,,https://www.pbc.gov.cn/diaochatongjisi/attachDir/2025/11/2025111810564114123.xls,人民银行人民币信贷收支表；月末余额，亿元÷10000=万亿元；非当月新增贷款
loan_household_total,CHN,2015-02,23.78733,万亿元,M,,https://www.pbc.gov.cn/diaochatongjisi/attachDir/2025/11/2025111810564114123.xls,人民银行人民币信贷收支表；月末余额，亿元÷10000=万亿元；非当月新增贷款
loan_household_total,CHN,2015-03,24.038437,万亿元,M,,https://www.pbc.gov.cn/diaochatongjisi/attachDir/2025/11/2025111810564114123.xls,人民银行人民币信贷收支表；月末余额，亿元÷10000=万亿元；非当月新增贷款
loan_household_total,CHN,2015-04,24.330783,万亿元,M,,https://www.pbc.gov.cn/diaochatongjisi/attachDir/2025/11/2025111810564114123.xls,人民银行人民币信贷收支表；月末余额，亿元÷10000=万亿元；非当月新增贷款
loan_household_total,CHN,2015-05,24.641763,万亿元,M,,https://www.pbc.gov.cn/diaochatongjisi/attachDir/2025/11/2025111810564114123.xls,人民银行人民币信贷收支表；月末余额，亿元÷10000=万亿元；非当月新增贷款
loan_household_total,CHN,2015-06,25.103042,万亿元,M,,https://www.pbc.gov.cn/diaochatongjisi/attachDir/2025/11/2025111810564114123.xls,人民银行人民币信贷收支表；月末余额，亿元÷10000=万亿元；非当月新增贷款
loan_household_total,CHN,2015-07,25.378286,万亿元,M,,https://www.pbc.gov.cn/diaochatongjisi/attachDir/2025/11/2025111810564114123.xls,人民银行人民币信贷收支表；月末余额，亿元÷10000=万亿元；非当月新增贷款
loan_household_total,CHN,2015-08,25.731294,万亿元,M,,https://www.pbc.gov.cn/diaochatongjisi/attachDir/2025/11/2025111810564114123.xls,人民银行人民币信贷收支表；月末余额，亿元÷10000=万亿元；非当月新增贷款
loan_household_total,CHN,2015-09,26.151489,万亿元,M,,https://www.pbc.gov.cn/diaochatongjisi/attachDir/2025/11/2025111810564114123.xls,人民银行人民币信贷收支表；月末余额，亿元÷10000=万亿元；非当月新增贷款
loan_household_total,CHN,2015-10,26.318592,万亿元,M,,https://www.pbc.gov.cn/diaochatongjisi/attachDir/2025/11/2025111810564114123.xls,人民银行人民币信贷收支表；月末余额，亿元÷10000=万亿元；非当月新增贷款
loan_household_total,CHN,2015-11,26.703021,万亿元,M,,https://www.pbc.gov.cn/diaochatongjisi/attachDir/2025/11/2025111810564114123.xls,人民银行人民币信贷收支表；月末余额，亿元÷10000=万亿元；非当月新增贷款
loan_household_total,CHN,2015-12,27.021385,万亿元,M,,https://www.pbc.gov.cn/diaochatongjisi/attachDir/2025/11/2025111810564114123.xls,人民银行人民币信贷收支表；月末余额，亿元÷10000=万亿元；非当月新增贷款
loan_household_total,CHN,2016-01,27.638308,万亿元,M,,https://www.pbc.gov.cn/diaochatongjisi/attachDir/2025/11/2025111811260014568.xls,人民银行人民币信贷收支表；月末余额，亿元÷10000=万亿元；非当月新增贷款
loan_household_total,CHN,2016-02,27.631795,万亿元,M,,https://www.pbc.gov.cn/diaochatongjisi/attachDir/2025/11/2025111811260014568.xls,人民银行人民币信贷收支表；月末余额，亿元÷10000=万亿元；非当月新增贷款
loan_household_total,CHN,2016-03,28.275536,万亿元,M,,https://www.pbc.gov.cn/diaochatongjisi/attachDir/2025/11/2025111811260014568.xls,人民银行人民币信贷收支表；月末余额，亿元÷10000=万亿元；非当月新增贷款
loan_household_total,CHN,2016-04,28.69722,万亿元,M,,https://www.pbc.gov.cn/diaochatongjisi/attachDir/2025/11/2025111811260014568.xls,人民银行人民币信贷收支表；月末余额，亿元÷10000=万亿元；非当月新增贷款
loan_household_total,CHN,2016-05,29.27314,万亿元,M,,https://www.pbc.gov.cn/diaochatongjisi/attachDir/2025/11/2025111811260014568.xls,人民银行人民币信贷收支表；月末余额，亿元÷10000=万亿元；非当月新增贷款
loan_household_total,CHN,2016-06,29.97674,万亿元,M,,https://www.pbc.gov.cn/diaochatongjisi/attachDir/2025/11/2025111811260014568.xls,人民银行人民币信贷收支表；月末余额，亿元÷10000=万亿元；非当月新增贷款
loan_household_total,CHN,2016-07,30.434267,万亿元,M,,https://www.pbc.gov.cn/diaochatongjisi/attachDir/2025/11/2025111811260014568.xls,人民银行人民币信贷收支表；月末余额，亿元÷10000=万亿元；非当月新增贷款
loan_household_total,CHN,2016-08,31.109806,万亿元,M,,https://www.pbc.gov.cn/diaochatongjisi/attachDir/2025/11/2025111811260014568.xls,人民银行人民币信贷收支表；月末余额，亿元÷10000=万亿元；非当月新增贷款
loan_household_total,CHN,2016-09,31.752601,万亿元,M,,https://www.pbc.gov.cn/diaochatongjisi/attachDir/2025/11/2025111811260014568.xls,人民银行人民币信贷收支表；月末余额，亿元÷10000=万亿元；非当月新增贷款
loan_household_total,CHN,2016-10,32.185656,万亿元,M,,https://www.pbc.gov.cn/diaochatongjisi/attachDir/2025/11/2025111811260014568.xls,人民银行人民币信贷收支表；月末余额，亿元÷10000=万亿元；非当月新增贷款
loan_household_total,CHN,2016-11,32.865212,万亿元,M,,https://www.pbc.gov.cn/diaochatongjisi/attachDir/2025/11/2025111811260014568.xls,人民银行人民币信贷收支表；月末余额，亿元÷10000=万亿元；非当月新增贷款
loan_household_total,CHN,2016-12,33.361474,万亿元,M,,https://www.pbc.gov.cn/diaochatongjisi/attachDir/2025/11/2025111811260014568.xls,人民银行人民币信贷收支表；月末余额，亿元÷10000=万亿元；非当月新增贷款
loan_household_total,CHN,2017-01,34.122502,万亿元,M,,https://www.pbc.gov.cn/diaochatongjisi/attachDir/2025/11/2025111814223377038.xls,人民银行人民币信贷收支表；月末余额，亿元÷10000=万亿元；非当月新增贷款
loan_household_total,CHN,2017-02,34.422699,万亿元,M,,https://www.pbc.gov.cn/diaochatongjisi/attachDir/2025/11/2025111814223377038.xls,人民银行人民币信贷收支表；月末余额，亿元÷10000=万亿元；非当月新增贷款
loan_household_total,CHN,2017-03,35.217383,万亿元,M,,https://www.pbc.gov.cn/diaochatongjisi/attachDir/2025/11/2025111814223377038.xls,人民银行人民币信贷收支表；月末余额，亿元÷10000=万亿元；非当月新增贷款
loan_household_total,CHN,2017-04,35.788361,万亿元,M,,https://www.pbc.gov.cn/diaochatongjisi/attachDir/2025/11/2025111814223377038.xls,人民银行人民币信贷收支表；月末余额，亿元÷10000=万亿元；非当月新增贷款
loan_household_total,CHN,2017-05,36.398989,万亿元,M,,https://www.pbc.gov.cn/diaochatongjisi/attachDir/2025/11/2025111814223377038.xls,人民银行人民币信贷收支表；月末余额，亿元÷10000=万亿元；非当月新增贷款
loan_household_total,CHN,2017-06,37.145308,万亿元,M,,https://www.pbc.gov.cn/diaochatongjisi/attachDir/2025/11/2025111814223377038.xls,人民银行人民币信贷收支表；月末余额，亿元÷10000=万亿元；非当月新增贷款
loan_household_total,CHN,2017-07,37.706878,万亿元,M,,https://www.pbc.gov.cn/diaochatongjisi/attachDir/2025/11/2025111814223377038.xls,人民银行人民币信贷收支表；月末余额，亿元÷10000=万亿元；非当月新增贷款
loan_household_total,CHN,2017-08,38.370418,万亿元,M,,https://www.pbc.gov.cn/diaochatongjisi/attachDir/2025/11/2025111814223377038.xls,人民银行人民币信贷收支表；月末余额，亿元÷10000=万亿元；非当月新增贷款
loan_household_total,CHN,2017-09,39.10258,万亿元,M,,https://www.pbc.gov.cn/diaochatongjisi/attachDir/2025/11/2025111814223377038.xls,人民银行人民币信贷收支表；月末余额，亿元÷10000=万亿元；非当月新增贷款
loan_household_total,CHN,2017-10,39.552663,万亿元,M,,https://www.pbc.gov.cn/diaochatongjisi/attachDir/2025/11/2025111814223377038.xls,人民银行人民币信贷收支表；月末余额，亿元÷10000=万亿元；非当月新增贷款
loan_household_total,CHN,2017-11,40.173202,万亿元,M,,https://www.pbc.gov.cn/diaochatongjisi/attachDir/2025/11/2025111814223377038.xls,人民银行人民币信贷收支表；月末余额，亿元÷10000=万亿元；非当月新增贷款
loan_household_total,CHN,2017-12,40.504545,万亿元,M,,https://www.pbc.gov.cn/diaochatongjisi/attachDir/2025/11/2025111814223377038.xls,人民银行人民币信贷收支表；月末余额，亿元÷10000=万亿元；非当月新增贷款
loan_household_total,CHN,2018-01,41.421815,万亿元,M,,https://www.pbc.gov.cn/diaochatongjisi/attachDir/2025/11/2025111815281576875.xls,人民银行人民币信贷收支表；月末余额，亿元÷10000=万亿元；非当月新增贷款
loan_household_total,CHN,2018-02,41.696903,万亿元,M,,https://www.pbc.gov.cn/diaochatongjisi/attachDir/2025/11/2025111815281576875.xls,人民银行人民币信贷收支表；月末余额，亿元÷10000=万亿元；非当月新增贷款
loan_household_total,CHN,2018-03,42.27332,万亿元,M,,https://www.pbc.gov.cn/diaochatongjisi/attachDir/2025/11/2025111815281576875.xls,人民银行人民币信贷收支表；月末余额，亿元÷10000=万亿元；非当月新增贷款
loan_household_total,CHN,2018-04,42.801708,万亿元,M,,https://www.pbc.gov.cn/diaochatongjisi/attachDir/2025/11/2025111815281576875.xls,人民银行人民币信贷收支表；月末余额，亿元÷10000=万亿元；非当月新增贷款
loan_household_total,CHN,2018-05,43.415979,万亿元,M,,https://www.pbc.gov.cn/diaochatongjisi/attachDir/2025/11/2025111815281576875.xls,人民银行人民币信贷收支表；月末余额，亿元÷10000=万亿元；非当月新增贷款
loan_household_total,CHN,2018-06,44.121719,万亿元,M,,https://www.pbc.gov.cn/diaochatongjisi/attachDir/2025/11/2025111815281576875.xls,人民银行人民币信贷收支表；月末余额，亿元÷10000=万亿元；非当月新增贷款
loan_household_total,CHN,2018-07,44.756085,万亿元,M,,https://www.pbc.gov.cn/diaochatongjisi/attachDir/2025/11/2025111815281576875.xls,人民银行人民币信贷收支表；月末余额，亿元÷10000=万亿元；非当月新增贷款
loan_household_total,CHN,2018-08,45.457319,万亿元,M,,https://www.pbc.gov.cn/diaochatongjisi/attachDir/2025/11/2025111815281576875.xls,人民银行人民币信贷收支表；月末余额，亿元÷10000=万亿元；非当月新增贷款
loan_household_total,CHN,2018-09,46.205316,万亿元,M,,https://www.pbc.gov.cn/diaochatongjisi/attachDir/2025/11/2025111815281576875.xls,人民银行人民币信贷收支表；月末余额，亿元÷10000=万亿元；非当月新增贷款
loan_household_total,CHN,2018-10,46.768931,万亿元,M,,https://www.pbc.gov.cn/diaochatongjisi/attachDir/2025/11/2025111815281576875.xls,人民银行人民币信贷收支表；月末余额，亿元÷10000=万亿元；非当月新增贷款
loan_household_total,CHN,2018-11,47.424929,万亿元,M,,https://www.pbc.gov.cn/diaochatongjisi/attachDir/2025/11/2025111815281576875.xls,人民银行人民币信贷收支表；月末余额，亿元÷10000=万亿元；非当月新增贷款
loan_household_total,CHN,2018-12,47.884255,万亿元,M,,https://www.pbc.gov.cn/diaochatongjisi/attachDir/2025/11/2025111815281576875.xls,人民银行人民币信贷收支表；月末余额，亿元÷10000=万亿元；非当月新增贷款
loan_household_total,CHN,2019-01,48.878645,万亿元,M,,https://www.pbc.gov.cn/diaochatongjisi/attachDir/2025/11/2025111815533429222.xls,人民银行人民币信贷收支表；月末余额，亿元÷10000=万亿元；非当月新增贷款
loan_household_total,CHN,2019-02,48.808051,万亿元,M,,https://www.pbc.gov.cn/diaochatongjisi/attachDir/2025/11/2025111815533429222.xls,人民银行人民币信贷收支表；月末余额，亿元÷10000=万亿元；非当月新增贷款
loan_household_total,CHN,2019-03,49.698476,万亿元,M,,https://www.pbc.gov.cn/diaochatongjisi/attachDir/2025/11/2025111815533429222.xls,人民银行人民币信贷收支表；月末余额，亿元÷10000=万亿元；非当月新增贷款
loan_household_total,CHN,2019-04,50.224254,万亿元,M,,https://www.pbc.gov.cn/diaochatongjisi/attachDir/2025/11/2025111815533429222.xls,人民银行人民币信贷收支表；月末余额，亿元÷10000=万亿元；非当月新增贷款
loan_household_total,CHN,2019-05,50.886788,万亿元,M,,https://www.pbc.gov.cn/diaochatongjisi/attachDir/2025/11/2025111815533429222.xls,人民银行人民币信贷收支表；月末余额，亿元÷10000=万亿元；非当月新增贷款
loan_household_total,CHN,2019-06,51.644945,万亿元,M,,https://www.pbc.gov.cn/diaochatongjisi/attachDir/2025/11/2025111815533429222.xls,人民银行人民币信贷收支表；月末余额，亿元÷10000=万亿元；非当月新增贷款
loan_household_total,CHN,2019-07,52.156187,万亿元,M,,https://www.pbc.gov.cn/diaochatongjisi/attachDir/2025/11/2025111815533429222.xls,人民银行人民币信贷收支表；月末余额，亿元÷10000=万亿元；非当月新增贷款
loan_household_total,CHN,2019-08,52.810005,万亿元,M,,https://www.pbc.gov.cn/diaochatongjisi/attachDir/2025/11/2025111815533429222.xls,人民银行人民币信贷收支表；月末余额，亿元÷10000=万亿元；非当月新增贷款
loan_household_total,CHN,2019-09,53.566578,万亿元,M,,https://www.pbc.gov.cn/diaochatongjisi/attachDir/2025/11/2025111815533429222.xls,人民银行人民币信贷收支表；月末余额，亿元÷10000=万亿元；非当月新增贷款
loan_household_total,CHN,2019-10,53.987528,万亿元,M,,https://www.pbc.gov.cn/diaochatongjisi/attachDir/2025/11/2025111815533429222.xls,人民银行人民币信贷收支表；月末余额，亿元÷10000=万亿元；非当月新增贷款
loan_household_total,CHN,2019-11,54.670656,万亿元,M,,https://www.pbc.gov.cn/diaochatongjisi/attachDir/2025/11/2025111815533429222.xls,人民银行人民币信贷收支表；月末余额，亿元÷10000=万亿元；非当月新增贷款
loan_household_total,CHN,2019-12,55.319127,万亿元,M,,https://www.pbc.gov.cn/diaochatongjisi/attachDir/2025/11/2025111815533429222.xls,人民银行人民币信贷收支表；月末余额，亿元÷10000=万亿元；非当月新增贷款
loan_household_total,CHN,2020-01,55.953154,万亿元,M,,https://www.pbc.gov.cn/diaochatongjisi/attachDir/2025/11/2025111816065225038.xls,人民银行人民币信贷收支表；月末余额，亿元÷10000=万亿元；非当月新增贷款
loan_household_total,CHN,2020-02,55.539899,万亿元,M,,https://www.pbc.gov.cn/diaochatongjisi/attachDir/2025/11/2025111816065225038.xls,人民银行人民币信贷收支表；月末余额，亿元÷10000=万亿元；非当月新增贷款
loan_household_total,CHN,2020-03,56.526448,万亿元,M,,https://www.pbc.gov.cn/diaochatongjisi/attachDir/2025/11/2025111816065225038.xls,人民银行人民币信贷收支表；月末余额，亿元÷10000=万亿元；非当月新增贷款
loan_household_total,CHN,2020-04,57.193353,万亿元,M,,https://www.pbc.gov.cn/diaochatongjisi/attachDir/2025/11/2025111816065225038.xls,人民银行人民币信贷收支表；月末余额，亿元÷10000=万亿元；非当月新增贷款
loan_household_total,CHN,2020-05,57.897606,万亿元,M,,https://www.pbc.gov.cn/diaochatongjisi/attachDir/2025/11/2025111816065225038.xls,人民银行人民币信贷收支表；月末余额，亿元÷10000=万亿元；非当月新增贷款
loan_household_total,CHN,2020-06,58.875086,万亿元,M,,https://www.pbc.gov.cn/diaochatongjisi/attachDir/2025/11/2025111816065225038.xls,人民银行人民币信贷收支表；月末余额，亿元÷10000=万亿元；非当月新增贷款
loan_household_total,CHN,2020-07,59.632845,万亿元,M,,https://www.pbc.gov.cn/diaochatongjisi/attachDir/2025/11/2025111816065225038.xls,人民银行人民币信贷收支表；月末余额，亿元÷10000=万亿元；非当月新增贷款
loan_household_total,CHN,2020-08,60.474307,万亿元,M,,https://www.pbc.gov.cn/diaochatongjisi/attachDir/2025/11/2025111816065225038.xls,人民银行人民币信贷收支表；月末余额，亿元÷10000=万亿元；非当月新增贷款
loan_household_total,CHN,2020-09,61.443102,万亿元,M,,https://www.pbc.gov.cn/diaochatongjisi/attachDir/2025/11/2025111816065225038.xls,人民银行人民币信贷收支表；月末余额，亿元÷10000=万亿元；非当月新增贷款
loan_household_total,CHN,2020-10,61.876155,万亿元,M,,https://www.pbc.gov.cn/diaochatongjisi/attachDir/2025/11/2025111816065225038.xls,人民银行人民币信贷收支表；月末余额，亿元÷10000=万亿元；非当月新增贷款
loan_household_total,CHN,2020-11,62.629577,万亿元,M,,https://www.pbc.gov.cn/diaochatongjisi/attachDir/2025/11/2025111816065225038.xls,人民银行人民币信贷收支表；月末余额，亿元÷10000=万亿元；非当月新增贷款
loan_household_total,CHN,2020-12,63.184685,万亿元,M,,https://www.pbc.gov.cn/diaochatongjisi/attachDir/2025/11/2025111816065225038.xls,人民银行人民币信贷收支表；月末余额，亿元÷10000=万亿元；非当月新增贷款
loan_household_total,CHN,2021-01,64.457295,万亿元,M,,https://www.pbc.gov.cn/diaochatongjisi/attachDir/2025/11/2025111816273553641.xlsx,人民银行人民币信贷收支表；月末余额，亿元÷10000=万亿元；非当月新增贷款
loan_household_total,CHN,2021-02,64.599437,万亿元,M,,https://www.pbc.gov.cn/diaochatongjisi/attachDir/2025/11/2025111816273553641.xlsx,人民银行人民币信贷收支表；月末余额，亿元÷10000=万亿元；非当月新增贷款
loan_household_total,CHN,2021-03,65.746681,万亿元,M,,https://www.pbc.gov.cn/diaochatongjisi/attachDir/2025/11/2025111816273553641.xlsx,人民银行人民币信贷收支表；月末余额，亿元÷10000=万亿元；非当月新增贷款
loan_household_total,CHN,2021-04,66.274964,万亿元,M,,https://www.pbc.gov.cn/diaochatongjisi/attachDir/2025/11/2025111816273553641.xlsx,人民银行人民币信贷收支表；月末余额，亿元÷10000=万亿元；非当月新增贷款
loan_household_total,CHN,2021-05,66.898164,万亿元,M,,https://www.pbc.gov.cn/diaochatongjisi/attachDir/2025/11/2025111816273553641.xlsx,人民银行人民币信贷收支表；月末余额，亿元÷10000=万亿元；非当月新增贷款
loan_household_total,CHN,2021-06,67.762332,万亿元,M,,https://www.pbc.gov.cn/diaochatongjisi/attachDir/2025/11/2025111816273553641.xlsx,人民银行人民币信贷收支表；月末余额，亿元÷10000=万亿元；非当月新增贷款
loan_household_total,CHN,2021-07,68.168211,万亿元,M,,https://www.pbc.gov.cn/diaochatongjisi/attachDir/2025/11/2025111816273553641.xlsx,人民银行人民币信贷收支表；月末余额，亿元÷10000=万亿元；非当月新增贷款
loan_household_total,CHN,2021-08,68.743687,万亿元,M,,https://www.pbc.gov.cn/diaochatongjisi/attachDir/2025/11/2025111816273553641.xlsx,人民银行人民币信贷收支表；月末余额，亿元÷10000=万亿元；非当月新增贷款
loan_household_total,CHN,2021-09,69.52978,万亿元,M,,https://www.pbc.gov.cn/diaochatongjisi/attachDir/2025/11/2025111816273553641.xlsx,人民银行人民币信贷收支表；月末余额，亿元÷10000=万亿元；非当月新增贷款
loan_household_total,CHN,2021-10,69.994516,万亿元,M,,https://www.pbc.gov.cn/diaochatongjisi/attachDir/2025/11/2025111816273553641.xlsx,人民银行人民币信贷收支表；月末余额，亿元÷10000=万亿元；非当月新增贷款
loan_household_total,CHN,2021-11,70.728261,万亿元,M,,https://www.pbc.gov.cn/diaochatongjisi/attachDir/2025/11/2025111816273553641.xlsx,人民银行人民币信贷收支表；月末余额，亿元÷10000=万亿元；非当月新增贷款
loan_household_total,CHN,2021-12,71.10428,万亿元,M,,https://www.pbc.gov.cn/diaochatongjisi/attachDir/2025/11/2025111816273553641.xlsx,人民银行人民币信贷收支表；月末余额，亿元÷10000=万亿元；非当月新增贷款
loan_household_total,CHN,2022-01,71.94277,万亿元,M,,https://www.pbc.gov.cn/diaochatongjisi/attachDir/2025/11/2025111816420126728.xls,人民银行人民币信贷收支表；月末余额，亿元÷10000=万亿元；非当月新增贷款
loan_household_total,CHN,2022-02,71.605856,万亿元,M,,https://www.pbc.gov.cn/diaochatongjisi/attachDir/2025/11/2025111816420126728.xls,人民银行人民币信贷收支表；月末余额，亿元÷10000=万亿元；非当月新增贷款
loan_household_total,CHN,2022-03,72.3597,万亿元,M,,https://www.pbc.gov.cn/diaochatongjisi/attachDir/2025/11/2025111816420126728.xls,人民银行人民币信贷收支表；月末余额，亿元÷10000=万亿元；非当月新增贷款
loan_household_total,CHN,2022-04,72.142741,万亿元,M,,https://www.pbc.gov.cn/diaochatongjisi/attachDir/2025/11/2025111816420126728.xls,人民银行人民币信贷收支表；月末余额，亿元÷10000=万亿元；非当月新增贷款
loan_household_total,CHN,2022-05,72.431533,万亿元,M,,https://www.pbc.gov.cn/diaochatongjisi/attachDir/2025/11/2025111816420126728.xls,人民银行人民币信贷收支表；月末余额，亿元÷10000=万亿元；非当月新增贷款
loan_household_total,CHN,2022-06,73.283807,万亿元,M,,https://www.pbc.gov.cn/diaochatongjisi/attachDir/2025/11/2025111816420126728.xls,人民银行人民币信贷收支表；月末余额，亿元÷10000=万亿元；非当月新增贷款
loan_household_total,CHN,2022-07,73.405502,万亿元,M,,https://www.pbc.gov.cn/diaochatongjisi/attachDir/2025/11/2025111816420126728.xls,人民银行人民币信贷收支表；月末余额，亿元÷10000=万亿元；非当月新增贷款
loan_household_total,CHN,2022-08,73.863462,万亿元,M,,https://www.pbc.gov.cn/diaochatongjisi/attachDir/2025/11/2025111816420126728.xls,人民银行人民币信贷收支表；月末余额，亿元÷10000=万亿元；非当月新增贷款
loan_household_total,CHN,2022-09,74.514257,万亿元,M,,https://www.pbc.gov.cn/diaochatongjisi/attachDir/2025/11/2025111816420126728.xls,人民银行人民币信贷收支表；月末余额，亿元÷10000=万亿元；非当月新增贷款
loan_household_total,CHN,2022-10,74.496231,万亿元,M,,https://www.pbc.gov.cn/diaochatongjisi/attachDir/2025/11/2025111816420126728.xls,人民银行人民币信贷收支表；月末余额，亿元÷10000=万亿元；非当月新增贷款
loan_household_total,CHN,2022-11,74.758963,万亿元,M,,https://www.pbc.gov.cn/diaochatongjisi/attachDir/2025/11/2025111816420126728.xls,人民银行人民币信贷收支表；月末余额，亿元÷10000=万亿元；非当月新增贷款
loan_household_total,CHN,2022-12,74.932311,万亿元,M,,https://www.pbc.gov.cn/diaochatongjisi/attachDir/2025/11/2025111816420126728.xls,人民银行人民币信贷收支表；月末余额，亿元÷10000=万亿元；非当月新增贷款
loan_household_total,CHN,2023-01,76.023186,万亿元,M,,https://www.pbc.gov.cn/diaochatongjisi/attachDir/2025/11/2025111817162649674.xlsx,人民银行人民币信贷收支表；月末余额，亿元÷10000=万亿元；非当月新增贷款
loan_household_total,CHN,2023-02,76.231316,万亿元,M,,https://www.pbc.gov.cn/diaochatongjisi/attachDir/2025/11/2025111817162649674.xlsx,人民银行人民币信贷收支表；月末余额，亿元÷10000=万亿元；非当月新增贷款
loan_household_total,CHN,2023-03,77.475482,万亿元,M,,https://www.pbc.gov.cn/diaochatongjisi/attachDir/2025/11/2025111817162649674.xlsx,人民银行人民币信贷收支表；月末余额，亿元÷10000=万亿元；非当月新增贷款
loan_household_total,CHN,2023-04,77.23437,万亿元,M,,https://www.pbc.gov.cn/diaochatongjisi/attachDir/2025/11/2025111817162649674.xlsx,人民银行人民币信贷收支表；月末余额，亿元÷10000=万亿元；非当月新增贷款
loan_household_total,CHN,2023-05,77.601523,万亿元,M,,https://www.pbc.gov.cn/diaochatongjisi/attachDir/2025/11/2025111817162649674.xlsx,人民银行人民币信贷收支表；月末余额，亿元÷10000=万亿元；非当月新增贷款
loan_household_total,CHN,2023-06,78.561062,万亿元,M,,https://www.pbc.gov.cn/diaochatongjisi/attachDir/2025/11/2025111817162649674.xlsx,人民银行人民币信贷收支表；月末余额，亿元÷10000=万亿元；非当月新增贷款
loan_household_total,CHN,2023-07,78.360401,万亿元,M,,https://www.pbc.gov.cn/diaochatongjisi/attachDir/2025/11/2025111817162649674.xlsx,人民银行人民币信贷收支表；月末余额，亿元÷10000=万亿元；非当月新增贷款
loan_household_total,CHN,2023-08,78.7526,万亿元,M,,https://www.pbc.gov.cn/diaochatongjisi/attachDir/2025/11/2025111817162649674.xlsx,人民银行人民币信贷收支表；月末余额，亿元÷10000=万亿元；非当月新增贷款
loan_household_total,CHN,2023-09,79.617168,万亿元,M,,https://www.pbc.gov.cn/diaochatongjisi/attachDir/2025/11/2025111817162649674.xlsx,人民银行人民币信贷收支表；月末余额，亿元÷10000=万亿元；非当月新增贷款
loan_household_total,CHN,2023-10,79.582605,万亿元,M,,https://www.pbc.gov.cn/diaochatongjisi/attachDir/2025/11/2025111817162649674.xlsx,人民银行人民币信贷收支表；月末余额，亿元÷10000=万亿元；非当月新增贷款
loan_household_total,CHN,2023-11,79.875106,万亿元,M,,https://www.pbc.gov.cn/diaochatongjisi/attachDir/2025/11/2025111817162649674.xlsx,人民银行人民币信贷收支表；月末余额，亿元÷10000=万亿元；非当月新增贷款
loan_household_total,CHN,2023-12,80.092093,万亿元,M,,https://www.pbc.gov.cn/diaochatongjisi/attachDir/2025/11/2025111817162649674.xlsx,人民银行人民币信贷收支表；月末余额，亿元÷10000=万亿元；非当月新增贷款
loan_household_total,CHN,2024-01,81.085287,万亿元,M,,https://www.pbc.gov.cn/diaochatongjisi/attachDir/2025/11/2025111817274124837.xlsx,人民银行人民币信贷收支表；月末余额，亿元÷10000=万亿元；非当月新增贷款
loan_household_total,CHN,2024-02,80.494653,万亿元,M,,https://www.pbc.gov.cn/diaochatongjisi/attachDir/2025/11/2025111817274124837.xlsx,人民银行人民币信贷收支表；月末余额，亿元÷10000=万亿元；非当月新增贷款
loan_household_total,CHN,2024-03,81.437041,万亿元,M,,https://www.pbc.gov.cn/diaochatongjisi/attachDir/2025/11/2025111817274124837.xlsx,人民银行人民币信贷收支表；月末余额，亿元÷10000=万亿元；非当月新增贷款
loan_household_total,CHN,2024-04,80.918604,万亿元,M,,https://www.pbc.gov.cn/diaochatongjisi/attachDir/2025/11/2025111817274124837.xlsx,人民银行人民币信贷收支表；月末余额，亿元÷10000=万亿元；非当月新增贷款
loan_household_total,CHN,2024-05,80.994287,万亿元,M,,https://www.pbc.gov.cn/diaochatongjisi/attachDir/2025/11/2025111817274124837.xlsx,人民银行人民币信贷收支表；月末余额，亿元÷10000=万亿元；非当月新增贷款
loan_household_total,CHN,2024-06,81.564152,万亿元,M,,https://www.pbc.gov.cn/diaochatongjisi/attachDir/2025/11/2025111817274124837.xlsx,人民银行人民币信贷收支表；月末余额，亿元÷10000=万亿元；非当月新增贷款
loan_household_total,CHN,2024-07,81.352246,万亿元,M,,https://www.pbc.gov.cn/diaochatongjisi/attachDir/2025/11/2025111817274124837.xlsx,人民银行人民币信贷收支表；月末余额，亿元÷10000=万亿元；非当月新增贷款
loan_household_total,CHN,2024-08,81.548543,万亿元,M,,https://www.pbc.gov.cn/diaochatongjisi/attachDir/2025/11/2025111817274124837.xlsx,人民银行人民币信贷收支表；月末余额，亿元÷10000=万亿元；非当月新增贷款
loan_household_total,CHN,2024-09,82.042681,万亿元,M,,https://www.pbc.gov.cn/diaochatongjisi/attachDir/2025/11/2025111817274124837.xlsx,人民银行人民币信贷收支表；月末余额，亿元÷10000=万亿元；非当月新增贷款
loan_household_total,CHN,2024-10,82.202495,万亿元,M,,https://www.pbc.gov.cn/diaochatongjisi/attachDir/2025/11/2025111817274124837.xlsx,人民银行人民币信贷收支表；月末余额，亿元÷10000=万亿元；非当月新增贷款
loan_household_total,CHN,2024-11,82.472021,万亿元,M,,https://www.pbc.gov.cn/diaochatongjisi/attachDir/2025/11/2025111817274124837.xlsx,人民银行人民币信贷收支表；月末余额，亿元÷10000=万亿元；非当月新增贷款
loan_household_total,CHN,2024-12,82.829741,万亿元,M,,https://www.pbc.gov.cn/diaochatongjisi/attachDir/2025/11/2025111817274124837.xlsx,人民银行人民币信贷收支表；月末余额，亿元÷10000=万亿元；非当月新增贷款
loan_household_total,CHN,2025-01,83.273572,万亿元,M,,https://www.pbc.gov.cn/diaochatongjisi/attachDir/2026/01/2026011517314370061.xlsx,人民银行人民币信贷收支表；月末余额，亿元÷10000=万亿元；非当月新增贷款
loan_household_total,CHN,2025-02,82.884412,万亿元,M,,https://www.pbc.gov.cn/diaochatongjisi/attachDir/2026/01/2026011517314370061.xlsx,人民银行人民币信贷收支表；月末余额，亿元÷10000=万亿元；非当月新增贷款
loan_household_total,CHN,2025-03,83.873255,万亿元,M,,https://www.pbc.gov.cn/diaochatongjisi/attachDir/2026/01/2026011517314370061.xlsx,人民银行人民币信贷收支表；月末余额，亿元÷10000=万亿元；非当月新增贷款
loan_household_total,CHN,2025-04,83.34818,万亿元,M,,https://www.pbc.gov.cn/diaochatongjisi/attachDir/2026/01/2026011517314370061.xlsx,人民银行人民币信贷收支表；月末余额，亿元÷10000=万亿元；非当月新增贷款
loan_household_total,CHN,2025-05,83.402123,万亿元,M,,https://www.pbc.gov.cn/diaochatongjisi/attachDir/2026/01/2026011517314370061.xlsx,人民银行人民币信贷收支表；月末余额，亿元÷10000=万亿元；非当月新增贷款
loan_household_total,CHN,2025-06,83.999799,万亿元,M,,https://www.pbc.gov.cn/diaochatongjisi/attachDir/2026/01/2026011517314370061.xlsx,人民银行人民币信贷收支表；月末余额，亿元÷10000=万亿元；非当月新增贷款
loan_household_total,CHN,2025-07,83.510495,万亿元,M,,https://www.pbc.gov.cn/diaochatongjisi/attachDir/2026/01/2026011517314370061.xlsx,人民银行人民币信贷收支表；月末余额，亿元÷10000=万亿元；非当月新增贷款
loan_household_total,CHN,2025-08,83.540771,万亿元,M,,https://www.pbc.gov.cn/diaochatongjisi/attachDir/2026/01/2026011517314370061.xlsx,人民银行人民币信贷收支表；月末余额，亿元÷10000=万亿元；非当月新增贷款
loan_household_total,CHN,2025-09,83.932734,万亿元,M,,https://www.pbc.gov.cn/diaochatongjisi/attachDir/2026/01/2026011517314370061.xlsx,人民银行人民币信贷收支表；月末余额，亿元÷10000=万亿元；非当月新增贷款
loan_household_total,CHN,2025-10,83.569359,万亿元,M,,https://www.pbc.gov.cn/diaochatongjisi/attachDir/2026/01/2026011517314370061.xlsx,人民银行人民币信贷收支表；月末余额，亿元÷10000=万亿元；非当月新增贷款
loan_household_total,CHN,2025-11,83.363103,万亿元,M,,https://www.pbc.gov.cn/diaochatongjisi/attachDir/2026/01/2026011517314370061.xlsx,人民银行人民币信贷收支表；月末余额，亿元÷10000=万亿元；非当月新增贷款
loan_household_total,CHN,2025-12,83.271426,万亿元,M,,https://www.pbc.gov.cn/diaochatongjisi/attachDir/2026/01/2026011517314370061.xlsx,人民银行人民币信贷收支表；月末余额，亿元÷10000=万亿元；非当月新增贷款
loan_household_total,CHN,2026-01,83.727932,万亿元,M,,https://www.pbc.gov.cn/diaochatongjisi/attachDir/2026/09/2026091418213884368.xlsx,人民银行人民币信贷收支表；月末余额，亿元÷10000=万亿元；非当月新增贷款
loan_household_total,CHN,2026-02,83.077239,万亿元,M,,https://www.pbc.gov.cn/diaochatongjisi/attachDir/2026/09/2026091418213884368.xlsx,人民银行人民币信贷收支表；月末余额，亿元÷10000=万亿元；非当月新增贷款
loan_household_total,CHN,2026-03,83.568133,万亿元,M,,https://www.pbc.gov.cn/diaochatongjisi/attachDir/2026/09/2026091418213884368.xlsx,人民银行人民币信贷收支表；月末余额，亿元÷10000=万亿元；非当月新增贷款
loan_household_total,CHN,2026-04,82.781162,万亿元,M,,https://www.pbc.gov.cn/diaochatongjisi/attachDir/2026/09/2026091418213884368.xlsx,人民银行人民币信贷收支表；月末余额，亿元÷10000=万亿元；非当月新增贷款
loan_household_total,CHN,2026-05,82.639982,万亿元,M,,https://www.pbc.gov.cn/diaochatongjisi/attachDir/2026/09/2026091418213884368.xlsx,人民银行人民币信贷收支表；月末余额，亿元÷10000=万亿元；非当月新增贷款
loan_household_total,CHN,2026-06,82.904557,万亿元,M,,https://www.pbc.gov.cn/diaochatongjisi/attachDir/2026/09/2026091418213884368.xlsx,人民银行人民币信贷收支表；月末余额，亿元÷10000=万亿元；非当月新增贷款
loan_household_total,CHN,2026-07,82.444326,万亿元,M,,https://www.pbc.gov.cn/diaochatongjisi/attachDir/2026/09/2026091418213884368.xlsx,人民银行人民币信贷收支表；月末余额，亿元÷10000=万亿元；非当月新增贷款
loan_household_total,CHN,2026-08,82.243557,万亿元,M,,https://www.pbc.gov.cn/diaochatongjisi/attachDir/2026/09/2026091418213884368.xlsx,人民银行人民币信贷收支表；月末余额，亿元÷10000=万亿元；非当月新增贷款
tsf_abs_flow,CHN,2017-01,-129.0,亿元,M,,https://www.pbc.gov.cn/diaochatongjisi/attachDir/2025/11/2025110511302316239.xls,人民银行社融单月分项，亿元；历史口径与缺失按原表保留
tsf_abs_flow,CHN,2017-02,-10.0,亿元,M,,https://www.pbc.gov.cn/diaochatongjisi/attachDir/2025/11/2025110511302316239.xls,人民银行社融单月分项，亿元；历史口径与缺失按原表保留
tsf_abs_flow,CHN,2017-03,164.0,亿元,M,,https://www.pbc.gov.cn/diaochatongjisi/attachDir/2025/11/2025110511302316239.xls,人民银行社融单月分项，亿元；历史口径与缺失按原表保留
tsf_abs_flow,CHN,2017-04,-505.0,亿元,M,,https://www.pbc.gov.cn/diaochatongjisi/attachDir/2025/11/2025110511302316239.xls,人民银行社融单月分项，亿元；历史口径与缺失按原表保留
tsf_abs_flow,CHN,2017-05,294.0,亿元,M,,https://www.pbc.gov.cn/diaochatongjisi/attachDir/2025/11/2025110511302316239.xls,人民银行社融单月分项，亿元；历史口径与缺失按原表保留
tsf_abs_flow,CHN,2017-06,113.0,亿元,M,,https://www.pbc.gov.cn/diaochatongjisi/attachDir/2025/11/2025110511302316239.xls,人民银行社融单月分项，亿元；历史口径与缺失按原表保留
tsf_abs_flow,CHN,2017-07,-505.0,亿元,M,,https://www.pbc.gov.cn/diaochatongjisi/attachDir/2025/11/2025110511302316239.xls,人民银行社融单月分项，亿元；历史口径与缺失按原表保留
tsf_abs_flow,CHN,2017-08,446.0,亿元,M,,https://www.pbc.gov.cn/diaochatongjisi/attachDir/2025/11/2025110511302316239.xls,人民银行社融单月分项，亿元；历史口径与缺失按原表保留
tsf_abs_flow,CHN,2017-09,324.0,亿元,M,,https://www.pbc.gov.cn/diaochatongjisi/attachDir/2025/11/2025110511302316239.xls,人民银行社融单月分项，亿元；历史口径与缺失按原表保留
tsf_abs_flow,CHN,2017-10,61.0,亿元,M,,https://www.pbc.gov.cn/diaochatongjisi/attachDir/2025/11/2025110511302316239.xls,人民银行社融单月分项，亿元；历史口径与缺失按原表保留
tsf_abs_flow,CHN,2017-11,248.0,亿元,M,,https://www.pbc.gov.cn/diaochatongjisi/attachDir/2025/11/2025110511302316239.xls,人民银行社融单月分项，亿元；历史口径与缺失按原表保留
tsf_abs_flow,CHN,2017-12,1476.0,亿元,M,,https://www.pbc.gov.cn/diaochatongjisi/attachDir/2025/11/2025110511302316239.xls,人民银行社融单月分项，亿元；历史口径与缺失按原表保留
tsf_abs_flow,CHN,2018-01,-137.0,亿元,M,,https://www.pbc.gov.cn/diaochatongjisi/attachDir/2025/11/2025110511302316239.xls,人民银行社融单月分项，亿元；历史口径与缺失按原表保留
tsf_abs_flow,CHN,2018-02,-146.0,亿元,M,,https://www.pbc.gov.cn/diaochatongjisi/attachDir/2025/11/2025110511302316239.xls,人民银行社融单月分项，亿元；历史口径与缺失按原表保留
tsf_abs_flow,CHN,2018-03,387.0,亿元,M,,https://www.pbc.gov.cn/diaochatongjisi/attachDir/2025/11/2025110511302316239.xls,人民银行社融单月分项，亿元；历史口径与缺失按原表保留
tsf_abs_flow,CHN,2018-04,821.0,亿元,M,,https://www.pbc.gov.cn/diaochatongjisi/attachDir/2025/11/2025110511302316239.xls,人民银行社融单月分项，亿元；历史口径与缺失按原表保留
tsf_abs_flow,CHN,2018-05,377.0,亿元,M,,https://www.pbc.gov.cn/diaochatongjisi/attachDir/2025/11/2025110511302316239.xls,人民银行社融单月分项，亿元；历史口径与缺失按原表保留
tsf_abs_flow,CHN,2018-06,272.0,亿元,M,,https://www.pbc.gov.cn/diaochatongjisi/attachDir/2025/11/2025110511302316239.xls,人民银行社融单月分项，亿元；历史口径与缺失按原表保留
tsf_abs_flow,CHN,2018-07,123.0,亿元,M,,https://www.pbc.gov.cn/diaochatongjisi/attachDir/2025/11/2025110511302316239.xls,人民银行社融单月分项，亿元；历史口径与缺失按原表保留
tsf_abs_flow,CHN,2018-08,501.0,亿元,M,,https://www.pbc.gov.cn/diaochatongjisi/attachDir/2025/11/2025110511302316239.xls,人民银行社融单月分项，亿元；历史口径与缺失按原表保留
tsf_abs_flow,CHN,2018-09,895.0,亿元,M,,https://www.pbc.gov.cn/diaochatongjisi/attachDir/2025/11/2025110511302316239.xls,人民银行社融单月分项，亿元；历史口径与缺失按原表保留
tsf_abs_flow,CHN,2018-10,188.0,亿元,M,,https://www.pbc.gov.cn/diaochatongjisi/attachDir/2025/11/2025110511302316239.xls,人民银行社融单月分项，亿元；历史口径与缺失按原表保留
tsf_abs_flow,CHN,2018-11,1157.0,亿元,M,,https://www.pbc.gov.cn/diaochatongjisi/attachDir/2025/11/2025110511302316239.xls,人民银行社融单月分项，亿元；历史口径与缺失按原表保留
tsf_abs_flow,CHN,2018-12,1503.0,亿元,M,,https://www.pbc.gov.cn/diaochatongjisi/attachDir/2025/11/2025110511302316239.xls,人民银行社融单月分项，亿元；历史口径与缺失按原表保留
tsf_abs_flow,CHN,2019-01,-466.0,亿元,M,,https://www.pbc.gov.cn/diaochatongjisi/attachDir/2025/11/2025110511302316239.xls,人民银行社融单月分项，亿元；历史口径与缺失按原表保留
tsf_abs_flow,CHN,2019-02,-14.0,亿元,M,,https://www.pbc.gov.cn/diaochatongjisi/attachDir/2025/11/2025110511302316239.xls,人民银行社融单月分项，亿元；历史口径与缺失按原表保留
tsf_abs_flow,CHN,2019-03,261.0,亿元,M,,https://www.pbc.gov.cn/diaochatongjisi/attachDir/2025/11/2025110511302316239.xls,人民银行社融单月分项，亿元；历史口径与缺失按原表保留
tsf_abs_flow,CHN,2019-04,243.0,亿元,M,,https://www.pbc.gov.cn/diaochatongjisi/attachDir/2025/11/2025110511302316239.xls,人民银行社融单月分项，亿元；历史口径与缺失按原表保留
tsf_abs_flow,CHN,2019-05,383.0,亿元,M,,https://www.pbc.gov.cn/diaochatongjisi/attachDir/2025/11/2025110511302316239.xls,人民银行社融单月分项，亿元；历史口径与缺失按原表保留
tsf_abs_flow,CHN,2019-06,607.0,亿元,M,,https://www.pbc.gov.cn/diaochatongjisi/attachDir/2025/11/2025110511302316239.xls,人民银行社融单月分项，亿元；历史口径与缺失按原表保留
tsf_abs_flow,CHN,2019-07,286.0,亿元,M,,https://www.pbc.gov.cn/diaochatongjisi/attachDir/2025/11/2025110511302316239.xls,人民银行社融单月分项，亿元；历史口径与缺失按原表保留
tsf_abs_flow,CHN,2019-08,269.0,亿元,M,,https://www.pbc.gov.cn/diaochatongjisi/attachDir/2025/11/2025110511302316239.xls,人民银行社融单月分项，亿元；历史口径与缺失按原表保留
tsf_abs_flow,CHN,2019-09,284.0,亿元,M,,https://www.pbc.gov.cn/diaochatongjisi/attachDir/2025/11/2025110511302316239.xls,人民银行社融单月分项，亿元；历史口径与缺失按原表保留
tsf_abs_flow,CHN,2019-10,623.0,亿元,M,,https://www.pbc.gov.cn/diaochatongjisi/attachDir/2025/11/2025110511302316239.xls,人民银行社融单月分项，亿元；历史口径与缺失按原表保留
tsf_abs_flow,CHN,2019-11,693.0,亿元,M,,https://www.pbc.gov.cn/diaochatongjisi/attachDir/2025/11/2025110511302316239.xls,人民银行社融单月分项，亿元；历史口径与缺失按原表保留
tsf_abs_flow,CHN,2019-12,865.0,亿元,M,,https://www.pbc.gov.cn/diaochatongjisi/attachDir/2025/11/2025110511302316239.xls,人民银行社融单月分项，亿元；历史口径与缺失按原表保留
tsf_abs_flow,CHN,2020-01,478.0,亿元,M,,https://www.pbc.gov.cn/diaochatongjisi/attachDir/2025/11/2025110510115085998.xls,人民银行社融单月分项，亿元；历史口径与缺失按原表保留
tsf_abs_flow,CHN,2020-02,-549.0,亿元,M,,https://www.pbc.gov.cn/diaochatongjisi/attachDir/2025/11/2025110510115085998.xls,人民银行社融单月分项，亿元；历史口径与缺失按原表保留
tsf_abs_flow,CHN,2020-03,-161.0,亿元,M,,https://www.pbc.gov.cn/diaochatongjisi/attachDir/2025/11/2025110510115085998.xls,人民银行社融单月分项，亿元；历史口径与缺失按原表保留
tsf_abs_flow,CHN,2020-04,-202.0,亿元,M,,https://www.pbc.gov.cn/diaochatongjisi/attachDir/2025/11/2025110510115085998.xls,人民银行社融单月分项，亿元；历史口径与缺失按原表保留
tsf_abs_flow,CHN,2020-05,-88.0,亿元,M,,https://www.pbc.gov.cn/diaochatongjisi/attachDir/2025/11/2025110510115085998.xls,人民银行社融单月分项，亿元；历史口径与缺失按原表保留
tsf_abs_flow,CHN,2020-06,-15.0,亿元,M,,https://www.pbc.gov.cn/diaochatongjisi/attachDir/2025/11/2025110510115085998.xls,人民银行社融单月分项，亿元；历史口径与缺失按原表保留
tsf_abs_flow,CHN,2020-07,-742.0,亿元,M,,https://www.pbc.gov.cn/diaochatongjisi/attachDir/2025/11/2025110510115085998.xls,人民银行社融单月分项，亿元；历史口径与缺失按原表保留
tsf_abs_flow,CHN,2020-08,308.0,亿元,M,,https://www.pbc.gov.cn/diaochatongjisi/attachDir/2025/11/2025110510115085998.xls,人民银行社融单月分项，亿元；历史口径与缺失按原表保留
tsf_abs_flow,CHN,2020-09,440.0,亿元,M,,https://www.pbc.gov.cn/diaochatongjisi/attachDir/2025/11/2025110510115085998.xls,人民银行社融单月分项，亿元；历史口径与缺失按原表保留
tsf_abs_flow,CHN,2020-10,194.0,亿元,M,,https://www.pbc.gov.cn/diaochatongjisi/attachDir/2025/11/2025110510115085998.xls,人民银行社融单月分项，亿元；历史口径与缺失按原表保留
tsf_abs_flow,CHN,2020-11,1270.0,亿元,M,,https://www.pbc.gov.cn/diaochatongjisi/attachDir/2025/11/2025110510115085998.xls,人民银行社融单月分项，亿元；历史口径与缺失按原表保留
tsf_abs_flow,CHN,2020-12,1177.0,亿元,M,,https://www.pbc.gov.cn/diaochatongjisi/attachDir/2025/11/2025110510115085998.xls,人民银行社融单月分项，亿元；历史口径与缺失按原表保留
tsf_abs_flow,CHN,2021-01,-28.0,亿元,M,,https://www.pbc.gov.cn/diaochatongjisi/attachDir/2025/11/2025110509591087259.xls,人民银行社融单月分项，亿元；历史口径与缺失按原表保留
tsf_abs_flow,CHN,2021-02,-177.0,亿元,M,,https://www.pbc.gov.cn/diaochatongjisi/attachDir/2025/11/2025110509591087259.xls,人民银行社融单月分项，亿元；历史口径与缺失按原表保留
tsf_abs_flow,CHN,2021-03,477.0,亿元,M,,https://www.pbc.gov.cn/diaochatongjisi/attachDir/2025/11/2025110509591087259.xls,人民银行社融单月分项，亿元；历史口径与缺失按原表保留
tsf_abs_flow,CHN,2021-04,174.0,亿元,M,,https://www.pbc.gov.cn/diaochatongjisi/attachDir/2025/11/2025110509591087259.xls,人民银行社融单月分项，亿元；历史口径与缺失按原表保留
tsf_abs_flow,CHN,2021-05,247.0,亿元,M,,https://www.pbc.gov.cn/diaochatongjisi/attachDir/2025/11/2025110509591087259.xls,人民银行社融单月分项，亿元；历史口径与缺失按原表保留
tsf_abs_flow,CHN,2021-06,-23.0,亿元,M,,https://www.pbc.gov.cn/diaochatongjisi/attachDir/2025/11/2025110509591087259.xls,人民银行社融单月分项，亿元；历史口径与缺失按原表保留
tsf_abs_flow,CHN,2021-07,-19.0,亿元,M,,https://www.pbc.gov.cn/diaochatongjisi/attachDir/2025/11/2025110509591087259.xls,人民银行社融单月分项，亿元；历史口径与缺失按原表保留
tsf_abs_flow,CHN,2021-08,268.0,亿元,M,,https://www.pbc.gov.cn/diaochatongjisi/attachDir/2025/11/2025110509591087259.xls,人民银行社融单月分项，亿元；历史口径与缺失按原表保留
tsf_abs_flow,CHN,2021-09,642.0,亿元,M,,https://www.pbc.gov.cn/diaochatongjisi/attachDir/2025/11/2025110509591087259.xls,人民银行社融单月分项，亿元；历史口径与缺失按原表保留
tsf_abs_flow,CHN,2021-10,-139.0,亿元,M,,https://www.pbc.gov.cn/diaochatongjisi/attachDir/2025/11/2025110509591087259.xls,人民银行社融单月分项，亿元；历史口径与缺失按原表保留
tsf_abs_flow,CHN,2021-11,742.0,亿元,M,,https://www.pbc.gov.cn/diaochatongjisi/attachDir/2025/11/2025110509591087259.xls,人民银行社融单月分项，亿元；历史口径与缺失按原表保留
tsf_abs_flow,CHN,2021-12,618.0,亿元,M,,https://www.pbc.gov.cn/diaochatongjisi/attachDir/2025/11/2025110509591087259.xls,人民银行社融单月分项，亿元；历史口径与缺失按原表保留
tsf_abs_flow,CHN,2022-01,-214,亿元,M,,https://www.pbc.gov.cn/diaochatongjisi/attachDir/2025/11/2025110416594167877.xlsx,人民银行社融单月分项，亿元；历史口径与缺失按原表保留
tsf_abs_flow,CHN,2022-02,-53,亿元,M,,https://www.pbc.gov.cn/diaochatongjisi/attachDir/2025/11/2025110416594167877.xlsx,人民银行社融单月分项，亿元；历史口径与缺失按原表保留
tsf_abs_flow,CHN,2022-03,-102,亿元,M,,https://www.pbc.gov.cn/diaochatongjisi/attachDir/2025/11/2025110416594167877.xlsx,人民银行社融单月分项，亿元；历史口径与缺失按原表保留
tsf_abs_flow,CHN,2022-04,-216,亿元,M,,https://www.pbc.gov.cn/diaochatongjisi/attachDir/2025/11/2025110416594167877.xlsx,人民银行社融单月分项，亿元；历史口径与缺失按原表保留
tsf_abs_flow,CHN,2022-05,-191,亿元,M,,https://www.pbc.gov.cn/diaochatongjisi/attachDir/2025/11/2025110416594167877.xlsx,人民银行社融单月分项，亿元；历史口径与缺失按原表保留
tsf_abs_flow,CHN,2022-06,-23,亿元,M,,https://www.pbc.gov.cn/diaochatongjisi/attachDir/2025/11/2025110416594167877.xlsx,人民银行社融单月分项，亿元；历史口径与缺失按原表保留
tsf_abs_flow,CHN,2022-07,-357,亿元,M,,https://www.pbc.gov.cn/diaochatongjisi/attachDir/2025/11/2025110416594167877.xlsx,人民银行社融单月分项，亿元；历史口径与缺失按原表保留
tsf_abs_flow,CHN,2022-08,4,亿元,M,,https://www.pbc.gov.cn/diaochatongjisi/attachDir/2025/11/2025110416594167877.xlsx,人民银行社融单月分项，亿元；历史口径与缺失按原表保留
tsf_abs_flow,CHN,2022-09,-192,亿元,M,,https://www.pbc.gov.cn/diaochatongjisi/attachDir/2025/11/2025110416594167877.xlsx,人民银行社融单月分项，亿元；历史口径与缺失按原表保留
tsf_abs_flow,CHN,2022-10,-132,亿元,M,,https://www.pbc.gov.cn/diaochatongjisi/attachDir/2025/11/2025110416594167877.xlsx,人民银行社融单月分项，亿元；历史口径与缺失按原表保留
tsf_abs_flow,CHN,2022-11,-233,亿元,M,,https://www.pbc.gov.cn/diaochatongjisi/attachDir/2025/11/2025110416594167877.xlsx,人民银行社融单月分项，亿元；历史口径与缺失按原表保留
tsf_abs_flow,CHN,2022-12,-152,亿元,M,,https://www.pbc.gov.cn/diaochatongjisi/attachDir/2025/11/2025110416594167877.xlsx,人民银行社融单月分项，亿元；历史口径与缺失按原表保留
tsf_abs_flow,CHN,2023-01,-333,亿元,M,,https://www.pbc.gov.cn/diaochatongjisi/attachDir/2025/11/2025110415542112867.xlsx,人民银行社融单月分项，亿元；历史口径与缺失按原表保留
tsf_abs_flow,CHN,2023-02,-279,亿元,M,,https://www.pbc.gov.cn/diaochatongjisi/attachDir/2025/11/2025110415542112867.xlsx,人民银行社融单月分项，亿元；历史口径与缺失按原表保留
tsf_abs_flow,CHN,2023-03,-150,亿元,M,,https://www.pbc.gov.cn/diaochatongjisi/attachDir/2025/11/2025110415542112867.xlsx,人民银行社融单月分项，亿元；历史口径与缺失按原表保留
tsf_abs_flow,CHN,2023-04,-376,亿元,M,,https://www.pbc.gov.cn/diaochatongjisi/attachDir/2025/11/2025110415542112867.xlsx,人民银行社融单月分项，亿元；历史口径与缺失按原表保留
tsf_abs_flow,CHN,2023-05,-349,亿元,M,,https://www.pbc.gov.cn/diaochatongjisi/attachDir/2025/11/2025110415542112867.xlsx,人民银行社融单月分项，亿元；历史口径与缺失按原表保留
tsf_abs_flow,CHN,2023-06,-26,亿元,M,,https://www.pbc.gov.cn/diaochatongjisi/attachDir/2025/11/2025110415542112867.xlsx,人民银行社融单月分项，亿元；历史口径与缺失按原表保留
tsf_abs_flow,CHN,2023-07,-296,亿元,M,,https://www.pbc.gov.cn/diaochatongjisi/attachDir/2025/11/2025110415542112867.xlsx,人民银行社融单月分项，亿元；历史口径与缺失按原表保留
tsf_abs_flow,CHN,2023-08,-135,亿元,M,,https://www.pbc.gov.cn/diaochatongjisi/attachDir/2025/11/2025110415542112867.xlsx,人民银行社融单月分项，亿元；历史口径与缺失按原表保留
tsf_abs_flow,CHN,2023-09,-172,亿元,M,,https://www.pbc.gov.cn/diaochatongjisi/attachDir/2025/11/2025110415542112867.xlsx,人民银行社融单月分项，亿元；历史口径与缺失按原表保留
tsf_abs_flow,CHN,2023-10,-2530,亿元,M,,https://www.pbc.gov.cn/diaochatongjisi/attachDir/2025/11/2025110415542112867.xlsx,人民银行社融单月分项，亿元；历史口径与缺失按原表保留
tsf_abs_flow,CHN,2023-11,-1355,亿元,M,,https://www.pbc.gov.cn/diaochatongjisi/attachDir/2025/11/2025110415542112867.xlsx,人民银行社融单月分项，亿元；历史口径与缺失按原表保留
tsf_abs_flow,CHN,2023-12,-278,亿元,M,,https://www.pbc.gov.cn/diaochatongjisi/attachDir/2025/11/2025110415542112867.xlsx,人民银行社融单月分项，亿元；历史口径与缺失按原表保留
tsf_abs_flow,CHN,2024-01,-203,亿元,M,,https://www.pbc.gov.cn/diaochatongjisi/attachDir/2025/11/2025111416252488839.xlsx,人民银行社融单月分项，亿元；历史口径与缺失按原表保留
tsf_abs_flow,CHN,2024-02,-210,亿元,M,,https://www.pbc.gov.cn/diaochatongjisi/attachDir/2025/11/2025111416252488839.xlsx,人民银行社融单月分项，亿元；历史口径与缺失按原表保留
tsf_abs_flow,CHN,2024-03,-588,亿元,M,,https://www.pbc.gov.cn/diaochatongjisi/attachDir/2025/11/2025111416252488839.xlsx,人民银行社融单月分项，亿元；历史口径与缺失按原表保留
tsf_abs_flow,CHN,2024-04,-1967,亿元,M,,https://www.pbc.gov.cn/diaochatongjisi/attachDir/2025/11/2025111416252488839.xlsx,人民银行社融单月分项，亿元；历史口径与缺失按原表保留
tsf_abs_flow,CHN,2024-05,-426,亿元,M,,https://www.pbc.gov.cn/diaochatongjisi/attachDir/2025/11/2025111416252488839.xlsx,人民银行社融单月分项，亿元；历史口径与缺失按原表保留
tsf_abs_flow,CHN,2024-06,-695,亿元,M,,https://www.pbc.gov.cn/diaochatongjisi/attachDir/2025/11/2025111416252488839.xlsx,人民银行社融单月分项，亿元；历史口径与缺失按原表保留
tsf_abs_flow,CHN,2024-07,-490,亿元,M,,https://www.pbc.gov.cn/diaochatongjisi/attachDir/2025/11/2025111416252488839.xlsx,人民银行社融单月分项，亿元；历史口径与缺失按原表保留
tsf_abs_flow,CHN,2024-08,-466,亿元,M,,https://www.pbc.gov.cn/diaochatongjisi/attachDir/2025/11/2025111416252488839.xlsx,人民银行社融单月分项，亿元；历史口径与缺失按原表保留
tsf_abs_flow,CHN,2024-09,-163,亿元,M,,https://www.pbc.gov.cn/diaochatongjisi/attachDir/2025/11/2025111416252488839.xlsx,人民银行社融单月分项，亿元；历史口径与缺失按原表保留
tsf_abs_flow,CHN,2024-10,-200,亿元,M,,https://www.pbc.gov.cn/diaochatongjisi/attachDir/2025/11/2025111416252488839.xlsx,人民银行社融单月分项，亿元；历史口径与缺失按原表保留
tsf_abs_flow,CHN,2024-11,-112,亿元,M,,https://www.pbc.gov.cn/diaochatongjisi/attachDir/2025/11/2025111416252488839.xlsx,人民银行社融单月分项，亿元；历史口径与缺失按原表保留
tsf_abs_flow,CHN,2024-12,-117,亿元,M,,https://www.pbc.gov.cn/diaochatongjisi/attachDir/2025/11/2025111416252488839.xlsx,人民银行社融单月分项，亿元；历史口径与缺失按原表保留
tsf_abs_flow,CHN,2025-01,-227,亿元,M,,https://www.pbc.gov.cn/diaochatongjisi/attachDir/2026/02/2026021418235592487.xlsx,人民银行社融单月分项，亿元；历史口径与缺失按原表保留
tsf_abs_flow,CHN,2025-02,-269,亿元,M,,https://www.pbc.gov.cn/diaochatongjisi/attachDir/2026/02/2026021418235592487.xlsx,人民银行社融单月分项，亿元；历史口径与缺失按原表保留
tsf_abs_flow,CHN,2025-03,-76,亿元,M,,https://www.pbc.gov.cn/diaochatongjisi/attachDir/2026/02/2026021418235592487.xlsx,人民银行社融单月分项，亿元；历史口径与缺失按原表保留
tsf_abs_flow,CHN,2025-04,-316,亿元,M,,https://www.pbc.gov.cn/diaochatongjisi/attachDir/2026/02/2026021418235592487.xlsx,人民银行社融单月分项，亿元；历史口径与缺失按原表保留
tsf_abs_flow,CHN,2025-05,-102,亿元,M,,https://www.pbc.gov.cn/diaochatongjisi/attachDir/2026/02/2026021418235592487.xlsx,人民银行社融单月分项，亿元；历史口径与缺失按原表保留
tsf_abs_flow,CHN,2025-06,-111,亿元,M,,https://www.pbc.gov.cn/diaochatongjisi/attachDir/2026/02/2026021418235592487.xlsx,人民银行社融单月分项，亿元；历史口径与缺失按原表保留
tsf_abs_flow,CHN,2025-07,11,亿元,M,,https://www.pbc.gov.cn/diaochatongjisi/attachDir/2026/02/2026021418235592487.xlsx,人民银行社融单月分项，亿元；历史口径与缺失按原表保留
tsf_abs_flow,CHN,2025-08,-48,亿元,M,,https://www.pbc.gov.cn/diaochatongjisi/attachDir/2026/02/2026021418235592487.xlsx,人民银行社融单月分项，亿元；历史口径与缺失按原表保留
tsf_abs_flow,CHN,2025-09,73,亿元,M,,https://www.pbc.gov.cn/diaochatongjisi/attachDir/2026/02/2026021418235592487.xlsx,人民银行社融单月分项，亿元；历史口径与缺失按原表保留
tsf_abs_flow,CHN,2025-10,98,亿元,M,,https://www.pbc.gov.cn/diaochatongjisi/attachDir/2026/02/2026021418235592487.xlsx,人民银行社融单月分项，亿元；历史口径与缺失按原表保留
tsf_abs_flow,CHN,2025-11,-13,亿元,M,,https://www.pbc.gov.cn/diaochatongjisi/attachDir/2026/02/2026021418235592487.xlsx,人民银行社融单月分项，亿元；历史口径与缺失按原表保留
tsf_abs_flow,CHN,2025-12,7,亿元,M,,https://www.pbc.gov.cn/diaochatongjisi/attachDir/2026/02/2026021418235592487.xlsx,人民银行社融单月分项，亿元；历史口径与缺失按原表保留
tsf_abs_flow,CHN,2026-01,-99,亿元,M,,https://www.pbc.gov.cn/diaochatongjisi/attachDir/2026/09/2026091418125322850.xlsx,人民银行社融单月分项，亿元；历史口径与缺失按原表保留
tsf_abs_flow,CHN,2026-02,-56,亿元,M,,https://www.pbc.gov.cn/diaochatongjisi/attachDir/2026/09/2026091418125322850.xlsx,人民银行社融单月分项，亿元；历史口径与缺失按原表保留
tsf_abs_flow,CHN,2026-03,-132,亿元,M,,https://www.pbc.gov.cn/diaochatongjisi/attachDir/2026/09/2026091418125322850.xlsx,人民银行社融单月分项，亿元；历史口径与缺失按原表保留
tsf_abs_flow,CHN,2026-04,-128,亿元,M,,https://www.pbc.gov.cn/diaochatongjisi/attachDir/2026/09/2026091418125322850.xlsx,人民银行社融单月分项，亿元；历史口径与缺失按原表保留
tsf_abs_flow,CHN,2026-05,-241,亿元,M,,https://www.pbc.gov.cn/diaochatongjisi/attachDir/2026/09/2026091418125322850.xlsx,人民银行社融单月分项，亿元；历史口径与缺失按原表保留
tsf_abs_flow,CHN,2026-06,322,亿元,M,,https://www.pbc.gov.cn/diaochatongjisi/attachDir/2026/09/2026091418125322850.xlsx,人民银行社融单月分项，亿元；历史口径与缺失按原表保留
tsf_abs_flow,CHN,2026-07,-159,亿元,M,,https://www.pbc.gov.cn/diaochatongjisi/attachDir/2026/09/2026091418125322850.xlsx,人民银行社融单月分项，亿元；历史口径与缺失按原表保留
tsf_abs_flow,CHN,2026-08,-176,亿元,M,,https://www.pbc.gov.cn/diaochatongjisi/attachDir/2026/09/2026091418125322850.xlsx,人民银行社融单月分项，亿元；历史口径与缺失按原表保留
tsf_acceptances_flow,CHN,2002-01,-755,亿元,M,,https://www.pbc.gov.cn/diaochatongjisi/116219/116225/2863562/index.html,人民银行社融单月分项，亿元；历史口径与缺失按原表保留
tsf_acceptances_flow,CHN,2002-02,-402,亿元,M,,https://www.pbc.gov.cn/diaochatongjisi/116219/116225/2863562/index.html,人民银行社融单月分项，亿元；历史口径与缺失按原表保留
tsf_acceptances_flow,CHN,2002-03,315,亿元,M,,https://www.pbc.gov.cn/diaochatongjisi/116219/116225/2863562/index.html,人民银行社融单月分项，亿元；历史口径与缺失按原表保留
tsf_acceptances_flow,CHN,2002-04,51,亿元,M,,https://www.pbc.gov.cn/diaochatongjisi/116219/116225/2863562/index.html,人民银行社融单月分项，亿元；历史口径与缺失按原表保留
tsf_acceptances_flow,CHN,2002-05,426,亿元,M,,https://www.pbc.gov.cn/diaochatongjisi/116219/116225/2863562/index.html,人民银行社融单月分项，亿元；历史口径与缺失按原表保留
tsf_acceptances_flow,CHN,2002-06,-589,亿元,M,,https://www.pbc.gov.cn/diaochatongjisi/116219/116225/2863562/index.html,人民银行社融单月分项，亿元；历史口径与缺失按原表保留
tsf_acceptances_flow,CHN,2002-07,36,亿元,M,,https://www.pbc.gov.cn/diaochatongjisi/116219/116225/2863562/index.html,人民银行社融单月分项，亿元；历史口径与缺失按原表保留
tsf_acceptances_flow,CHN,2002-08,-233,亿元,M,,https://www.pbc.gov.cn/diaochatongjisi/116219/116225/2863562/index.html,人民银行社融单月分项，亿元；历史口径与缺失按原表保留
tsf_acceptances_flow,CHN,2002-09,296,亿元,M,,https://www.pbc.gov.cn/diaochatongjisi/116219/116225/2863562/index.html,人民银行社融单月分项，亿元；历史口径与缺失按原表保留
tsf_acceptances_flow,CHN,2002-10,-61,亿元,M,,https://www.pbc.gov.cn/diaochatongjisi/116219/116225/2863562/index.html,人民银行社融单月分项，亿元；历史口径与缺失按原表保留
tsf_acceptances_flow,CHN,2002-11,107,亿元,M,,https://www.pbc.gov.cn/diaochatongjisi/116219/116225/2863562/index.html,人民银行社融单月分项，亿元；历史口径与缺失按原表保留
tsf_acceptances_flow,CHN,2002-12,113,亿元,M,,https://www.pbc.gov.cn/diaochatongjisi/116219/116225/2863562/index.html,人民银行社融单月分项，亿元；历史口径与缺失按原表保留
tsf_acceptances_flow,CHN,2003-01,-113,亿元,M,,https://www.pbc.gov.cn/diaochatongjisi/116219/116225/2863562/index.html,人民银行社融单月分项，亿元；历史口径与缺失按原表保留
tsf_acceptances_flow,CHN,2003-02,-277,亿元,M,,https://www.pbc.gov.cn/diaochatongjisi/116219/116225/2863562/index.html,人民银行社融单月分项，亿元；历史口径与缺失按原表保留
tsf_acceptances_flow,CHN,2003-03,-41,亿元,M,,https://www.pbc.gov.cn/diaochatongjisi/116219/116225/2863562/index.html,人民银行社融单月分项，亿元；历史口径与缺失按原表保留
tsf_acceptances_flow,CHN,2003-04,280,亿元,M,,https://www.pbc.gov.cn/diaochatongjisi/116219/116225/2863562/index.html,人民银行社融单月分项，亿元；历史口径与缺失按原表保留
tsf_acceptances_flow,CHN,2003-05,121,亿元,M,,https://www.pbc.gov.cn/diaochatongjisi/116219/116225/2863562/index.html,人民银行社融单月分项，亿元；历史口径与缺失按原表保留
tsf_acceptances_flow,CHN,2003-06,13,亿元,M,,https://www.pbc.gov.cn/diaochatongjisi/116219/116225/2863562/index.html,人民银行社融单月分项，亿元；历史口径与缺失按原表保留
tsf_acceptances_flow,CHN,2003-07,-34,亿元,M,,https://www.pbc.gov.cn/diaochatongjisi/116219/116225/2863562/index.html,人民银行社融单月分项，亿元；历史口径与缺失按原表保留
tsf_acceptances_flow,CHN,2003-08,-5,亿元,M,,https://www.pbc.gov.cn/diaochatongjisi/116219/116225/2863562/index.html,人民银行社融单月分项，亿元；历史口径与缺失按原表保留
tsf_acceptances_flow,CHN,2003-09,432,亿元,M,,https://www.pbc.gov.cn/diaochatongjisi/116219/116225/2863562/index.html,人民银行社融单月分项，亿元；历史口径与缺失按原表保留
tsf_acceptances_flow,CHN,2003-10,378,亿元,M,,https://www.pbc.gov.cn/diaochatongjisi/116219/116225/2863562/index.html,人民银行社融单月分项，亿元；历史口径与缺失按原表保留
tsf_acceptances_flow,CHN,2003-11,355,亿元,M,,https://www.pbc.gov.cn/diaochatongjisi/116219/116225/2863562/index.html,人民银行社融单月分项，亿元；历史口径与缺失按原表保留
tsf_acceptances_flow,CHN,2003-12,902,亿元,M,,https://www.pbc.gov.cn/diaochatongjisi/116219/116225/2863562/index.html,人民银行社融单月分项，亿元；历史口径与缺失按原表保留
tsf_acceptances_flow,CHN,2004-01,-851,亿元,M,,https://www.pbc.gov.cn/diaochatongjisi/116219/116225/2863562/index.html,人民银行社融单月分项，亿元；历史口径与缺失按原表保留
tsf_acceptances_flow,CHN,2004-02,-2174,亿元,M,,https://www.pbc.gov.cn/diaochatongjisi/116219/116225/2863562/index.html,人民银行社融单月分项，亿元；历史口径与缺失按原表保留
tsf_acceptances_flow,CHN,2004-03,2316,亿元,M,,https://www.pbc.gov.cn/diaochatongjisi/116219/116225/2863562/index.html,人民银行社融单月分项，亿元；历史口径与缺失按原表保留
tsf_acceptances_flow,CHN,2004-04,331,亿元,M,,https://www.pbc.gov.cn/diaochatongjisi/116219/116225/2863562/index.html,人民银行社融单月分项，亿元；历史口径与缺失按原表保留
tsf_acceptances_flow,CHN,2004-05,-263,亿元,M,,https://www.pbc.gov.cn/diaochatongjisi/116219/116225/2863562/index.html,人民银行社融单月分项，亿元；历史口径与缺失按原表保留
tsf_acceptances_flow,CHN,2004-06,-119,亿元,M,,https://www.pbc.gov.cn/diaochatongjisi/116219/116225/2863562/index.html,人民银行社融单月分项，亿元；历史口径与缺失按原表保留
tsf_acceptances_flow,CHN,2004-07,329,亿元,M,,https://www.pbc.gov.cn/diaochatongjisi/116219/116225/2863562/index.html,人民银行社融单月分项，亿元；历史口径与缺失按原表保留
tsf_acceptances_flow,CHN,2004-08,-3,亿元,M,,https://www.pbc.gov.cn/diaochatongjisi/116219/116225/2863562/index.html,人民银行社融单月分项，亿元；历史口径与缺失按原表保留
tsf_acceptances_flow,CHN,2004-09,134,亿元,M,,https://www.pbc.gov.cn/diaochatongjisi/116219/116225/2863562/index.html,人民银行社融单月分项，亿元；历史口径与缺失按原表保留
tsf_acceptances_flow,CHN,2004-10,105,亿元,M,,https://www.pbc.gov.cn/diaochatongjisi/116219/116225/2863562/index.html,人民银行社融单月分项，亿元；历史口径与缺失按原表保留
tsf_acceptances_flow,CHN,2004-11,-151,亿元,M,,https://www.pbc.gov.cn/diaochatongjisi/116219/116225/2863562/index.html,人民银行社融单月分项，亿元；历史口径与缺失按原表保留
tsf_acceptances_flow,CHN,2004-12,58,亿元,M,,https://www.pbc.gov.cn/diaochatongjisi/116219/116225/2863562/index.html,人民银行社融单月分项，亿元；历史口径与缺失按原表保留
tsf_acceptances_flow,CHN,2005-01,-190,亿元,M,,https://www.pbc.gov.cn/diaochatongjisi/116219/116225/2863562/index.html,人民银行社融单月分项，亿元；历史口径与缺失按原表保留
tsf_acceptances_flow,CHN,2005-02,-251,亿元,M,,https://www.pbc.gov.cn/diaochatongjisi/116219/116225/2863562/index.html,人民银行社融单月分项，亿元；历史口径与缺失按原表保留
tsf_acceptances_flow,CHN,2005-03,69,亿元,M,,https://www.pbc.gov.cn/diaochatongjisi/116219/116225/2863562/index.html,人民银行社融单月分项，亿元；历史口径与缺失按原表保留
tsf_acceptances_flow,CHN,2005-04,177,亿元,M,,https://www.pbc.gov.cn/diaochatongjisi/116219/116225/2863562/index.html,人民银行社融单月分项，亿元；历史口径与缺失按原表保留
tsf_acceptances_flow,CHN,2005-05,92,亿元,M,,https://www.pbc.gov.cn/diaochatongjisi/116219/116225/2863562/index.html,人民银行社融单月分项，亿元；历史口径与缺失按原表保留
tsf_acceptances_flow,CHN,2005-06,-323,亿元,M,,https://www.pbc.gov.cn/diaochatongjisi/116219/116225/2863562/index.html,人民银行社融单月分项，亿元；历史口径与缺失按原表保留
tsf_acceptances_flow,CHN,2005-07,172,亿元,M,,https://www.pbc.gov.cn/diaochatongjisi/116219/116225/2863562/index.html,人民银行社融单月分项，亿元；历史口径与缺失按原表保留
tsf_acceptances_flow,CHN,2005-08,50,亿元,M,,https://www.pbc.gov.cn/diaochatongjisi/116219/116225/2863562/index.html,人民银行社融单月分项，亿元；历史口径与缺失按原表保留
tsf_acceptances_flow,CHN,2005-09,2126,亿元,M,,https://www.pbc.gov.cn/diaochatongjisi/116219/116225/2863562/index.html,人民银行社融单月分项，亿元；历史口径与缺失按原表保留
tsf_acceptances_flow,CHN,2005-10,-2141,亿元,M,,https://www.pbc.gov.cn/diaochatongjisi/116219/116225/2863562/index.html,人民银行社融单月分项，亿元；历史口径与缺失按原表保留
tsf_acceptances_flow,CHN,2005-11,-208,亿元,M,,https://www.pbc.gov.cn/diaochatongjisi/116219/116225/2863562/index.html,人民银行社融单月分项，亿元；历史口径与缺失按原表保留
tsf_acceptances_flow,CHN,2005-12,450,亿元,M,,https://www.pbc.gov.cn/diaochatongjisi/116219/116225/2863562/index.html,人民银行社融单月分项，亿元；历史口径与缺失按原表保留
tsf_acceptances_flow,CHN,2006-01,-208,亿元,M,,https://www.pbc.gov.cn/diaochatongjisi/116219/116225/2863562/index.html,人民银行社融单月分项，亿元；历史口径与缺失按原表保留
tsf_acceptances_flow,CHN,2006-02,-221,亿元,M,,https://www.pbc.gov.cn/diaochatongjisi/116219/116225/2863562/index.html,人民银行社融单月分项，亿元；历史口径与缺失按原表保留
tsf_acceptances_flow,CHN,2006-03,1176,亿元,M,,https://www.pbc.gov.cn/diaochatongjisi/116219/116225/2863562/index.html,人民银行社融单月分项，亿元；历史口径与缺失按原表保留
tsf_acceptances_flow,CHN,2006-04,-752,亿元,M,,https://www.pbc.gov.cn/diaochatongjisi/116219/116225/2863562/index.html,人民银行社融单月分项，亿元；历史口径与缺失按原表保留
tsf_acceptances_flow,CHN,2006-05,886,亿元,M,,https://www.pbc.gov.cn/diaochatongjisi/116219/116225/2863562/index.html,人民银行社融单月分项，亿元；历史口径与缺失按原表保留
tsf_acceptances_flow,CHN,2006-06,-420,亿元,M,,https://www.pbc.gov.cn/diaochatongjisi/116219/116225/2863562/index.html,人民银行社融单月分项，亿元；历史口径与缺失按原表保留
tsf_acceptances_flow,CHN,2006-07,100,亿元,M,,https://www.pbc.gov.cn/diaochatongjisi/116219/116225/2863562/index.html,人民银行社融单月分项，亿元；历史口径与缺失按原表保留
tsf_acceptances_flow,CHN,2006-08,253,亿元,M,,https://www.pbc.gov.cn/diaochatongjisi/116219/116225/2863562/index.html,人民银行社融单月分项，亿元；历史口径与缺失按原表保留
tsf_acceptances_flow,CHN,2006-09,415,亿元,M,,https://www.pbc.gov.cn/diaochatongjisi/116219/116225/2863562/index.html,人民银行社融单月分项，亿元；历史口径与缺失按原表保留
tsf_acceptances_flow,CHN,2006-10,128,亿元,M,,https://www.pbc.gov.cn/diaochatongjisi/116219/116225/2863562/index.html,人民银行社融单月分项，亿元；历史口径与缺失按原表保留
tsf_acceptances_flow,CHN,2006-11,-179,亿元,M,,https://www.pbc.gov.cn/diaochatongjisi/116219/116225/2863562/index.html,人民银行社融单月分项，亿元；历史口径与缺失按原表保留
tsf_acceptances_flow,CHN,2006-12,322,亿元,M,,https://www.pbc.gov.cn/diaochatongjisi/116219/116225/2863562/index.html,人民银行社融单月分项，亿元；历史口径与缺失按原表保留
tsf_acceptances_flow,CHN,2007-01,913,亿元,M,,https://www.pbc.gov.cn/diaochatongjisi/116219/116225/2863562/index.html,人民银行社融单月分项，亿元；历史口径与缺失按原表保留
tsf_acceptances_flow,CHN,2007-02,-1573,亿元,M,,https://www.pbc.gov.cn/diaochatongjisi/116219/116225/2863562/index.html,人民银行社融单月分项，亿元；历史口径与缺失按原表保留
tsf_acceptances_flow,CHN,2007-03,1143,亿元,M,,https://www.pbc.gov.cn/diaochatongjisi/116219/116225/2863562/index.html,人民银行社融单月分项，亿元；历史口径与缺失按原表保留
tsf_acceptances_flow,CHN,2007-04,1006,亿元,M,,https://www.pbc.gov.cn/diaochatongjisi/116219/116225/2863562/index.html,人民银行社融单月分项，亿元；历史口径与缺失按原表保留
tsf_acceptances_flow,CHN,2007-05,346,亿元,M,,https://www.pbc.gov.cn/diaochatongjisi/116219/116225/2863562/index.html,人民银行社融单月分项，亿元；历史口径与缺失按原表保留
tsf_acceptances_flow,CHN,2007-06,1025,亿元,M,,https://www.pbc.gov.cn/diaochatongjisi/116219/116225/2863562/index.html,人民银行社融单月分项，亿元；历史口径与缺失按原表保留
tsf_acceptances_flow,CHN,2007-07,-351,亿元,M,,https://www.pbc.gov.cn/diaochatongjisi/116219/116225/2863562/index.html,人民银行社融单月分项，亿元；历史口径与缺失按原表保留
tsf_acceptances_flow,CHN,2007-08,2113,亿元,M,,https://www.pbc.gov.cn/diaochatongjisi/116219/116225/2863562/index.html,人民银行社融单月分项，亿元；历史口径与缺失按原表保留
tsf_acceptances_flow,CHN,2007-09,588,亿元,M,,https://www.pbc.gov.cn/diaochatongjisi/116219/116225/2863562/index.html,人民银行社融单月分项，亿元；历史口径与缺失按原表保留
tsf_acceptances_flow,CHN,2007-10,398,亿元,M,,https://www.pbc.gov.cn/diaochatongjisi/116219/116225/2863562/index.html,人民银行社融单月分项，亿元；历史口径与缺失按原表保留
tsf_acceptances_flow,CHN,2007-11,-212,亿元,M,,https://www.pbc.gov.cn/diaochatongjisi/116219/116225/2863562/index.html,人民银行社融单月分项，亿元；历史口径与缺失按原表保留
tsf_acceptances_flow,CHN,2007-12,1306,亿元,M,,https://www.pbc.gov.cn/diaochatongjisi/116219/116225/2863562/index.html,人民银行社融单月分项，亿元；历史口径与缺失按原表保留
tsf_acceptances_flow,CHN,2008-01,219,亿元,M,,https://www.pbc.gov.cn/diaochatongjisi/116219/116225/2863562/index.html,人民银行社融单月分项，亿元；历史口径与缺失按原表保留
tsf_acceptances_flow,CHN,2008-02,-297,亿元,M,,https://www.pbc.gov.cn/diaochatongjisi/116219/116225/2863562/index.html,人民银行社融单月分项，亿元；历史口径与缺失按原表保留
tsf_acceptances_flow,CHN,2008-03,1582,亿元,M,,https://www.pbc.gov.cn/diaochatongjisi/116219/116225/2863562/index.html,人民银行社融单月分项，亿元；历史口径与缺失按原表保留
tsf_acceptances_flow,CHN,2008-04,279,亿元,M,,https://www.pbc.gov.cn/diaochatongjisi/116219/116225/2863562/index.html,人民银行社融单月分项，亿元；历史口径与缺失按原表保留
tsf_acceptances_flow,CHN,2008-05,1110,亿元,M,,https://www.pbc.gov.cn/diaochatongjisi/116219/116225/2863562/index.html,人民银行社融单月分项，亿元；历史口径与缺失按原表保留
tsf_acceptances_flow,CHN,2008-06,1713,亿元,M,,https://www.pbc.gov.cn/diaochatongjisi/116219/116225/2863562/index.html,人民银行社融单月分项，亿元；历史口径与缺失按原表保留
tsf_acceptances_flow,CHN,2008-07,-723,亿元,M,,https://www.pbc.gov.cn/diaochatongjisi/116219/116225/2863562/index.html,人民银行社融单月分项，亿元；历史口径与缺失按原表保留
tsf_acceptances_flow,CHN,2008-08,648,亿元,M,,https://www.pbc.gov.cn/diaochatongjisi/116219/116225/2863562/index.html,人民银行社融单月分项，亿元；历史口径与缺失按原表保留
tsf_acceptances_flow,CHN,2008-09,206,亿元,M,,https://www.pbc.gov.cn/diaochatongjisi/116219/116225/2863562/index.html,人民银行社融单月分项，亿元；历史口径与缺失按原表保留
tsf_acceptances_flow,CHN,2008-10,-1469,亿元,M,,https://www.pbc.gov.cn/diaochatongjisi/116219/116225/2863562/index.html,人民银行社融单月分项，亿元；历史口径与缺失按原表保留
tsf_acceptances_flow,CHN,2008-11,-717,亿元,M,,https://www.pbc.gov.cn/diaochatongjisi/116219/116225/2863562/index.html,人民银行社融单月分项，亿元；历史口径与缺失按原表保留
tsf_acceptances_flow,CHN,2008-12,-1486,亿元,M,,https://www.pbc.gov.cn/diaochatongjisi/116219/116225/2863562/index.html,人民银行社融单月分项，亿元；历史口径与缺失按原表保留
tsf_acceptances_flow,CHN,2009-01,-2232,亿元,M,,https://www.pbc.gov.cn/diaochatongjisi/116219/116225/2863562/index.html,人民银行社融单月分项，亿元；历史口径与缺失按原表保留
tsf_acceptances_flow,CHN,2009-02,-305,亿元,M,,https://www.pbc.gov.cn/diaochatongjisi/116219/116225/2863562/index.html,人民银行社融单月分项，亿元；历史口径与缺失按原表保留
tsf_acceptances_flow,CHN,2009-03,972,亿元,M,,https://www.pbc.gov.cn/diaochatongjisi/116219/116225/2863562/index.html,人民银行社融单月分项，亿元；历史口径与缺失按原表保留
tsf_acceptances_flow,CHN,2009-04,-3247,亿元,M,,https://www.pbc.gov.cn/diaochatongjisi/116219/116225/2863562/index.html,人民银行社融单月分项，亿元；历史口径与缺失按原表保留
tsf_acceptances_flow,CHN,2009-05,5035,亿元,M,,https://www.pbc.gov.cn/diaochatongjisi/116219/116225/2863562/index.html,人民银行社融单月分项，亿元；历史口径与缺失按原表保留
tsf_acceptances_flow,CHN,2009-06,613,亿元,M,,https://www.pbc.gov.cn/diaochatongjisi/116219/116225/2863562/index.html,人民银行社融单月分项，亿元；历史口径与缺失按原表保留
tsf_acceptances_flow,CHN,2009-07,295,亿元,M,,https://www.pbc.gov.cn/diaochatongjisi/116219/116225/2863562/index.html,人民银行社融单月分项，亿元；历史口径与缺失按原表保留
tsf_acceptances_flow,CHN,2009-08,-103,亿元,M,,https://www.pbc.gov.cn/diaochatongjisi/116219/116225/2863562/index.html,人民银行社融单月分项，亿元；历史口径与缺失按原表保留
tsf_acceptances_flow,CHN,2009-09,1310,亿元,M,,https://www.pbc.gov.cn/diaochatongjisi/116219/116225/2863562/index.html,人民银行社融单月分项，亿元；历史口径与缺失按原表保留
tsf_acceptances_flow,CHN,2009-10,217,亿元,M,,https://www.pbc.gov.cn/diaochatongjisi/116219/116225/2863562/index.html,人民银行社融单月分项，亿元；历史口径与缺失按原表保留
tsf_acceptances_flow,CHN,2009-11,1178,亿元,M,,https://www.pbc.gov.cn/diaochatongjisi/116219/116225/2863562/index.html,人民银行社融单月分项，亿元；历史口径与缺失按原表保留
tsf_acceptances_flow,CHN,2009-12,874,亿元,M,,https://www.pbc.gov.cn/diaochatongjisi/116219/116225/2863562/index.html,人民银行社融单月分项，亿元；历史口径与缺失按原表保留
tsf_acceptances_flow,CHN,2010-01,3449,亿元,M,,https://www.pbc.gov.cn/diaochatongjisi/116219/116225/2863562/index.html,人民银行社融单月分项，亿元；历史口径与缺失按原表保留
tsf_acceptances_flow,CHN,2010-02,1425,亿元,M,,https://www.pbc.gov.cn/diaochatongjisi/116219/116225/2863562/index.html,人民银行社融单月分项，亿元；历史口径与缺失按原表保留
tsf_acceptances_flow,CHN,2010-03,4208,亿元,M,,https://www.pbc.gov.cn/diaochatongjisi/116219/116225/2863562/index.html,人民银行社融单月分项，亿元；历史口径与缺失按原表保留
tsf_acceptances_flow,CHN,2010-04,2309,亿元,M,,https://www.pbc.gov.cn/diaochatongjisi/116219/116225/2863562/index.html,人民银行社融单月分项，亿元；历史口径与缺失按原表保留
tsf_acceptances_flow,CHN,2010-05,1213,亿元,M,,https://www.pbc.gov.cn/diaochatongjisi/116219/116225/2863562/index.html,人民银行社融单月分项，亿元；历史口径与缺失按原表保留
tsf_acceptances_flow,CHN,2010-06,1105,亿元,M,,https://www.pbc.gov.cn/diaochatongjisi/116219/116225/2863562/index.html,人民银行社融单月分项，亿元；历史口径与缺失按原表保留
tsf_acceptances_flow,CHN,2010-07,900,亿元,M,,https://www.pbc.gov.cn/diaochatongjisi/116219/116225/2863562/index.html,人民银行社融单月分项，亿元；历史口径与缺失按原表保留
tsf_acceptances_flow,CHN,2010-08,3381,亿元,M,,https://www.pbc.gov.cn/diaochatongjisi/116219/116225/2863562/index.html,人民银行社融单月分项，亿元；历史口径与缺失按原表保留
tsf_acceptances_flow,CHN,2010-09,1679,亿元,M,,https://www.pbc.gov.cn/diaochatongjisi/116219/116225/2863562/index.html,人民银行社融单月分项，亿元；历史口径与缺失按原表保留
tsf_acceptances_flow,CHN,2010-10,306,亿元,M,,https://www.pbc.gov.cn/diaochatongjisi/116219/116225/2863562/index.html,人民银行社融单月分项，亿元；历史口径与缺失按原表保留
tsf_acceptances_flow,CHN,2010-11,1796,亿元,M,,https://www.pbc.gov.cn/diaochatongjisi/116219/116225/2863562/index.html,人民银行社融单月分项，亿元；历史口径与缺失按原表保留
tsf_acceptances_flow,CHN,2010-12,1576,亿元,M,,https://www.pbc.gov.cn/diaochatongjisi/116219/116225/2863562/index.html,人民银行社融单月分项，亿元；历史口径与缺失按原表保留
tsf_acceptances_flow,CHN,2011-01,3157,亿元,M,,https://www.pbc.gov.cn/diaochatongjisi/116219/116225/2863562/index.html,人民银行社融单月分项，亿元；历史口径与缺失按原表保留
tsf_acceptances_flow,CHN,2011-02,-1176,亿元,M,,https://www.pbc.gov.cn/diaochatongjisi/116219/116225/2863562/index.html,人民银行社融单月分项，亿元；历史口径与缺失按原表保留
tsf_acceptances_flow,CHN,2011-03,5631,亿元,M,,https://www.pbc.gov.cn/diaochatongjisi/116219/116225/2863562/index.html,人民银行社融单月分项，亿元；历史口径与缺失按原表保留
tsf_acceptances_flow,CHN,2011-04,2332,亿元,M,,https://www.pbc.gov.cn/diaochatongjisi/116219/116225/2863562/index.html,人民银行社融单月分项，亿元；历史口径与缺失按原表保留
tsf_acceptances_flow,CHN,2011-05,1695,亿元,M,,https://www.pbc.gov.cn/diaochatongjisi/116219/116225/2863562/index.html,人民银行社融单月分项，亿元；历史口径与缺失按原表保留
tsf_acceptances_flow,CHN,2011-06,1630,亿元,M,,https://www.pbc.gov.cn/diaochatongjisi/116219/116225/2863562/index.html,人民银行社融单月分项，亿元；历史口径与缺失按原表保留
tsf_acceptances_flow,CHN,2011-07,-1726,亿元,M,,https://www.pbc.gov.cn/diaochatongjisi/116219/116225/2863562/index.html,人民银行社融单月分项，亿元；历史口径与缺失按原表保留
tsf_acceptances_flow,CHN,2011-08,1652,亿元,M,,https://www.pbc.gov.cn/diaochatongjisi/116219/116225/2863562/index.html,人民银行社融单月分项，亿元；历史口径与缺失按原表保留
tsf_acceptances_flow,CHN,2011-09,-3361,亿元,M,,https://www.pbc.gov.cn/diaochatongjisi/116219/116225/2863562/index.html,人民银行社融单月分项，亿元；历史口径与缺失按原表保留
tsf_acceptances_flow,CHN,2011-10,-1186,亿元,M,,https://www.pbc.gov.cn/diaochatongjisi/116219/116225/2863562/index.html,人民银行社融单月分项，亿元；历史口径与缺失按原表保留
tsf_acceptances_flow,CHN,2011-11,-227,亿元,M,,https://www.pbc.gov.cn/diaochatongjisi/116219/116225/2863562/index.html,人民银行社融单月分项，亿元；历史口径与缺失按原表保留
tsf_acceptances_flow,CHN,2011-12,1851,亿元,M,,https://www.pbc.gov.cn/diaochatongjisi/116219/116225/2863562/index.html,人民银行社融单月分项，亿元；历史口径与缺失按原表保留
tsf_acceptances_flow,CHN,2012-01,-214,亿元,M,,https://www.pbc.gov.cn/eportal/fileDir/defaultCurSite/resource/cms/2015/07/2012s18.htm,人民银行社融单月分项，亿元；历史口径与缺失按原表保留
tsf_acceptances_flow,CHN,2012-02,-284,亿元,M,,https://www.pbc.gov.cn/eportal/fileDir/defaultCurSite/resource/cms/2015/07/2012s18.htm,人民银行社融单月分项，亿元；历史口径与缺失按原表保留
tsf_acceptances_flow,CHN,2012-03,2821,亿元,M,,https://www.pbc.gov.cn/eportal/fileDir/defaultCurSite/resource/cms/2015/07/2012s18.htm,人民银行社融单月分项，亿元；历史口径与缺失按原表保留
tsf_acceptances_flow,CHN,2012-04,279,亿元,M,,https://www.pbc.gov.cn/eportal/fileDir/defaultCurSite/resource/cms/2015/07/2012s18.htm,人民银行社融单月分项，亿元；历史口径与缺失按原表保留
tsf_acceptances_flow,CHN,2012-05,380,亿元,M,,https://www.pbc.gov.cn/eportal/fileDir/defaultCurSite/resource/cms/2015/07/2012s18.htm,人民银行社融单月分项，亿元；历史口径与缺失按原表保留
tsf_acceptances_flow,CHN,2012-06,3113,亿元,M,,https://www.pbc.gov.cn/eportal/fileDir/defaultCurSite/resource/cms/2015/07/2012s18.htm,人民银行社融单月分项，亿元；历史口径与缺失按原表保留
tsf_acceptances_flow,CHN,2012-07,218,亿元,M,,https://www.pbc.gov.cn/eportal/fileDir/defaultCurSite/resource/cms/2015/07/2012s18.htm,人民银行社融单月分项，亿元；历史口径与缺失按原表保留
tsf_acceptances_flow,CHN,2012-08,-846,亿元,M,,https://www.pbc.gov.cn/eportal/fileDir/defaultCurSite/resource/cms/2015/07/2012s18.htm,人民银行社融单月分项，亿元；历史口径与缺失按原表保留
tsf_acceptances_flow,CHN,2012-09,2155,亿元,M,,https://www.pbc.gov.cn/eportal/fileDir/defaultCurSite/resource/cms/2015/07/2012s18.htm,人民银行社融单月分项，亿元；历史口径与缺失按原表保留
tsf_acceptances_flow,CHN,2012-10,729,亿元,M,,https://www.pbc.gov.cn/eportal/fileDir/defaultCurSite/resource/cms/2015/07/2012s18.htm,人民银行社融单月分项，亿元；历史口径与缺失按原表保留
tsf_acceptances_flow,CHN,2012-11,-489,亿元,M,,https://www.pbc.gov.cn/eportal/fileDir/defaultCurSite/resource/cms/2015/07/2012s18.htm,人民银行社融单月分项，亿元；历史口径与缺失按原表保留
tsf_acceptances_flow,CHN,2012-12,2637,亿元,M,,https://www.pbc.gov.cn/eportal/fileDir/defaultCurSite/resource/cms/2015/07/2012s18.htm,人民银行社融单月分项，亿元；历史口径与缺失按原表保留
tsf_acceptances_flow,CHN,2013-01,5798,亿元,M,,https://www.pbc.gov.cn/eportal/fileDir/defaultCurSite/resource/cms/2015/07/2013s18.htm,人民银行社融单月分项，亿元；历史口径与缺失按原表保留
tsf_acceptances_flow,CHN,2013-02,-1823,亿元,M,,https://www.pbc.gov.cn/eportal/fileDir/defaultCurSite/resource/cms/2015/07/2013s18.htm,人民银行社融单月分项，亿元；历史口径与缺失按原表保留
tsf_acceptances_flow,CHN,2013-03,2731,亿元,M,,https://www.pbc.gov.cn/eportal/fileDir/defaultCurSite/resource/cms/2015/07/2013s18.htm,人民银行社融单月分项，亿元；历史口径与缺失按原表保留
tsf_acceptances_flow,CHN,2013-04,2218,亿元,M,,https://www.pbc.gov.cn/eportal/fileDir/defaultCurSite/resource/cms/2015/07/2013s18.htm,人民银行社融单月分项，亿元；历史口径与缺失按原表保留
tsf_acceptances_flow,CHN,2013-05,-1141,亿元,M,,https://www.pbc.gov.cn/eportal/fileDir/defaultCurSite/resource/cms/2015/07/2013s18.htm,人民银行社融单月分项，亿元；历史口径与缺失按原表保留
tsf_acceptances_flow,CHN,2013-06,-2615,亿元,M,,https://www.pbc.gov.cn/eportal/fileDir/defaultCurSite/resource/cms/2015/07/2013s18.htm,人民银行社融单月分项，亿元；历史口径与缺失按原表保留
tsf_acceptances_flow,CHN,2013-07,-1777,亿元,M,,https://www.pbc.gov.cn/eportal/fileDir/defaultCurSite/resource/cms/2015/07/2013s18.htm,人民银行社融单月分项，亿元；历史口径与缺失按原表保留
tsf_acceptances_flow,CHN,2013-08,3049,亿元,M,,https://www.pbc.gov.cn/eportal/fileDir/defaultCurSite/resource/cms/2015/07/2013s18.htm,人民银行社融单月分项，亿元；历史口径与缺失按原表保留
tsf_acceptances_flow,CHN,2013-09,-79,亿元,M,,https://www.pbc.gov.cn/eportal/fileDir/defaultCurSite/resource/cms/2015/07/2013s18.htm,人民银行社融单月分项，亿元；历史口径与缺失按原表保留
tsf_acceptances_flow,CHN,2013-10,-345,亿元,M,,https://www.pbc.gov.cn/eportal/fileDir/defaultCurSite/resource/cms/2015/07/2013s18.htm,人民银行社融单月分项，亿元；历史口径与缺失按原表保留
tsf_acceptances_flow,CHN,2013-11,60,亿元,M,,https://www.pbc.gov.cn/eportal/fileDir/defaultCurSite/resource/cms/2015/07/2013s18.htm,人民银行社融单月分项，亿元；历史口径与缺失按原表保留
tsf_acceptances_flow,CHN,2013-12,1679,亿元,M,,https://www.pbc.gov.cn/eportal/fileDir/defaultCurSite/resource/cms/2015/07/2013s18.htm,人民银行社融单月分项，亿元；历史口径与缺失按原表保留
tsf_acceptances_flow,CHN,2014-01,4902,亿元,M,,https://www.pbc.gov.cn/eportal/fileDir/defaultCurSite/resource/cms/2015/07/2014s18.htm,人民银行社融单月分项，亿元；历史口径与缺失按原表保留
tsf_acceptances_flow,CHN,2014-02,-1419,亿元,M,,https://www.pbc.gov.cn/eportal/fileDir/defaultCurSite/resource/cms/2015/07/2014s18.htm,人民银行社融单月分项，亿元；历史口径与缺失按原表保留
tsf_acceptances_flow,CHN,2014-03,2252,亿元,M,,https://www.pbc.gov.cn/eportal/fileDir/defaultCurSite/resource/cms/2015/07/2014s18.htm,人民银行社融单月分项，亿元；历史口径与缺失按原表保留
tsf_acceptances_flow,CHN,2014-04,789,亿元,M,,https://www.pbc.gov.cn/eportal/fileDir/defaultCurSite/resource/cms/2015/07/2014s18.htm,人民银行社融单月分项，亿元；历史口径与缺失按原表保留
tsf_acceptances_flow,CHN,2014-05,-94,亿元,M,,https://www.pbc.gov.cn/eportal/fileDir/defaultCurSite/resource/cms/2015/07/2014s18.htm,人民银行社融单月分项，亿元；历史口径与缺失按原表保留
tsf_acceptances_flow,CHN,2014-06,1445,亿元,M,,https://www.pbc.gov.cn/eportal/fileDir/defaultCurSite/resource/cms/2015/07/2014s18.htm,人民银行社融单月分项，亿元；历史口径与缺失按原表保留
tsf_acceptances_flow,CHN,2014-07,-4157,亿元,M,,https://www.pbc.gov.cn/eportal/fileDir/defaultCurSite/resource/cms/2015/07/2014s18.htm,人民银行社融单月分项，亿元；历史口径与缺失按原表保留
tsf_acceptances_flow,CHN,2014-08,-1116,亿元,M,,https://www.pbc.gov.cn/eportal/fileDir/defaultCurSite/resource/cms/2015/07/2014s18.htm,人民银行社融单月分项，亿元；历史口径与缺失按原表保留
tsf_acceptances_flow,CHN,2014-09,-1410,亿元,M,,https://www.pbc.gov.cn/eportal/fileDir/defaultCurSite/resource/cms/2015/07/2014s18.htm,人民银行社融单月分项，亿元；历史口径与缺失按原表保留
tsf_acceptances_flow,CHN,2014-10,-2411,亿元,M,,https://www.pbc.gov.cn/eportal/fileDir/defaultCurSite/resource/cms/2015/07/2014s18.htm,人民银行社融单月分项，亿元；历史口径与缺失按原表保留
tsf_acceptances_flow,CHN,2014-11,-668,亿元,M,,https://www.pbc.gov.cn/eportal/fileDir/defaultCurSite/resource/cms/2015/07/2014s18.htm,人民银行社融单月分项，亿元；历史口径与缺失按原表保留
tsf_acceptances_flow,CHN,2014-12,601,亿元,M,,https://www.pbc.gov.cn/eportal/fileDir/defaultCurSite/resource/cms/2015/07/2014s18.htm,人民银行社融单月分项，亿元；历史口径与缺失按原表保留
tsf_acceptances_flow,CHN,2015-01,1946.0472594589946,亿元,M,,https://www.pbc.gov.cn/diaochatongjisi/fileDir/resource/cms/2018/04/2018041810462448165.xls,人民银行社融单月分项，亿元；历史口径与缺失按原表保留
tsf_acceptances_flow,CHN,2015-02,-592.4949351372957,亿元,M,,https://www.pbc.gov.cn/diaochatongjisi/fileDir/resource/cms/2018/04/2018041810462448165.xls,人民银行社融单月分项，亿元；历史口径与缺失按原表保留
tsf_acceptances_flow,CHN,2015-03,-909.5987826494022,亿元,M,,https://www.pbc.gov.cn/diaochatongjisi/fileDir/resource/cms/2018/04/2018041810462448165.xls,人民银行社融单月分项，亿元；历史口径与缺失按原表保留
tsf_acceptances_flow,CHN,2015-04,-73.81748130740425,亿元,M,,https://www.pbc.gov.cn/diaochatongjisi/fileDir/resource/cms/2018/04/2018041810462448165.xls,人民银行社融单月分项，亿元；历史口径与缺失按原表保留
tsf_acceptances_flow,CHN,2015-05,960.8319807828948,亿元,M,,https://www.pbc.gov.cn/diaochatongjisi/fileDir/resource/cms/2018/04/2018041810462448165.xls,人民银行社融单月分项，亿元；历史口径与缺失按原表保留
tsf_acceptances_flow,CHN,2015-06,-1028.4626609450884,亿元,M,,https://www.pbc.gov.cn/diaochatongjisi/fileDir/resource/cms/2018/04/2018041810462448165.xls,人民银行社融单月分项，亿元；历史口径与缺失按原表保留
tsf_acceptances_flow,CHN,2015-07,-3317.4326275543,亿元,M,,https://www.pbc.gov.cn/diaochatongjisi/fileDir/resource/cms/2018/04/2018041810462448165.xls,人民银行社融单月分项，亿元；历史口径与缺失按原表保留
tsf_acceptances_flow,CHN,2015-08,-1577.4101041322037,亿元,M,,https://www.pbc.gov.cn/diaochatongjisi/fileDir/resource/cms/2018/04/2018041810462448165.xls,人民银行社融单月分项，亿元；历史口径与缺失按原表保留
tsf_acceptances_flow,CHN,2015-09,-1279.2923264132094,亿元,M,,https://www.pbc.gov.cn/diaochatongjisi/fileDir/resource/cms/2018/04/2018041810462448165.xls,人民银行社融单月分项，亿元；历史口径与缺失按原表保留
tsf_acceptances_flow,CHN,2015-10,-3697.214933081387,亿元,M,,https://www.pbc.gov.cn/diaochatongjisi/fileDir/resource/cms/2018/04/2018041810462448165.xls,人民银行社融单月分项，亿元；历史口径与缺失按原表保留
tsf_acceptances_flow,CHN,2015-11,-2544.5361335030047,亿元,M,,https://www.pbc.gov.cn/diaochatongjisi/fileDir/resource/cms/2018/04/2018041810462448165.xls,人民银行社融单月分项，亿元；历史口径与缺失按原表保留
tsf_acceptances_flow,CHN,2015-12,1546.270360832503,亿元,M,,https://www.pbc.gov.cn/diaochatongjisi/fileDir/resource/cms/2018/04/2018041810462448165.xls,人民银行社融单月分项，亿元；历史口径与缺失按原表保留
tsf_acceptances_flow,CHN,2016-01,1326.9312520942972,亿元,M,,https://www.pbc.gov.cn/diaochatongjisi/fileDir/resource/cms/2018/04/2018041810585985661.xls,人民银行社融单月分项，亿元；历史口径与缺失按原表保留
tsf_acceptances_flow,CHN,2016-02,-3704.961768267406,亿元,M,,https://www.pbc.gov.cn/diaochatongjisi/fileDir/resource/cms/2018/04/2018041810585985661.xls,人民银行社融单月分项，亿元；历史口径与缺失按原表保留
tsf_acceptances_flow,CHN,2016-03,173.38344382430694,亿元,M,,https://www.pbc.gov.cn/diaochatongjisi/fileDir/resource/cms/2018/04/2018041810585985661.xls,人民银行社融单月分项，亿元；历史口径与缺失按原表保留
tsf_acceptances_flow,CHN,2016-04,-2776.0576549246034,亿元,M,,https://www.pbc.gov.cn/diaochatongjisi/fileDir/resource/cms/2018/04/2018041810585985661.xls,人民银行社融单月分项，亿元；历史口径与缺失按原表保留
tsf_acceptances_flow,CHN,2016-05,-5066.740031801499,亿元,M,,https://www.pbc.gov.cn/diaochatongjisi/fileDir/resource/cms/2018/04/2018041810585985661.xls,人民银行社融单月分项，亿元；历史口径与缺失按原表保留
tsf_acceptances_flow,CHN,2016-06,-2719.7400710419943,亿元,M,,https://www.pbc.gov.cn/diaochatongjisi/fileDir/resource/cms/2018/04/2018041810585985661.xls,人民银行社融单月分项，亿元；历史口径与缺失按原表保留
tsf_acceptances_flow,CHN,2016-07,-5118.091922368505,亿元,M,,https://www.pbc.gov.cn/diaochatongjisi/fileDir/resource/cms/2018/04/2018041810585985661.xls,人民银行社融单月分项，亿元；历史口径与缺失按原表保留
tsf_acceptances_flow,CHN,2016-08,-375.853076002998,亿元,M,,https://www.pbc.gov.cn/diaochatongjisi/fileDir/resource/cms/2018/04/2018041810585985661.xls,人民银行社融单月分项，亿元；历史口径与缺失按原表保留
tsf_acceptances_flow,CHN,2016-09,-2229.952722806096,亿元,M,,https://www.pbc.gov.cn/diaochatongjisi/fileDir/resource/cms/2018/04/2018041810585985661.xls,人民银行社融单月分项，亿元；历史口径与缺失按原表保留
tsf_acceptances_flow,CHN,2016-10,-1800.524021017102,亿元,M,,https://www.pbc.gov.cn/diaochatongjisi/fileDir/resource/cms/2018/04/2018041810585985661.xls,人民银行社融单月分项，亿元；历史口径与缺失按原表保留
tsf_acceptances_flow,CHN,2016-11,1171.2516874249936,亿元,M,,https://www.pbc.gov.cn/diaochatongjisi/fileDir/resource/cms/2018/04/2018041810585985661.xls,人民银行社融单月分项，亿元；历史口径与缺失按原表保留
tsf_acceptances_flow,CHN,2016-12,1606.2420209650054,亿元,M,,https://www.pbc.gov.cn/diaochatongjisi/fileDir/resource/cms/2018/04/2018041810585985661.xls,人民银行社融单月分项，亿元；历史口径与缺失按原表保留
tsf_acceptances_flow,CHN,2017-01,6130.0,亿元,M,,https://www.pbc.gov.cn/diaochatongjisi/attachDir/2025/11/2025110511302316239.xls,人民银行社融单月分项，亿元；历史口径与缺失按原表保留
tsf_acceptances_flow,CHN,2017-02,-1719.0,亿元,M,,https://www.pbc.gov.cn/diaochatongjisi/attachDir/2025/11/2025110511302316239.xls,人民银行社融单月分项，亿元；历史口径与缺失按原表保留
tsf_acceptances_flow,CHN,2017-03,2390.0,亿元,M,,https://www.pbc.gov.cn/diaochatongjisi/attachDir/2025/11/2025110511302316239.xls,人民银行社融单月分项，亿元；历史口径与缺失按原表保留
tsf_acceptances_flow,CHN,2017-04,345.0,亿元,M,,https://www.pbc.gov.cn/diaochatongjisi/attachDir/2025/11/2025110511302316239.xls,人民银行社融单月分项，亿元；历史口径与缺失按原表保留
tsf_acceptances_flow,CHN,2017-05,-1245.0,亿元,M,,https://www.pbc.gov.cn/diaochatongjisi/attachDir/2025/11/2025110511302316239.xls,人民银行社融单月分项，亿元；历史口径与缺失按原表保留
tsf_acceptances_flow,CHN,2017-06,-230.0,亿元,M,,https://www.pbc.gov.cn/diaochatongjisi/attachDir/2025/11/2025110511302316239.xls,人民银行社融单月分项，亿元；历史口径与缺失按原表保留
tsf_acceptances_flow,CHN,2017-07,-2037.0,亿元,M,,https://www.pbc.gov.cn/diaochatongjisi/attachDir/2025/11/2025110511302316239.xls,人民银行社融单月分项，亿元；历史口径与缺失按原表保留
tsf_acceptances_flow,CHN,2017-08,242.0,亿元,M,,https://www.pbc.gov.cn/diaochatongjisi/attachDir/2025/11/2025110511302316239.xls,人民银行社融单月分项，亿元；历史口径与缺失按原表保留
tsf_acceptances_flow,CHN,2017-09,784.0,亿元,M,,https://www.pbc.gov.cn/diaochatongjisi/attachDir/2025/11/2025110511302316239.xls,人民银行社融单月分项，亿元；历史口径与缺失按原表保留
tsf_acceptances_flow,CHN,2017-10,12.0,亿元,M,,https://www.pbc.gov.cn/diaochatongjisi/attachDir/2025/11/2025110511302316239.xls,人民银行社融单月分项，亿元；历史口径与缺失按原表保留
tsf_acceptances_flow,CHN,2017-11,15.0,亿元,M,,https://www.pbc.gov.cn/diaochatongjisi/attachDir/2025/11/2025110511302316239.xls,人民银行社融单月分项，亿元；历史口径与缺失按原表保留
tsf_acceptances_flow,CHN,2017-12,676.0,亿元,M,,https://www.pbc.gov.cn/diaochatongjisi/attachDir/2025/11/2025110511302316239.xls,人民银行社融单月分项，亿元；历史口径与缺失按原表保留
tsf_acceptances_flow,CHN,2018-01,1437.0,亿元,M,,https://www.pbc.gov.cn/diaochatongjisi/attachDir/2025/11/2025110511302316239.xls,人民银行社融单月分项，亿元；历史口径与缺失按原表保留
tsf_acceptances_flow,CHN,2018-02,106.0,亿元,M,,https://www.pbc.gov.cn/diaochatongjisi/attachDir/2025/11/2025110511302316239.xls,人民银行社融单月分项，亿元；历史口径与缺失按原表保留
tsf_acceptances_flow,CHN,2018-03,-323.0,亿元,M,,https://www.pbc.gov.cn/diaochatongjisi/attachDir/2025/11/2025110511302316239.xls,人民银行社融单月分项，亿元；历史口径与缺失按原表保留
tsf_acceptances_flow,CHN,2018-04,1454.0,亿元,M,,https://www.pbc.gov.cn/diaochatongjisi/attachDir/2025/11/2025110511302316239.xls,人民银行社融单月分项，亿元；历史口径与缺失按原表保留
tsf_acceptances_flow,CHN,2018-05,-1741.0,亿元,M,,https://www.pbc.gov.cn/diaochatongjisi/attachDir/2025/11/2025110511302316239.xls,人民银行社融单月分项，亿元；历史口径与缺失按原表保留
tsf_acceptances_flow,CHN,2018-06,-3649.0,亿元,M,,https://www.pbc.gov.cn/diaochatongjisi/attachDir/2025/11/2025110511302316239.xls,人民银行社融单月分项，亿元；历史口径与缺失按原表保留
tsf_acceptances_flow,CHN,2018-07,-2744.0,亿元,M,,https://www.pbc.gov.cn/diaochatongjisi/attachDir/2025/11/2025110511302316239.xls,人民银行社融单月分项，亿元；历史口径与缺失按原表保留
tsf_acceptances_flow,CHN,2018-08,-779.0,亿元,M,,https://www.pbc.gov.cn/diaochatongjisi/attachDir/2025/11/2025110511302316239.xls,人民银行社融单月分项，亿元；历史口径与缺失按原表保留
tsf_acceptances_flow,CHN,2018-09,-548.0,亿元,M,,https://www.pbc.gov.cn/diaochatongjisi/attachDir/2025/11/2025110511302316239.xls,人民银行社融单月分项，亿元；历史口径与缺失按原表保留
tsf_acceptances_flow,CHN,2018-10,-453.0,亿元,M,,https://www.pbc.gov.cn/diaochatongjisi/attachDir/2025/11/2025110511302316239.xls,人民银行社融单月分项，亿元；历史口径与缺失按原表保留
tsf_acceptances_flow,CHN,2018-11,-127.0,亿元,M,,https://www.pbc.gov.cn/diaochatongjisi/attachDir/2025/11/2025110511302316239.xls,人民银行社融单月分项，亿元；历史口径与缺失按原表保留
tsf_acceptances_flow,CHN,2018-12,1023.0,亿元,M,,https://www.pbc.gov.cn/diaochatongjisi/attachDir/2025/11/2025110511302316239.xls,人民银行社融单月分项，亿元；历史口径与缺失按原表保留
tsf_acceptances_flow,CHN,2019-01,3787.0,亿元,M,,https://www.pbc.gov.cn/diaochatongjisi/attachDir/2025/11/2025110511302316239.xls,人民银行社融单月分项，亿元；历史口径与缺失按原表保留
tsf_acceptances_flow,CHN,2019-02,-3103.0,亿元,M,,https://www.pbc.gov.cn/diaochatongjisi/attachDir/2025/11/2025110511302316239.xls,人民银行社融单月分项，亿元；历史口径与缺失按原表保留
tsf_acceptances_flow,CHN,2019-03,1365.0,亿元,M,,https://www.pbc.gov.cn/diaochatongjisi/attachDir/2025/11/2025110511302316239.xls,人民银行社融单月分项，亿元；历史口径与缺失按原表保留
tsf_acceptances_flow,CHN,2019-04,-357.0,亿元,M,,https://www.pbc.gov.cn/diaochatongjisi/attachDir/2025/11/2025110511302316239.xls,人民银行社融单月分项，亿元；历史口径与缺失按原表保留
tsf_acceptances_flow,CHN,2019-05,-768.0,亿元,M,,https://www.pbc.gov.cn/diaochatongjisi/attachDir/2025/11/2025110511302316239.xls,人民银行社融单月分项，亿元；历史口径与缺失按原表保留
tsf_acceptances_flow,CHN,2019-06,-1311.0,亿元,M,,https://www.pbc.gov.cn/diaochatongjisi/attachDir/2025/11/2025110511302316239.xls,人民银行社融单月分项，亿元；历史口径与缺失按原表保留
tsf_acceptances_flow,CHN,2019-07,-4562.0,亿元,M,,https://www.pbc.gov.cn/diaochatongjisi/attachDir/2025/11/2025110511302316239.xls,人民银行社融单月分项，亿元；历史口径与缺失按原表保留
tsf_acceptances_flow,CHN,2019-08,157.0,亿元,M,,https://www.pbc.gov.cn/diaochatongjisi/attachDir/2025/11/2025110511302316239.xls,人民银行社融单月分项，亿元；历史口径与缺失按原表保留
tsf_acceptances_flow,CHN,2019-09,-431.0,亿元,M,,https://www.pbc.gov.cn/diaochatongjisi/attachDir/2025/11/2025110511302316239.xls,人民银行社融单月分项，亿元；历史口径与缺失按原表保留
tsf_acceptances_flow,CHN,2019-10,-1053.0,亿元,M,,https://www.pbc.gov.cn/diaochatongjisi/attachDir/2025/11/2025110511302316239.xls,人民银行社融单月分项，亿元；历史口径与缺失按原表保留
tsf_acceptances_flow,CHN,2019-11,570.0,亿元,M,,https://www.pbc.gov.cn/diaochatongjisi/attachDir/2025/11/2025110511302316239.xls,人民银行社融单月分项，亿元；历史口径与缺失按原表保留
tsf_acceptances_flow,CHN,2019-12,951.0,亿元,M,,https://www.pbc.gov.cn/diaochatongjisi/attachDir/2025/11/2025110511302316239.xls,人民银行社融单月分项，亿元；历史口径与缺失按原表保留
tsf_acceptances_flow,CHN,2020-01,1403.0,亿元,M,,https://www.pbc.gov.cn/diaochatongjisi/attachDir/2025/11/2025110510115085998.xls,人民银行社融单月分项，亿元；历史口径与缺失按原表保留
tsf_acceptances_flow,CHN,2020-02,-3961.0,亿元,M,,https://www.pbc.gov.cn/diaochatongjisi/attachDir/2025/11/2025110510115085998.xls,人民银行社融单月分项，亿元；历史口径与缺失按原表保留
tsf_acceptances_flow,CHN,2020-03,2818.0,亿元,M,,https://www.pbc.gov.cn/diaochatongjisi/attachDir/2025/11/2025110510115085998.xls,人民银行社融单月分项，亿元；历史口径与缺失按原表保留
tsf_acceptances_flow,CHN,2020-04,577.0,亿元,M,,https://www.pbc.gov.cn/diaochatongjisi/attachDir/2025/11/2025110510115085998.xls,人民银行社融单月分项，亿元；历史口径与缺失按原表保留
tsf_acceptances_flow,CHN,2020-05,836.0,亿元,M,,https://www.pbc.gov.cn/diaochatongjisi/attachDir/2025/11/2025110510115085998.xls,人民银行社融单月分项，亿元；历史口径与缺失按原表保留
tsf_acceptances_flow,CHN,2020-06,2190.0,亿元,M,,https://www.pbc.gov.cn/diaochatongjisi/attachDir/2025/11/2025110510115085998.xls,人民银行社融单月分项，亿元；历史口径与缺失按原表保留
tsf_acceptances_flow,CHN,2020-07,-1130.0,亿元,M,,https://www.pbc.gov.cn/diaochatongjisi/attachDir/2025/11/2025110510115085998.xls,人民银行社融单月分项，亿元；历史口径与缺失按原表保留
tsf_acceptances_flow,CHN,2020-08,1441.0,亿元,M,,https://www.pbc.gov.cn/diaochatongjisi/attachDir/2025/11/2025110510115085998.xls,人民银行社融单月分项，亿元；历史口径与缺失按原表保留
tsf_acceptances_flow,CHN,2020-09,1503.0,亿元,M,,https://www.pbc.gov.cn/diaochatongjisi/attachDir/2025/11/2025110510115085998.xls,人民银行社融单月分项，亿元；历史口径与缺失按原表保留
tsf_acceptances_flow,CHN,2020-10,-1089.0,亿元,M,,https://www.pbc.gov.cn/diaochatongjisi/attachDir/2025/11/2025110510115085998.xls,人民银行社融单月分项，亿元；历史口径与缺失按原表保留
tsf_acceptances_flow,CHN,2020-11,-625.0,亿元,M,,https://www.pbc.gov.cn/diaochatongjisi/attachDir/2025/11/2025110510115085998.xls,人民银行社融单月分项，亿元；历史口径与缺失按原表保留
tsf_acceptances_flow,CHN,2020-12,-2216.0,亿元,M,,https://www.pbc.gov.cn/diaochatongjisi/attachDir/2025/11/2025110510115085998.xls,人民银行社融单月分项，亿元；历史口径与缺失按原表保留
tsf_acceptances_flow,CHN,2021-01,4902.0,亿元,M,,https://www.pbc.gov.cn/diaochatongjisi/attachDir/2025/11/2025110509591087259.xls,人民银行社融单月分项，亿元；历史口径与缺失按原表保留
tsf_acceptances_flow,CHN,2021-02,639.0,亿元,M,,https://www.pbc.gov.cn/diaochatongjisi/attachDir/2025/11/2025110509591087259.xls,人民银行社融单月分项，亿元；历史口径与缺失按原表保留
tsf_acceptances_flow,CHN,2021-03,-2296.0,亿元,M,,https://www.pbc.gov.cn/diaochatongjisi/attachDir/2025/11/2025110509591087259.xls,人民银行社融单月分项，亿元；历史口径与缺失按原表保留
tsf_acceptances_flow,CHN,2021-04,-2152.0,亿元,M,,https://www.pbc.gov.cn/diaochatongjisi/attachDir/2025/11/2025110509591087259.xls,人民银行社融单月分项，亿元；历史口径与缺失按原表保留
tsf_acceptances_flow,CHN,2021-05,-926.0,亿元,M,,https://www.pbc.gov.cn/diaochatongjisi/attachDir/2025/11/2025110509591087259.xls,人民银行社融单月分项，亿元；历史口径与缺失按原表保留
tsf_acceptances_flow,CHN,2021-06,-221.0,亿元,M,,https://www.pbc.gov.cn/diaochatongjisi/attachDir/2025/11/2025110509591087259.xls,人民银行社融单月分项，亿元；历史口径与缺失按原表保留
tsf_acceptances_flow,CHN,2021-07,-2316.0,亿元,M,,https://www.pbc.gov.cn/diaochatongjisi/attachDir/2025/11/2025110509591087259.xls,人民银行社融单月分项，亿元；历史口径与缺失按原表保留
tsf_acceptances_flow,CHN,2021-08,127.0,亿元,M,,https://www.pbc.gov.cn/diaochatongjisi/attachDir/2025/11/2025110509591087259.xls,人民银行社融单月分项，亿元；历史口径与缺失按原表保留
tsf_acceptances_flow,CHN,2021-09,14.0,亿元,M,,https://www.pbc.gov.cn/diaochatongjisi/attachDir/2025/11/2025110509591087259.xls,人民银行社融单月分项，亿元；历史口径与缺失按原表保留
tsf_acceptances_flow,CHN,2021-10,-886.0,亿元,M,,https://www.pbc.gov.cn/diaochatongjisi/attachDir/2025/11/2025110509591087259.xls,人民银行社融单月分项，亿元；历史口径与缺失按原表保留
tsf_acceptances_flow,CHN,2021-11,-383.0,亿元,M,,https://www.pbc.gov.cn/diaochatongjisi/attachDir/2025/11/2025110509591087259.xls,人民银行社融单月分项，亿元；历史口径与缺失按原表保留
tsf_acceptances_flow,CHN,2021-12,-1419.0,亿元,M,,https://www.pbc.gov.cn/diaochatongjisi/attachDir/2025/11/2025110509591087259.xls,人民银行社融单月分项，亿元；历史口径与缺失按原表保留
tsf_acceptances_flow,CHN,2022-01,4733,亿元,M,,https://www.pbc.gov.cn/diaochatongjisi/attachDir/2025/11/2025110416594167877.xlsx,人民银行社融单月分项，亿元；历史口径与缺失按原表保留
tsf_acceptances_flow,CHN,2022-02,-4228,亿元,M,,https://www.pbc.gov.cn/diaochatongjisi/attachDir/2025/11/2025110416594167877.xlsx,人民银行社融单月分项，亿元；历史口径与缺失按原表保留
tsf_acceptances_flow,CHN,2022-03,287,亿元,M,,https://www.pbc.gov.cn/diaochatongjisi/attachDir/2025/11/2025110416594167877.xlsx,人民银行社融单月分项，亿元；历史口径与缺失按原表保留
tsf_acceptances_flow,CHN,2022-04,-2557,亿元,M,,https://www.pbc.gov.cn/diaochatongjisi/attachDir/2025/11/2025110416594167877.xlsx,人民银行社融单月分项，亿元；历史口径与缺失按原表保留
tsf_acceptances_flow,CHN,2022-05,-1068,亿元,M,,https://www.pbc.gov.cn/diaochatongjisi/attachDir/2025/11/2025110416594167877.xlsx,人民银行社融单月分项，亿元；历史口径与缺失按原表保留
tsf_acceptances_flow,CHN,2022-06,1066,亿元,M,,https://www.pbc.gov.cn/diaochatongjisi/attachDir/2025/11/2025110416594167877.xlsx,人民银行社融单月分项，亿元；历史口径与缺失按原表保留
tsf_acceptances_flow,CHN,2022-07,-2744,亿元,M,,https://www.pbc.gov.cn/diaochatongjisi/attachDir/2025/11/2025110416594167877.xlsx,人民银行社融单月分项，亿元；历史口径与缺失按原表保留
tsf_acceptances_flow,CHN,2022-08,3486,亿元,M,,https://www.pbc.gov.cn/diaochatongjisi/attachDir/2025/11/2025110416594167877.xlsx,人民银行社融单月分项，亿元；历史口径与缺失按原表保留
tsf_acceptances_flow,CHN,2022-09,132,亿元,M,,https://www.pbc.gov.cn/diaochatongjisi/attachDir/2025/11/2025110416594167877.xlsx,人民银行社融单月分项，亿元；历史口径与缺失按原表保留
tsf_acceptances_flow,CHN,2022-10,-2156,亿元,M,,https://www.pbc.gov.cn/diaochatongjisi/attachDir/2025/11/2025110416594167877.xlsx,人民银行社融单月分项，亿元；历史口径与缺失按原表保留
tsf_acceptances_flow,CHN,2022-11,191,亿元,M,,https://www.pbc.gov.cn/diaochatongjisi/attachDir/2025/11/2025110416594167877.xlsx,人民银行社融单月分项，亿元；历史口径与缺失按原表保留
tsf_acceptances_flow,CHN,2022-12,-554,亿元,M,,https://www.pbc.gov.cn/diaochatongjisi/attachDir/2025/11/2025110416594167877.xlsx,人民银行社融单月分项，亿元；历史口径与缺失按原表保留
tsf_acceptances_flow,CHN,2023-01,2963,亿元,M,,https://www.pbc.gov.cn/diaochatongjisi/attachDir/2025/11/2025110415542112867.xlsx,人民银行社融单月分项，亿元；历史口径与缺失按原表保留
tsf_acceptances_flow,CHN,2023-02,-69,亿元,M,,https://www.pbc.gov.cn/diaochatongjisi/attachDir/2025/11/2025110415542112867.xlsx,人民银行社融单月分项，亿元；历史口径与缺失按原表保留
tsf_acceptances_flow,CHN,2023-03,1792,亿元,M,,https://www.pbc.gov.cn/diaochatongjisi/attachDir/2025/11/2025110415542112867.xlsx,人民银行社融单月分项，亿元；历史口径与缺失按原表保留
tsf_acceptances_flow,CHN,2023-04,-1345,亿元,M,,https://www.pbc.gov.cn/diaochatongjisi/attachDir/2025/11/2025110415542112867.xlsx,人民银行社融单月分项，亿元；历史口径与缺失按原表保留
tsf_acceptances_flow,CHN,2023-05,-1795,亿元,M,,https://www.pbc.gov.cn/diaochatongjisi/attachDir/2025/11/2025110415542112867.xlsx,人民银行社融单月分项，亿元；历史口径与缺失按原表保留
tsf_acceptances_flow,CHN,2023-06,-691,亿元,M,,https://www.pbc.gov.cn/diaochatongjisi/attachDir/2025/11/2025110415542112867.xlsx,人民银行社融单月分项，亿元；历史口径与缺失按原表保留
tsf_acceptances_flow,CHN,2023-07,-1963,亿元,M,,https://www.pbc.gov.cn/diaochatongjisi/attachDir/2025/11/2025110415542112867.xlsx,人民银行社融单月分项，亿元；历史口径与缺失按原表保留
tsf_acceptances_flow,CHN,2023-08,1129,亿元,M,,https://www.pbc.gov.cn/diaochatongjisi/attachDir/2025/11/2025110415542112867.xlsx,人民银行社融单月分项，亿元；历史口径与缺失按原表保留
tsf_acceptances_flow,CHN,2023-09,2397,亿元,M,,https://www.pbc.gov.cn/diaochatongjisi/attachDir/2025/11/2025110415542112867.xlsx,人民银行社融单月分项，亿元；历史口径与缺失按原表保留
tsf_acceptances_flow,CHN,2023-10,-2536,亿元,M,,https://www.pbc.gov.cn/diaochatongjisi/attachDir/2025/11/2025110415542112867.xlsx,人民银行社融单月分项，亿元；历史口径与缺失按原表保留
tsf_acceptances_flow,CHN,2023-11,202,亿元,M,,https://www.pbc.gov.cn/diaochatongjisi/attachDir/2025/11/2025110415542112867.xlsx,人民银行社融单月分项，亿元；历史口径与缺失按原表保留
tsf_acceptances_flow,CHN,2023-12,-1865,亿元,M,,https://www.pbc.gov.cn/diaochatongjisi/attachDir/2025/11/2025110415542112867.xlsx,人民银行社融单月分项，亿元；历史口径与缺失按原表保留
tsf_acceptances_flow,CHN,2024-01,5636,亿元,M,,https://www.pbc.gov.cn/diaochatongjisi/attachDir/2025/11/2025111416252488839.xlsx,人民银行社融单月分项，亿元；历史口径与缺失按原表保留
tsf_acceptances_flow,CHN,2024-02,-3686,亿元,M,,https://www.pbc.gov.cn/diaochatongjisi/attachDir/2025/11/2025111416252488839.xlsx,人民银行社融单月分项，亿元；历史口径与缺失按原表保留
tsf_acceptances_flow,CHN,2024-03,3552,亿元,M,,https://www.pbc.gov.cn/diaochatongjisi/attachDir/2025/11/2025111416252488839.xlsx,人民银行社融单月分项，亿元；历史口径与缺失按原表保留
tsf_acceptances_flow,CHN,2024-04,-4490,亿元,M,,https://www.pbc.gov.cn/diaochatongjisi/attachDir/2025/11/2025111416252488839.xlsx,人民银行社融单月分项，亿元；历史口径与缺失按原表保留
tsf_acceptances_flow,CHN,2024-05,-1331,亿元,M,,https://www.pbc.gov.cn/diaochatongjisi/attachDir/2025/11/2025111416252488839.xlsx,人民银行社融单月分项，亿元；历史口径与缺失按原表保留
tsf_acceptances_flow,CHN,2024-06,-2045,亿元,M,,https://www.pbc.gov.cn/diaochatongjisi/attachDir/2025/11/2025111416252488839.xlsx,人民银行社融单月分项，亿元；历史口径与缺失按原表保留
tsf_acceptances_flow,CHN,2024-07,-1075,亿元,M,,https://www.pbc.gov.cn/diaochatongjisi/attachDir/2025/11/2025111416252488839.xlsx,人民银行社融单月分项，亿元；历史口径与缺失按原表保留
tsf_acceptances_flow,CHN,2024-08,651,亿元,M,,https://www.pbc.gov.cn/diaochatongjisi/attachDir/2025/11/2025111416252488839.xlsx,人民银行社融单月分项，亿元；历史口径与缺失按原表保留
tsf_acceptances_flow,CHN,2024-09,1312,亿元,M,,https://www.pbc.gov.cn/diaochatongjisi/attachDir/2025/11/2025111416252488839.xlsx,人民银行社融单月分项，亿元；历史口径与缺失按原表保留
tsf_acceptances_flow,CHN,2024-10,-1396,亿元,M,,https://www.pbc.gov.cn/diaochatongjisi/attachDir/2025/11/2025111416252488839.xlsx,人民银行社融单月分项，亿元；历史口径与缺失按原表保留
tsf_acceptances_flow,CHN,2024-11,910,亿元,M,,https://www.pbc.gov.cn/diaochatongjisi/attachDir/2025/11/2025111416252488839.xlsx,人民银行社融单月分项，亿元；历史口径与缺失按原表保留
tsf_acceptances_flow,CHN,2024-12,-1330,亿元,M,,https://www.pbc.gov.cn/diaochatongjisi/attachDir/2025/11/2025111416252488839.xlsx,人民银行社融单月分项，亿元；历史口径与缺失按原表保留
tsf_acceptances_flow,CHN,2025-01,4654,亿元,M,,https://www.pbc.gov.cn/diaochatongjisi/attachDir/2026/02/2026021418235592487.xlsx,人民银行社融单月分项，亿元；历史口径与缺失按原表保留
tsf_acceptances_flow,CHN,2025-02,-2987,亿元,M,,https://www.pbc.gov.cn/diaochatongjisi/attachDir/2026/02/2026021418235592487.xlsx,人民银行社融单月分项，亿元；历史口径与缺失按原表保留
tsf_acceptances_flow,CHN,2025-03,3632,亿元,M,,https://www.pbc.gov.cn/diaochatongjisi/attachDir/2026/02/2026021418235592487.xlsx,人民银行社融单月分项，亿元；历史口径与缺失按原表保留
tsf_acceptances_flow,CHN,2025-04,-2794,亿元,M,,https://www.pbc.gov.cn/diaochatongjisi/attachDir/2026/02/2026021418235592487.xlsx,人民银行社融单月分项，亿元；历史口径与缺失按原表保留
tsf_acceptances_flow,CHN,2025-05,-1164,亿元,M,,https://www.pbc.gov.cn/diaochatongjisi/attachDir/2026/02/2026021418235592487.xlsx,人民银行社融单月分项，亿元；历史口径与缺失按原表保留
tsf_acceptances_flow,CHN,2025-06,-1900,亿元,M,,https://www.pbc.gov.cn/diaochatongjisi/attachDir/2026/02/2026021418235592487.xlsx,人民银行社融单月分项，亿元；历史口径与缺失按原表保留
tsf_acceptances_flow,CHN,2025-07,-1638,亿元,M,,https://www.pbc.gov.cn/diaochatongjisi/attachDir/2026/02/2026021418235592487.xlsx,人民银行社融单月分项，亿元；历史口径与缺失按原表保留
tsf_acceptances_flow,CHN,2025-08,1973,亿元,M,,https://www.pbc.gov.cn/diaochatongjisi/attachDir/2026/02/2026021418235592487.xlsx,人民银行社融单月分项，亿元；历史口径与缺失按原表保留
tsf_acceptances_flow,CHN,2025-09,3234,亿元,M,,https://www.pbc.gov.cn/diaochatongjisi/attachDir/2026/02/2026021418235592487.xlsx,人民银行社融单月分项，亿元；历史口径与缺失按原表保留
tsf_acceptances_flow,CHN,2025-10,-2895,亿元,M,,https://www.pbc.gov.cn/diaochatongjisi/attachDir/2026/02/2026021418235592487.xlsx,人民银行社融单月分项，亿元；历史口径与缺失按原表保留
tsf_acceptances_flow,CHN,2025-11,1488,亿元,M,,https://www.pbc.gov.cn/diaochatongjisi/attachDir/2026/02/2026021418235592487.xlsx,人民银行社融单月分项，亿元；历史口径与缺失按原表保留
tsf_acceptances_flow,CHN,2025-12,-1492,亿元,M,,https://www.pbc.gov.cn/diaochatongjisi/attachDir/2026/02/2026021418235592487.xlsx,人民银行社融单月分项，亿元；历史口径与缺失按原表保留
tsf_acceptances_flow,CHN,2026-01,6293,亿元,M,,https://www.pbc.gov.cn/diaochatongjisi/attachDir/2026/09/2026091418125322850.xlsx,人民银行社融单月分项，亿元；历史口径与缺失按原表保留
tsf_acceptances_flow,CHN,2026-02,-1755,亿元,M,,https://www.pbc.gov.cn/diaochatongjisi/attachDir/2026/09/2026091418125322850.xlsx,人民银行社融单月分项，亿元；历史口径与缺失按原表保留
tsf_acceptances_flow,CHN,2026-03,1258,亿元,M,,https://www.pbc.gov.cn/diaochatongjisi/attachDir/2026/09/2026091418125322850.xlsx,人民银行社融单月分项，亿元；历史口径与缺失按原表保留
tsf_acceptances_flow,CHN,2026-04,-5284,亿元,M,,https://www.pbc.gov.cn/diaochatongjisi/attachDir/2026/09/2026091418125322850.xlsx,人民银行社融单月分项，亿元；历史口径与缺失按原表保留
tsf_acceptances_flow,CHN,2026-05,-685,亿元,M,,https://www.pbc.gov.cn/diaochatongjisi/attachDir/2026/09/2026091418125322850.xlsx,人民银行社融单月分项，亿元；历史口径与缺失按原表保留
tsf_acceptances_flow,CHN,2026-06,-1084,亿元,M,,https://www.pbc.gov.cn/diaochatongjisi/attachDir/2026/09/2026091418125322850.xlsx,人民银行社融单月分项，亿元；历史口径与缺失按原表保留
tsf_acceptances_flow,CHN,2026-07,-530,亿元,M,,https://www.pbc.gov.cn/diaochatongjisi/attachDir/2026/09/2026091418125322850.xlsx,人民银行社融单月分项，亿元；历史口径与缺失按原表保留
tsf_acceptances_flow,CHN,2026-08,382,亿元,M,,https://www.pbc.gov.cn/diaochatongjisi/attachDir/2026/09/2026091418125322850.xlsx,人民银行社融单月分项，亿元；历史口径与缺失按原表保留
tsf_corporate_bonds_flow,CHN,2002-01,0,亿元,M,,https://www.pbc.gov.cn/diaochatongjisi/116219/116225/2863562/index.html,人民银行社融单月分项，亿元；历史口径与缺失按原表保留
tsf_corporate_bonds_flow,CHN,2002-02,0,亿元,M,,https://www.pbc.gov.cn/diaochatongjisi/116219/116225/2863562/index.html,人民银行社融单月分项，亿元；历史口径与缺失按原表保留
tsf_corporate_bonds_flow,CHN,2002-03,0,亿元,M,,https://www.pbc.gov.cn/diaochatongjisi/116219/116225/2863562/index.html,人民银行社融单月分项，亿元；历史口径与缺失按原表保留
tsf_corporate_bonds_flow,CHN,2002-04,10,亿元,M,,https://www.pbc.gov.cn/diaochatongjisi/116219/116225/2863562/index.html,人民银行社融单月分项，亿元；历史口径与缺失按原表保留
tsf_corporate_bonds_flow,CHN,2002-05,10,亿元,M,,https://www.pbc.gov.cn/diaochatongjisi/116219/116225/2863562/index.html,人民银行社融单月分项，亿元；历史口径与缺失按原表保留
tsf_corporate_bonds_flow,CHN,2002-06,78,亿元,M,,https://www.pbc.gov.cn/diaochatongjisi/116219/116225/2863562/index.html,人民银行社融单月分项，亿元；历史口径与缺失按原表保留
tsf_corporate_bonds_flow,CHN,2002-07,10,亿元,M,,https://www.pbc.gov.cn/diaochatongjisi/116219/116225/2863562/index.html,人民银行社融单月分项，亿元；历史口径与缺失按原表保留
tsf_corporate_bonds_flow,CHN,2002-08,23,亿元,M,,https://www.pbc.gov.cn/diaochatongjisi/116219/116225/2863562/index.html,人民银行社融单月分项，亿元；历史口径与缺失按原表保留
tsf_corporate_bonds_flow,CHN,2002-09,58,亿元,M,,https://www.pbc.gov.cn/diaochatongjisi/116219/116225/2863562/index.html,人民银行社融单月分项，亿元；历史口径与缺失按原表保留
tsf_corporate_bonds_flow,CHN,2002-10,87,亿元,M,,https://www.pbc.gov.cn/diaochatongjisi/116219/116225/2863562/index.html,人民银行社融单月分项，亿元；历史口径与缺失按原表保留
tsf_corporate_bonds_flow,CHN,2002-11,60,亿元,M,,https://www.pbc.gov.cn/diaochatongjisi/116219/116225/2863562/index.html,人民银行社融单月分项，亿元；历史口径与缺失按原表保留
tsf_corporate_bonds_flow,CHN,2002-12,30,亿元,M,,https://www.pbc.gov.cn/diaochatongjisi/116219/116225/2863562/index.html,人民银行社融单月分项，亿元；历史口径与缺失按原表保留
tsf_corporate_bonds_flow,CHN,2003-01,25,亿元,M,,https://www.pbc.gov.cn/diaochatongjisi/116219/116225/2863562/index.html,人民银行社融单月分项，亿元；历史口径与缺失按原表保留
tsf_corporate_bonds_flow,CHN,2003-02,56,亿元,M,,https://www.pbc.gov.cn/diaochatongjisi/116219/116225/2863562/index.html,人民银行社融单月分项，亿元；历史口径与缺失按原表保留
tsf_corporate_bonds_flow,CHN,2003-03,0,亿元,M,,https://www.pbc.gov.cn/diaochatongjisi/116219/116225/2863562/index.html,人民银行社融单月分项，亿元；历史口径与缺失按原表保留
tsf_corporate_bonds_flow,CHN,2003-04,12,亿元,M,,https://www.pbc.gov.cn/diaochatongjisi/116219/116225/2863562/index.html,人民银行社融单月分项，亿元；历史口径与缺失按原表保留
tsf_corporate_bonds_flow,CHN,2003-05,5,亿元,M,,https://www.pbc.gov.cn/diaochatongjisi/116219/116225/2863562/index.html,人民银行社融单月分项，亿元；历史口径与缺失按原表保留
tsf_corporate_bonds_flow,CHN,2003-06,16,亿元,M,,https://www.pbc.gov.cn/diaochatongjisi/116219/116225/2863562/index.html,人民银行社融单月分项，亿元；历史口径与缺失按原表保留
tsf_corporate_bonds_flow,CHN,2003-07,58,亿元,M,,https://www.pbc.gov.cn/diaochatongjisi/116219/116225/2863562/index.html,人民银行社融单月分项，亿元；历史口径与缺失按原表保留
tsf_corporate_bonds_flow,CHN,2003-08,55,亿元,M,,https://www.pbc.gov.cn/diaochatongjisi/116219/116225/2863562/index.html,人民银行社融单月分项，亿元；历史口径与缺失按原表保留
tsf_corporate_bonds_flow,CHN,2003-09,14,亿元,M,,https://www.pbc.gov.cn/diaochatongjisi/116219/116225/2863562/index.html,人民银行社融单月分项，亿元；历史口径与缺失按原表保留
tsf_corporate_bonds_flow,CHN,2003-10,15,亿元,M,,https://www.pbc.gov.cn/diaochatongjisi/116219/116225/2863562/index.html,人民银行社融单月分项，亿元；历史口径与缺失按原表保留
tsf_corporate_bonds_flow,CHN,2003-11,34,亿元,M,,https://www.pbc.gov.cn/diaochatongjisi/116219/116225/2863562/index.html,人民银行社融单月分项，亿元；历史口径与缺失按原表保留
tsf_corporate_bonds_flow,CHN,2003-12,210,亿元,M,,https://www.pbc.gov.cn/diaochatongjisi/116219/116225/2863562/index.html,人民银行社融单月分项，亿元；历史口径与缺失按原表保留
tsf_corporate_bonds_flow,CHN,2004-01,4,亿元,M,,https://www.pbc.gov.cn/diaochatongjisi/116219/116225/2863562/index.html,人民银行社融单月分项，亿元；历史口径与缺失按原表保留
tsf_corporate_bonds_flow,CHN,2004-02,45,亿元,M,,https://www.pbc.gov.cn/diaochatongjisi/116219/116225/2863562/index.html,人民银行社融单月分项，亿元；历史口径与缺失按原表保留
tsf_corporate_bonds_flow,CHN,2004-03,10,亿元,M,,https://www.pbc.gov.cn/diaochatongjisi/116219/116225/2863562/index.html,人民银行社融单月分项，亿元；历史口径与缺失按原表保留
tsf_corporate_bonds_flow,CHN,2004-04,19,亿元,M,,https://www.pbc.gov.cn/diaochatongjisi/116219/116225/2863562/index.html,人民银行社融单月分项，亿元；历史口径与缺失按原表保留
tsf_corporate_bonds_flow,CHN,2004-05,23,亿元,M,,https://www.pbc.gov.cn/diaochatongjisi/116219/116225/2863562/index.html,人民银行社融单月分项，亿元；历史口径与缺失按原表保留
tsf_corporate_bonds_flow,CHN,2004-06,17,亿元,M,,https://www.pbc.gov.cn/diaochatongjisi/116219/116225/2863562/index.html,人民银行社融单月分项，亿元；历史口径与缺失按原表保留
tsf_corporate_bonds_flow,CHN,2004-07,4,亿元,M,,https://www.pbc.gov.cn/diaochatongjisi/116219/116225/2863562/index.html,人民银行社融单月分项，亿元；历史口径与缺失按原表保留
tsf_corporate_bonds_flow,CHN,2004-08,27,亿元,M,,https://www.pbc.gov.cn/diaochatongjisi/116219/116225/2863562/index.html,人民银行社融单月分项，亿元；历史口径与缺失按原表保留
tsf_corporate_bonds_flow,CHN,2004-09,130,亿元,M,,https://www.pbc.gov.cn/diaochatongjisi/116219/116225/2863562/index.html,人民银行社融单月分项，亿元；历史口径与缺失按原表保留
tsf_corporate_bonds_flow,CHN,2004-10,70,亿元,M,,https://www.pbc.gov.cn/diaochatongjisi/116219/116225/2863562/index.html,人民银行社融单月分项，亿元；历史口径与缺失按原表保留
tsf_corporate_bonds_flow,CHN,2004-11,37,亿元,M,,https://www.pbc.gov.cn/diaochatongjisi/116219/116225/2863562/index.html,人民银行社融单月分项，亿元；历史口径与缺失按原表保留
tsf_corporate_bonds_flow,CHN,2004-12,82,亿元,M,,https://www.pbc.gov.cn/diaochatongjisi/116219/116225/2863562/index.html,人民银行社融单月分项，亿元；历史口径与缺失按原表保留
tsf_corporate_bonds_flow,CHN,2005-01,20,亿元,M,,https://www.pbc.gov.cn/diaochatongjisi/116219/116225/2863562/index.html,人民银行社融单月分项，亿元；历史口径与缺失按原表保留
tsf_corporate_bonds_flow,CHN,2005-02,0,亿元,M,,https://www.pbc.gov.cn/diaochatongjisi/116219/116225/2863562/index.html,人民银行社融单月分项，亿元；历史口径与缺失按原表保留
tsf_corporate_bonds_flow,CHN,2005-03,0,亿元,M,,https://www.pbc.gov.cn/diaochatongjisi/116219/116225/2863562/index.html,人民银行社融单月分项，亿元；历史口径与缺失按原表保留
tsf_corporate_bonds_flow,CHN,2005-04,47,亿元,M,,https://www.pbc.gov.cn/diaochatongjisi/116219/116225/2863562/index.html,人民银行社融单月分项，亿元；历史口径与缺失按原表保留
tsf_corporate_bonds_flow,CHN,2005-05,151,亿元,M,,https://www.pbc.gov.cn/diaochatongjisi/116219/116225/2863562/index.html,人民银行社融单月分项，亿元；历史口径与缺失按原表保留
tsf_corporate_bonds_flow,CHN,2005-06,85,亿元,M,,https://www.pbc.gov.cn/diaochatongjisi/116219/116225/2863562/index.html,人民银行社融单月分项，亿元；历史口径与缺失按原表保留
tsf_corporate_bonds_flow,CHN,2005-07,330,亿元,M,,https://www.pbc.gov.cn/diaochatongjisi/116219/116225/2863562/index.html,人民银行社融单月分项，亿元；历史口径与缺失按原表保留
tsf_corporate_bonds_flow,CHN,2005-08,90,亿元,M,,https://www.pbc.gov.cn/diaochatongjisi/116219/116225/2863562/index.html,人民银行社融单月分项，亿元；历史口径与缺失按原表保留
tsf_corporate_bonds_flow,CHN,2005-09,253,亿元,M,,https://www.pbc.gov.cn/diaochatongjisi/116219/116225/2863562/index.html,人民银行社融单月分项，亿元；历史口径与缺失按原表保留
tsf_corporate_bonds_flow,CHN,2005-10,347,亿元,M,,https://www.pbc.gov.cn/diaochatongjisi/116219/116225/2863562/index.html,人民银行社融单月分项，亿元；历史口径与缺失按原表保留
tsf_corporate_bonds_flow,CHN,2005-11,265,亿元,M,,https://www.pbc.gov.cn/diaochatongjisi/116219/116225/2863562/index.html,人民银行社融单月分项，亿元；历史口径与缺失按原表保留
tsf_corporate_bonds_flow,CHN,2005-12,422,亿元,M,,https://www.pbc.gov.cn/diaochatongjisi/116219/116225/2863562/index.html,人民银行社融单月分项，亿元；历史口径与缺失按原表保留
tsf_corporate_bonds_flow,CHN,2006-01,303,亿元,M,,https://www.pbc.gov.cn/diaochatongjisi/116219/116225/2863562/index.html,人民银行社融单月分项，亿元；历史口径与缺失按原表保留
tsf_corporate_bonds_flow,CHN,2006-02,204,亿元,M,,https://www.pbc.gov.cn/diaochatongjisi/116219/116225/2863562/index.html,人民银行社融单月分项，亿元；历史口径与缺失按原表保留
tsf_corporate_bonds_flow,CHN,2006-03,299,亿元,M,,https://www.pbc.gov.cn/diaochatongjisi/116219/116225/2863562/index.html,人民银行社融单月分项，亿元；历史口径与缺失按原表保留
tsf_corporate_bonds_flow,CHN,2006-04,271,亿元,M,,https://www.pbc.gov.cn/diaochatongjisi/116219/116225/2863562/index.html,人民银行社融单月分项，亿元；历史口径与缺失按原表保留
tsf_corporate_bonds_flow,CHN,2006-05,289,亿元,M,,https://www.pbc.gov.cn/diaochatongjisi/116219/116225/2863562/index.html,人民银行社融单月分项，亿元；历史口径与缺失按原表保留
tsf_corporate_bonds_flow,CHN,2006-06,209,亿元,M,,https://www.pbc.gov.cn/diaochatongjisi/116219/116225/2863562/index.html,人民银行社融单月分项，亿元；历史口径与缺失按原表保留
tsf_corporate_bonds_flow,CHN,2006-07,116,亿元,M,,https://www.pbc.gov.cn/diaochatongjisi/116219/116225/2863562/index.html,人民银行社融单月分项，亿元；历史口径与缺失按原表保留
tsf_corporate_bonds_flow,CHN,2006-08,153,亿元,M,,https://www.pbc.gov.cn/diaochatongjisi/116219/116225/2863562/index.html,人民银行社融单月分项，亿元；历史口径与缺失按原表保留
tsf_corporate_bonds_flow,CHN,2006-09,-8,亿元,M,,https://www.pbc.gov.cn/diaochatongjisi/116219/116225/2863562/index.html,人民银行社融单月分项，亿元；历史口径与缺失按原表保留
tsf_corporate_bonds_flow,CHN,2006-10,237,亿元,M,,https://www.pbc.gov.cn/diaochatongjisi/116219/116225/2863562/index.html,人民银行社融单月分项，亿元；历史口径与缺失按原表保留
tsf_corporate_bonds_flow,CHN,2006-11,212,亿元,M,,https://www.pbc.gov.cn/diaochatongjisi/116219/116225/2863562/index.html,人民银行社融单月分项，亿元；历史口径与缺失按原表保留
tsf_corporate_bonds_flow,CHN,2006-12,26,亿元,M,,https://www.pbc.gov.cn/diaochatongjisi/116219/116225/2863562/index.html,人民银行社融单月分项，亿元；历史口径与缺失按原表保留
tsf_corporate_bonds_flow,CHN,2007-01,-39,亿元,M,,https://www.pbc.gov.cn/diaochatongjisi/116219/116225/2863562/index.html,人民银行社融单月分项，亿元；历史口径与缺失按原表保留
tsf_corporate_bonds_flow,CHN,2007-02,-80,亿元,M,,https://www.pbc.gov.cn/diaochatongjisi/116219/116225/2863562/index.html,人民银行社融单月分项，亿元；历史口径与缺失按原表保留
tsf_corporate_bonds_flow,CHN,2007-03,177,亿元,M,,https://www.pbc.gov.cn/diaochatongjisi/116219/116225/2863562/index.html,人民银行社融单月分项，亿元；历史口径与缺失按原表保留
tsf_corporate_bonds_flow,CHN,2007-04,-41,亿元,M,,https://www.pbc.gov.cn/diaochatongjisi/116219/116225/2863562/index.html,人民银行社融单月分项，亿元；历史口径与缺失按原表保留
tsf_corporate_bonds_flow,CHN,2007-05,52,亿元,M,,https://www.pbc.gov.cn/diaochatongjisi/116219/116225/2863562/index.html,人民银行社融单月分项，亿元；历史口径与缺失按原表保留
tsf_corporate_bonds_flow,CHN,2007-06,309,亿元,M,,https://www.pbc.gov.cn/diaochatongjisi/116219/116225/2863562/index.html,人民银行社融单月分项，亿元；历史口径与缺失按原表保留
tsf_corporate_bonds_flow,CHN,2007-07,133,亿元,M,,https://www.pbc.gov.cn/diaochatongjisi/116219/116225/2863562/index.html,人民银行社融单月分项，亿元；历史口径与缺失按原表保留
tsf_corporate_bonds_flow,CHN,2007-08,263,亿元,M,,https://www.pbc.gov.cn/diaochatongjisi/116219/116225/2863562/index.html,人民银行社融单月分项，亿元；历史口径与缺失按原表保留
tsf_corporate_bonds_flow,CHN,2007-09,310,亿元,M,,https://www.pbc.gov.cn/diaochatongjisi/116219/116225/2863562/index.html,人民银行社融单月分项，亿元；历史口径与缺失按原表保留
tsf_corporate_bonds_flow,CHN,2007-10,213,亿元,M,,https://www.pbc.gov.cn/diaochatongjisi/116219/116225/2863562/index.html,人民银行社融单月分项，亿元；历史口径与缺失按原表保留
tsf_corporate_bonds_flow,CHN,2007-11,790,亿元,M,,https://www.pbc.gov.cn/diaochatongjisi/116219/116225/2863562/index.html,人民银行社融单月分项，亿元；历史口径与缺失按原表保留
tsf_corporate_bonds_flow,CHN,2007-12,198,亿元,M,,https://www.pbc.gov.cn/diaochatongjisi/116219/116225/2863562/index.html,人民银行社融单月分项，亿元；历史口径与缺失按原表保留
tsf_corporate_bonds_flow,CHN,2008-01,75,亿元,M,,https://www.pbc.gov.cn/diaochatongjisi/116219/116225/2863562/index.html,人民银行社融单月分项，亿元；历史口径与缺失按原表保留
tsf_corporate_bonds_flow,CHN,2008-02,316,亿元,M,,https://www.pbc.gov.cn/diaochatongjisi/116219/116225/2863562/index.html,人民银行社融单月分项，亿元；历史口径与缺失按原表保留
tsf_corporate_bonds_flow,CHN,2008-03,427,亿元,M,,https://www.pbc.gov.cn/diaochatongjisi/116219/116225/2863562/index.html,人民银行社融单月分项，亿元；历史口径与缺失按原表保留
tsf_corporate_bonds_flow,CHN,2008-04,333,亿元,M,,https://www.pbc.gov.cn/diaochatongjisi/116219/116225/2863562/index.html,人民银行社融单月分项，亿元；历史口径与缺失按原表保留
tsf_corporate_bonds_flow,CHN,2008-05,2,亿元,M,,https://www.pbc.gov.cn/diaochatongjisi/116219/116225/2863562/index.html,人民银行社融单月分项，亿元；历史口径与缺失按原表保留
tsf_corporate_bonds_flow,CHN,2008-06,0,亿元,M,,https://www.pbc.gov.cn/diaochatongjisi/116219/116225/2863562/index.html,人民银行社融单月分项，亿元；历史口径与缺失按原表保留
tsf_corporate_bonds_flow,CHN,2008-07,572,亿元,M,,https://www.pbc.gov.cn/diaochatongjisi/116219/116225/2863562/index.html,人民银行社融单月分项，亿元；历史口径与缺失按原表保留
tsf_corporate_bonds_flow,CHN,2008-08,352,亿元,M,,https://www.pbc.gov.cn/diaochatongjisi/116219/116225/2863562/index.html,人民银行社融单月分项，亿元；历史口径与缺失按原表保留
tsf_corporate_bonds_flow,CHN,2008-09,616,亿元,M,,https://www.pbc.gov.cn/diaochatongjisi/116219/116225/2863562/index.html,人民银行社融单月分项，亿元；历史口径与缺失按原表保留
tsf_corporate_bonds_flow,CHN,2008-10,948,亿元,M,,https://www.pbc.gov.cn/diaochatongjisi/116219/116225/2863562/index.html,人民银行社融单月分项，亿元；历史口径与缺失按原表保留
tsf_corporate_bonds_flow,CHN,2008-11,573,亿元,M,,https://www.pbc.gov.cn/diaochatongjisi/116219/116225/2863562/index.html,人民银行社融单月分项，亿元；历史口径与缺失按原表保留
tsf_corporate_bonds_flow,CHN,2008-12,1309,亿元,M,,https://www.pbc.gov.cn/diaochatongjisi/116219/116225/2863562/index.html,人民银行社融单月分项，亿元；历史口径与缺失按原表保留
tsf_corporate_bonds_flow,CHN,2009-01,507,亿元,M,,https://www.pbc.gov.cn/diaochatongjisi/116219/116225/2863562/index.html,人民银行社融单月分项，亿元；历史口径与缺失按原表保留
tsf_corporate_bonds_flow,CHN,2009-02,447,亿元,M,,https://www.pbc.gov.cn/diaochatongjisi/116219/116225/2863562/index.html,人民银行社融单月分项，亿元；历史口径与缺失按原表保留
tsf_corporate_bonds_flow,CHN,2009-03,1240,亿元,M,,https://www.pbc.gov.cn/diaochatongjisi/116219/116225/2863562/index.html,人民银行社融单月分项，亿元；历史口径与缺失按原表保留
tsf_corporate_bonds_flow,CHN,2009-04,1557,亿元,M,,https://www.pbc.gov.cn/diaochatongjisi/116219/116225/2863562/index.html,人民银行社融单月分项，亿元；历史口径与缺失按原表保留
tsf_corporate_bonds_flow,CHN,2009-05,876,亿元,M,,https://www.pbc.gov.cn/diaochatongjisi/116219/116225/2863562/index.html,人民银行社融单月分项，亿元；历史口径与缺失按原表保留
tsf_corporate_bonds_flow,CHN,2009-06,1238,亿元,M,,https://www.pbc.gov.cn/diaochatongjisi/116219/116225/2863562/index.html,人民银行社融单月分项，亿元；历史口径与缺失按原表保留
tsf_corporate_bonds_flow,CHN,2009-07,587,亿元,M,,https://www.pbc.gov.cn/diaochatongjisi/116219/116225/2863562/index.html,人民银行社融单月分项，亿元；历史口径与缺失按原表保留
tsf_corporate_bonds_flow,CHN,2009-08,634,亿元,M,,https://www.pbc.gov.cn/diaochatongjisi/116219/116225/2863562/index.html,人民银行社融单月分项，亿元；历史口径与缺失按原表保留
tsf_corporate_bonds_flow,CHN,2009-09,1678,亿元,M,,https://www.pbc.gov.cn/diaochatongjisi/116219/116225/2863562/index.html,人民银行社融单月分项，亿元；历史口径与缺失按原表保留
tsf_corporate_bonds_flow,CHN,2009-10,723,亿元,M,,https://www.pbc.gov.cn/diaochatongjisi/116219/116225/2863562/index.html,人民银行社融单月分项，亿元；历史口径与缺失按原表保留
tsf_corporate_bonds_flow,CHN,2009-11,1909,亿元,M,,https://www.pbc.gov.cn/diaochatongjisi/116219/116225/2863562/index.html,人民银行社融单月分项，亿元；历史口径与缺失按原表保留
tsf_corporate_bonds_flow,CHN,2009-12,973,亿元,M,,https://www.pbc.gov.cn/diaochatongjisi/116219/116225/2863562/index.html,人民银行社融单月分项，亿元；历史口径与缺失按原表保留
tsf_corporate_bonds_flow,CHN,2010-01,664,亿元,M,,https://www.pbc.gov.cn/diaochatongjisi/116219/116225/2863562/index.html,人民银行社融单月分项，亿元；历史口径与缺失按原表保留
tsf_corporate_bonds_flow,CHN,2010-02,688,亿元,M,,https://www.pbc.gov.cn/diaochatongjisi/116219/116225/2863562/index.html,人民银行社融单月分项，亿元；历史口径与缺失按原表保留
tsf_corporate_bonds_flow,CHN,2010-03,1324,亿元,M,,https://www.pbc.gov.cn/diaochatongjisi/116219/116225/2863562/index.html,人民银行社融单月分项，亿元；历史口径与缺失按原表保留
tsf_corporate_bonds_flow,CHN,2010-04,1192,亿元,M,,https://www.pbc.gov.cn/diaochatongjisi/116219/116225/2863562/index.html,人民银行社融单月分项，亿元；历史口径与缺失按原表保留
tsf_corporate_bonds_flow,CHN,2010-05,1356,亿元,M,,https://www.pbc.gov.cn/diaochatongjisi/116219/116225/2863562/index.html,人民银行社融单月分项，亿元；历史口径与缺失按原表保留
tsf_corporate_bonds_flow,CHN,2010-06,872,亿元,M,,https://www.pbc.gov.cn/diaochatongjisi/116219/116225/2863562/index.html,人民银行社融单月分项，亿元；历史口径与缺失按原表保留
tsf_corporate_bonds_flow,CHN,2010-07,-69,亿元,M,,https://www.pbc.gov.cn/diaochatongjisi/116219/116225/2863562/index.html,人民银行社融单月分项，亿元；历史口径与缺失按原表保留
tsf_corporate_bonds_flow,CHN,2010-08,1208,亿元,M,,https://www.pbc.gov.cn/diaochatongjisi/116219/116225/2863562/index.html,人民银行社融单月分项，亿元；历史口径与缺失按原表保留
tsf_corporate_bonds_flow,CHN,2010-09,1883,亿元,M,,https://www.pbc.gov.cn/diaochatongjisi/116219/116225/2863562/index.html,人民银行社融单月分项，亿元；历史口径与缺失按原表保留
tsf_corporate_bonds_flow,CHN,2010-10,629,亿元,M,,https://www.pbc.gov.cn/diaochatongjisi/116219/116225/2863562/index.html,人民银行社融单月分项，亿元；历史口径与缺失按原表保留
tsf_corporate_bonds_flow,CHN,2010-11,719,亿元,M,,https://www.pbc.gov.cn/diaochatongjisi/116219/116225/2863562/index.html,人民银行社融单月分项，亿元；历史口径与缺失按原表保留
tsf_corporate_bonds_flow,CHN,2010-12,594,亿元,M,,https://www.pbc.gov.cn/diaochatongjisi/116219/116225/2863562/index.html,人民银行社融单月分项，亿元；历史口径与缺失按原表保留
tsf_corporate_bonds_flow,CHN,2011-01,1012,亿元,M,,https://www.pbc.gov.cn/diaochatongjisi/116219/116225/2863562/index.html,人民银行社融单月分项，亿元；历史口径与缺失按原表保留
tsf_corporate_bonds_flow,CHN,2011-02,877,亿元,M,,https://www.pbc.gov.cn/diaochatongjisi/116219/116225/2863562/index.html,人民银行社融单月分项，亿元；历史口径与缺失按原表保留
tsf_corporate_bonds_flow,CHN,2011-03,2682,亿元,M,,https://www.pbc.gov.cn/diaochatongjisi/116219/116225/2863562/index.html,人民银行社融单月分项，亿元；历史口径与缺失按原表保留
tsf_corporate_bonds_flow,CHN,2011-04,761,亿元,M,,https://www.pbc.gov.cn/diaochatongjisi/116219/116225/2863562/index.html,人民银行社融单月分项，亿元；历史口径与缺失按原表保留
tsf_corporate_bonds_flow,CHN,2011-05,721,亿元,M,,https://www.pbc.gov.cn/diaochatongjisi/116219/116225/2863562/index.html,人民银行社融单月分项，亿元；历史口径与缺失按原表保留
tsf_corporate_bonds_flow,CHN,2011-06,536,亿元,M,,https://www.pbc.gov.cn/diaochatongjisi/116219/116225/2863562/index.html,人民银行社融单月分项，亿元；历史口径与缺失按原表保留
tsf_corporate_bonds_flow,CHN,2011-07,422,亿元,M,,https://www.pbc.gov.cn/diaochatongjisi/116219/116225/2863562/index.html,人民银行社融单月分项，亿元；历史口径与缺失按原表保留
tsf_corporate_bonds_flow,CHN,2011-08,898,亿元,M,,https://www.pbc.gov.cn/diaochatongjisi/116219/116225/2863562/index.html,人民银行社融单月分项，亿元；历史口径与缺失按原表保留
tsf_corporate_bonds_flow,CHN,2011-09,520,亿元,M,,https://www.pbc.gov.cn/diaochatongjisi/116219/116225/2863562/index.html,人民银行社融单月分项，亿元；历史口径与缺失按原表保留
tsf_corporate_bonds_flow,CHN,2011-10,1639,亿元,M,,https://www.pbc.gov.cn/diaochatongjisi/116219/116225/2863562/index.html,人民银行社融单月分项，亿元；历史口径与缺失按原表保留
tsf_corporate_bonds_flow,CHN,2011-11,2077,亿元,M,,https://www.pbc.gov.cn/diaochatongjisi/116219/116225/2863562/index.html,人民银行社融单月分项，亿元；历史口径与缺失按原表保留
tsf_corporate_bonds_flow,CHN,2011-12,1514,亿元,M,,https://www.pbc.gov.cn/diaochatongjisi/116219/116225/2863562/index.html,人民银行社融单月分项，亿元；历史口径与缺失按原表保留
tsf_corporate_bonds_flow,CHN,2012-01,442,亿元,M,,https://www.pbc.gov.cn/eportal/fileDir/defaultCurSite/resource/cms/2015/07/2012s18.htm,人民银行社融单月分项，亿元；历史口径与缺失按原表保留
tsf_corporate_bonds_flow,CHN,2012-02,1544,亿元,M,,https://www.pbc.gov.cn/eportal/fileDir/defaultCurSite/resource/cms/2015/07/2012s18.htm,人民银行社融单月分项，亿元；历史口径与缺失按原表保留
tsf_corporate_bonds_flow,CHN,2012-03,1974,亿元,M,,https://www.pbc.gov.cn/eportal/fileDir/defaultCurSite/resource/cms/2015/07/2012s18.htm,人民银行社融单月分项，亿元；历史口径与缺失按原表保留
tsf_corporate_bonds_flow,CHN,2012-04,887,亿元,M,,https://www.pbc.gov.cn/eportal/fileDir/defaultCurSite/resource/cms/2015/07/2012s18.htm,人民银行社融单月分项，亿元；历史口径与缺失按原表保留
tsf_corporate_bonds_flow,CHN,2012-05,1441,亿元,M,,https://www.pbc.gov.cn/eportal/fileDir/defaultCurSite/resource/cms/2015/07/2012s18.htm,人民银行社融单月分项，亿元；历史口径与缺失按原表保留
tsf_corporate_bonds_flow,CHN,2012-06,1982,亿元,M,,https://www.pbc.gov.cn/eportal/fileDir/defaultCurSite/resource/cms/2015/07/2012s18.htm,人民银行社融单月分项，亿元；历史口径与缺失按原表保留
tsf_corporate_bonds_flow,CHN,2012-07,2486,亿元,M,,https://www.pbc.gov.cn/eportal/fileDir/defaultCurSite/resource/cms/2015/07/2012s18.htm,人民银行社融单月分项，亿元；历史口径与缺失按原表保留
tsf_corporate_bonds_flow,CHN,2012-08,2579,亿元,M,,https://www.pbc.gov.cn/eportal/fileDir/defaultCurSite/resource/cms/2015/07/2012s18.htm,人民银行社融单月分项，亿元；历史口径与缺失按原表保留
tsf_corporate_bonds_flow,CHN,2012-09,2278,亿元,M,,https://www.pbc.gov.cn/eportal/fileDir/defaultCurSite/resource/cms/2015/07/2012s18.htm,人民银行社融单月分项，亿元；历史口径与缺失按原表保留
tsf_corporate_bonds_flow,CHN,2012-10,2992,亿元,M,,https://www.pbc.gov.cn/eportal/fileDir/defaultCurSite/resource/cms/2015/07/2012s18.htm,人民银行社融单月分项，亿元；历史口径与缺失按原表保留
tsf_corporate_bonds_flow,CHN,2012-11,1820,亿元,M,,https://www.pbc.gov.cn/eportal/fileDir/defaultCurSite/resource/cms/2015/07/2012s18.htm,人民银行社融单月分项，亿元；历史口径与缺失按原表保留
tsf_corporate_bonds_flow,CHN,2012-12,2126,亿元,M,,https://www.pbc.gov.cn/eportal/fileDir/defaultCurSite/resource/cms/2015/07/2012s18.htm,人民银行社融单月分项，亿元；历史口径与缺失按原表保留
tsf_corporate_bonds_flow,CHN,2013-01,2249,亿元,M,,https://www.pbc.gov.cn/eportal/fileDir/defaultCurSite/resource/cms/2015/07/2013s18.htm,人民银行社融单月分项，亿元；历史口径与缺失按原表保留
tsf_corporate_bonds_flow,CHN,2013-02,1454,亿元,M,,https://www.pbc.gov.cn/eportal/fileDir/defaultCurSite/resource/cms/2015/07/2013s18.htm,人民银行社融单月分项，亿元；历史口径与缺失按原表保留
tsf_corporate_bonds_flow,CHN,2013-03,3870,亿元,M,,https://www.pbc.gov.cn/eportal/fileDir/defaultCurSite/resource/cms/2015/07/2013s18.htm,人民银行社融单月分项，亿元；历史口径与缺失按原表保留
tsf_corporate_bonds_flow,CHN,2013-04,2039,亿元,M,,https://www.pbc.gov.cn/eportal/fileDir/defaultCurSite/resource/cms/2015/07/2013s18.htm,人民银行社融单月分项，亿元；历史口径与缺失按原表保留
tsf_corporate_bonds_flow,CHN,2013-05,2230,亿元,M,,https://www.pbc.gov.cn/eportal/fileDir/defaultCurSite/resource/cms/2015/07/2013s18.htm,人民银行社融单月分项，亿元；历史口径与缺失按原表保留
tsf_corporate_bonds_flow,CHN,2013-06,323,亿元,M,,https://www.pbc.gov.cn/eportal/fileDir/defaultCurSite/resource/cms/2015/07/2013s18.htm,人民银行社融单月分项，亿元；历史口径与缺失按原表保留
tsf_corporate_bonds_flow,CHN,2013-07,476,亿元,M,,https://www.pbc.gov.cn/eportal/fileDir/defaultCurSite/resource/cms/2015/07/2013s18.htm,人民银行社融单月分项，亿元；历史口径与缺失按原表保留
tsf_corporate_bonds_flow,CHN,2013-08,1240,亿元,M,,https://www.pbc.gov.cn/eportal/fileDir/defaultCurSite/resource/cms/2015/07/2013s18.htm,人民银行社融单月分项，亿元；历史口径与缺失按原表保留
tsf_corporate_bonds_flow,CHN,2013-09,1443,亿元,M,,https://www.pbc.gov.cn/eportal/fileDir/defaultCurSite/resource/cms/2015/07/2013s18.htm,人民银行社融单月分项，亿元；历史口径与缺失按原表保留
tsf_corporate_bonds_flow,CHN,2013-10,1078,亿元,M,,https://www.pbc.gov.cn/eportal/fileDir/defaultCurSite/resource/cms/2015/07/2013s18.htm,人民银行社融单月分项，亿元；历史口径与缺失按原表保留
tsf_corporate_bonds_flow,CHN,2013-11,1424,亿元,M,,https://www.pbc.gov.cn/eportal/fileDir/defaultCurSite/resource/cms/2015/07/2013s18.htm,人民银行社融单月分项，亿元；历史口径与缺失按原表保留
tsf_corporate_bonds_flow,CHN,2013-12,287,亿元,M,,https://www.pbc.gov.cn/eportal/fileDir/defaultCurSite/resource/cms/2015/07/2013s18.htm,人民银行社融单月分项，亿元；历史口径与缺失按原表保留
tsf_corporate_bonds_flow,CHN,2014-01,375,亿元,M,,https://www.pbc.gov.cn/eportal/fileDir/defaultCurSite/resource/cms/2015/07/2014s18.htm,人民银行社融单月分项，亿元；历史口径与缺失按原表保留
tsf_corporate_bonds_flow,CHN,2014-02,1026,亿元,M,,https://www.pbc.gov.cn/eportal/fileDir/defaultCurSite/resource/cms/2015/07/2014s18.htm,人民银行社融单月分项，亿元；历史口径与缺失按原表保留
tsf_corporate_bonds_flow,CHN,2014-03,2464,亿元,M,,https://www.pbc.gov.cn/eportal/fileDir/defaultCurSite/resource/cms/2015/07/2014s18.htm,人民银行社融单月分项，亿元；历史口径与缺失按原表保留
tsf_corporate_bonds_flow,CHN,2014-04,3664,亿元,M,,https://www.pbc.gov.cn/eportal/fileDir/defaultCurSite/resource/cms/2015/07/2014s18.htm,人民银行社融单月分项，亿元；历史口径与缺失按原表保留
tsf_corporate_bonds_flow,CHN,2014-05,2797,亿元,M,,https://www.pbc.gov.cn/eportal/fileDir/defaultCurSite/resource/cms/2015/07/2014s18.htm,人民银行社融单月分项，亿元；历史口径与缺失按原表保留
tsf_corporate_bonds_flow,CHN,2014-06,2626,亿元,M,,https://www.pbc.gov.cn/eportal/fileDir/defaultCurSite/resource/cms/2015/07/2014s18.htm,人民银行社融单月分项，亿元；历史口径与缺失按原表保留
tsf_corporate_bonds_flow,CHN,2014-07,1435,亿元,M,,https://www.pbc.gov.cn/eportal/fileDir/defaultCurSite/resource/cms/2015/07/2014s18.htm,人民银行社融单月分项，亿元；历史口径与缺失按原表保留
tsf_corporate_bonds_flow,CHN,2014-08,1934,亿元,M,,https://www.pbc.gov.cn/eportal/fileDir/defaultCurSite/resource/cms/2015/07/2014s18.htm,人民银行社融单月分项，亿元；历史口径与缺失按原表保留
tsf_corporate_bonds_flow,CHN,2014-09,2338,亿元,M,,https://www.pbc.gov.cn/eportal/fileDir/defaultCurSite/resource/cms/2015/07/2014s18.htm,人民银行社融单月分项，亿元；历史口径与缺失按原表保留
tsf_corporate_bonds_flow,CHN,2014-10,2590,亿元,M,,https://www.pbc.gov.cn/eportal/fileDir/defaultCurSite/resource/cms/2015/07/2014s18.htm,人民银行社融单月分项，亿元；历史口径与缺失按原表保留
tsf_corporate_bonds_flow,CHN,2014-11,1807,亿元,M,,https://www.pbc.gov.cn/eportal/fileDir/defaultCurSite/resource/cms/2015/07/2014s18.htm,人民银行社融单月分项，亿元；历史口径与缺失按原表保留
tsf_corporate_bonds_flow,CHN,2014-12,761,亿元,M,,https://www.pbc.gov.cn/eportal/fileDir/defaultCurSite/resource/cms/2015/07/2014s18.htm,人民银行社融单月分项，亿元；历史口径与缺失按原表保留
tsf_corporate_bonds_flow,CHN,2015-01,1868.3,亿元,M,,https://www.pbc.gov.cn/diaochatongjisi/fileDir/resource/cms/2018/04/2018041810462448165.xls,人民银行社融单月分项，亿元；历史口径与缺失按原表保留
tsf_corporate_bonds_flow,CHN,2015-02,715.5600099999999,亿元,M,,https://www.pbc.gov.cn/diaochatongjisi/fileDir/resource/cms/2018/04/2018041810462448165.xls,人民银行社融单月分项，亿元；历史口径与缺失按原表保留
tsf_corporate_bonds_flow,CHN,2015-03,1344.3393499999997,亿元,M,,https://www.pbc.gov.cn/diaochatongjisi/fileDir/resource/cms/2018/04/2018041810462448165.xls,人民银行社融单月分项，亿元；历史口径与缺失按原表保留
tsf_corporate_bonds_flow,CHN,2015-04,1616.00666,亿元,M,,https://www.pbc.gov.cn/diaochatongjisi/fileDir/resource/cms/2018/04/2018041810462448165.xls,人民银行社融单月分项，亿元；历史口径与缺失按原表保留
tsf_corporate_bonds_flow,CHN,2015-05,1710.1,亿元,M,,https://www.pbc.gov.cn/diaochatongjisi/fileDir/resource/cms/2018/04/2018041810462448165.xls,人民银行社融单月分项，亿元；历史口径与缺失按原表保留
tsf_corporate_bonds_flow,CHN,2015-06,2131.670872,亿元,M,,https://www.pbc.gov.cn/diaochatongjisi/fileDir/resource/cms/2018/04/2018041810462448165.xls,人民银行社融单月分项，亿元；历史口径与缺失按原表保留
tsf_corporate_bonds_flow,CHN,2015-07,2831.5900000000006,亿元,M,,https://www.pbc.gov.cn/diaochatongjisi/fileDir/resource/cms/2018/04/2018041810462448165.xls,人民银行社融单月分项，亿元；历史口径与缺失按原表保留
tsf_corporate_bonds_flow,CHN,2015-08,3121.178009999999,亿元,M,,https://www.pbc.gov.cn/diaochatongjisi/fileDir/resource/cms/2018/04/2018041810462448165.xls,人民银行社融单月分项，亿元；历史口径与缺失按原表保留
tsf_corporate_bonds_flow,CHN,2015-09,3805.071655,亿元,M,,https://www.pbc.gov.cn/diaochatongjisi/fileDir/resource/cms/2018/04/2018041810462448165.xls,人民银行社融单月分项，亿元；历史口径与缺失按原表保留
tsf_corporate_bonds_flow,CHN,2015-10,3330.6200099999996,亿元,M,,https://www.pbc.gov.cn/diaochatongjisi/fileDir/resource/cms/2018/04/2018041810462448165.xls,人民银行社融单月分项，亿元；历史口径与缺失按原表保留
tsf_corporate_bonds_flow,CHN,2015-11,3378.29433,亿元,M,,https://www.pbc.gov.cn/diaochatongjisi/fileDir/resource/cms/2018/04/2018041810462448165.xls,人民银行社融单月分项，亿元；历史口径与缺失按原表保留
tsf_corporate_bonds_flow,CHN,2015-12,3535.3890820000006,亿元,M,,https://www.pbc.gov.cn/diaochatongjisi/fileDir/resource/cms/2018/04/2018041810462448165.xls,人民银行社融单月分项，亿元；历史口径与缺失按原表保留
tsf_corporate_bonds_flow,CHN,2016-01,5083.476852000001,亿元,M,,https://www.pbc.gov.cn/diaochatongjisi/fileDir/resource/cms/2018/04/2018041810585985661.xls,人民银行社融单月分项，亿元；历史口径与缺失按原表保留
tsf_corporate_bonds_flow,CHN,2016-02,1385.6568359999999,亿元,M,,https://www.pbc.gov.cn/diaochatongjisi/fileDir/resource/cms/2018/04/2018041810585985661.xls,人民银行社融单月分项，亿元；历史口径与缺失按原表保留
tsf_corporate_bonds_flow,CHN,2016-03,7080.680003999999,亿元,M,,https://www.pbc.gov.cn/diaochatongjisi/fileDir/resource/cms/2018/04/2018041810585985661.xls,人民银行社融单月分项，亿元；历史口径与缺失按原表保留
tsf_corporate_bonds_flow,CHN,2016-04,2365.56,亿元,M,,https://www.pbc.gov.cn/diaochatongjisi/fileDir/resource/cms/2018/04/2018041810585985661.xls,人民银行社融单月分项，亿元；历史口径与缺失按原表保留
tsf_corporate_bonds_flow,CHN,2016-05,-250.38999999999993,亿元,M,,https://www.pbc.gov.cn/diaochatongjisi/fileDir/resource/cms/2018/04/2018041810585985661.xls,人民银行社融单月分项，亿元；历史口径与缺失按原表保留
tsf_corporate_bonds_flow,CHN,2016-06,-250.38999999999993,亿元,M,,https://www.pbc.gov.cn/diaochatongjisi/fileDir/resource/cms/2018/04/2018041810585985661.xls,人民银行社融单月分项，亿元；历史口径与缺失按原表保留
tsf_corporate_bonds_flow,CHN,2016-07,2207.9819199999997,亿元,M,,https://www.pbc.gov.cn/diaochatongjisi/fileDir/resource/cms/2018/04/2018041810585985661.xls,人民银行社融单月分项，亿元；历史口径与缺失按原表保留
tsf_corporate_bonds_flow,CHN,2016-08,3235.7405500000004,亿元,M,,https://www.pbc.gov.cn/diaochatongjisi/fileDir/resource/cms/2018/04/2018041810585985661.xls,人民银行社融单月分项，亿元；历史口径与缺失按原表保留
tsf_corporate_bonds_flow,CHN,2016-09,2872.22,亿元,M,,https://www.pbc.gov.cn/diaochatongjisi/fileDir/resource/cms/2018/04/2018041810585985661.xls,人民银行社融单月分项，亿元；历史口径与缺失按原表保留
tsf_corporate_bonds_flow,CHN,2016-10,2192.20033,亿元,M,,https://www.pbc.gov.cn/diaochatongjisi/fileDir/resource/cms/2018/04/2018041810585985661.xls,人民银行社融单月分项，亿元；历史口径与缺失按原表保留
tsf_corporate_bonds_flow,CHN,2016-11,3859.4301339999997,亿元,M,,https://www.pbc.gov.cn/diaochatongjisi/fileDir/resource/cms/2018/04/2018041810585985661.xls,人民银行社融单月分项，亿元；历史口径与缺失按原表保留
tsf_corporate_bonds_flow,CHN,2016-12,-2015.8929470000003,亿元,M,,https://www.pbc.gov.cn/diaochatongjisi/fileDir/resource/cms/2018/04/2018041810585985661.xls,人民银行社融单月分项，亿元；历史口径与缺失按原表保留
tsf_corporate_bonds_flow,CHN,2017-01,-510.0,亿元,M,,https://www.pbc.gov.cn/diaochatongjisi/attachDir/2025/11/2025110511302316239.xls,人民银行社融单月分项，亿元；历史口径与缺失按原表保留
tsf_corporate_bonds_flow,CHN,2017-02,-899.0,亿元,M,,https://www.pbc.gov.cn/diaochatongjisi/attachDir/2025/11/2025110511302316239.xls,人民银行社融单月分项，亿元；历史口径与缺失按原表保留
tsf_corporate_bonds_flow,CHN,2017-03,264.0,亿元,M,,https://www.pbc.gov.cn/diaochatongjisi/attachDir/2025/11/2025110511302316239.xls,人民银行社融单月分项，亿元；历史口径与缺失按原表保留
tsf_corporate_bonds_flow,CHN,2017-04,628.0,亿元,M,,https://www.pbc.gov.cn/diaochatongjisi/attachDir/2025/11/2025110511302316239.xls,人民银行社融单月分项，亿元；历史口径与缺失按原表保留
tsf_corporate_bonds_flow,CHN,2017-05,-2365.0,亿元,M,,https://www.pbc.gov.cn/diaochatongjisi/attachDir/2025/11/2025110511302316239.xls,人民银行社融单月分项，亿元；历史口径与缺失按原表保留
tsf_corporate_bonds_flow,CHN,2017-06,-5.0,亿元,M,,https://www.pbc.gov.cn/diaochatongjisi/attachDir/2025/11/2025110511302316239.xls,人民银行社融单月分项，亿元；历史口径与缺失按原表保留
tsf_corporate_bonds_flow,CHN,2017-07,2642.0,亿元,M,,https://www.pbc.gov.cn/diaochatongjisi/attachDir/2025/11/2025110511302316239.xls,人民银行社融单月分项，亿元；历史口径与缺失按原表保留
tsf_corporate_bonds_flow,CHN,2017-08,1525.0,亿元,M,,https://www.pbc.gov.cn/diaochatongjisi/attachDir/2025/11/2025110511302316239.xls,人民银行社融单月分项，亿元；历史口径与缺失按原表保留
tsf_corporate_bonds_flow,CHN,2017-09,1669.0,亿元,M,,https://www.pbc.gov.cn/diaochatongjisi/attachDir/2025/11/2025110511302316239.xls,人民银行社融单月分项，亿元；历史口径与缺失按原表保留
tsf_corporate_bonds_flow,CHN,2017-10,1628.0,亿元,M,,https://www.pbc.gov.cn/diaochatongjisi/attachDir/2025/11/2025110511302316239.xls,人民银行社融单月分项，亿元；历史口径与缺失按原表保留
tsf_corporate_bonds_flow,CHN,2017-11,979.0,亿元,M,,https://www.pbc.gov.cn/diaochatongjisi/attachDir/2025/11/2025110511302316239.xls,人民银行社融单月分项，亿元；历史口径与缺失按原表保留
tsf_corporate_bonds_flow,CHN,2017-12,688.0,亿元,M,,https://www.pbc.gov.cn/diaochatongjisi/attachDir/2025/11/2025110511302316239.xls,人民银行社融单月分项，亿元；历史口径与缺失按原表保留
tsf_corporate_bonds_flow,CHN,2018-01,1894.0,亿元,M,,https://www.pbc.gov.cn/diaochatongjisi/attachDir/2025/11/2025110511302316239.xls,人民银行社融单月分项，亿元；历史口径与缺失按原表保留
tsf_corporate_bonds_flow,CHN,2018-02,734.0,亿元,M,,https://www.pbc.gov.cn/diaochatongjisi/attachDir/2025/11/2025110511302316239.xls,人民银行社融单月分项，亿元；历史口径与缺失按原表保留
tsf_corporate_bonds_flow,CHN,2018-03,3611.0,亿元,M,,https://www.pbc.gov.cn/diaochatongjisi/attachDir/2025/11/2025110511302316239.xls,人民银行社融单月分项，亿元；历史口径与缺失按原表保留
tsf_corporate_bonds_flow,CHN,2018-04,4042.0,亿元,M,,https://www.pbc.gov.cn/diaochatongjisi/attachDir/2025/11/2025110511302316239.xls,人民银行社融单月分项，亿元；历史口径与缺失按原表保留
tsf_corporate_bonds_flow,CHN,2018-05,-351.0,亿元,M,,https://www.pbc.gov.cn/diaochatongjisi/attachDir/2025/11/2025110511302316239.xls,人民银行社融单月分项，亿元；历史口径与缺失按原表保留
tsf_corporate_bonds_flow,CHN,2018-06,1308.0,亿元,M,,https://www.pbc.gov.cn/diaochatongjisi/attachDir/2025/11/2025110511302316239.xls,人民银行社融单月分项，亿元；历史口径与缺失按原表保留
tsf_corporate_bonds_flow,CHN,2018-07,2189.0,亿元,M,,https://www.pbc.gov.cn/diaochatongjisi/attachDir/2025/11/2025110511302316239.xls,人民银行社融单月分项，亿元；历史口径与缺失按原表保留
tsf_corporate_bonds_flow,CHN,2018-08,3541.0,亿元,M,,https://www.pbc.gov.cn/diaochatongjisi/attachDir/2025/11/2025110511302316239.xls,人民银行社融单月分项，亿元；历史口径与缺失按原表保留
tsf_corporate_bonds_flow,CHN,2018-09,15.0,亿元,M,,https://www.pbc.gov.cn/diaochatongjisi/attachDir/2025/11/2025110511302316239.xls,人民银行社融单月分项，亿元；历史口径与缺失按原表保留
tsf_corporate_bonds_flow,CHN,2018-10,1523.0,亿元,M,,https://www.pbc.gov.cn/diaochatongjisi/attachDir/2025/11/2025110511302316239.xls,人民银行社融单月分项，亿元；历史口径与缺失按原表保留
tsf_corporate_bonds_flow,CHN,2018-11,3918.0,亿元,M,,https://www.pbc.gov.cn/diaochatongjisi/attachDir/2025/11/2025110511302316239.xls,人民银行社融单月分项，亿元；历史口径与缺失按原表保留
tsf_corporate_bonds_flow,CHN,2018-12,3895.0,亿元,M,,https://www.pbc.gov.cn/diaochatongjisi/attachDir/2025/11/2025110511302316239.xls,人民银行社融单月分项，亿元；历史口径与缺失按原表保留
tsf_corporate_bonds_flow,CHN,2019-01,4829.0,亿元,M,,https://www.pbc.gov.cn/diaochatongjisi/attachDir/2025/11/2025110511302316239.xls,人民银行社融单月分项，亿元；历史口径与缺失按原表保留
tsf_corporate_bonds_flow,CHN,2019-02,875.0,亿元,M,,https://www.pbc.gov.cn/diaochatongjisi/attachDir/2025/11/2025110511302316239.xls,人民银行社融单月分项，亿元；历史口径与缺失按原表保留
tsf_corporate_bonds_flow,CHN,2019-03,3546.0,亿元,M,,https://www.pbc.gov.cn/diaochatongjisi/attachDir/2025/11/2025110511302316239.xls,人民银行社融单月分项，亿元；历史口径与缺失按原表保留
tsf_corporate_bonds_flow,CHN,2019-04,3949.0,亿元,M,,https://www.pbc.gov.cn/diaochatongjisi/attachDir/2025/11/2025110511302316239.xls,人民银行社融单月分项，亿元；历史口径与缺失按原表保留
tsf_corporate_bonds_flow,CHN,2019-05,1033.0,亿元,M,,https://www.pbc.gov.cn/diaochatongjisi/attachDir/2025/11/2025110511302316239.xls,人民银行社融单月分项，亿元；历史口径与缺失按原表保留
tsf_corporate_bonds_flow,CHN,2019-06,1439.0,亿元,M,,https://www.pbc.gov.cn/diaochatongjisi/attachDir/2025/11/2025110511302316239.xls,人民银行社融单月分项，亿元；历史口径与缺失按原表保留
tsf_corporate_bonds_flow,CHN,2019-07,2944.0,亿元,M,,https://www.pbc.gov.cn/diaochatongjisi/attachDir/2025/11/2025110511302316239.xls,人民银行社融单月分项，亿元；历史口径与缺失按原表保留
tsf_corporate_bonds_flow,CHN,2019-08,3384.0,亿元,M,,https://www.pbc.gov.cn/diaochatongjisi/attachDir/2025/11/2025110511302316239.xls,人民银行社融单月分项，亿元；历史口径与缺失按原表保留
tsf_corporate_bonds_flow,CHN,2019-09,2431.0,亿元,M,,https://www.pbc.gov.cn/diaochatongjisi/attachDir/2025/11/2025110511302316239.xls,人民银行社融单月分项，亿元；历史口径与缺失按原表保留
tsf_corporate_bonds_flow,CHN,2019-10,2032.0,亿元,M,,https://www.pbc.gov.cn/diaochatongjisi/attachDir/2025/11/2025110511302316239.xls,人民银行社融单月分项，亿元；历史口径与缺失按原表保留
tsf_corporate_bonds_flow,CHN,2019-11,3330.0,亿元,M,,https://www.pbc.gov.cn/diaochatongjisi/attachDir/2025/11/2025110511302316239.xls,人民银行社融单月分项，亿元；历史口径与缺失按原表保留
tsf_corporate_bonds_flow,CHN,2019-12,3593.0,亿元,M,,https://www.pbc.gov.cn/diaochatongjisi/attachDir/2025/11/2025110511302316239.xls,人民银行社融单月分项，亿元；历史口径与缺失按原表保留
tsf_corporate_bonds_flow,CHN,2020-01,3967.0,亿元,M,,https://www.pbc.gov.cn/diaochatongjisi/attachDir/2025/11/2025110510115085998.xls,人民银行社融单月分项，亿元；历史口径与缺失按原表保留
tsf_corporate_bonds_flow,CHN,2020-02,3894.0,亿元,M,,https://www.pbc.gov.cn/diaochatongjisi/attachDir/2025/11/2025110510115085998.xls,人民银行社融单月分项，亿元；历史口径与缺失按原表保留
tsf_corporate_bonds_flow,CHN,2020-03,9931.0,亿元,M,,https://www.pbc.gov.cn/diaochatongjisi/attachDir/2025/11/2025110510115085998.xls,人民银行社融单月分项，亿元；历史口径与缺失按原表保留
tsf_corporate_bonds_flow,CHN,2020-04,9237.0,亿元,M,,https://www.pbc.gov.cn/diaochatongjisi/attachDir/2025/11/2025110510115085998.xls,人民银行社融单月分项，亿元；历史口径与缺失按原表保留
tsf_corporate_bonds_flow,CHN,2020-05,2879.0,亿元,M,,https://www.pbc.gov.cn/diaochatongjisi/attachDir/2025/11/2025110510115085998.xls,人民银行社融单月分项，亿元；历史口径与缺失按原表保留
tsf_corporate_bonds_flow,CHN,2020-06,3686.0,亿元,M,,https://www.pbc.gov.cn/diaochatongjisi/attachDir/2025/11/2025110510115085998.xls,人民银行社融单月分项，亿元；历史口径与缺失按原表保留
tsf_corporate_bonds_flow,CHN,2020-07,2358.0,亿元,M,,https://www.pbc.gov.cn/diaochatongjisi/attachDir/2025/11/2025110510115085998.xls,人民银行社融单月分项，亿元；历史口径与缺失按原表保留
tsf_corporate_bonds_flow,CHN,2020-08,3659.0,亿元,M,,https://www.pbc.gov.cn/diaochatongjisi/attachDir/2025/11/2025110510115085998.xls,人民银行社融单月分项，亿元；历史口径与缺失按原表保留
tsf_corporate_bonds_flow,CHN,2020-09,1316.0,亿元,M,,https://www.pbc.gov.cn/diaochatongjisi/attachDir/2025/11/2025110510115085998.xls,人民银行社融单月分项，亿元；历史口径与缺失按原表保留
tsf_corporate_bonds_flow,CHN,2020-10,2263.0,亿元,M,,https://www.pbc.gov.cn/diaochatongjisi/attachDir/2025/11/2025110510115085998.xls,人民银行社融单月分项，亿元；历史口径与缺失按原表保留
tsf_corporate_bonds_flow,CHN,2020-11,840.0,亿元,M,,https://www.pbc.gov.cn/diaochatongjisi/attachDir/2025/11/2025110510115085998.xls,人民银行社融单月分项，亿元；历史口径与缺失按原表保留
tsf_corporate_bonds_flow,CHN,2020-12,-281.0,亿元,M,,https://www.pbc.gov.cn/diaochatongjisi/attachDir/2025/11/2025110510115085998.xls,人民银行社融单月分项，亿元；历史口径与缺失按原表保留
tsf_corporate_bonds_flow,CHN,2021-01,3917.0,亿元,M,,https://www.pbc.gov.cn/diaochatongjisi/attachDir/2025/11/2025110509591087259.xls,人民银行社融单月分项，亿元；历史口径与缺失按原表保留
tsf_corporate_bonds_flow,CHN,2021-02,1356.0,亿元,M,,https://www.pbc.gov.cn/diaochatongjisi/attachDir/2025/11/2025110509591087259.xls,人民银行社融单月分项，亿元；历史口径与缺失按原表保留
tsf_corporate_bonds_flow,CHN,2021-03,3807.0,亿元,M,,https://www.pbc.gov.cn/diaochatongjisi/attachDir/2025/11/2025110509591087259.xls,人民银行社融单月分项，亿元；历史口径与缺失按原表保留
tsf_corporate_bonds_flow,CHN,2021-04,3624.0,亿元,M,,https://www.pbc.gov.cn/diaochatongjisi/attachDir/2025/11/2025110509591087259.xls,人民银行社融单月分项，亿元；历史口径与缺失按原表保留
tsf_corporate_bonds_flow,CHN,2021-05,-1077.0,亿元,M,,https://www.pbc.gov.cn/diaochatongjisi/attachDir/2025/11/2025110509591087259.xls,人民银行社融单月分项，亿元；历史口径与缺失按原表保留
tsf_corporate_bonds_flow,CHN,2021-06,3927.0,亿元,M,,https://www.pbc.gov.cn/diaochatongjisi/attachDir/2025/11/2025110509591087259.xls,人民银行社融单月分项，亿元；历史口径与缺失按原表保留
tsf_corporate_bonds_flow,CHN,2021-07,3091.0,亿元,M,,https://www.pbc.gov.cn/diaochatongjisi/attachDir/2025/11/2025110509591087259.xls,人民银行社融单月分项，亿元；历史口径与缺失按原表保留
tsf_corporate_bonds_flow,CHN,2021-08,4649.0,亿元,M,,https://www.pbc.gov.cn/diaochatongjisi/attachDir/2025/11/2025110509591087259.xls,人民银行社融单月分项，亿元；历史口径与缺失按原表保留
tsf_corporate_bonds_flow,CHN,2021-09,1137.0,亿元,M,,https://www.pbc.gov.cn/diaochatongjisi/attachDir/2025/11/2025110509591087259.xls,人民银行社融单月分项，亿元；历史口径与缺失按原表保留
tsf_corporate_bonds_flow,CHN,2021-10,2261.0,亿元,M,,https://www.pbc.gov.cn/diaochatongjisi/attachDir/2025/11/2025110509591087259.xls,人民银行社融单月分项，亿元；历史口径与缺失按原表保留
tsf_corporate_bonds_flow,CHN,2021-11,4006.0,亿元,M,,https://www.pbc.gov.cn/diaochatongjisi/attachDir/2025/11/2025110509591087259.xls,人民银行社融单月分项，亿元；历史口径与缺失按原表保留
tsf_corporate_bonds_flow,CHN,2021-12,2167.0,亿元,M,,https://www.pbc.gov.cn/diaochatongjisi/attachDir/2025/11/2025110509591087259.xls,人民银行社融单月分项，亿元；历史口径与缺失按原表保留
tsf_corporate_bonds_flow,CHN,2022-01,5838,亿元,M,,https://www.pbc.gov.cn/diaochatongjisi/attachDir/2025/11/2025110416594167877.xlsx,人民银行社融单月分项，亿元；历史口径与缺失按原表保留
tsf_corporate_bonds_flow,CHN,2022-02,3610,亿元,M,,https://www.pbc.gov.cn/diaochatongjisi/attachDir/2025/11/2025110416594167877.xlsx,人民银行社融单月分项，亿元；历史口径与缺失按原表保留
tsf_corporate_bonds_flow,CHN,2022-03,3750,亿元,M,,https://www.pbc.gov.cn/diaochatongjisi/attachDir/2025/11/2025110416594167877.xlsx,人民银行社融单月分项，亿元；历史口径与缺失按原表保留
tsf_corporate_bonds_flow,CHN,2022-04,3652,亿元,M,,https://www.pbc.gov.cn/diaochatongjisi/attachDir/2025/11/2025110416594167877.xlsx,人民银行社融单月分项，亿元；历史口径与缺失按原表保留
tsf_corporate_bonds_flow,CHN,2022-05,366,亿元,M,,https://www.pbc.gov.cn/diaochatongjisi/attachDir/2025/11/2025110416594167877.xlsx,人民银行社融单月分项，亿元；历史口径与缺失按原表保留
tsf_corporate_bonds_flow,CHN,2022-06,2346,亿元,M,,https://www.pbc.gov.cn/diaochatongjisi/attachDir/2025/11/2025110416594167877.xlsx,人民银行社融单月分项，亿元；历史口径与缺失按原表保留
tsf_corporate_bonds_flow,CHN,2022-07,960,亿元,M,,https://www.pbc.gov.cn/diaochatongjisi/attachDir/2025/11/2025110416594167877.xlsx,人民银行社融单月分项，亿元；历史口径与缺失按原表保留
tsf_corporate_bonds_flow,CHN,2022-08,1512,亿元,M,,https://www.pbc.gov.cn/diaochatongjisi/attachDir/2025/11/2025110416594167877.xlsx,人民银行社融单月分项，亿元；历史口径与缺失按原表保留
tsf_corporate_bonds_flow,CHN,2022-09,345,亿元,M,,https://www.pbc.gov.cn/diaochatongjisi/attachDir/2025/11/2025110416594167877.xlsx,人民银行社融单月分项，亿元；历史口径与缺失按原表保留
tsf_corporate_bonds_flow,CHN,2022-10,2413,亿元,M,,https://www.pbc.gov.cn/diaochatongjisi/attachDir/2025/11/2025110416594167877.xlsx,人民银行社融单月分项，亿元；历史口径与缺失按原表保留
tsf_corporate_bonds_flow,CHN,2022-11,604,亿元,M,,https://www.pbc.gov.cn/diaochatongjisi/attachDir/2025/11/2025110416594167877.xlsx,人民银行社融单月分项，亿元；历史口径与缺失按原表保留
tsf_corporate_bonds_flow,CHN,2022-12,-4887,亿元,M,,https://www.pbc.gov.cn/diaochatongjisi/attachDir/2025/11/2025110416594167877.xlsx,人民银行社融单月分项，亿元；历史口径与缺失按原表保留
tsf_corporate_bonds_flow,CHN,2023-01,1638,亿元,M,,https://www.pbc.gov.cn/diaochatongjisi/attachDir/2025/11/2025110415542112867.xlsx,人民银行社融单月分项，亿元；历史口径与缺失按原表保留
tsf_corporate_bonds_flow,CHN,2023-02,3662,亿元,M,,https://www.pbc.gov.cn/diaochatongjisi/attachDir/2025/11/2025110415542112867.xlsx,人民银行社融单月分项，亿元；历史口径与缺失按原表保留
tsf_corporate_bonds_flow,CHN,2023-03,3357,亿元,M,,https://www.pbc.gov.cn/diaochatongjisi/attachDir/2025/11/2025110415542112867.xlsx,人民银行社融单月分项，亿元；历史口径与缺失按原表保留
tsf_corporate_bonds_flow,CHN,2023-04,2940,亿元,M,,https://www.pbc.gov.cn/diaochatongjisi/attachDir/2025/11/2025110415542112867.xlsx,人民银行社融单月分项，亿元；历史口径与缺失按原表保留
tsf_corporate_bonds_flow,CHN,2023-05,-2144,亿元,M,,https://www.pbc.gov.cn/diaochatongjisi/attachDir/2025/11/2025110415542112867.xlsx,人民银行社融单月分项，亿元；历史口径与缺失按原表保留
tsf_corporate_bonds_flow,CHN,2023-06,2249,亿元,M,,https://www.pbc.gov.cn/diaochatongjisi/attachDir/2025/11/2025110415542112867.xlsx,人民银行社融单月分项，亿元；历史口径与缺失按原表保留
tsf_corporate_bonds_flow,CHN,2023-07,1290,亿元,M,,https://www.pbc.gov.cn/diaochatongjisi/attachDir/2025/11/2025110415542112867.xlsx,人民银行社融单月分项，亿元；历史口径与缺失按原表保留
tsf_corporate_bonds_flow,CHN,2023-08,2788,亿元,M,,https://www.pbc.gov.cn/diaochatongjisi/attachDir/2025/11/2025110415542112867.xlsx,人民银行社融单月分项，亿元；历史口径与缺失按原表保留
tsf_corporate_bonds_flow,CHN,2023-09,650,亿元,M,,https://www.pbc.gov.cn/diaochatongjisi/attachDir/2025/11/2025110415542112867.xlsx,人民银行社融单月分项，亿元；历史口径与缺失按原表保留
tsf_corporate_bonds_flow,CHN,2023-10,1178,亿元,M,,https://www.pbc.gov.cn/diaochatongjisi/attachDir/2025/11/2025110415542112867.xlsx,人民银行社融单月分项，亿元；历史口径与缺失按原表保留
tsf_corporate_bonds_flow,CHN,2023-11,1388,亿元,M,,https://www.pbc.gov.cn/diaochatongjisi/attachDir/2025/11/2025110415542112867.xlsx,人民银行社融单月分项，亿元；历史口径与缺失按原表保留
tsf_corporate_bonds_flow,CHN,2023-12,-2741,亿元,M,,https://www.pbc.gov.cn/diaochatongjisi/attachDir/2025/11/2025110415542112867.xlsx,人民银行社融单月分项，亿元；历史口径与缺失按原表保留
tsf_corporate_bonds_flow,CHN,2024-01,4320,亿元,M,,https://www.pbc.gov.cn/diaochatongjisi/attachDir/2025/11/2025111416252488839.xlsx,人民银行社融单月分项，亿元；历史口径与缺失按原表保留
tsf_corporate_bonds_flow,CHN,2024-02,1423,亿元,M,,https://www.pbc.gov.cn/diaochatongjisi/attachDir/2025/11/2025111416252488839.xlsx,人民银行社融单月分项，亿元；历史口径与缺失按原表保留
tsf_corporate_bonds_flow,CHN,2024-03,4237,亿元,M,,https://www.pbc.gov.cn/diaochatongjisi/attachDir/2025/11/2025111416252488839.xlsx,人民银行社融单月分项，亿元；历史口径与缺失按原表保留
tsf_corporate_bonds_flow,CHN,2024-04,1707,亿元,M,,https://www.pbc.gov.cn/diaochatongjisi/attachDir/2025/11/2025111416252488839.xlsx,人民银行社融单月分项，亿元；历史口径与缺失按原表保留
tsf_corporate_bonds_flow,CHN,2024-05,285,亿元,M,,https://www.pbc.gov.cn/diaochatongjisi/attachDir/2025/11/2025111416252488839.xlsx,人民银行社融单月分项，亿元；历史口径与缺失按原表保留
tsf_corporate_bonds_flow,CHN,2024-06,2100,亿元,M,,https://www.pbc.gov.cn/diaochatongjisi/attachDir/2025/11/2025111416252488839.xlsx,人民银行社融单月分项，亿元；历史口径与缺失按原表保留
tsf_corporate_bonds_flow,CHN,2024-07,2036,亿元,M,,https://www.pbc.gov.cn/diaochatongjisi/attachDir/2025/11/2025111416252488839.xlsx,人民银行社融单月分项，亿元；历史口径与缺失按原表保留
tsf_corporate_bonds_flow,CHN,2024-08,1703,亿元,M,,https://www.pbc.gov.cn/diaochatongjisi/attachDir/2025/11/2025111416252488839.xlsx,人民银行社融单月分项，亿元；历史口径与缺失按原表保留
tsf_corporate_bonds_flow,CHN,2024-09,-1926,亿元,M,,https://www.pbc.gov.cn/diaochatongjisi/attachDir/2025/11/2025111416252488839.xlsx,人民银行社融单月分项，亿元；历史口径与缺失按原表保留
tsf_corporate_bonds_flow,CHN,2024-10,987,亿元,M,,https://www.pbc.gov.cn/diaochatongjisi/attachDir/2025/11/2025111416252488839.xlsx,人民银行社融单月分项，亿元；历史口径与缺失按原表保留
tsf_corporate_bonds_flow,CHN,2024-11,2381,亿元,M,,https://www.pbc.gov.cn/diaochatongjisi/attachDir/2025/11/2025111416252488839.xlsx,人民银行社融单月分项，亿元；历史口径与缺失按原表保留
tsf_corporate_bonds_flow,CHN,2024-12,-159,亿元,M,,https://www.pbc.gov.cn/diaochatongjisi/attachDir/2025/11/2025111416252488839.xlsx,人民银行社融单月分项，亿元；历史口径与缺失按原表保留
tsf_corporate_bonds_flow,CHN,2025-01,4454,亿元,M,,https://www.pbc.gov.cn/diaochatongjisi/attachDir/2026/02/2026021418235592487.xlsx,人民银行社融单月分项，亿元；历史口径与缺失按原表保留
tsf_corporate_bonds_flow,CHN,2025-02,1702,亿元,M,,https://www.pbc.gov.cn/diaochatongjisi/attachDir/2026/02/2026021418235592487.xlsx,人民银行社融单月分项，亿元；历史口径与缺失按原表保留
tsf_corporate_bonds_flow,CHN,2025-03,-905,亿元,M,,https://www.pbc.gov.cn/diaochatongjisi/attachDir/2026/02/2026021418235592487.xlsx,人民银行社融单月分项，亿元；历史口径与缺失按原表保留
tsf_corporate_bonds_flow,CHN,2025-04,2340,亿元,M,,https://www.pbc.gov.cn/diaochatongjisi/attachDir/2026/02/2026021418235592487.xlsx,人民银行社融单月分项，亿元；历史口径与缺失按原表保留
tsf_corporate_bonds_flow,CHN,2025-05,1496,亿元,M,,https://www.pbc.gov.cn/diaochatongjisi/attachDir/2026/02/2026021418235592487.xlsx,人民银行社融单月分项，亿元；历史口径与缺失按原表保留
tsf_corporate_bonds_flow,CHN,2025-06,2422,亿元,M,,https://www.pbc.gov.cn/diaochatongjisi/attachDir/2026/02/2026021418235592487.xlsx,人民银行社融单月分项，亿元；历史口径与缺失按原表保留
tsf_corporate_bonds_flow,CHN,2025-07,2748,亿元,M,,https://www.pbc.gov.cn/diaochatongjisi/attachDir/2026/02/2026021418235592487.xlsx,人民银行社融单月分项，亿元；历史口径与缺失按原表保留
tsf_corporate_bonds_flow,CHN,2025-08,1338,亿元,M,,https://www.pbc.gov.cn/diaochatongjisi/attachDir/2026/02/2026021418235592487.xlsx,人民银行社融单月分项，亿元；历史口径与缺失按原表保留
tsf_corporate_bonds_flow,CHN,2025-09,136,亿元,M,,https://www.pbc.gov.cn/diaochatongjisi/attachDir/2026/02/2026021418235592487.xlsx,人民银行社融单月分项，亿元；历史口径与缺失按原表保留
tsf_corporate_bonds_flow,CHN,2025-10,2500,亿元,M,,https://www.pbc.gov.cn/diaochatongjisi/attachDir/2026/02/2026021418235592487.xlsx,人民银行社融单月分项，亿元；历史口径与缺失按原表保留
tsf_corporate_bonds_flow,CHN,2025-11,4145,亿元,M,,https://www.pbc.gov.cn/diaochatongjisi/attachDir/2026/02/2026021418235592487.xlsx,人民银行社融单月分项，亿元；历史口径与缺失按原表保留
tsf_corporate_bonds_flow,CHN,2025-12,1541,亿元,M,,https://www.pbc.gov.cn/diaochatongjisi/attachDir/2026/02/2026021418235592487.xlsx,人民银行社融单月分项，亿元；历史口径与缺失按原表保留
tsf_corporate_bonds_flow,CHN,2026-01,5033,亿元,M,,https://www.pbc.gov.cn/diaochatongjisi/attachDir/2026/09/2026091418125322850.xlsx,人民银行社融单月分项，亿元；历史口径与缺失按原表保留
tsf_corporate_bonds_flow,CHN,2026-02,1522,亿元,M,,https://www.pbc.gov.cn/diaochatongjisi/attachDir/2026/09/2026091418125322850.xlsx,人民银行社融单月分项，亿元；历史口径与缺失按原表保留
tsf_corporate_bonds_flow,CHN,2026-03,3910,亿元,M,,https://www.pbc.gov.cn/diaochatongjisi/attachDir/2026/09/2026091418125322850.xlsx,人民银行社融单月分项，亿元；历史口径与缺失按原表保留
tsf_corporate_bonds_flow,CHN,2026-04,4520,亿元,M,,https://www.pbc.gov.cn/diaochatongjisi/attachDir/2026/09/2026091418125322850.xlsx,人民银行社融单月分项，亿元；历史口径与缺失按原表保留
tsf_corporate_bonds_flow,CHN,2026-05,1680,亿元,M,,https://www.pbc.gov.cn/diaochatongjisi/attachDir/2026/09/2026091418125322850.xlsx,人民银行社融单月分项，亿元；历史口径与缺失按原表保留
tsf_corporate_bonds_flow,CHN,2026-06,4012,亿元,M,,https://www.pbc.gov.cn/diaochatongjisi/attachDir/2026/09/2026091418125322850.xlsx,人民银行社融单月分项，亿元；历史口径与缺失按原表保留
tsf_corporate_bonds_flow,CHN,2026-07,4536,亿元,M,,https://www.pbc.gov.cn/diaochatongjisi/attachDir/2026/09/2026091418125322850.xlsx,人民银行社融单月分项，亿元；历史口径与缺失按原表保留
tsf_corporate_bonds_flow,CHN,2026-08,2712,亿元,M,,https://www.pbc.gov.cn/diaochatongjisi/attachDir/2026/09/2026091418125322850.xlsx,人民银行社融单月分项，亿元；历史口径与缺失按原表保留
tsf_direct_flow,CHN,2002-01,40,亿元,M,,https://www.pbc.gov.cn/diaochatongjisi/116219/116225/2863562/index.html,人民银行社融单月分项，亿元；历史口径与缺失按原表保留；本项目计算分组，公式见指标口径；非央行独立发布指标
tsf_direct_flow,CHN,2002-02,27,亿元,M,,https://www.pbc.gov.cn/diaochatongjisi/116219/116225/2863562/index.html,人民银行社融单月分项，亿元；历史口径与缺失按原表保留；本项目计算分组，公式见指标口径；非央行独立发布指标
tsf_direct_flow,CHN,2002-03,173,亿元,M,,https://www.pbc.gov.cn/diaochatongjisi/116219/116225/2863562/index.html,人民银行社融单月分项，亿元；历史口径与缺失按原表保留；本项目计算分组，公式见指标口径；非央行独立发布指标
tsf_direct_flow,CHN,2002-04,-46,亿元,M,,https://www.pbc.gov.cn/diaochatongjisi/116219/116225/2863562/index.html,人民银行社融单月分项，亿元；历史口径与缺失按原表保留；本项目计算分组，公式见指标口径；非央行独立发布指标
tsf_direct_flow,CHN,2002-05,60,亿元,M,,https://www.pbc.gov.cn/diaochatongjisi/116219/116225/2863562/index.html,人民银行社融单月分项，亿元；历史口径与缺失按原表保留；本项目计算分组，公式见指标口径；非央行独立发布指标
tsf_direct_flow,CHN,2002-06,133,亿元,M,,https://www.pbc.gov.cn/diaochatongjisi/116219/116225/2863562/index.html,人民银行社融单月分项，亿元；历史口径与缺失按原表保留；本项目计算分组，公式见指标口径；非央行独立发布指标
tsf_direct_flow,CHN,2002-07,44,亿元,M,,https://www.pbc.gov.cn/diaochatongjisi/116219/116225/2863562/index.html,人民银行社融单月分项，亿元；历史口径与缺失按原表保留；本项目计算分组，公式见指标口径；非央行独立发布指标
tsf_direct_flow,CHN,2002-08,71,亿元,M,,https://www.pbc.gov.cn/diaochatongjisi/116219/116225/2863562/index.html,人民银行社融单月分项，亿元；历史口径与缺失按原表保留；本项目计算分组，公式见指标口径；非央行独立发布指标
tsf_direct_flow,CHN,2002-09,220,亿元,M,,https://www.pbc.gov.cn/diaochatongjisi/116219/116225/2863562/index.html,人民银行社融单月分项，亿元；历史口径与缺失按原表保留；本项目计算分组，公式见指标口径；非央行独立发布指标
tsf_direct_flow,CHN,2002-10,114,亿元,M,,https://www.pbc.gov.cn/diaochatongjisi/116219/116225/2863562/index.html,人民银行社融单月分项，亿元；历史口径与缺失按原表保留；本项目计算分组，公式见指标口径；非央行独立发布指标
tsf_direct_flow,CHN,2002-11,94,亿元,M,,https://www.pbc.gov.cn/diaochatongjisi/116219/116225/2863562/index.html,人民银行社融单月分项，亿元；历史口径与缺失按原表保留；本项目计算分组，公式见指标口径；非央行独立发布指标
tsf_direct_flow,CHN,2002-12,64,亿元,M,,https://www.pbc.gov.cn/diaochatongjisi/116219/116225/2863562/index.html,人民银行社融单月分项，亿元；历史口径与缺失按原表保留；本项目计算分组，公式见指标口径；非央行独立发布指标
tsf_direct_flow,CHN,2003-01,54,亿元,M,,https://www.pbc.gov.cn/diaochatongjisi/116219/116225/2863562/index.html,人民银行社融单月分项，亿元；历史口径与缺失按原表保留；本项目计算分组，公式见指标口径；非央行独立发布指标
tsf_direct_flow,CHN,2003-02,76,亿元,M,,https://www.pbc.gov.cn/diaochatongjisi/116219/116225/2863562/index.html,人民银行社融单月分项，亿元；历史口径与缺失按原表保留；本项目计算分组，公式见指标口径；非央行独立发布指标
tsf_direct_flow,CHN,2003-03,26,亿元,M,,https://www.pbc.gov.cn/diaochatongjisi/116219/116225/2863562/index.html,人民银行社融单月分项，亿元；历史口径与缺失按原表保留；本项目计算分组，公式见指标口径；非央行独立发布指标
tsf_direct_flow,CHN,2003-04,59,亿元,M,,https://www.pbc.gov.cn/diaochatongjisi/116219/116225/2863562/index.html,人民银行社融单月分项，亿元；历史口径与缺失按原表保留；本项目计算分组，公式见指标口径；非央行独立发布指标
tsf_direct_flow,CHN,2003-05,13,亿元,M,,https://www.pbc.gov.cn/diaochatongjisi/116219/116225/2863562/index.html,人民银行社融单月分项，亿元；历史口径与缺失按原表保留；本项目计算分组，公式见指标口径；非央行独立发布指标
tsf_direct_flow,CHN,2003-06,56,亿元,M,,https://www.pbc.gov.cn/diaochatongjisi/116219/116225/2863562/index.html,人民银行社融单月分项，亿元；历史口径与缺失按原表保留；本项目计算分组，公式见指标口径；非央行独立发布指标
tsf_direct_flow,CHN,2003-07,150,亿元,M,,https://www.pbc.gov.cn/diaochatongjisi/116219/116225/2863562/index.html,人民银行社融单月分项，亿元；历史口径与缺失按原表保留；本项目计算分组，公式见指标口径；非央行独立发布指标
tsf_direct_flow,CHN,2003-08,128,亿元,M,,https://www.pbc.gov.cn/diaochatongjisi/116219/116225/2863562/index.html,人民银行社融单月分项，亿元；历史口径与缺失按原表保留；本项目计算分组，公式见指标口径；非央行独立发布指标
tsf_direct_flow,CHN,2003-09,48,亿元,M,,https://www.pbc.gov.cn/diaochatongjisi/116219/116225/2863562/index.html,人民银行社融单月分项，亿元；历史口径与缺失按原表保留；本项目计算分组，公式见指标口径；非央行独立发布指标
tsf_direct_flow,CHN,2003-10,51,亿元,M,,https://www.pbc.gov.cn/diaochatongjisi/116219/116225/2863562/index.html,人民银行社融单月分项，亿元；历史口径与缺失按原表保留；本项目计算分组，公式见指标口径；非央行独立发布指标
tsf_direct_flow,CHN,2003-11,144,亿元,M,,https://www.pbc.gov.cn/diaochatongjisi/116219/116225/2863562/index.html,人民银行社融单月分项，亿元；历史口径与缺失按原表保留；本项目计算分组，公式见指标口径；非央行独立发布指标
tsf_direct_flow,CHN,2003-12,254,亿元,M,,https://www.pbc.gov.cn/diaochatongjisi/116219/116225/2863562/index.html,人民银行社融单月分项，亿元；历史口径与缺失按原表保留；本项目计算分组，公式见指标口径；非央行独立发布指标
tsf_direct_flow,CHN,2004-01,74,亿元,M,,https://www.pbc.gov.cn/diaochatongjisi/116219/116225/2863562/index.html,人民银行社融单月分项，亿元；历史口径与缺失按原表保留；本项目计算分组，公式见指标口径；非央行独立发布指标
tsf_direct_flow,CHN,2004-02,65,亿元,M,,https://www.pbc.gov.cn/diaochatongjisi/116219/116225/2863562/index.html,人民银行社融单月分项，亿元；历史口径与缺失按原表保留；本项目计算分组，公式见指标口径；非央行独立发布指标
tsf_direct_flow,CHN,2004-03,55,亿元,M,,https://www.pbc.gov.cn/diaochatongjisi/116219/116225/2863562/index.html,人民银行社融单月分项，亿元；历史口径与缺失按原表保留；本项目计算分组，公式见指标口径；非央行独立发布指标
tsf_direct_flow,CHN,2004-04,89,亿元,M,,https://www.pbc.gov.cn/diaochatongjisi/116219/116225/2863562/index.html,人民银行社融单月分项，亿元；历史口径与缺失按原表保留；本项目计算分组，公式见指标口径；非央行独立发布指标
tsf_direct_flow,CHN,2004-05,65,亿元,M,,https://www.pbc.gov.cn/diaochatongjisi/116219/116225/2863562/index.html,人民银行社融单月分项，亿元；历史口径与缺失按原表保留；本项目计算分组，公式见指标口径；非央行独立发布指标
tsf_direct_flow,CHN,2004-06,120,亿元,M,,https://www.pbc.gov.cn/diaochatongjisi/116219/116225/2863562/index.html,人民银行社融单月分项，亿元；历史口径与缺失按原表保留；本项目计算分组，公式见指标口径；非央行独立发布指标
tsf_direct_flow,CHN,2004-07,198,亿元,M,,https://www.pbc.gov.cn/diaochatongjisi/116219/116225/2863562/index.html,人民银行社融单月分项，亿元；历史口径与缺失按原表保留；本项目计算分组，公式见指标口径；非央行独立发布指标
tsf_direct_flow,CHN,2004-08,86,亿元,M,,https://www.pbc.gov.cn/diaochatongjisi/116219/116225/2863562/index.html,人民银行社融单月分项，亿元；历史口径与缺失按原表保留；本项目计算分组，公式见指标口径；非央行独立发布指标
tsf_direct_flow,CHN,2004-09,155,亿元,M,,https://www.pbc.gov.cn/diaochatongjisi/116219/116225/2863562/index.html,人民银行社融单月分项，亿元；历史口径与缺失按原表保留；本项目计算分组，公式见指标口径；非央行独立发布指标
tsf_direct_flow,CHN,2004-10,86,亿元,M,,https://www.pbc.gov.cn/diaochatongjisi/116219/116225/2863562/index.html,人民银行社融单月分项，亿元；历史口径与缺失按原表保留；本项目计算分组，公式见指标口径；非央行独立发布指标
tsf_direct_flow,CHN,2004-11,42,亿元,M,,https://www.pbc.gov.cn/diaochatongjisi/116219/116225/2863562/index.html,人民银行社融单月分项，亿元；历史口径与缺失按原表保留；本项目计算分组，公式见指标口径；非央行独立发布指标
tsf_direct_flow,CHN,2004-12,105,亿元,M,,https://www.pbc.gov.cn/diaochatongjisi/116219/116225/2863562/index.html,人民银行社融单月分项，亿元；历史口径与缺失按原表保留；本项目计算分组，公式见指标口径；非央行独立发布指标
tsf_direct_flow,CHN,2005-01,36,亿元,M,,https://www.pbc.gov.cn/diaochatongjisi/116219/116225/2863562/index.html,人民银行社融单月分项，亿元；历史口径与缺失按原表保留；本项目计算分组，公式见指标口径；非央行独立发布指标
tsf_direct_flow,CHN,2005-02,29,亿元,M,,https://www.pbc.gov.cn/diaochatongjisi/116219/116225/2863562/index.html,人民银行社融单月分项，亿元；历史口径与缺失按原表保留；本项目计算分组，公式见指标口径；非央行独立发布指标
tsf_direct_flow,CHN,2005-03,6,亿元,M,,https://www.pbc.gov.cn/diaochatongjisi/116219/116225/2863562/index.html,人民银行社融单月分项，亿元；历史口径与缺失按原表保留；本项目计算分组，公式见指标口径；非央行独立发布指标
tsf_direct_flow,CHN,2005-04,57,亿元,M,,https://www.pbc.gov.cn/diaochatongjisi/116219/116225/2863562/index.html,人民银行社融单月分项，亿元；历史口径与缺失按原表保留；本项目计算分组，公式见指标口径；非央行独立发布指标
tsf_direct_flow,CHN,2005-05,425,亿元,M,,https://www.pbc.gov.cn/diaochatongjisi/116219/116225/2863562/index.html,人民银行社融单月分项，亿元；历史口径与缺失按原表保留；本项目计算分组，公式见指标口径；非央行独立发布指标
tsf_direct_flow,CHN,2005-06,90,亿元,M,,https://www.pbc.gov.cn/diaochatongjisi/116219/116225/2863562/index.html,人民银行社融单月分项，亿元；历史口径与缺失按原表保留；本项目计算分组，公式见指标口径；非央行独立发布指标
tsf_direct_flow,CHN,2005-07,330,亿元,M,,https://www.pbc.gov.cn/diaochatongjisi/116219/116225/2863562/index.html,人民银行社融单月分项，亿元；历史口径与缺失按原表保留；本项目计算分组，公式见指标口径；非央行独立发布指标
tsf_direct_flow,CHN,2005-08,90,亿元,M,,https://www.pbc.gov.cn/diaochatongjisi/116219/116225/2863562/index.html,人民银行社融单月分项，亿元；历史口径与缺失按原表保留；本项目计算分组，公式见指标口径；非央行独立发布指标
tsf_direct_flow,CHN,2005-09,253,亿元,M,,https://www.pbc.gov.cn/diaochatongjisi/116219/116225/2863562/index.html,人民银行社融单月分项，亿元；历史口径与缺失按原表保留；本项目计算分组，公式见指标口径；非央行独立发布指标
tsf_direct_flow,CHN,2005-10,347,亿元,M,,https://www.pbc.gov.cn/diaochatongjisi/116219/116225/2863562/index.html,人民银行社融单月分项，亿元；历史口径与缺失按原表保留；本项目计算分组，公式见指标口径；非央行独立发布指标
tsf_direct_flow,CHN,2005-11,265,亿元,M,,https://www.pbc.gov.cn/diaochatongjisi/116219/116225/2863562/index.html,人民银行社融单月分项，亿元；历史口径与缺失按原表保留；本项目计算分组，公式见指标口径；非央行独立发布指标
tsf_direct_flow,CHN,2005-12,422,亿元,M,,https://www.pbc.gov.cn/diaochatongjisi/116219/116225/2863562/index.html,人民银行社融单月分项，亿元；历史口径与缺失按原表保留；本项目计算分组，公式见指标口径；非央行独立发布指标
tsf_direct_flow,CHN,2006-01,303,亿元,M,,https://www.pbc.gov.cn/diaochatongjisi/116219/116225/2863562/index.html,人民银行社融单月分项，亿元；历史口径与缺失按原表保留；本项目计算分组，公式见指标口径；非央行独立发布指标
tsf_direct_flow,CHN,2006-02,204,亿元,M,,https://www.pbc.gov.cn/diaochatongjisi/116219/116225/2863562/index.html,人民银行社融单月分项，亿元；历史口径与缺失按原表保留；本项目计算分组，公式见指标口径；非央行独立发布指标
tsf_direct_flow,CHN,2006-03,426,亿元,M,,https://www.pbc.gov.cn/diaochatongjisi/116219/116225/2863562/index.html,人民银行社融单月分项，亿元；历史口径与缺失按原表保留；本项目计算分组，公式见指标口径；非央行独立发布指标
tsf_direct_flow,CHN,2006-04,271,亿元,M,,https://www.pbc.gov.cn/diaochatongjisi/116219/116225/2863562/index.html,人民银行社融单月分项，亿元；历史口径与缺失按原表保留；本项目计算分组，公式见指标口径；非央行独立发布指标
tsf_direct_flow,CHN,2006-05,295,亿元,M,,https://www.pbc.gov.cn/diaochatongjisi/116219/116225/2863562/index.html,人民银行社融单月分项，亿元；历史口径与缺失按原表保留；本项目计算分组，公式见指标口径；非央行独立发布指标
tsf_direct_flow,CHN,2006-06,313,亿元,M,,https://www.pbc.gov.cn/diaochatongjisi/116219/116225/2863562/index.html,人民银行社融单月分项，亿元；历史口径与缺失按原表保留；本项目计算分组，公式见指标口径；非央行独立发布指标
tsf_direct_flow,CHN,2006-07,230,亿元,M,,https://www.pbc.gov.cn/diaochatongjisi/116219/116225/2863562/index.html,人民银行社融单月分项，亿元；历史口径与缺失按原表保留；本项目计算分组，公式见指标口径；非央行独立发布指标
tsf_direct_flow,CHN,2006-08,510,亿元,M,,https://www.pbc.gov.cn/diaochatongjisi/116219/116225/2863562/index.html,人民银行社融单月分项，亿元；历史口径与缺失按原表保留；本项目计算分组，公式见指标口径；非央行独立发布指标
tsf_direct_flow,CHN,2006-09,44,亿元,M,,https://www.pbc.gov.cn/diaochatongjisi/116219/116225/2863562/index.html,人民银行社融单月分项，亿元；历史口径与缺失按原表保留；本项目计算分组，公式见指标口径；非央行独立发布指标
tsf_direct_flow,CHN,2006-10,281,亿元,M,,https://www.pbc.gov.cn/diaochatongjisi/116219/116225/2863562/index.html,人民银行社融单月分项，亿元；历史口径与缺失按原表保留；本项目计算分组，公式见指标口径；非央行独立发布指标
tsf_direct_flow,CHN,2006-11,395,亿元,M,,https://www.pbc.gov.cn/diaochatongjisi/116219/116225/2863562/index.html,人民银行社融单月分项，亿元；历史口径与缺失按原表保留；本项目计算分组，公式见指标口径；非央行独立发布指标
tsf_direct_flow,CHN,2006-12,574,亿元,M,,https://www.pbc.gov.cn/diaochatongjisi/116219/116225/2863562/index.html,人民银行社融单月分项，亿元；历史口径与缺失按原表保留；本项目计算分组，公式见指标口径；非央行独立发布指标
tsf_direct_flow,CHN,2007-01,119,亿元,M,,https://www.pbc.gov.cn/diaochatongjisi/116219/116225/2863562/index.html,人民银行社融单月分项，亿元；历史口径与缺失按原表保留；本项目计算分组，公式见指标口径；非央行独立发布指标
tsf_direct_flow,CHN,2007-02,-15,亿元,M,,https://www.pbc.gov.cn/diaochatongjisi/116219/116225/2863562/index.html,人民银行社融单月分项，亿元；历史口径与缺失按原表保留；本项目计算分组，公式见指标口径；非央行独立发布指标
tsf_direct_flow,CHN,2007-03,305,亿元,M,,https://www.pbc.gov.cn/diaochatongjisi/116219/116225/2863562/index.html,人民银行社融单月分项，亿元；历史口径与缺失按原表保留；本项目计算分组，公式见指标口径；非央行独立发布指标
tsf_direct_flow,CHN,2007-04,104,亿元,M,,https://www.pbc.gov.cn/diaochatongjisi/116219/116225/2863562/index.html,人民银行社融单月分项，亿元；历史口径与缺失按原表保留；本项目计算分组，公式见指标口径；非央行独立发布指标
tsf_direct_flow,CHN,2007-05,189,亿元,M,,https://www.pbc.gov.cn/diaochatongjisi/116219/116225/2863562/index.html,人民银行社融单月分项，亿元；历史口径与缺失按原表保留；本项目计算分组，公式见指标口径；非央行独立发布指标
tsf_direct_flow,CHN,2007-06,329,亿元,M,,https://www.pbc.gov.cn/diaochatongjisi/116219/116225/2863562/index.html,人民银行社融单月分项，亿元；历史口径与缺失按原表保留；本项目计算分组，公式见指标口径；非央行独立发布指标
tsf_direct_flow,CHN,2007-07,282,亿元,M,,https://www.pbc.gov.cn/diaochatongjisi/116219/116225/2863562/index.html,人民银行社融单月分项，亿元；历史口径与缺失按原表保留；本项目计算分组，公式见指标口径；非央行独立发布指标
tsf_direct_flow,CHN,2007-08,519,亿元,M,,https://www.pbc.gov.cn/diaochatongjisi/116219/116225/2863562/index.html,人民银行社融单月分项，亿元；历史口径与缺失按原表保留；本项目计算分组，公式见指标口径；非央行独立发布指标
tsf_direct_flow,CHN,2007-09,858,亿元,M,,https://www.pbc.gov.cn/diaochatongjisi/116219/116225/2863562/index.html,人民银行社融单月分项，亿元；历史口径与缺失按原表保留；本项目计算分组，公式见指标口径；非央行独立发布指标
tsf_direct_flow,CHN,2007-10,1205,亿元,M,,https://www.pbc.gov.cn/diaochatongjisi/116219/116225/2863562/index.html,人民银行社融单月分项，亿元；历史口径与缺失按原表保留；本项目计算分组，公式见指标口径；非央行独立发布指标
tsf_direct_flow,CHN,2007-11,1807,亿元,M,,https://www.pbc.gov.cn/diaochatongjisi/116219/116225/2863562/index.html,人民银行社融单月分项，亿元；历史口径与缺失按原表保留；本项目计算分组，公式见指标口径；非央行独立发布指标
tsf_direct_flow,CHN,2007-12,916,亿元,M,,https://www.pbc.gov.cn/diaochatongjisi/116219/116225/2863562/index.html,人民银行社融单月分项，亿元；历史口径与缺失按原表保留；本项目计算分组，公式见指标口径；非央行独立发布指标
tsf_direct_flow,CHN,2008-01,690,亿元,M,,https://www.pbc.gov.cn/diaochatongjisi/116219/116225/2863562/index.html,人民银行社融单月分项，亿元；历史口径与缺失按原表保留；本项目计算分组，公式见指标口径；非央行独立发布指标
tsf_direct_flow,CHN,2008-02,873,亿元,M,,https://www.pbc.gov.cn/diaochatongjisi/116219/116225/2863562/index.html,人民银行社融单月分项，亿元；历史口径与缺失按原表保留；本项目计算分组，公式见指标口径；非央行独立发布指标
tsf_direct_flow,CHN,2008-03,794,亿元,M,,https://www.pbc.gov.cn/diaochatongjisi/116219/116225/2863562/index.html,人民银行社融单月分项，亿元；历史口径与缺失按原表保留；本项目计算分组，公式见指标口径；非央行独立发布指标
tsf_direct_flow,CHN,2008-04,650,亿元,M,,https://www.pbc.gov.cn/diaochatongjisi/116219/116225/2863562/index.html,人民银行社融单月分项，亿元；历史口径与缺失按原表保留；本项目计算分组，公式见指标口径；非央行独立发布指标
tsf_direct_flow,CHN,2008-05,367,亿元,M,,https://www.pbc.gov.cn/diaochatongjisi/116219/116225/2863562/index.html,人民银行社融单月分项，亿元；历史口径与缺失按原表保留；本项目计算分组，公式见指标口径；非央行独立发布指标
tsf_direct_flow,CHN,2008-06,185,亿元,M,,https://www.pbc.gov.cn/diaochatongjisi/116219/116225/2863562/index.html,人民银行社融单月分项，亿元；历史口径与缺失按原表保留；本项目计算分组，公式见指标口径；非央行独立发布指标
tsf_direct_flow,CHN,2008-07,760,亿元,M,,https://www.pbc.gov.cn/diaochatongjisi/116219/116225/2863562/index.html,人民银行社融单月分项，亿元；历史口径与缺失按原表保留；本项目计算分组，公式见指标口径；非央行独立发布指标
tsf_direct_flow,CHN,2008-08,642,亿元,M,,https://www.pbc.gov.cn/diaochatongjisi/116219/116225/2863562/index.html,人民银行社融单月分项，亿元；历史口径与缺失按原表保留；本项目计算分组，公式见指标口径；非央行独立发布指标
tsf_direct_flow,CHN,2008-09,666,亿元,M,,https://www.pbc.gov.cn/diaochatongjisi/116219/116225/2863562/index.html,人民银行社融单月分项，亿元；历史口径与缺失按原表保留；本项目计算分组，公式见指标口径；非央行独立发布指标
tsf_direct_flow,CHN,2008-10,955,亿元,M,,https://www.pbc.gov.cn/diaochatongjisi/116219/116225/2863562/index.html,人民银行社融单月分项，亿元；历史口径与缺失按原表保留；本项目计算分组，公式见指标口径；非央行独立发布指标
tsf_direct_flow,CHN,2008-11,642,亿元,M,,https://www.pbc.gov.cn/diaochatongjisi/116219/116225/2863562/index.html,人民银行社融单月分项，亿元；历史口径与缺失按原表保留；本项目计算分组，公式见指标口径；非央行独立发布指标
tsf_direct_flow,CHN,2008-12,1624,亿元,M,,https://www.pbc.gov.cn/diaochatongjisi/116219/116225/2863562/index.html,人民银行社融单月分项，亿元；历史口径与缺失按原表保留；本项目计算分组，公式见指标口径；非央行独立发布指标
tsf_direct_flow,CHN,2009-01,521,亿元,M,,https://www.pbc.gov.cn/diaochatongjisi/116219/116225/2863562/index.html,人民银行社融单月分项，亿元；历史口径与缺失按原表保留；本项目计算分组，公式见指标口径；非央行独立发布指标
tsf_direct_flow,CHN,2009-02,495,亿元,M,,https://www.pbc.gov.cn/diaochatongjisi/116219/116225/2863562/index.html,人民银行社融单月分项，亿元；历史口径与缺失按原表保留；本项目计算分组，公式见指标口径；非央行独立发布指标
tsf_direct_flow,CHN,2009-03,1359,亿元,M,,https://www.pbc.gov.cn/diaochatongjisi/116219/116225/2863562/index.html,人民银行社融单月分项，亿元；历史口径与缺失按原表保留；本项目计算分组，公式见指标口径；非央行独立发布指标
tsf_direct_flow,CHN,2009-04,1694,亿元,M,,https://www.pbc.gov.cn/diaochatongjisi/116219/116225/2863562/index.html,人民银行社融单月分项，亿元；历史口径与缺失按原表保留；本项目计算分组，公式见指标口径；非央行独立发布指标
tsf_direct_flow,CHN,2009-05,1114,亿元,M,,https://www.pbc.gov.cn/diaochatongjisi/116219/116225/2863562/index.html,人民银行社融单月分项，亿元；历史口径与缺失按原表保留；本项目计算分组，公式见指标口径；非央行独立发布指标
tsf_direct_flow,CHN,2009-06,1428,亿元,M,,https://www.pbc.gov.cn/diaochatongjisi/116219/116225/2863562/index.html,人民银行社融单月分项，亿元；历史口径与缺失按原表保留；本项目计算分组，公式见指标口径；非央行独立发布指标
tsf_direct_flow,CHN,2009-07,1375,亿元,M,,https://www.pbc.gov.cn/diaochatongjisi/116219/116225/2863562/index.html,人民银行社融单月分项，亿元；历史口径与缺失按原表保留；本项目计算分组，公式见指标口径；非央行独立发布指标
tsf_direct_flow,CHN,2009-08,868,亿元,M,,https://www.pbc.gov.cn/diaochatongjisi/116219/116225/2863562/index.html,人民银行社融单月分项，亿元；历史口径与缺失按原表保留；本项目计算分组，公式见指标口径；非央行独立发布指标
tsf_direct_flow,CHN,2009-09,1977,亿元,M,,https://www.pbc.gov.cn/diaochatongjisi/116219/116225/2863562/index.html,人民银行社融单月分项，亿元；历史口径与缺失按原表保留；本项目计算分组，公式见指标口径；非央行独立发布指标
tsf_direct_flow,CHN,2009-10,1025,亿元,M,,https://www.pbc.gov.cn/diaochatongjisi/116219/116225/2863562/index.html,人民银行社融单月分项，亿元；历史口径与缺失按原表保留；本项目计算分组，公式见指标口径；非央行独立发布指标
tsf_direct_flow,CHN,2009-11,2077,亿元,M,,https://www.pbc.gov.cn/diaochatongjisi/116219/116225/2863562/index.html,人民银行社融单月分项，亿元；历史口径与缺失按原表保留；本项目计算分组，公式见指标口径；非央行独立发布指标
tsf_direct_flow,CHN,2009-12,1788,亿元,M,,https://www.pbc.gov.cn/diaochatongjisi/116219/116225/2863562/index.html,人民银行社融单月分项，亿元；历史口径与缺失按原表保留；本项目计算分组，公式见指标口径；非央行独立发布指标
tsf_direct_flow,CHN,2010-01,1183,亿元,M,,https://www.pbc.gov.cn/diaochatongjisi/116219/116225/2863562/index.html,人民银行社融单月分项，亿元；历史口径与缺失按原表保留；本项目计算分组，公式见指标口径；非央行独立发布指标
tsf_direct_flow,CHN,2010-02,1054,亿元,M,,https://www.pbc.gov.cn/diaochatongjisi/116219/116225/2863562/index.html,人民银行社融单月分项，亿元；历史口径与缺失按原表保留；本项目计算分组，公式见指标口径；非央行独立发布指标
tsf_direct_flow,CHN,2010-03,1689,亿元,M,,https://www.pbc.gov.cn/diaochatongjisi/116219/116225/2863562/index.html,人民银行社融单月分项，亿元；历史口径与缺失按原表保留；本项目计算分组，公式见指标口径；非央行独立发布指标
tsf_direct_flow,CHN,2010-04,1624,亿元,M,,https://www.pbc.gov.cn/diaochatongjisi/116219/116225/2863562/index.html,人民银行社融单月分项，亿元；历史口径与缺失按原表保留；本项目计算分组，公式见指标口径；非央行独立发布指标
tsf_direct_flow,CHN,2010-05,1609,亿元,M,,https://www.pbc.gov.cn/diaochatongjisi/116219/116225/2863562/index.html,人民银行社融单月分项，亿元；历史口径与缺失按原表保留；本项目计算分组，公式见指标口径；非央行独立发布指标
tsf_direct_flow,CHN,2010-06,1340,亿元,M,,https://www.pbc.gov.cn/diaochatongjisi/116219/116225/2863562/index.html,人民银行社融单月分项，亿元；历史口径与缺失按原表保留；本项目计算分组，公式见指标口径；非央行独立发布指标
tsf_direct_flow,CHN,2010-07,193,亿元,M,,https://www.pbc.gov.cn/diaochatongjisi/116219/116225/2863562/index.html,人民银行社融单月分项，亿元；历史口径与缺失按原表保留；本项目计算分组，公式见指标口径；非央行独立发布指标
tsf_direct_flow,CHN,2010-08,1627,亿元,M,,https://www.pbc.gov.cn/diaochatongjisi/116219/116225/2863562/index.html,人民银行社融单月分项，亿元；历史口径与缺失按原表保留；本项目计算分组，公式见指标口径；非央行独立发布指标
tsf_direct_flow,CHN,2010-09,2426,亿元,M,,https://www.pbc.gov.cn/diaochatongjisi/116219/116225/2863562/index.html,人民银行社融单月分项，亿元；历史口径与缺失按原表保留；本项目计算分组，公式见指标口径；非央行独立发布指标
tsf_direct_flow,CHN,2010-10,1112,亿元,M,,https://www.pbc.gov.cn/diaochatongjisi/116219/116225/2863562/index.html,人民银行社融单月分项，亿元；历史口径与缺失按原表保留；本项目计算分组，公式见指标口径；非央行独立发布指标
tsf_direct_flow,CHN,2010-11,1441,亿元,M,,https://www.pbc.gov.cn/diaochatongjisi/116219/116225/2863562/index.html,人民银行社融单月分项，亿元；历史口径与缺失按原表保留；本项目计算分组，公式见指标口径；非央行独立发布指标
tsf_direct_flow,CHN,2010-12,1548,亿元,M,,https://www.pbc.gov.cn/diaochatongjisi/116219/116225/2863562/index.html,人民银行社融单月分项，亿元；历史口径与缺失按原表保留；本项目计算分组，公式见指标口径；非央行独立发布指标
tsf_direct_flow,CHN,2011-01,1743,亿元,M,,https://www.pbc.gov.cn/diaochatongjisi/116219/116225/2863562/index.html,人民银行社融单月分项，亿元；历史口径与缺失按原表保留；本项目计算分组，公式见指标口径；非央行独立发布指标
tsf_direct_flow,CHN,2011-02,1147,亿元,M,,https://www.pbc.gov.cn/diaochatongjisi/116219/116225/2863562/index.html,人民银行社融单月分项，亿元；历史口径与缺失按原表保留；本项目计算分组，公式见指标口径；非央行独立发布指标
tsf_direct_flow,CHN,2011-03,3239,亿元,M,,https://www.pbc.gov.cn/diaochatongjisi/116219/116225/2863562/index.html,人民银行社融单月分项，亿元；历史口径与缺失按原表保留；本项目计算分组，公式见指标口径；非央行独立发布指标
tsf_direct_flow,CHN,2011-04,1209,亿元,M,,https://www.pbc.gov.cn/diaochatongjisi/116219/116225/2863562/index.html,人民银行社融单月分项，亿元；历史口径与缺失按原表保留；本项目计算分组，公式见指标口径；非央行独立发布指标
tsf_direct_flow,CHN,2011-05,1072,亿元,M,,https://www.pbc.gov.cn/diaochatongjisi/116219/116225/2863562/index.html,人民银行社融单月分项，亿元；历史口径与缺失按原表保留；本项目计算分组，公式见指标口径；非央行独立发布指标
tsf_direct_flow,CHN,2011-06,856,亿元,M,,https://www.pbc.gov.cn/diaochatongjisi/116219/116225/2863562/index.html,人民银行社融单月分项，亿元；历史口径与缺失按原表保留；本项目计算分组，公式见指标口径；非央行独立发布指标
tsf_direct_flow,CHN,2011-07,674,亿元,M,,https://www.pbc.gov.cn/diaochatongjisi/116219/116225/2863562/index.html,人民银行社融单月分项，亿元；历史口径与缺失按原表保留；本项目计算分组，公式见指标口径；非央行独立发布指标
tsf_direct_flow,CHN,2011-08,1248,亿元,M,,https://www.pbc.gov.cn/diaochatongjisi/116219/116225/2863562/index.html,人民银行社融单月分项，亿元；历史口径与缺失按原表保留；本项目计算分组，公式见指标口径；非央行独立发布指标
tsf_direct_flow,CHN,2011-09,756,亿元,M,,https://www.pbc.gov.cn/diaochatongjisi/116219/116225/2863562/index.html,人民银行社融单月分项，亿元；历史口径与缺失按原表保留；本项目计算分组，公式见指标口径；非央行独立发布指标
tsf_direct_flow,CHN,2011-10,1883,亿元,M,,https://www.pbc.gov.cn/diaochatongjisi/116219/116225/2863562/index.html,人民银行社融单月分项，亿元；历史口径与缺失按原表保留；本项目计算分组，公式见指标口径；非央行独立发布指标
tsf_direct_flow,CHN,2011-11,2345,亿元,M,,https://www.pbc.gov.cn/diaochatongjisi/116219/116225/2863562/index.html,人民银行社融单月分项，亿元；历史口径与缺失按原表保留；本项目计算分组，公式见指标口径；非央行独立发布指标
tsf_direct_flow,CHN,2011-12,1864,亿元,M,,https://www.pbc.gov.cn/diaochatongjisi/116219/116225/2863562/index.html,人民银行社融单月分项，亿元；历史口径与缺失按原表保留；本项目计算分组，公式见指标口径；非央行独立发布指标
tsf_direct_flow,CHN,2012-01,523,亿元,M,,https://www.pbc.gov.cn/eportal/fileDir/defaultCurSite/resource/cms/2015/07/2012s18.htm,人民银行社融单月分项，亿元；历史口径与缺失按原表保留；本项目计算分组，公式见指标口径；非央行独立发布指标
tsf_direct_flow,CHN,2012-02,1773,亿元,M,,https://www.pbc.gov.cn/eportal/fileDir/defaultCurSite/resource/cms/2015/07/2012s18.htm,人民银行社融单月分项，亿元；历史口径与缺失按原表保留；本项目计算分组，公式见指标口径；非央行独立发布指标
tsf_direct_flow,CHN,2012-03,2539,亿元,M,,https://www.pbc.gov.cn/eportal/fileDir/defaultCurSite/resource/cms/2015/07/2012s18.htm,人民银行社融单月分项，亿元；历史口径与缺失按原表保留；本项目计算分组，公式见指标口径；非央行独立发布指标
tsf_direct_flow,CHN,2012-04,1077,亿元,M,,https://www.pbc.gov.cn/eportal/fileDir/defaultCurSite/resource/cms/2015/07/2012s18.htm,人民银行社融单月分项，亿元；历史口径与缺失按原表保留；本项目计算分组，公式见指标口径；非央行独立发布指标
tsf_direct_flow,CHN,2012-05,1625,亿元,M,,https://www.pbc.gov.cn/eportal/fileDir/defaultCurSite/resource/cms/2015/07/2012s18.htm,人民银行社融单月分项，亿元；历史口径与缺失按原表保留；本项目计算分组，公式见指标口径；非央行独立发布指标
tsf_direct_flow,CHN,2012-06,2228,亿元,M,,https://www.pbc.gov.cn/eportal/fileDir/defaultCurSite/resource/cms/2015/07/2012s18.htm,人民银行社融单月分项，亿元；历史口径与缺失按原表保留；本项目计算分组，公式见指标口径；非央行独立发布指标
tsf_direct_flow,CHN,2012-07,2802,亿元,M,,https://www.pbc.gov.cn/eportal/fileDir/defaultCurSite/resource/cms/2015/07/2012s18.htm,人民银行社融单月分项，亿元；历史口径与缺失按原表保留；本项目计算分组，公式见指标口径；非央行独立发布指标
tsf_direct_flow,CHN,2012-08,2787,亿元,M,,https://www.pbc.gov.cn/eportal/fileDir/defaultCurSite/resource/cms/2015/07/2012s18.htm,人民银行社融单月分项，亿元；历史口径与缺失按原表保留；本项目计算分组，公式见指标口径；非央行独立发布指标
tsf_direct_flow,CHN,2012-09,2436,亿元,M,,https://www.pbc.gov.cn/eportal/fileDir/defaultCurSite/resource/cms/2015/07/2012s18.htm,人民银行社融单月分项，亿元；历史口径与缺失按原表保留；本项目计算分组，公式见指标口径；非央行独立发布指标
tsf_direct_flow,CHN,2012-10,3080,亿元,M,,https://www.pbc.gov.cn/eportal/fileDir/defaultCurSite/resource/cms/2015/07/2012s18.htm,人民银行社融单月分项，亿元；历史口径与缺失按原表保留；本项目计算分组，公式见指标口径；非央行独立发布指标
tsf_direct_flow,CHN,2012-11,1927,亿元,M,,https://www.pbc.gov.cn/eportal/fileDir/defaultCurSite/resource/cms/2015/07/2012s18.htm,人民银行社融单月分项，亿元；历史口径与缺失按原表保留；本项目计算分组，公式见指标口径；非央行独立发布指标
tsf_direct_flow,CHN,2012-12,2261,亿元,M,,https://www.pbc.gov.cn/eportal/fileDir/defaultCurSite/resource/cms/2015/07/2012s18.htm,人民银行社融单月分项，亿元；历史口径与缺失按原表保留；本项目计算分组，公式见指标口径；非央行独立发布指标
tsf_direct_flow,CHN,2013-01,2493,亿元,M,,https://www.pbc.gov.cn/eportal/fileDir/defaultCurSite/resource/cms/2015/07/2013s18.htm,人民银行社融单月分项，亿元；历史口径与缺失按原表保留；本项目计算分组，公式见指标口径；非央行独立发布指标
tsf_direct_flow,CHN,2013-02,1619,亿元,M,,https://www.pbc.gov.cn/eportal/fileDir/defaultCurSite/resource/cms/2015/07/2013s18.htm,人民银行社融单月分项，亿元；历史口径与缺失按原表保留；本项目计算分组，公式见指标口径；非央行独立发布指标
tsf_direct_flow,CHN,2013-03,4078,亿元,M,,https://www.pbc.gov.cn/eportal/fileDir/defaultCurSite/resource/cms/2015/07/2013s18.htm,人民银行社融单月分项，亿元；历史口径与缺失按原表保留；本项目计算分组，公式见指标口径；非央行独立发布指标
tsf_direct_flow,CHN,2013-04,2313,亿元,M,,https://www.pbc.gov.cn/eportal/fileDir/defaultCurSite/resource/cms/2015/07/2013s18.htm,人民银行社融单月分项，亿元；历史口径与缺失按原表保留；本项目计算分组，公式见指标口径；非央行独立发布指标
tsf_direct_flow,CHN,2013-05,2461,亿元,M,,https://www.pbc.gov.cn/eportal/fileDir/defaultCurSite/resource/cms/2015/07/2013s18.htm,人民银行社融单月分项，亿元；历史口径与缺失按原表保留；本项目计算分组，公式见指标口径；非央行独立发布指标
tsf_direct_flow,CHN,2013-06,449,亿元,M,,https://www.pbc.gov.cn/eportal/fileDir/defaultCurSite/resource/cms/2015/07/2013s18.htm,人民银行社融单月分项，亿元；历史口径与缺失按原表保留；本项目计算分组，公式见指标口径；非央行独立发布指标
tsf_direct_flow,CHN,2013-07,604,亿元,M,,https://www.pbc.gov.cn/eportal/fileDir/defaultCurSite/resource/cms/2015/07/2013s18.htm,人民银行社融单月分项，亿元；历史口径与缺失按原表保留；本项目计算分组，公式见指标口径；非央行独立发布指标
tsf_direct_flow,CHN,2013-08,1376,亿元,M,,https://www.pbc.gov.cn/eportal/fileDir/defaultCurSite/resource/cms/2015/07/2013s18.htm,人民银行社融单月分项，亿元；历史口径与缺失按原表保留；本项目计算分组，公式见指标口径；非央行独立发布指标
tsf_direct_flow,CHN,2013-09,1556,亿元,M,,https://www.pbc.gov.cn/eportal/fileDir/defaultCurSite/resource/cms/2015/07/2013s18.htm,人民银行社融单月分项，亿元；历史口径与缺失按原表保留；本项目计算分组，公式见指标口径；非央行独立发布指标
tsf_direct_flow,CHN,2013-10,1156,亿元,M,,https://www.pbc.gov.cn/eportal/fileDir/defaultCurSite/resource/cms/2015/07/2013s18.htm,人民银行社融单月分项，亿元；历史口径与缺失按原表保留；本项目计算分组，公式见指标口径；非央行独立发布指标
tsf_direct_flow,CHN,2013-11,1571,亿元,M,,https://www.pbc.gov.cn/eportal/fileDir/defaultCurSite/resource/cms/2015/07/2013s18.htm,人民银行社融单月分项，亿元；历史口径与缺失按原表保留；本项目计算分组，公式见指标口径；非央行独立发布指标
tsf_direct_flow,CHN,2013-12,656,亿元,M,,https://www.pbc.gov.cn/eportal/fileDir/defaultCurSite/resource/cms/2015/07/2013s18.htm,人民银行社融单月分项，亿元；历史口径与缺失按原表保留；本项目计算分组，公式见指标口径；非央行独立发布指标
tsf_direct_flow,CHN,2014-01,829,亿元,M,,https://www.pbc.gov.cn/eportal/fileDir/defaultCurSite/resource/cms/2015/07/2014s18.htm,人民银行社融单月分项，亿元；历史口径与缺失按原表保留；本项目计算分组，公式见指标口径；非央行独立发布指标
tsf_direct_flow,CHN,2014-02,1195,亿元,M,,https://www.pbc.gov.cn/eportal/fileDir/defaultCurSite/resource/cms/2015/07/2014s18.htm,人民银行社融单月分项，亿元；历史口径与缺失按原表保留；本项目计算分组，公式见指标口径；非央行独立发布指标
tsf_direct_flow,CHN,2014-03,2816,亿元,M,,https://www.pbc.gov.cn/eportal/fileDir/defaultCurSite/resource/cms/2015/07/2014s18.htm,人民银行社融单月分项，亿元；历史口径与缺失按原表保留；本项目计算分组，公式见指标口径；非央行独立发布指标
tsf_direct_flow,CHN,2014-04,4246,亿元,M,,https://www.pbc.gov.cn/eportal/fileDir/defaultCurSite/resource/cms/2015/07/2014s18.htm,人民银行社融单月分项，亿元；历史口径与缺失按原表保留；本项目计算分组，公式见指标口径；非央行独立发布指标
tsf_direct_flow,CHN,2014-05,2959,亿元,M,,https://www.pbc.gov.cn/eportal/fileDir/defaultCurSite/resource/cms/2015/07/2014s18.htm,人民银行社融单月分项，亿元；历史口径与缺失按原表保留；本项目计算分组，公式见指标口径；非央行独立发布指标
tsf_direct_flow,CHN,2014-06,2780,亿元,M,,https://www.pbc.gov.cn/eportal/fileDir/defaultCurSite/resource/cms/2015/07/2014s18.htm,人民银行社融单月分项，亿元；历史口径与缺失按原表保留；本项目计算分组，公式见指标口径；非央行独立发布指标
tsf_direct_flow,CHN,2014-07,1767,亿元,M,,https://www.pbc.gov.cn/eportal/fileDir/defaultCurSite/resource/cms/2015/07/2014s18.htm,人民银行社融单月分项，亿元；历史口径与缺失按原表保留；本项目计算分组，公式见指标口径；非央行独立发布指标
tsf_direct_flow,CHN,2014-08,2151,亿元,M,,https://www.pbc.gov.cn/eportal/fileDir/defaultCurSite/resource/cms/2015/07/2014s18.htm,人民银行社融单月分项，亿元；历史口径与缺失按原表保留；本项目计算分组，公式见指标口径；非央行独立发布指标
tsf_direct_flow,CHN,2014-09,2950,亿元,M,,https://www.pbc.gov.cn/eportal/fileDir/defaultCurSite/resource/cms/2015/07/2014s18.htm,人民银行社融单月分项，亿元；历史口径与缺失按原表保留；本项目计算分组，公式见指标口径；非央行独立发布指标
tsf_direct_flow,CHN,2014-10,2869,亿元,M,,https://www.pbc.gov.cn/eportal/fileDir/defaultCurSite/resource/cms/2015/07/2014s18.htm,人民银行社融单月分项，亿元；历史口径与缺失按原表保留；本项目计算分组，公式见指标口径；非央行独立发布指标
tsf_direct_flow,CHN,2014-11,2186,亿元,M,,https://www.pbc.gov.cn/eportal/fileDir/defaultCurSite/resource/cms/2015/07/2014s18.htm,人民银行社融单月分项，亿元；历史口径与缺失按原表保留；本项目计算分组，公式见指标口径；非央行独立发布指标
tsf_direct_flow,CHN,2014-12,1419,亿元,M,,https://www.pbc.gov.cn/eportal/fileDir/defaultCurSite/resource/cms/2015/07/2014s18.htm,人民银行社融单月分项，亿元；历史口径与缺失按原表保留；本项目计算分组，公式见指标口径；非央行独立发布指标
tsf_direct_flow,CHN,2015-01,2394.3600000000001,亿元,M,,https://www.pbc.gov.cn/diaochatongjisi/fileDir/resource/cms/2018/04/2018041810462448165.xls,人民银行社融单月分项，亿元；历史口径与缺失按原表保留；本项目计算分组，公式见指标口径；非央行独立发布指标
tsf_direct_flow,CHN,2015-02,1258.0100099999999,亿元,M,,https://www.pbc.gov.cn/diaochatongjisi/fileDir/resource/cms/2018/04/2018041810462448165.xls,人民银行社融单月分项，亿元；历史口径与缺失按原表保留；本项目计算分组，公式见指标口径；非央行独立发布指标
tsf_direct_flow,CHN,2015-03,1983.8193499999997,亿元,M,,https://www.pbc.gov.cn/diaochatongjisi/fileDir/resource/cms/2018/04/2018041810462448165.xls,人民银行社融单月分项，亿元；历史口径与缺失按原表保留；本项目计算分组，公式见指标口径；非央行独立发布指标
tsf_direct_flow,CHN,2015-04,2213.30666,亿元,M,,https://www.pbc.gov.cn/diaochatongjisi/fileDir/resource/cms/2018/04/2018041810462448165.xls,人民银行社融单月分项，亿元；历史口径与缺失按原表保留；本项目计算分组，公式见指标口径；非央行独立发布指标
tsf_direct_flow,CHN,2015-05,2294.37,亿元,M,,https://www.pbc.gov.cn/diaochatongjisi/fileDir/resource/cms/2018/04/2018041810462448165.xls,人民银行社融单月分项，亿元；历史口径与缺失按原表保留；本项目计算分组，公式见指标口径；非央行独立发布指标
tsf_direct_flow,CHN,2015-06,3182.9108720000002,亿元,M,,https://www.pbc.gov.cn/diaochatongjisi/fileDir/resource/cms/2018/04/2018041810462448165.xls,人民银行社融单月分项，亿元；历史口径与缺失按原表保留；本项目计算分组，公式见指标口径；非央行独立发布指标
tsf_direct_flow,CHN,2015-07,3446.2900000000005,亿元,M,,https://www.pbc.gov.cn/diaochatongjisi/fileDir/resource/cms/2018/04/2018041810462448165.xls,人民银行社融单月分项，亿元；历史口径与缺失按原表保留；本项目计算分组，公式见指标口径；非央行独立发布指标
tsf_direct_flow,CHN,2015-08,3600.098009999999,亿元,M,,https://www.pbc.gov.cn/diaochatongjisi/fileDir/resource/cms/2018/04/2018041810462448165.xls,人民银行社融单月分项，亿元；历史口径与缺失按原表保留；本项目计算分组，公式见指标口径；非央行独立发布指标
tsf_direct_flow,CHN,2015-09,4153.761655,亿元,M,,https://www.pbc.gov.cn/diaochatongjisi/fileDir/resource/cms/2018/04/2018041810462448165.xls,人民银行社融单月分项，亿元；历史口径与缺失按原表保留；本项目计算分组，公式见指标口径；非央行独立发布指标
tsf_direct_flow,CHN,2015-10,3451.6000099999996,亿元,M,,https://www.pbc.gov.cn/diaochatongjisi/fileDir/resource/cms/2018/04/2018041810462448165.xls,人民银行社融单月分项，亿元；历史口径与缺失按原表保留；本项目计算分组，公式见指标口径；非央行独立发布指标
tsf_direct_flow,CHN,2015-11,3946.52433,亿元,M,,https://www.pbc.gov.cn/diaochatongjisi/fileDir/resource/cms/2018/04/2018041810462448165.xls,人民银行社融单月分项，亿元；历史口径与缺失按原表保留；本项目计算分组，公式见指标口径；非央行独立发布指标
tsf_direct_flow,CHN,2015-12,5052.9090820000004,亿元,M,,https://www.pbc.gov.cn/diaochatongjisi/fileDir/resource/cms/2018/04/2018041810462448165.xls,人民银行社融单月分项，亿元；历史口径与缺失按原表保留；本项目计算分组，公式见指标口径；非央行独立发布指标
tsf_direct_flow,CHN,2016-01,6552.196852000001,亿元,M,,https://www.pbc.gov.cn/diaochatongjisi/fileDir/resource/cms/2018/04/2018041810585985661.xls,人民银行社融单月分项，亿元；历史口径与缺失按原表保留；本项目计算分组，公式见指标口径；非央行独立发布指标
tsf_direct_flow,CHN,2016-02,2195.8568359999999,亿元,M,,https://www.pbc.gov.cn/diaochatongjisi/fileDir/resource/cms/2018/04/2018041810585985661.xls,人民银行社融单月分项，亿元；历史口径与缺失按原表保留；本项目计算分组，公式见指标口径；非央行独立发布指标
tsf_direct_flow,CHN,2016-03,7642.180003999999,亿元,M,,https://www.pbc.gov.cn/diaochatongjisi/fileDir/resource/cms/2018/04/2018041810585985661.xls,人民银行社融单月分项，亿元；历史口径与缺失按原表保留；本项目计算分组，公式见指标口径；非央行独立发布指标
tsf_direct_flow,CHN,2016-04,3316.80,亿元,M,,https://www.pbc.gov.cn/diaochatongjisi/fileDir/resource/cms/2018/04/2018041810585985661.xls,人民银行社融单月分项，亿元；历史口径与缺失按原表保留；本项目计算分组，公式见指标口径；非央行独立发布指标
tsf_direct_flow,CHN,2016-05,822.85000000000007,亿元,M,,https://www.pbc.gov.cn/diaochatongjisi/fileDir/resource/cms/2018/04/2018041810585985661.xls,人民银行社融单月分项，亿元；历史口径与缺失按原表保留；本项目计算分组，公式见指标口径；非央行独立发布指标
tsf_direct_flow,CHN,2016-06,907.70000000000007,亿元,M,,https://www.pbc.gov.cn/diaochatongjisi/fileDir/resource/cms/2018/04/2018041810585985661.xls,人民银行社融单月分项，亿元；历史口径与缺失按原表保留；本项目计算分组，公式见指标口径；非央行独立发布指标
tsf_direct_flow,CHN,2016-07,3343.3619199999996,亿元,M,,https://www.pbc.gov.cn/diaochatongjisi/fileDir/resource/cms/2018/04/2018041810585985661.xls,人民银行社融单月分项，亿元；历史口径与缺失按原表保留；本项目计算分组，公式见指标口径；非央行独立发布指标
tsf_direct_flow,CHN,2016-08,4310.5505500000004,亿元,M,,https://www.pbc.gov.cn/diaochatongjisi/fileDir/resource/cms/2018/04/2018041810585985661.xls,人民银行社融单月分项，亿元；历史口径与缺失按原表保留；本项目计算分组，公式见指标口径；非央行独立发布指标
tsf_direct_flow,CHN,2016-09,4240.6399999999998,亿元,M,,https://www.pbc.gov.cn/diaochatongjisi/fileDir/resource/cms/2018/04/2018041810585985661.xls,人民银行社融单月分项，亿元；历史口径与缺失按原表保留；本项目计算分组，公式见指标口径；非央行独立发布指标
tsf_direct_flow,CHN,2016-10,3316.8103300000001,亿元,M,,https://www.pbc.gov.cn/diaochatongjisi/fileDir/resource/cms/2018/04/2018041810585985661.xls,人民银行社融单月分项，亿元；历史口径与缺失按原表保留；本项目计算分组，公式见指标口径；非央行独立发布指标
tsf_direct_flow,CHN,2016-11,4720.4601339999997,亿元,M,,https://www.pbc.gov.cn/diaochatongjisi/fileDir/resource/cms/2018/04/2018041810585985661.xls,人民银行社融单月分项，亿元；历史口径与缺失按原表保留；本项目计算分组，公式见指标口径；非央行独立发布指标
tsf_direct_flow,CHN,2016-12,-1187.5329470000003,亿元,M,,https://www.pbc.gov.cn/diaochatongjisi/fileDir/resource/cms/2018/04/2018041810585985661.xls,人民银行社融单月分项，亿元；历史口径与缺失按原表保留；本项目计算分组，公式见指标口径；非央行独立发布指标
tsf_direct_flow,CHN,2017-01,715.0,亿元,M,,https://www.pbc.gov.cn/diaochatongjisi/attachDir/2025/11/2025110511302316239.xls,人民银行社融单月分项，亿元；历史口径与缺失按原表保留；本项目计算分组，公式见指标口径；非央行独立发布指标
tsf_direct_flow,CHN,2017-02,-329.0,亿元,M,,https://www.pbc.gov.cn/diaochatongjisi/attachDir/2025/11/2025110511302316239.xls,人民银行社融单月分项，亿元；历史口径与缺失按原表保留；本项目计算分组，公式见指标口径；非央行独立发布指标
tsf_direct_flow,CHN,2017-03,1064.0,亿元,M,,https://www.pbc.gov.cn/diaochatongjisi/attachDir/2025/11/2025110511302316239.xls,人民银行社融单月分项，亿元；历史口径与缺失按原表保留；本项目计算分组，公式见指标口径；非央行独立发布指标
tsf_direct_flow,CHN,2017-04,1397.0,亿元,M,,https://www.pbc.gov.cn/diaochatongjisi/attachDir/2025/11/2025110511302316239.xls,人民银行社融单月分项，亿元；历史口径与缺失按原表保留；本项目计算分组，公式见指标口径；非央行独立发布指标
tsf_direct_flow,CHN,2017-05,-1907.0,亿元,M,,https://www.pbc.gov.cn/diaochatongjisi/attachDir/2025/11/2025110511302316239.xls,人民银行社融单月分项，亿元；历史口径与缺失按原表保留；本项目计算分组，公式见指标口径；非央行独立发布指标
tsf_direct_flow,CHN,2017-06,482.0,亿元,M,,https://www.pbc.gov.cn/diaochatongjisi/attachDir/2025/11/2025110511302316239.xls,人民银行社融单月分项，亿元；历史口径与缺失按原表保留；本项目计算分组，公式见指标口径；非央行独立发布指标
tsf_direct_flow,CHN,2017-07,3178.0,亿元,M,,https://www.pbc.gov.cn/diaochatongjisi/attachDir/2025/11/2025110511302316239.xls,人民银行社融单月分项，亿元；历史口径与缺失按原表保留；本项目计算分组，公式见指标口径；非央行独立发布指标
tsf_direct_flow,CHN,2017-08,2178.0,亿元,M,,https://www.pbc.gov.cn/diaochatongjisi/attachDir/2025/11/2025110511302316239.xls,人民银行社融单月分项，亿元；历史口径与缺失按原表保留；本项目计算分组，公式见指标口径；非央行独立发布指标
tsf_direct_flow,CHN,2017-09,2188.0,亿元,M,,https://www.pbc.gov.cn/diaochatongjisi/attachDir/2025/11/2025110511302316239.xls,人民银行社融单月分项，亿元；历史口径与缺失按原表保留；本项目计算分组，公式见指标口径；非央行独立发布指标
tsf_direct_flow,CHN,2017-10,2229.0,亿元,M,,https://www.pbc.gov.cn/diaochatongjisi/attachDir/2025/11/2025110511302316239.xls,人民银行社融单月分项，亿元；历史口径与缺失按原表保留；本项目计算分组，公式见指标口径；非央行独立发布指标
tsf_direct_flow,CHN,2017-11,2303.0,亿元,M,,https://www.pbc.gov.cn/diaochatongjisi/attachDir/2025/11/2025110511302316239.xls,人民银行社融单月分项，亿元；历史口径与缺失按原表保留；本项目计算分组，公式见指标口径；非央行独立发布指标
tsf_direct_flow,CHN,2017-12,1505.0,亿元,M,,https://www.pbc.gov.cn/diaochatongjisi/attachDir/2025/11/2025110511302316239.xls,人民银行社融单月分项，亿元；历史口径与缺失按原表保留；本项目计算分组，公式见指标口径；非央行独立发布指标
tsf_direct_flow,CHN,2018-01,2394.0,亿元,M,,https://www.pbc.gov.cn/diaochatongjisi/attachDir/2025/11/2025110511302316239.xls,人民银行社融单月分项，亿元；历史口径与缺失按原表保留；本项目计算分组，公式见指标口径；非央行独立发布指标
tsf_direct_flow,CHN,2018-02,1113.0,亿元,M,,https://www.pbc.gov.cn/diaochatongjisi/attachDir/2025/11/2025110511302316239.xls,人民银行社融单月分项，亿元；历史口径与缺失按原表保留；本项目计算分组，公式见指标口径；非央行独立发布指标
tsf_direct_flow,CHN,2018-03,4015.0,亿元,M,,https://www.pbc.gov.cn/diaochatongjisi/attachDir/2025/11/2025110511302316239.xls,人民银行社融单月分项，亿元；历史口径与缺失按原表保留；本项目计算分组，公式见指标口径；非央行独立发布指标
tsf_direct_flow,CHN,2018-04,4575.0,亿元,M,,https://www.pbc.gov.cn/diaochatongjisi/attachDir/2025/11/2025110511302316239.xls,人民银行社融单月分项，亿元；历史口径与缺失按原表保留；本项目计算分组，公式见指标口径；非央行独立发布指标
tsf_direct_flow,CHN,2018-05,87.0,亿元,M,,https://www.pbc.gov.cn/diaochatongjisi/attachDir/2025/11/2025110511302316239.xls,人民银行社融单月分项，亿元；历史口径与缺失按原表保留；本项目计算分组，公式见指标口径；非央行独立发布指标
tsf_direct_flow,CHN,2018-06,1566.0,亿元,M,,https://www.pbc.gov.cn/diaochatongjisi/attachDir/2025/11/2025110511302316239.xls,人民银行社融单月分项，亿元；历史口径与缺失按原表保留；本项目计算分组，公式见指标口径；非央行独立发布指标
tsf_direct_flow,CHN,2018-07,2364.0,亿元,M,,https://www.pbc.gov.cn/diaochatongjisi/attachDir/2025/11/2025110511302316239.xls,人民银行社融单月分项，亿元；历史口径与缺失按原表保留；本项目计算分组，公式见指标口径；非央行独立发布指标
tsf_direct_flow,CHN,2018-08,3682.0,亿元,M,,https://www.pbc.gov.cn/diaochatongjisi/attachDir/2025/11/2025110511302316239.xls,人民银行社融单月分项，亿元；历史口径与缺失按原表保留；本项目计算分组，公式见指标口径；非央行独立发布指标
tsf_direct_flow,CHN,2018-09,287.0,亿元,M,,https://www.pbc.gov.cn/diaochatongjisi/attachDir/2025/11/2025110511302316239.xls,人民银行社融单月分项，亿元；历史口径与缺失按原表保留；本项目计算分组，公式见指标口径；非央行独立发布指标
tsf_direct_flow,CHN,2018-10,1699.0,亿元,M,,https://www.pbc.gov.cn/diaochatongjisi/attachDir/2025/11/2025110511302316239.xls,人民银行社融单月分项，亿元；历史口径与缺失按原表保留；本项目计算分组，公式见指标口径；非央行独立发布指标
tsf_direct_flow,CHN,2018-11,4118.0,亿元,M,,https://www.pbc.gov.cn/diaochatongjisi/attachDir/2025/11/2025110511302316239.xls,人民银行社融单月分项，亿元；历史口径与缺失按原表保留；本项目计算分组，公式见指标口径；非央行独立发布指标
tsf_direct_flow,CHN,2018-12,4025.0,亿元,M,,https://www.pbc.gov.cn/diaochatongjisi/attachDir/2025/11/2025110511302316239.xls,人民银行社融单月分项，亿元；历史口径与缺失按原表保留；本项目计算分组，公式见指标口径；非央行独立发布指标
tsf_direct_flow,CHN,2019-01,5118.0,亿元,M,,https://www.pbc.gov.cn/diaochatongjisi/attachDir/2025/11/2025110511302316239.xls,人民银行社融单月分项，亿元；历史口径与缺失按原表保留；本项目计算分组，公式见指标口径；非央行独立发布指标
tsf_direct_flow,CHN,2019-02,994.0,亿元,M,,https://www.pbc.gov.cn/diaochatongjisi/attachDir/2025/11/2025110511302316239.xls,人民银行社融单月分项，亿元；历史口径与缺失按原表保留；本项目计算分组，公式见指标口径；非央行独立发布指标
tsf_direct_flow,CHN,2019-03,3668.0,亿元,M,,https://www.pbc.gov.cn/diaochatongjisi/attachDir/2025/11/2025110511302316239.xls,人民银行社融单月分项，亿元；历史口径与缺失按原表保留；本项目计算分组，公式见指标口径；非央行独立发布指标
tsf_direct_flow,CHN,2019-04,4211.0,亿元,M,,https://www.pbc.gov.cn/diaochatongjisi/attachDir/2025/11/2025110511302316239.xls,人民银行社融单月分项，亿元；历史口径与缺失按原表保留；本项目计算分组，公式见指标口径；非央行独立发布指标
tsf_direct_flow,CHN,2019-05,1292.0,亿元,M,,https://www.pbc.gov.cn/diaochatongjisi/attachDir/2025/11/2025110511302316239.xls,人民银行社融单月分项，亿元；历史口径与缺失按原表保留；本项目计算分组，公式见指标口径；非央行独立发布指标
tsf_direct_flow,CHN,2019-06,1592.0,亿元,M,,https://www.pbc.gov.cn/diaochatongjisi/attachDir/2025/11/2025110511302316239.xls,人民银行社融单月分项，亿元；历史口径与缺失按原表保留；本项目计算分组，公式见指标口径；非央行独立发布指标
tsf_direct_flow,CHN,2019-07,3537.0,亿元,M,,https://www.pbc.gov.cn/diaochatongjisi/attachDir/2025/11/2025110511302316239.xls,人民银行社融单月分项，亿元；历史口径与缺失按原表保留；本项目计算分组，公式见指标口径；非央行独立发布指标
tsf_direct_flow,CHN,2019-08,3640.0,亿元,M,,https://www.pbc.gov.cn/diaochatongjisi/attachDir/2025/11/2025110511302316239.xls,人民银行社融单月分项，亿元；历史口径与缺失按原表保留；本项目计算分组，公式见指标口径；非央行独立发布指标
tsf_direct_flow,CHN,2019-09,2720.0,亿元,M,,https://www.pbc.gov.cn/diaochatongjisi/attachDir/2025/11/2025110511302316239.xls,人民银行社融单月分项，亿元；历史口径与缺失按原表保留；本项目计算分组，公式见指标口径；非央行独立发布指标
tsf_direct_flow,CHN,2019-10,2212.0,亿元,M,,https://www.pbc.gov.cn/diaochatongjisi/attachDir/2025/11/2025110511302316239.xls,人民银行社融单月分项，亿元；历史口径与缺失按原表保留；本项目计算分组，公式见指标口径；非央行独立发布指标
tsf_direct_flow,CHN,2019-11,3854.0,亿元,M,,https://www.pbc.gov.cn/diaochatongjisi/attachDir/2025/11/2025110511302316239.xls,人民银行社融单月分项，亿元；历史口径与缺失按原表保留；本项目计算分组，公式见指标口径；非央行独立发布指标
tsf_direct_flow,CHN,2019-12,4025.0,亿元,M,,https://www.pbc.gov.cn/diaochatongjisi/attachDir/2025/11/2025110511302316239.xls,人民银行社融单月分项，亿元；历史口径与缺失按原表保留；本项目计算分组，公式见指标口径；非央行独立发布指标
tsf_direct_flow,CHN,2020-01,4576.0,亿元,M,,https://www.pbc.gov.cn/diaochatongjisi/attachDir/2025/11/2025110510115085998.xls,人民银行社融单月分项，亿元；历史口径与缺失按原表保留；本项目计算分组，公式见指标口径；非央行独立发布指标
tsf_direct_flow,CHN,2020-02,4343.0,亿元,M,,https://www.pbc.gov.cn/diaochatongjisi/attachDir/2025/11/2025110510115085998.xls,人民银行社融单月分项，亿元；历史口径与缺失按原表保留；本项目计算分组，公式见指标口径；非央行独立发布指标
tsf_direct_flow,CHN,2020-03,10129.0,亿元,M,,https://www.pbc.gov.cn/diaochatongjisi/attachDir/2025/11/2025110510115085998.xls,人民银行社融单月分项，亿元；历史口径与缺失按原表保留；本项目计算分组，公式见指标口径；非央行独立发布指标
tsf_direct_flow,CHN,2020-04,9552.0,亿元,M,,https://www.pbc.gov.cn/diaochatongjisi/attachDir/2025/11/2025110510115085998.xls,人民银行社融单月分项，亿元；历史口径与缺失按原表保留；本项目计算分组，公式见指标口径；非央行独立发布指标
tsf_direct_flow,CHN,2020-05,3232.0,亿元,M,,https://www.pbc.gov.cn/diaochatongjisi/attachDir/2025/11/2025110510115085998.xls,人民银行社融单月分项，亿元；历史口径与缺失按原表保留；本项目计算分组，公式见指标口径；非央行独立发布指标
tsf_direct_flow,CHN,2020-06,4224.0,亿元,M,,https://www.pbc.gov.cn/diaochatongjisi/attachDir/2025/11/2025110510115085998.xls,人民银行社融单月分项，亿元；历史口径与缺失按原表保留；本项目计算分组，公式见指标口径；非央行独立发布指标
tsf_direct_flow,CHN,2020-07,3573.0,亿元,M,,https://www.pbc.gov.cn/diaochatongjisi/attachDir/2025/11/2025110510115085998.xls,人民银行社融单月分项，亿元；历史口径与缺失按原表保留；本项目计算分组，公式见指标口径；非央行独立发布指标
tsf_direct_flow,CHN,2020-08,4941.0,亿元,M,,https://www.pbc.gov.cn/diaochatongjisi/attachDir/2025/11/2025110510115085998.xls,人民银行社融单月分项，亿元；历史口径与缺失按原表保留；本项目计算分组，公式见指标口径；非央行独立发布指标
tsf_direct_flow,CHN,2020-09,2457.0,亿元,M,,https://www.pbc.gov.cn/diaochatongjisi/attachDir/2025/11/2025110510115085998.xls,人民银行社融单月分项，亿元；历史口径与缺失按原表保留；本项目计算分组，公式见指标口径；非央行独立发布指标
tsf_direct_flow,CHN,2020-10,3190.0,亿元,M,,https://www.pbc.gov.cn/diaochatongjisi/attachDir/2025/11/2025110510115085998.xls,人民银行社融单月分项，亿元；历史口径与缺失按原表保留；本项目计算分组，公式见指标口径；非央行独立发布指标
tsf_direct_flow,CHN,2020-11,1611.0,亿元,M,,https://www.pbc.gov.cn/diaochatongjisi/attachDir/2025/11/2025110510115085998.xls,人民银行社融单月分项，亿元；历史口径与缺失按原表保留；本项目计算分组，公式见指标口径；非央行独立发布指标
tsf_direct_flow,CHN,2020-12,845.0,亿元,M,,https://www.pbc.gov.cn/diaochatongjisi/attachDir/2025/11/2025110510115085998.xls,人民银行社融单月分项，亿元；历史口径与缺失按原表保留；本项目计算分组，公式见指标口径；非央行独立发布指标
tsf_direct_flow,CHN,2021-01,4908.0,亿元,M,,https://www.pbc.gov.cn/diaochatongjisi/attachDir/2025/11/2025110509591087259.xls,人民银行社融单月分项，亿元；历史口径与缺失按原表保留；本项目计算分组，公式见指标口径；非央行独立发布指标
tsf_direct_flow,CHN,2021-02,2049.0,亿元,M,,https://www.pbc.gov.cn/diaochatongjisi/attachDir/2025/11/2025110509591087259.xls,人民银行社融单月分项，亿元；历史口径与缺失按原表保留；本项目计算分组，公式见指标口径；非央行独立发布指标
tsf_direct_flow,CHN,2021-03,4590.0,亿元,M,,https://www.pbc.gov.cn/diaochatongjisi/attachDir/2025/11/2025110509591087259.xls,人民银行社融单月分项，亿元；历史口径与缺失按原表保留；本项目计算分组，公式见指标口径；非央行独立发布指标
tsf_direct_flow,CHN,2021-04,4438.0,亿元,M,,https://www.pbc.gov.cn/diaochatongjisi/attachDir/2025/11/2025110509591087259.xls,人民银行社融单月分项，亿元；历史口径与缺失按原表保留；本项目计算分组，公式见指标口径；非央行独立发布指标
tsf_direct_flow,CHN,2021-05,-360.0,亿元,M,,https://www.pbc.gov.cn/diaochatongjisi/attachDir/2025/11/2025110509591087259.xls,人民银行社融单月分项，亿元；历史口径与缺失按原表保留；本项目计算分组，公式见指标口径；非央行独立发布指标
tsf_direct_flow,CHN,2021-06,4883.0,亿元,M,,https://www.pbc.gov.cn/diaochatongjisi/attachDir/2025/11/2025110509591087259.xls,人民银行社融单月分项，亿元；历史口径与缺失按原表保留；本项目计算分组，公式见指标口径；非央行独立发布指标
tsf_direct_flow,CHN,2021-07,4029.0,亿元,M,,https://www.pbc.gov.cn/diaochatongjisi/attachDir/2025/11/2025110509591087259.xls,人民银行社融单月分项，亿元；历史口径与缺失按原表保留；本项目计算分组，公式见指标口径；非央行独立发布指标
tsf_direct_flow,CHN,2021-08,6127.0,亿元,M,,https://www.pbc.gov.cn/diaochatongjisi/attachDir/2025/11/2025110509591087259.xls,人民银行社融单月分项，亿元；历史口径与缺失按原表保留；本项目计算分组，公式见指标口径；非央行独立发布指标
tsf_direct_flow,CHN,2021-09,1909.0,亿元,M,,https://www.pbc.gov.cn/diaochatongjisi/attachDir/2025/11/2025110509591087259.xls,人民银行社融单月分项，亿元；历史口径与缺失按原表保留；本项目计算分组，公式见指标口径；非央行独立发布指标
tsf_direct_flow,CHN,2021-10,3107.0,亿元,M,,https://www.pbc.gov.cn/diaochatongjisi/attachDir/2025/11/2025110509591087259.xls,人民银行社融单月分项，亿元；历史口径与缺失按原表保留；本项目计算分组，公式见指标口径；非央行独立发布指标
tsf_direct_flow,CHN,2021-11,5300.0,亿元,M,,https://www.pbc.gov.cn/diaochatongjisi/attachDir/2025/11/2025110509591087259.xls,人民银行社融单月分项，亿元；历史口径与缺失按原表保留；本项目计算分组，公式见指标口径；非央行独立发布指标
tsf_direct_flow,CHN,2021-12,4018.0,亿元,M,,https://www.pbc.gov.cn/diaochatongjisi/attachDir/2025/11/2025110509591087259.xls,人民银行社融单月分项，亿元；历史口径与缺失按原表保留；本项目计算分组，公式见指标口径；非央行独立发布指标
tsf_direct_flow,CHN,2022-01,7277,亿元,M,,https://www.pbc.gov.cn/diaochatongjisi/attachDir/2025/11/2025110416594167877.xlsx,人民银行社融单月分项，亿元；历史口径与缺失按原表保留；本项目计算分组，公式见指标口径；非央行独立发布指标
tsf_direct_flow,CHN,2022-02,4195,亿元,M,,https://www.pbc.gov.cn/diaochatongjisi/attachDir/2025/11/2025110416594167877.xlsx,人民银行社融单月分项，亿元；历史口径与缺失按原表保留；本项目计算分组，公式见指标口径；非央行独立发布指标
tsf_direct_flow,CHN,2022-03,4708,亿元,M,,https://www.pbc.gov.cn/diaochatongjisi/attachDir/2025/11/2025110416594167877.xlsx,人民银行社融单月分项，亿元；历史口径与缺失按原表保留；本项目计算分组，公式见指标口径；非央行独立发布指标
tsf_direct_flow,CHN,2022-04,4818,亿元,M,,https://www.pbc.gov.cn/diaochatongjisi/attachDir/2025/11/2025110416594167877.xlsx,人民银行社融单月分项，亿元；历史口径与缺失按原表保留；本项目计算分组，公式见指标口径；非央行独立发布指标
tsf_direct_flow,CHN,2022-05,658,亿元,M,,https://www.pbc.gov.cn/diaochatongjisi/attachDir/2025/11/2025110416594167877.xlsx,人民银行社融单月分项，亿元；历史口径与缺失按原表保留；本项目计算分组，公式见指标口径；非央行独立发布指标
tsf_direct_flow,CHN,2022-06,2935,亿元,M,,https://www.pbc.gov.cn/diaochatongjisi/attachDir/2025/11/2025110416594167877.xlsx,人民银行社融单月分项，亿元；历史口径与缺失按原表保留；本项目计算分组，公式见指标口径；非央行独立发布指标
tsf_direct_flow,CHN,2022-07,2397,亿元,M,,https://www.pbc.gov.cn/diaochatongjisi/attachDir/2025/11/2025110416594167877.xlsx,人民银行社融单月分项，亿元；历史口径与缺失按原表保留；本项目计算分组，公式见指标口径；非央行独立发布指标
tsf_direct_flow,CHN,2022-08,2763,亿元,M,,https://www.pbc.gov.cn/diaochatongjisi/attachDir/2025/11/2025110416594167877.xlsx,人民银行社融单月分项，亿元；历史口径与缺失按原表保留；本项目计算分组，公式见指标口径；非央行独立发布指标
tsf_direct_flow,CHN,2022-09,1367,亿元,M,,https://www.pbc.gov.cn/diaochatongjisi/attachDir/2025/11/2025110416594167877.xlsx,人民银行社融单月分项，亿元；历史口径与缺失按原表保留；本项目计算分组，公式见指标口径；非央行独立发布指标
tsf_direct_flow,CHN,2022-10,3201,亿元,M,,https://www.pbc.gov.cn/diaochatongjisi/attachDir/2025/11/2025110416594167877.xlsx,人民银行社融单月分项，亿元；历史口径与缺失按原表保留；本项目计算分组，公式见指标口径；非央行独立发布指标
tsf_direct_flow,CHN,2022-11,1392,亿元,M,,https://www.pbc.gov.cn/diaochatongjisi/attachDir/2025/11/2025110416594167877.xlsx,人民银行社融单月分项，亿元；历史口径与缺失按原表保留；本项目计算分组，公式见指标口径；非央行独立发布指标
tsf_direct_flow,CHN,2022-12,-3444,亿元,M,,https://www.pbc.gov.cn/diaochatongjisi/attachDir/2025/11/2025110416594167877.xlsx,人民银行社融单月分项，亿元；历史口径与缺失按原表保留；本项目计算分组，公式见指标口径；非央行独立发布指标
tsf_direct_flow,CHN,2023-01,2602,亿元,M,,https://www.pbc.gov.cn/diaochatongjisi/attachDir/2025/11/2025110415542112867.xlsx,人民银行社融单月分项，亿元；历史口径与缺失按原表保留；本项目计算分组，公式见指标口径；非央行独立发布指标
tsf_direct_flow,CHN,2023-02,4233,亿元,M,,https://www.pbc.gov.cn/diaochatongjisi/attachDir/2025/11/2025110415542112867.xlsx,人民银行社融单月分项，亿元；历史口径与缺失按原表保留；本项目计算分组，公式见指标口径；非央行独立发布指标
tsf_direct_flow,CHN,2023-03,3971,亿元,M,,https://www.pbc.gov.cn/diaochatongjisi/attachDir/2025/11/2025110415542112867.xlsx,人民银行社融单月分项，亿元；历史口径与缺失按原表保留；本项目计算分组，公式见指标口径；非央行独立发布指标
tsf_direct_flow,CHN,2023-04,3933,亿元,M,,https://www.pbc.gov.cn/diaochatongjisi/attachDir/2025/11/2025110415542112867.xlsx,人民银行社融单月分项，亿元；历史口径与缺失按原表保留；本项目计算分组，公式见指标口径；非央行独立发布指标
tsf_direct_flow,CHN,2023-05,-1391,亿元,M,,https://www.pbc.gov.cn/diaochatongjisi/attachDir/2025/11/2025110415542112867.xlsx,人民银行社融单月分项，亿元；历史口径与缺失按原表保留；本项目计算分组，公式见指标口径；非央行独立发布指标
tsf_direct_flow,CHN,2023-06,2949,亿元,M,,https://www.pbc.gov.cn/diaochatongjisi/attachDir/2025/11/2025110415542112867.xlsx,人民银行社融单月分项，亿元；历史口径与缺失按原表保留；本项目计算分组，公式见指标口径；非央行独立发布指标
tsf_direct_flow,CHN,2023-07,2076,亿元,M,,https://www.pbc.gov.cn/diaochatongjisi/attachDir/2025/11/2025110415542112867.xlsx,人民银行社融单月分项，亿元；历史口径与缺失按原表保留；本项目计算分组，公式见指标口径；非央行独立发布指标
tsf_direct_flow,CHN,2023-08,3824,亿元,M,,https://www.pbc.gov.cn/diaochatongjisi/attachDir/2025/11/2025110415542112867.xlsx,人民银行社融单月分项，亿元；历史口径与缺失按原表保留；本项目计算分组，公式见指标口径；非央行独立发布指标
tsf_direct_flow,CHN,2023-09,976,亿元,M,,https://www.pbc.gov.cn/diaochatongjisi/attachDir/2025/11/2025110415542112867.xlsx,人民银行社融单月分项，亿元；历史口径与缺失按原表保留；本项目计算分组，公式见指标口径；非央行独立发布指标
tsf_direct_flow,CHN,2023-10,1499,亿元,M,,https://www.pbc.gov.cn/diaochatongjisi/attachDir/2025/11/2025110415542112867.xlsx,人民银行社融单月分项，亿元；历史口径与缺失按原表保留；本项目计算分组，公式见指标口径；非央行独立发布指标
tsf_direct_flow,CHN,2023-11,1747,亿元,M,,https://www.pbc.gov.cn/diaochatongjisi/attachDir/2025/11/2025110415542112867.xlsx,人民银行社融单月分项，亿元；历史口径与缺失按原表保留；本项目计算分组，公式见指标口径；非央行独立发布指标
tsf_direct_flow,CHN,2023-12,-2233,亿元,M,,https://www.pbc.gov.cn/diaochatongjisi/attachDir/2025/11/2025110415542112867.xlsx,人民银行社融单月分项，亿元；历史口径与缺失按原表保留；本项目计算分组，公式见指标口径；非央行独立发布指标
tsf_direct_flow,CHN,2024-01,4742,亿元,M,,https://www.pbc.gov.cn/diaochatongjisi/attachDir/2025/11/2025111416252488839.xlsx,人民银行社融单月分项，亿元；历史口径与缺失按原表保留；本项目计算分组，公式见指标口径；非央行独立发布指标
tsf_direct_flow,CHN,2024-02,1537,亿元,M,,https://www.pbc.gov.cn/diaochatongjisi/attachDir/2025/11/2025111416252488839.xlsx,人民银行社融单月分项，亿元；历史口径与缺失按原表保留；本项目计算分组，公式见指标口径；非央行独立发布指标
tsf_direct_flow,CHN,2024-03,4464,亿元,M,,https://www.pbc.gov.cn/diaochatongjisi/attachDir/2025/11/2025111416252488839.xlsx,人民银行社融单月分项，亿元；历史口径与缺失按原表保留；本项目计算分组，公式见指标口径；非央行独立发布指标
tsf_direct_flow,CHN,2024-04,1893,亿元,M,,https://www.pbc.gov.cn/diaochatongjisi/attachDir/2025/11/2025111416252488839.xlsx,人民银行社融单月分项，亿元；历史口径与缺失按原表保留；本项目计算分组，公式见指标口径；非央行独立发布指标
tsf_direct_flow,CHN,2024-05,396,亿元,M,,https://www.pbc.gov.cn/diaochatongjisi/attachDir/2025/11/2025111416252488839.xlsx,人民银行社融单月分项，亿元；历史口径与缺失按原表保留；本项目计算分组，公式见指标口径；非央行独立发布指标
tsf_direct_flow,CHN,2024-06,2254,亿元,M,,https://www.pbc.gov.cn/diaochatongjisi/attachDir/2025/11/2025111416252488839.xlsx,人民银行社融单月分项，亿元；历史口径与缺失按原表保留；本项目计算分组，公式见指标口径；非央行独立发布指标
tsf_direct_flow,CHN,2024-07,2267,亿元,M,,https://www.pbc.gov.cn/diaochatongjisi/attachDir/2025/11/2025111416252488839.xlsx,人民银行社融单月分项，亿元；历史口径与缺失按原表保留；本项目计算分组，公式见指标口径；非央行独立发布指标
tsf_direct_flow,CHN,2024-08,1835,亿元,M,,https://www.pbc.gov.cn/diaochatongjisi/attachDir/2025/11/2025111416252488839.xlsx,人民银行社融单月分项，亿元；历史口径与缺失按原表保留；本项目计算分组，公式见指标口径；非央行独立发布指标
tsf_direct_flow,CHN,2024-09,-1798,亿元,M,,https://www.pbc.gov.cn/diaochatongjisi/attachDir/2025/11/2025111416252488839.xlsx,人民银行社融单月分项，亿元；历史口径与缺失按原表保留；本项目计算分组，公式见指标口径；非央行独立发布指标
tsf_direct_flow,CHN,2024-10,1271,亿元,M,,https://www.pbc.gov.cn/diaochatongjisi/attachDir/2025/11/2025111416252488839.xlsx,人民银行社融单月分项，亿元；历史口径与缺失按原表保留；本项目计算分组，公式见指标口径；非央行独立发布指标
tsf_direct_flow,CHN,2024-11,2809,亿元,M,,https://www.pbc.gov.cn/diaochatongjisi/attachDir/2025/11/2025111416252488839.xlsx,人民银行社融单月分项，亿元；历史口径与缺失按原表保留；本项目计算分组，公式见指标口径；非央行独立发布指标
tsf_direct_flow,CHN,2024-12,325,亿元,M,,https://www.pbc.gov.cn/diaochatongjisi/attachDir/2025/11/2025111416252488839.xlsx,人民银行社融单月分项，亿元；历史口径与缺失按原表保留；本项目计算分组，公式见指标口径；非央行独立发布指标
tsf_direct_flow,CHN,2025-01,4927,亿元,M,,https://www.pbc.gov.cn/diaochatongjisi/attachDir/2026/02/2026021418235592487.xlsx,人民银行社融单月分项，亿元；历史口径与缺失按原表保留；本项目计算分组，公式见指标口径；非央行独立发布指标
tsf_direct_flow,CHN,2025-02,1778,亿元,M,,https://www.pbc.gov.cn/diaochatongjisi/attachDir/2026/02/2026021418235592487.xlsx,人民银行社融单月分项，亿元；历史口径与缺失按原表保留；本项目计算分组，公式见指标口径；非央行独立发布指标
tsf_direct_flow,CHN,2025-03,-493,亿元,M,,https://www.pbc.gov.cn/diaochatongjisi/attachDir/2026/02/2026021418235592487.xlsx,人民银行社融单月分项，亿元；历史口径与缺失按原表保留；本项目计算分组，公式见指标口径；非央行独立发布指标
tsf_direct_flow,CHN,2025-04,2731,亿元,M,,https://www.pbc.gov.cn/diaochatongjisi/attachDir/2026/02/2026021418235592487.xlsx,人民银行社融单月分项，亿元；历史口径与缺失按原表保留；本项目计算分组，公式见指标口径；非央行独立发布指标
tsf_direct_flow,CHN,2025-05,1648,亿元,M,,https://www.pbc.gov.cn/diaochatongjisi/attachDir/2026/02/2026021418235592487.xlsx,人民银行社融单月分项，亿元；历史口径与缺失按原表保留；本项目计算分组，公式见指标口径；非央行独立发布指标
tsf_direct_flow,CHN,2025-06,2625,亿元,M,,https://www.pbc.gov.cn/diaochatongjisi/attachDir/2026/02/2026021418235592487.xlsx,人民银行社融单月分项，亿元；历史口径与缺失按原表保留；本项目计算分组，公式见指标口径；非央行独立发布指标
tsf_direct_flow,CHN,2025-07,3253,亿元,M,,https://www.pbc.gov.cn/diaochatongjisi/attachDir/2026/02/2026021418235592487.xlsx,人民银行社融单月分项，亿元；历史口径与缺失按原表保留；本项目计算分组，公式见指标口径；非央行独立发布指标
tsf_direct_flow,CHN,2025-08,1794,亿元,M,,https://www.pbc.gov.cn/diaochatongjisi/attachDir/2026/02/2026021418235592487.xlsx,人民银行社融单月分项，亿元；历史口径与缺失按原表保留；本项目计算分组，公式见指标口径；非央行独立发布指标
tsf_direct_flow,CHN,2025-09,635,亿元,M,,https://www.pbc.gov.cn/diaochatongjisi/attachDir/2026/02/2026021418235592487.xlsx,人民银行社融单月分项，亿元；历史口径与缺失按原表保留；本项目计算分组，公式见指标口径；非央行独立发布指标
tsf_direct_flow,CHN,2025-10,3195,亿元,M,,https://www.pbc.gov.cn/diaochatongjisi/attachDir/2026/02/2026021418235592487.xlsx,人民银行社融单月分项，亿元；历史口径与缺失按原表保留；本项目计算分组，公式见指标口径；非央行独立发布指标
tsf_direct_flow,CHN,2025-11,4486,亿元,M,,https://www.pbc.gov.cn/diaochatongjisi/attachDir/2026/02/2026021418235592487.xlsx,人民银行社融单月分项，亿元；历史口径与缺失按原表保留；本项目计算分组，公式见指标口径；非央行独立发布指标
tsf_direct_flow,CHN,2025-12,2100,亿元,M,,https://www.pbc.gov.cn/diaochatongjisi/attachDir/2026/02/2026021418235592487.xlsx,人民银行社融单月分项，亿元；历史口径与缺失按原表保留；本项目计算分组，公式见指标口径；非央行独立发布指标
tsf_direct_flow,CHN,2026-01,5324,亿元,M,,https://www.pbc.gov.cn/diaochatongjisi/attachDir/2026/09/2026091418125322850.xlsx,人民银行社融单月分项，亿元；历史口径与缺失按原表保留；本项目计算分组，公式见指标口径；非央行独立发布指标
tsf_direct_flow,CHN,2026-02,1976,亿元,M,,https://www.pbc.gov.cn/diaochatongjisi/attachDir/2026/09/2026091418125322850.xlsx,人民银行社融单月分项，亿元；历史口径与缺失按原表保留；本项目计算分组，公式见指标口径；非央行独立发布指标
tsf_direct_flow,CHN,2026-03,4338,亿元,M,,https://www.pbc.gov.cn/diaochatongjisi/attachDir/2026/09/2026091418125322850.xlsx,人民银行社融单月分项，亿元；历史口径与缺失按原表保留；本项目计算分组，公式见指标口径；非央行独立发布指标
tsf_direct_flow,CHN,2026-04,5355,亿元,M,,https://www.pbc.gov.cn/diaochatongjisi/attachDir/2026/09/2026091418125322850.xlsx,人民银行社融单月分项，亿元；历史口径与缺失按原表保留；本项目计算分组，公式见指标口径；非央行独立发布指标
tsf_direct_flow,CHN,2026-05,1978,亿元,M,,https://www.pbc.gov.cn/diaochatongjisi/attachDir/2026/09/2026091418125322850.xlsx,人民银行社融单月分项，亿元；历史口径与缺失按原表保留；本项目计算分组，公式见指标口径；非央行独立发布指标
tsf_direct_flow,CHN,2026-06,4640,亿元,M,,https://www.pbc.gov.cn/diaochatongjisi/attachDir/2026/09/2026091418125322850.xlsx,人民银行社融单月分项，亿元；历史口径与缺失按原表保留；本项目计算分组，公式见指标口径；非央行独立发布指标
tsf_direct_flow,CHN,2026-07,5664,亿元,M,,https://www.pbc.gov.cn/diaochatongjisi/attachDir/2026/09/2026091418125322850.xlsx,人民银行社融单月分项，亿元；历史口径与缺失按原表保留；本项目计算分组，公式见指标口径；非央行独立发布指标
tsf_direct_flow,CHN,2026-08,3351,亿元,M,,https://www.pbc.gov.cn/diaochatongjisi/attachDir/2026/09/2026091418125322850.xlsx,人民银行社融单月分项，亿元；历史口径与缺失按原表保留；本项目计算分组，公式见指标口径；非央行独立发布指标
tsf_entrusted_flow,CHN,2002-01,-12,亿元,M,,https://www.pbc.gov.cn/diaochatongjisi/116219/116225/2863562/index.html,人民银行社融单月分项，亿元；历史口径与缺失按原表保留
tsf_entrusted_flow,CHN,2002-02,16,亿元,M,,https://www.pbc.gov.cn/diaochatongjisi/116219/116225/2863562/index.html,人民银行社融单月分项，亿元；历史口径与缺失按原表保留
tsf_entrusted_flow,CHN,2002-03,-3,亿元,M,,https://www.pbc.gov.cn/diaochatongjisi/116219/116225/2863562/index.html,人民银行社融单月分项，亿元；历史口径与缺失按原表保留
tsf_entrusted_flow,CHN,2002-04,119,亿元,M,,https://www.pbc.gov.cn/diaochatongjisi/116219/116225/2863562/index.html,人民银行社融单月分项，亿元；历史口径与缺失按原表保留
tsf_entrusted_flow,CHN,2002-05,74,亿元,M,,https://www.pbc.gov.cn/diaochatongjisi/116219/116225/2863562/index.html,人民银行社融单月分项，亿元；历史口径与缺失按原表保留
tsf_entrusted_flow,CHN,2002-06,18,亿元,M,,https://www.pbc.gov.cn/diaochatongjisi/116219/116225/2863562/index.html,人民银行社融单月分项，亿元；历史口径与缺失按原表保留
tsf_entrusted_flow,CHN,2002-07,45,亿元,M,,https://www.pbc.gov.cn/diaochatongjisi/116219/116225/2863562/index.html,人民银行社融单月分项，亿元；历史口径与缺失按原表保留
tsf_entrusted_flow,CHN,2002-08,-14,亿元,M,,https://www.pbc.gov.cn/diaochatongjisi/116219/116225/2863562/index.html,人民银行社融单月分项，亿元；历史口径与缺失按原表保留
tsf_entrusted_flow,CHN,2002-09,-23,亿元,M,,https://www.pbc.gov.cn/diaochatongjisi/116219/116225/2863562/index.html,人民银行社融单月分项，亿元；历史口径与缺失按原表保留
tsf_entrusted_flow,CHN,2002-10,-27,亿元,M,,https://www.pbc.gov.cn/diaochatongjisi/116219/116225/2863562/index.html,人民银行社融单月分项，亿元；历史口径与缺失按原表保留
tsf_entrusted_flow,CHN,2002-11,-16,亿元,M,,https://www.pbc.gov.cn/diaochatongjisi/116219/116225/2863562/index.html,人民银行社融单月分项，亿元；历史口径与缺失按原表保留
tsf_entrusted_flow,CHN,2002-12,0,亿元,M,,https://www.pbc.gov.cn/diaochatongjisi/116219/116225/2863562/index.html,人民银行社融单月分项，亿元；历史口径与缺失按原表保留
tsf_entrusted_flow,CHN,2003-01,37,亿元,M,,https://www.pbc.gov.cn/diaochatongjisi/116219/116225/2863562/index.html,人民银行社融单月分项，亿元；历史口径与缺失按原表保留
tsf_entrusted_flow,CHN,2003-02,18,亿元,M,,https://www.pbc.gov.cn/diaochatongjisi/116219/116225/2863562/index.html,人民银行社融单月分项，亿元；历史口径与缺失按原表保留
tsf_entrusted_flow,CHN,2003-03,23,亿元,M,,https://www.pbc.gov.cn/diaochatongjisi/116219/116225/2863562/index.html,人民银行社融单月分项，亿元；历史口径与缺失按原表保留
tsf_entrusted_flow,CHN,2003-04,68,亿元,M,,https://www.pbc.gov.cn/diaochatongjisi/116219/116225/2863562/index.html,人民银行社融单月分项，亿元；历史口径与缺失按原表保留
tsf_entrusted_flow,CHN,2003-05,2,亿元,M,,https://www.pbc.gov.cn/diaochatongjisi/116219/116225/2863562/index.html,人民银行社融单月分项，亿元；历史口径与缺失按原表保留
tsf_entrusted_flow,CHN,2003-06,176,亿元,M,,https://www.pbc.gov.cn/diaochatongjisi/116219/116225/2863562/index.html,人民银行社融单月分项，亿元；历史口径与缺失按原表保留
tsf_entrusted_flow,CHN,2003-07,22,亿元,M,,https://www.pbc.gov.cn/diaochatongjisi/116219/116225/2863562/index.html,人民银行社融单月分项，亿元；历史口径与缺失按原表保留
tsf_entrusted_flow,CHN,2003-08,100,亿元,M,,https://www.pbc.gov.cn/diaochatongjisi/116219/116225/2863562/index.html,人民银行社融单月分项，亿元；历史口径与缺失按原表保留
tsf_entrusted_flow,CHN,2003-09,78,亿元,M,,https://www.pbc.gov.cn/diaochatongjisi/116219/116225/2863562/index.html,人民银行社融单月分项，亿元；历史口径与缺失按原表保留
tsf_entrusted_flow,CHN,2003-10,-10,亿元,M,,https://www.pbc.gov.cn/diaochatongjisi/116219/116225/2863562/index.html,人民银行社融单月分项，亿元；历史口径与缺失按原表保留
tsf_entrusted_flow,CHN,2003-11,66,亿元,M,,https://www.pbc.gov.cn/diaochatongjisi/116219/116225/2863562/index.html,人民银行社融单月分项，亿元；历史口径与缺失按原表保留
tsf_entrusted_flow,CHN,2003-12,21,亿元,M,,https://www.pbc.gov.cn/diaochatongjisi/116219/116225/2863562/index.html,人民银行社融单月分项，亿元；历史口径与缺失按原表保留
tsf_entrusted_flow,CHN,2004-01,133,亿元,M,,https://www.pbc.gov.cn/diaochatongjisi/116219/116225/2863562/index.html,人民银行社融单月分项，亿元；历史口径与缺失按原表保留
tsf_entrusted_flow,CHN,2004-02,138,亿元,M,,https://www.pbc.gov.cn/diaochatongjisi/116219/116225/2863562/index.html,人民银行社融单月分项，亿元；历史口径与缺失按原表保留
tsf_entrusted_flow,CHN,2004-03,98,亿元,M,,https://www.pbc.gov.cn/diaochatongjisi/116219/116225/2863562/index.html,人民银行社融单月分项，亿元；历史口径与缺失按原表保留
tsf_entrusted_flow,CHN,2004-04,99,亿元,M,,https://www.pbc.gov.cn/diaochatongjisi/116219/116225/2863562/index.html,人民银行社融单月分项，亿元；历史口径与缺失按原表保留
tsf_entrusted_flow,CHN,2004-05,1316,亿元,M,,https://www.pbc.gov.cn/diaochatongjisi/116219/116225/2863562/index.html,人民银行社融单月分项，亿元；历史口径与缺失按原表保留
tsf_entrusted_flow,CHN,2004-06,144,亿元,M,,https://www.pbc.gov.cn/diaochatongjisi/116219/116225/2863562/index.html,人民银行社融单月分项，亿元；历史口径与缺失按原表保留
tsf_entrusted_flow,CHN,2004-07,99,亿元,M,,https://www.pbc.gov.cn/diaochatongjisi/116219/116225/2863562/index.html,人民银行社融单月分项，亿元；历史口径与缺失按原表保留
tsf_entrusted_flow,CHN,2004-08,162,亿元,M,,https://www.pbc.gov.cn/diaochatongjisi/116219/116225/2863562/index.html,人民银行社融单月分项，亿元；历史口径与缺失按原表保留
tsf_entrusted_flow,CHN,2004-09,115,亿元,M,,https://www.pbc.gov.cn/diaochatongjisi/116219/116225/2863562/index.html,人民银行社融单月分项，亿元；历史口径与缺失按原表保留
tsf_entrusted_flow,CHN,2004-10,98,亿元,M,,https://www.pbc.gov.cn/diaochatongjisi/116219/116225/2863562/index.html,人民银行社融单月分项，亿元；历史口径与缺失按原表保留
tsf_entrusted_flow,CHN,2004-11,358,亿元,M,,https://www.pbc.gov.cn/diaochatongjisi/116219/116225/2863562/index.html,人民银行社融单月分项，亿元；历史口径与缺失按原表保留
tsf_entrusted_flow,CHN,2004-12,357,亿元,M,,https://www.pbc.gov.cn/diaochatongjisi/116219/116225/2863562/index.html,人民银行社融单月分项，亿元；历史口径与缺失按原表保留
tsf_entrusted_flow,CHN,2005-01,187,亿元,M,,https://www.pbc.gov.cn/diaochatongjisi/116219/116225/2863562/index.html,人民银行社融单月分项，亿元；历史口径与缺失按原表保留
tsf_entrusted_flow,CHN,2005-02,53,亿元,M,,https://www.pbc.gov.cn/diaochatongjisi/116219/116225/2863562/index.html,人民银行社融单月分项，亿元；历史口径与缺失按原表保留
tsf_entrusted_flow,CHN,2005-03,277,亿元,M,,https://www.pbc.gov.cn/diaochatongjisi/116219/116225/2863562/index.html,人民银行社融单月分项，亿元；历史口径与缺失按原表保留
tsf_entrusted_flow,CHN,2005-04,200,亿元,M,,https://www.pbc.gov.cn/diaochatongjisi/116219/116225/2863562/index.html,人民银行社融单月分项，亿元；历史口径与缺失按原表保留
tsf_entrusted_flow,CHN,2005-05,109,亿元,M,,https://www.pbc.gov.cn/diaochatongjisi/116219/116225/2863562/index.html,人民银行社融单月分项，亿元；历史口径与缺失按原表保留
tsf_entrusted_flow,CHN,2005-06,89,亿元,M,,https://www.pbc.gov.cn/diaochatongjisi/116219/116225/2863562/index.html,人民银行社融单月分项，亿元；历史口径与缺失按原表保留
tsf_entrusted_flow,CHN,2005-07,202,亿元,M,,https://www.pbc.gov.cn/diaochatongjisi/116219/116225/2863562/index.html,人民银行社融单月分项，亿元；历史口径与缺失按原表保留
tsf_entrusted_flow,CHN,2005-08,153,亿元,M,,https://www.pbc.gov.cn/diaochatongjisi/116219/116225/2863562/index.html,人民银行社融单月分项，亿元；历史口径与缺失按原表保留
tsf_entrusted_flow,CHN,2005-09,171,亿元,M,,https://www.pbc.gov.cn/diaochatongjisi/116219/116225/2863562/index.html,人民银行社融单月分项，亿元；历史口径与缺失按原表保留
tsf_entrusted_flow,CHN,2005-10,215,亿元,M,,https://www.pbc.gov.cn/diaochatongjisi/116219/116225/2863562/index.html,人民银行社融单月分项，亿元；历史口径与缺失按原表保留
tsf_entrusted_flow,CHN,2005-11,123,亿元,M,,https://www.pbc.gov.cn/diaochatongjisi/116219/116225/2863562/index.html,人民银行社融单月分项，亿元；历史口径与缺失按原表保留
tsf_entrusted_flow,CHN,2005-12,184,亿元,M,,https://www.pbc.gov.cn/diaochatongjisi/116219/116225/2863562/index.html,人民银行社融单月分项，亿元；历史口径与缺失按原表保留
tsf_entrusted_flow,CHN,2006-01,345,亿元,M,,https://www.pbc.gov.cn/diaochatongjisi/116219/116225/2863562/index.html,人民银行社融单月分项，亿元；历史口径与缺失按原表保留
tsf_entrusted_flow,CHN,2006-02,119,亿元,M,,https://www.pbc.gov.cn/diaochatongjisi/116219/116225/2863562/index.html,人民银行社融单月分项，亿元；历史口径与缺失按原表保留
tsf_entrusted_flow,CHN,2006-03,204,亿元,M,,https://www.pbc.gov.cn/diaochatongjisi/116219/116225/2863562/index.html,人民银行社融单月分项，亿元；历史口径与缺失按原表保留
tsf_entrusted_flow,CHN,2006-04,419,亿元,M,,https://www.pbc.gov.cn/diaochatongjisi/116219/116225/2863562/index.html,人民银行社融单月分项，亿元；历史口径与缺失按原表保留
tsf_entrusted_flow,CHN,2006-05,257,亿元,M,,https://www.pbc.gov.cn/diaochatongjisi/116219/116225/2863562/index.html,人民银行社融单月分项，亿元；历史口径与缺失按原表保留
tsf_entrusted_flow,CHN,2006-06,129,亿元,M,,https://www.pbc.gov.cn/diaochatongjisi/116219/116225/2863562/index.html,人民银行社融单月分项，亿元；历史口径与缺失按原表保留
tsf_entrusted_flow,CHN,2006-07,194,亿元,M,,https://www.pbc.gov.cn/diaochatongjisi/116219/116225/2863562/index.html,人民银行社融单月分项，亿元；历史口径与缺失按原表保留
tsf_entrusted_flow,CHN,2006-08,201,亿元,M,,https://www.pbc.gov.cn/diaochatongjisi/116219/116225/2863562/index.html,人民银行社融单月分项，亿元；历史口径与缺失按原表保留
tsf_entrusted_flow,CHN,2006-09,228,亿元,M,,https://www.pbc.gov.cn/diaochatongjisi/116219/116225/2863562/index.html,人民银行社融单月分项，亿元；历史口径与缺失按原表保留
tsf_entrusted_flow,CHN,2006-10,155,亿元,M,,https://www.pbc.gov.cn/diaochatongjisi/116219/116225/2863562/index.html,人民银行社融单月分项，亿元；历史口径与缺失按原表保留
tsf_entrusted_flow,CHN,2006-11,254,亿元,M,,https://www.pbc.gov.cn/diaochatongjisi/116219/116225/2863562/index.html,人民银行社融单月分项，亿元；历史口径与缺失按原表保留
tsf_entrusted_flow,CHN,2006-12,188,亿元,M,,https://www.pbc.gov.cn/diaochatongjisi/116219/116225/2863562/index.html,人民银行社融单月分项，亿元；历史口径与缺失按原表保留
tsf_entrusted_flow,CHN,2007-01,211,亿元,M,,https://www.pbc.gov.cn/diaochatongjisi/116219/116225/2863562/index.html,人民银行社融单月分项，亿元；历史口径与缺失按原表保留
tsf_entrusted_flow,CHN,2007-02,162,亿元,M,,https://www.pbc.gov.cn/diaochatongjisi/116219/116225/2863562/index.html,人民银行社融单月分项，亿元；历史口径与缺失按原表保留
tsf_entrusted_flow,CHN,2007-03,100,亿元,M,,https://www.pbc.gov.cn/diaochatongjisi/116219/116225/2863562/index.html,人民银行社融单月分项，亿元；历史口径与缺失按原表保留
tsf_entrusted_flow,CHN,2007-04,460,亿元,M,,https://www.pbc.gov.cn/diaochatongjisi/116219/116225/2863562/index.html,人民银行社融单月分项，亿元；历史口径与缺失按原表保留
tsf_entrusted_flow,CHN,2007-05,230,亿元,M,,https://www.pbc.gov.cn/diaochatongjisi/116219/116225/2863562/index.html,人民银行社融单月分项，亿元；历史口径与缺失按原表保留
tsf_entrusted_flow,CHN,2007-06,243,亿元,M,,https://www.pbc.gov.cn/diaochatongjisi/116219/116225/2863562/index.html,人民银行社融单月分项，亿元；历史口径与缺失按原表保留
tsf_entrusted_flow,CHN,2007-07,331,亿元,M,,https://www.pbc.gov.cn/diaochatongjisi/116219/116225/2863562/index.html,人民银行社融单月分项，亿元；历史口径与缺失按原表保留
tsf_entrusted_flow,CHN,2007-08,421,亿元,M,,https://www.pbc.gov.cn/diaochatongjisi/116219/116225/2863562/index.html,人民银行社融单月分项，亿元；历史口径与缺失按原表保留
tsf_entrusted_flow,CHN,2007-09,270,亿元,M,,https://www.pbc.gov.cn/diaochatongjisi/116219/116225/2863562/index.html,人民银行社融单月分项，亿元；历史口径与缺失按原表保留
tsf_entrusted_flow,CHN,2007-10,-250,亿元,M,,https://www.pbc.gov.cn/diaochatongjisi/116219/116225/2863562/index.html,人民银行社融单月分项，亿元；历史口径与缺失按原表保留
tsf_entrusted_flow,CHN,2007-11,135,亿元,M,,https://www.pbc.gov.cn/diaochatongjisi/116219/116225/2863562/index.html,人民银行社融单月分项，亿元；历史口径与缺失按原表保留
tsf_entrusted_flow,CHN,2007-12,1058,亿元,M,,https://www.pbc.gov.cn/diaochatongjisi/116219/116225/2863562/index.html,人民银行社融单月分项，亿元；历史口径与缺失按原表保留
tsf_entrusted_flow,CHN,2008-01,564,亿元,M,,https://www.pbc.gov.cn/diaochatongjisi/116219/116225/2863562/index.html,人民银行社融单月分项，亿元；历史口径与缺失按原表保留
tsf_entrusted_flow,CHN,2008-02,93,亿元,M,,https://www.pbc.gov.cn/diaochatongjisi/116219/116225/2863562/index.html,人民银行社融单月分项，亿元；历史口径与缺失按原表保留
tsf_entrusted_flow,CHN,2008-03,82,亿元,M,,https://www.pbc.gov.cn/diaochatongjisi/116219/116225/2863562/index.html,人民银行社融单月分项，亿元；历史口径与缺失按原表保留
tsf_entrusted_flow,CHN,2008-04,537,亿元,M,,https://www.pbc.gov.cn/diaochatongjisi/116219/116225/2863562/index.html,人民银行社融单月分项，亿元；历史口径与缺失按原表保留
tsf_entrusted_flow,CHN,2008-05,423,亿元,M,,https://www.pbc.gov.cn/diaochatongjisi/116219/116225/2863562/index.html,人民银行社融单月分项，亿元；历史口径与缺失按原表保留
tsf_entrusted_flow,CHN,2008-06,447,亿元,M,,https://www.pbc.gov.cn/diaochatongjisi/116219/116225/2863562/index.html,人民银行社融单月分项，亿元；历史口径与缺失按原表保留
tsf_entrusted_flow,CHN,2008-07,373,亿元,M,,https://www.pbc.gov.cn/diaochatongjisi/116219/116225/2863562/index.html,人民银行社融单月分项，亿元；历史口径与缺失按原表保留
tsf_entrusted_flow,CHN,2008-08,326,亿元,M,,https://www.pbc.gov.cn/diaochatongjisi/116219/116225/2863562/index.html,人民银行社融单月分项，亿元；历史口径与缺失按原表保留
tsf_entrusted_flow,CHN,2008-09,648,亿元,M,,https://www.pbc.gov.cn/diaochatongjisi/116219/116225/2863562/index.html,人民银行社融单月分项，亿元；历史口径与缺失按原表保留
tsf_entrusted_flow,CHN,2008-10,158,亿元,M,,https://www.pbc.gov.cn/diaochatongjisi/116219/116225/2863562/index.html,人民银行社融单月分项，亿元；历史口径与缺失按原表保留
tsf_entrusted_flow,CHN,2008-11,355,亿元,M,,https://www.pbc.gov.cn/diaochatongjisi/116219/116225/2863562/index.html,人民银行社融单月分项，亿元；历史口径与缺失按原表保留
tsf_entrusted_flow,CHN,2008-12,255,亿元,M,,https://www.pbc.gov.cn/diaochatongjisi/116219/116225/2863562/index.html,人民银行社融单月分项，亿元；历史口径与缺失按原表保留
tsf_entrusted_flow,CHN,2009-01,262,亿元,M,,https://www.pbc.gov.cn/diaochatongjisi/116219/116225/2863562/index.html,人民银行社融单月分项，亿元；历史口径与缺失按原表保留
tsf_entrusted_flow,CHN,2009-02,347,亿元,M,,https://www.pbc.gov.cn/diaochatongjisi/116219/116225/2863562/index.html,人民银行社融单月分项，亿元；历史口径与缺失按原表保留
tsf_entrusted_flow,CHN,2009-03,407,亿元,M,,https://www.pbc.gov.cn/diaochatongjisi/116219/116225/2863562/index.html,人民银行社融单月分项，亿元；历史口径与缺失按原表保留
tsf_entrusted_flow,CHN,2009-04,339,亿元,M,,https://www.pbc.gov.cn/diaochatongjisi/116219/116225/2863562/index.html,人民银行社融单月分项，亿元；历史口径与缺失按原表保留
tsf_entrusted_flow,CHN,2009-05,619,亿元,M,,https://www.pbc.gov.cn/diaochatongjisi/116219/116225/2863562/index.html,人民银行社融单月分项，亿元；历史口径与缺失按原表保留
tsf_entrusted_flow,CHN,2009-06,678,亿元,M,,https://www.pbc.gov.cn/diaochatongjisi/116219/116225/2863562/index.html,人民银行社融单月分项，亿元；历史口径与缺失按原表保留
tsf_entrusted_flow,CHN,2009-07,502,亿元,M,,https://www.pbc.gov.cn/diaochatongjisi/116219/116225/2863562/index.html,人民银行社融单月分项，亿元；历史口径与缺失按原表保留
tsf_entrusted_flow,CHN,2009-08,776,亿元,M,,https://www.pbc.gov.cn/diaochatongjisi/116219/116225/2863562/index.html,人民银行社融单月分项，亿元；历史口径与缺失按原表保留
tsf_entrusted_flow,CHN,2009-09,1125,亿元,M,,https://www.pbc.gov.cn/diaochatongjisi/116219/116225/2863562/index.html,人民银行社融单月分项，亿元；历史口径与缺失按原表保留
tsf_entrusted_flow,CHN,2009-10,708,亿元,M,,https://www.pbc.gov.cn/diaochatongjisi/116219/116225/2863562/index.html,人民银行社融单月分项，亿元；历史口径与缺失按原表保留
tsf_entrusted_flow,CHN,2009-11,670,亿元,M,,https://www.pbc.gov.cn/diaochatongjisi/116219/116225/2863562/index.html,人民银行社融单月分项，亿元；历史口径与缺失按原表保留
tsf_entrusted_flow,CHN,2009-12,347,亿元,M,,https://www.pbc.gov.cn/diaochatongjisi/116219/116225/2863562/index.html,人民银行社融单月分项，亿元；历史口径与缺失按原表保留
tsf_entrusted_flow,CHN,2010-01,857,亿元,M,,https://www.pbc.gov.cn/diaochatongjisi/116219/116225/2863562/index.html,人民银行社融单月分项，亿元；历史口径与缺失按原表保留
tsf_entrusted_flow,CHN,2010-02,96,亿元,M,,https://www.pbc.gov.cn/diaochatongjisi/116219/116225/2863562/index.html,人民银行社融单月分项，亿元；历史口径与缺失按原表保留
tsf_entrusted_flow,CHN,2010-03,567,亿元,M,,https://www.pbc.gov.cn/diaochatongjisi/116219/116225/2863562/index.html,人民银行社融单月分项，亿元；历史口径与缺失按原表保留
tsf_entrusted_flow,CHN,2010-04,635,亿元,M,,https://www.pbc.gov.cn/diaochatongjisi/116219/116225/2863562/index.html,人民银行社融单月分项，亿元；历史口径与缺失按原表保留
tsf_entrusted_flow,CHN,2010-05,623,亿元,M,,https://www.pbc.gov.cn/diaochatongjisi/116219/116225/2863562/index.html,人民银行社融单月分项，亿元；历史口径与缺失按原表保留
tsf_entrusted_flow,CHN,2010-06,421,亿元,M,,https://www.pbc.gov.cn/diaochatongjisi/116219/116225/2863562/index.html,人民银行社融单月分项，亿元；历史口径与缺失按原表保留
tsf_entrusted_flow,CHN,2010-07,706,亿元,M,,https://www.pbc.gov.cn/diaochatongjisi/116219/116225/2863562/index.html,人民银行社融单月分项，亿元；历史口径与缺失按原表保留
tsf_entrusted_flow,CHN,2010-08,521,亿元,M,,https://www.pbc.gov.cn/diaochatongjisi/116219/116225/2863562/index.html,人民银行社融单月分项，亿元；历史口径与缺失按原表保留
tsf_entrusted_flow,CHN,2010-09,626,亿元,M,,https://www.pbc.gov.cn/diaochatongjisi/116219/116225/2863562/index.html,人民银行社融单月分项，亿元；历史口径与缺失按原表保留
tsf_entrusted_flow,CHN,2010-10,1027,亿元,M,,https://www.pbc.gov.cn/diaochatongjisi/116219/116225/2863562/index.html,人民银行社融单月分项，亿元；历史口径与缺失按原表保留
tsf_entrusted_flow,CHN,2010-11,1121,亿元,M,,https://www.pbc.gov.cn/diaochatongjisi/116219/116225/2863562/index.html,人民银行社融单月分项，亿元；历史口径与缺失按原表保留
tsf_entrusted_flow,CHN,2010-12,1549,亿元,M,,https://www.pbc.gov.cn/diaochatongjisi/116219/116225/2863562/index.html,人民银行社融单月分项，亿元；历史口径与缺失按原表保留
tsf_entrusted_flow,CHN,2011-01,1272,亿元,M,,https://www.pbc.gov.cn/diaochatongjisi/116219/116225/2863562/index.html,人民银行社融单月分项，亿元；历史口径与缺失按原表保留
tsf_entrusted_flow,CHN,2011-02,419,亿元,M,,https://www.pbc.gov.cn/diaochatongjisi/116219/116225/2863562/index.html,人民银行社融单月分项，亿元；历史口径与缺失按原表保留
tsf_entrusted_flow,CHN,2011-03,1513,亿元,M,,https://www.pbc.gov.cn/diaochatongjisi/116219/116225/2863562/index.html,人民银行社融单月分项，亿元；历史口径与缺失按原表保留
tsf_entrusted_flow,CHN,2011-04,1407,亿元,M,,https://www.pbc.gov.cn/diaochatongjisi/116219/116225/2863562/index.html,人民银行社融单月分项，亿元；历史口径与缺失按原表保留
tsf_entrusted_flow,CHN,2011-05,1216,亿元,M,,https://www.pbc.gov.cn/diaochatongjisi/116219/116225/2863562/index.html,人民银行社融单月分项，亿元；历史口径与缺失按原表保留
tsf_entrusted_flow,CHN,2011-06,1202,亿元,M,,https://www.pbc.gov.cn/diaochatongjisi/116219/116225/2863562/index.html,人民银行社融单月分项，亿元；历史口径与缺失按原表保留
tsf_entrusted_flow,CHN,2011-07,1232,亿元,M,,https://www.pbc.gov.cn/diaochatongjisi/116219/116225/2863562/index.html,人民银行社融单月分项，亿元；历史口径与缺失按原表保留
tsf_entrusted_flow,CHN,2011-08,1409,亿元,M,,https://www.pbc.gov.cn/diaochatongjisi/116219/116225/2863562/index.html,人民银行社融单月分项，亿元；历史口径与缺失按原表保留
tsf_entrusted_flow,CHN,2011-09,1008,亿元,M,,https://www.pbc.gov.cn/diaochatongjisi/116219/116225/2863562/index.html,人民银行社融单月分项，亿元；历史口径与缺失按原表保留
tsf_entrusted_flow,CHN,2011-10,518,亿元,M,,https://www.pbc.gov.cn/diaochatongjisi/116219/116225/2863562/index.html,人民银行社融单月分项，亿元；历史口径与缺失按原表保留
tsf_entrusted_flow,CHN,2011-11,595,亿元,M,,https://www.pbc.gov.cn/diaochatongjisi/116219/116225/2863562/index.html,人民银行社融单月分项，亿元；历史口径与缺失按原表保留
tsf_entrusted_flow,CHN,2011-12,1173,亿元,M,,https://www.pbc.gov.cn/diaochatongjisi/116219/116225/2863562/index.html,人民银行社融单月分项，亿元；历史口径与缺失按原表保留
tsf_entrusted_flow,CHN,2012-01,1646,亿元,M,,https://www.pbc.gov.cn/eportal/fileDir/defaultCurSite/resource/cms/2015/07/2012s18.htm,人民银行社融单月分项，亿元；历史口径与缺失按原表保留
tsf_entrusted_flow,CHN,2012-02,394,亿元,M,,https://www.pbc.gov.cn/eportal/fileDir/defaultCurSite/resource/cms/2015/07/2012s18.htm,人民银行社融单月分项，亿元；历史口径与缺失按原表保留
tsf_entrusted_flow,CHN,2012-03,770,亿元,M,,https://www.pbc.gov.cn/eportal/fileDir/defaultCurSite/resource/cms/2015/07/2012s18.htm,人民银行社融单月分项，亿元；历史口径与缺失按原表保留
tsf_entrusted_flow,CHN,2012-04,1015,亿元,M,,https://www.pbc.gov.cn/eportal/fileDir/defaultCurSite/resource/cms/2015/07/2012s18.htm,人民银行社融单月分项，亿元；历史口径与缺失按原表保留
tsf_entrusted_flow,CHN,2012-05,215,亿元,M,,https://www.pbc.gov.cn/eportal/fileDir/defaultCurSite/resource/cms/2015/07/2012s18.htm,人民银行社融单月分项，亿元；历史口径与缺失按原表保留
tsf_entrusted_flow,CHN,2012-06,789,亿元,M,,https://www.pbc.gov.cn/eportal/fileDir/defaultCurSite/resource/cms/2015/07/2012s18.htm,人民银行社融单月分项，亿元；历史口径与缺失按原表保留
tsf_entrusted_flow,CHN,2012-07,1279,亿元,M,,https://www.pbc.gov.cn/eportal/fileDir/defaultCurSite/resource/cms/2015/07/2012s18.htm,人民银行社融单月分项，亿元；历史口径与缺失按原表保留
tsf_entrusted_flow,CHN,2012-08,1046,亿元,M,,https://www.pbc.gov.cn/eportal/fileDir/defaultCurSite/resource/cms/2015/07/2012s18.htm,人民银行社融单月分项，亿元；历史口径与缺失按原表保留
tsf_entrusted_flow,CHN,2012-09,1449,亿元,M,,https://www.pbc.gov.cn/eportal/fileDir/defaultCurSite/resource/cms/2015/07/2012s18.htm,人民银行社融单月分项，亿元；历史口径与缺失按原表保留
tsf_entrusted_flow,CHN,2012-10,941,亿元,M,,https://www.pbc.gov.cn/eportal/fileDir/defaultCurSite/resource/cms/2015/07/2012s18.htm,人民银行社融单月分项，亿元；历史口径与缺失按原表保留
tsf_entrusted_flow,CHN,2012-11,1218,亿元,M,,https://www.pbc.gov.cn/eportal/fileDir/defaultCurSite/resource/cms/2015/07/2012s18.htm,人民银行社融单月分项，亿元；历史口径与缺失按原表保留
tsf_entrusted_flow,CHN,2012-12,2079,亿元,M,,https://www.pbc.gov.cn/eportal/fileDir/defaultCurSite/resource/cms/2015/07/2012s18.htm,人民银行社融单月分项，亿元；历史口径与缺失按原表保留
tsf_entrusted_flow,CHN,2013-01,2061,亿元,M,,https://www.pbc.gov.cn/eportal/fileDir/defaultCurSite/resource/cms/2015/07/2013s18.htm,人民银行社融单月分项，亿元；历史口径与缺失按原表保留
tsf_entrusted_flow,CHN,2013-02,1426,亿元,M,,https://www.pbc.gov.cn/eportal/fileDir/defaultCurSite/resource/cms/2015/07/2013s18.htm,人民银行社融单月分项，亿元；历史口径与缺失按原表保留
tsf_entrusted_flow,CHN,2013-03,1748,亿元,M,,https://www.pbc.gov.cn/eportal/fileDir/defaultCurSite/resource/cms/2015/07/2013s18.htm,人民银行社融单月分项，亿元；历史口径与缺失按原表保留
tsf_entrusted_flow,CHN,2013-04,1926,亿元,M,,https://www.pbc.gov.cn/eportal/fileDir/defaultCurSite/resource/cms/2015/07/2013s18.htm,人民银行社融单月分项，亿元；历史口径与缺失按原表保留
tsf_entrusted_flow,CHN,2013-05,1967,亿元,M,,https://www.pbc.gov.cn/eportal/fileDir/defaultCurSite/resource/cms/2015/07/2013s18.htm,人民银行社融单月分项，亿元；历史口径与缺失按原表保留
tsf_entrusted_flow,CHN,2013-06,1990,亿元,M,,https://www.pbc.gov.cn/eportal/fileDir/defaultCurSite/resource/cms/2015/07/2013s18.htm,人民银行社融单月分项，亿元；历史口径与缺失按原表保留
tsf_entrusted_flow,CHN,2013-07,1927,亿元,M,,https://www.pbc.gov.cn/eportal/fileDir/defaultCurSite/resource/cms/2015/07/2013s18.htm,人民银行社融单月分项，亿元；历史口径与缺失按原表保留
tsf_entrusted_flow,CHN,2013-08,2938,亿元,M,,https://www.pbc.gov.cn/eportal/fileDir/defaultCurSite/resource/cms/2015/07/2013s18.htm,人民银行社融单月分项，亿元；历史口径与缺失按原表保留
tsf_entrusted_flow,CHN,2013-09,2218,亿元,M,,https://www.pbc.gov.cn/eportal/fileDir/defaultCurSite/resource/cms/2015/07/2013s18.htm,人民银行社融单月分项，亿元；历史口径与缺失按原表保留
tsf_entrusted_flow,CHN,2013-10,1834,亿元,M,,https://www.pbc.gov.cn/eportal/fileDir/defaultCurSite/resource/cms/2015/07/2013s18.htm,人民银行社融单月分项，亿元；历史口径与缺失按原表保留
tsf_entrusted_flow,CHN,2013-11,2704,亿元,M,,https://www.pbc.gov.cn/eportal/fileDir/defaultCurSite/resource/cms/2015/07/2013s18.htm,人民银行社融单月分项，亿元；历史口径与缺失按原表保留
tsf_entrusted_flow,CHN,2013-12,2727,亿元,M,,https://www.pbc.gov.cn/eportal/fileDir/defaultCurSite/resource/cms/2015/07/2013s18.htm,人民银行社融单月分项，亿元；历史口径与缺失按原表保留
tsf_entrusted_flow,CHN,2014-01,3971,亿元,M,,https://www.pbc.gov.cn/eportal/fileDir/defaultCurSite/resource/cms/2015/07/2014s18.htm,人民银行社融单月分项，亿元；历史口径与缺失按原表保留
tsf_entrusted_flow,CHN,2014-02,799,亿元,M,,https://www.pbc.gov.cn/eportal/fileDir/defaultCurSite/resource/cms/2015/07/2014s18.htm,人民银行社融单月分项，亿元；历史口径与缺失按原表保留
tsf_entrusted_flow,CHN,2014-03,2413,亿元,M,,https://www.pbc.gov.cn/eportal/fileDir/defaultCurSite/resource/cms/2015/07/2014s18.htm,人民银行社融单月分项，亿元；历史口径与缺失按原表保留
tsf_entrusted_flow,CHN,2014-04,1505,亿元,M,,https://www.pbc.gov.cn/eportal/fileDir/defaultCurSite/resource/cms/2015/07/2014s18.htm,人民银行社融单月分项，亿元；历史口径与缺失按原表保留
tsf_entrusted_flow,CHN,2014-05,1987,亿元,M,,https://www.pbc.gov.cn/eportal/fileDir/defaultCurSite/resource/cms/2015/07/2014s18.htm,人民银行社融单月分项，亿元；历史口径与缺失按原表保留
tsf_entrusted_flow,CHN,2014-06,2616,亿元,M,,https://www.pbc.gov.cn/eportal/fileDir/defaultCurSite/resource/cms/2015/07/2014s18.htm,人民银行社融单月分项，亿元；历史口径与缺失按原表保留
tsf_entrusted_flow,CHN,2014-07,1219,亿元,M,,https://www.pbc.gov.cn/eportal/fileDir/defaultCurSite/resource/cms/2015/07/2014s18.htm,人民银行社融单月分项，亿元；历史口径与缺失按原表保留
tsf_entrusted_flow,CHN,2014-08,1751,亿元,M,,https://www.pbc.gov.cn/eportal/fileDir/defaultCurSite/resource/cms/2015/07/2014s18.htm,人民银行社融单月分项，亿元；历史口径与缺失按原表保留
tsf_entrusted_flow,CHN,2014-09,1610,亿元,M,,https://www.pbc.gov.cn/eportal/fileDir/defaultCurSite/resource/cms/2015/07/2014s18.htm,人民银行社融单月分项，亿元；历史口径与缺失按原表保留
tsf_entrusted_flow,CHN,2014-10,1377,亿元,M,,https://www.pbc.gov.cn/eportal/fileDir/defaultCurSite/resource/cms/2015/07/2014s18.htm,人民银行社融单月分项，亿元；历史口径与缺失按原表保留
tsf_entrusted_flow,CHN,2014-11,1270,亿元,M,,https://www.pbc.gov.cn/eportal/fileDir/defaultCurSite/resource/cms/2015/07/2014s18.htm,人民银行社融单月分项，亿元；历史口径与缺失按原表保留
tsf_entrusted_flow,CHN,2014-12,4551,亿元,M,,https://www.pbc.gov.cn/eportal/fileDir/defaultCurSite/resource/cms/2015/07/2014s18.htm,人民银行社融单月分项，亿元；历史口径与缺失按原表保留
tsf_entrusted_flow,CHN,2015-01,831.6792131062,亿元,M,,https://www.pbc.gov.cn/diaochatongjisi/fileDir/resource/cms/2018/04/2018041810462448165.xls,人民银行社融单月分项，亿元；历史口径与缺失按原表保留
tsf_entrusted_flow,CHN,2015-02,1299.1358023404,亿元,M,,https://www.pbc.gov.cn/diaochatongjisi/fileDir/resource/cms/2018/04/2018041810462448165.xls,人民银行社融单月分项，亿元；历史口径与缺失按原表保留
tsf_entrusted_flow,CHN,2015-03,1111.1134672939997,亿元,M,,https://www.pbc.gov.cn/diaochatongjisi/fileDir/resource/cms/2018/04/2018041810462448165.xls,人民银行社融单月分项，亿元；历史口径与缺失按原表保留
tsf_entrusted_flow,CHN,2015-04,343.925805565,亿元,M,,https://www.pbc.gov.cn/diaochatongjisi/fileDir/resource/cms/2018/04/2018041810462448165.xls,人民银行社融单月分项，亿元；历史口径与缺失按原表保留
tsf_entrusted_flow,CHN,2015-05,324.0808937257,亿元,M,,https://www.pbc.gov.cn/diaochatongjisi/fileDir/resource/cms/2018/04/2018041810462448165.xls,人民银行社融单月分项，亿元；历史口径与缺失按原表保留
tsf_entrusted_flow,CHN,2015-06,1413.9833033087996,亿元,M,,https://www.pbc.gov.cn/diaochatongjisi/fileDir/resource/cms/2018/04/2018041810462448165.xls,人民银行社融单月分项，亿元；历史口径与缺失按原表保留
tsf_entrusted_flow,CHN,2015-07,1137.3544940568,亿元,M,,https://www.pbc.gov.cn/diaochatongjisi/fileDir/resource/cms/2018/04/2018041810462448165.xls,人民银行社融单月分项，亿元；历史口径与缺失按原表保留
tsf_entrusted_flow,CHN,2015-08,1198.4298531224001,亿元,M,,https://www.pbc.gov.cn/diaochatongjisi/fileDir/resource/cms/2018/04/2018041810462448165.xls,人民银行社融单月分项，亿元；历史口径与缺失按原表保留
tsf_entrusted_flow,CHN,2015-09,2421.6417101277,亿元,M,,https://www.pbc.gov.cn/diaochatongjisi/fileDir/resource/cms/2018/04/2018041810462448165.xls,人民银行社融单月分项，亿元；历史口径与缺失按原表保留
tsf_entrusted_flow,CHN,2015-10,1389.6658421355999,亿元,M,,https://www.pbc.gov.cn/diaochatongjisi/fileDir/resource/cms/2018/04/2018041810462448165.xls,人民银行社融单月分项，亿元；历史口径与缺失按原表保留
tsf_entrusted_flow,CHN,2015-11,910.4393800982001,亿元,M,,https://www.pbc.gov.cn/diaochatongjisi/fileDir/resource/cms/2018/04/2018041810462448165.xls,人民银行社融单月分项，亿元；历史口径与缺失按原表保留
tsf_entrusted_flow,CHN,2015-12,3529.9508784659993,亿元,M,,https://www.pbc.gov.cn/diaochatongjisi/fileDir/resource/cms/2018/04/2018041810462448165.xls,人民银行社融单月分项，亿元；历史口径与缺失按原表保留
tsf_entrusted_flow,CHN,2016-01,2174.8893186714004,亿元,M,,https://www.pbc.gov.cn/diaochatongjisi/fileDir/resource/cms/2018/04/2018041810585985661.xls,人民银行社融单月分项，亿元；历史口径与缺失按原表保留
tsf_entrusted_flow,CHN,2016-02,1650.3343580265,亿元,M,,https://www.pbc.gov.cn/diaochatongjisi/fileDir/resource/cms/2018/04/2018041810585985661.xls,人民银行社融单月分项，亿元；历史口径与缺失按原表保留
tsf_entrusted_flow,CHN,2016-03,1659.5710794344002,亿元,M,,https://www.pbc.gov.cn/diaochatongjisi/fileDir/resource/cms/2018/04/2018041810585985661.xls,人民银行社融单月分项，亿元；历史口径与缺失按原表保留
tsf_entrusted_flow,CHN,2016-04,1693.7384486287,亿元,M,,https://www.pbc.gov.cn/diaochatongjisi/fileDir/resource/cms/2018/04/2018041810585985661.xls,人民银行社融单月分项，亿元；历史口径与缺失按原表保留
tsf_entrusted_flow,CHN,2016-05,1565.6455316093002,亿元,M,,https://www.pbc.gov.cn/diaochatongjisi/fileDir/resource/cms/2018/04/2018041810585985661.xls,人民银行社融单月分项，亿元；历史口径与缺失按原表保留
tsf_entrusted_flow,CHN,2016-06,1721.297600079,亿元,M,,https://www.pbc.gov.cn/diaochatongjisi/fileDir/resource/cms/2018/04/2018041810585985661.xls,人民银行社融单月分项，亿元；历史口径与缺失按原表保留
tsf_entrusted_flow,CHN,2016-07,1774.9032333892003,亿元,M,,https://www.pbc.gov.cn/diaochatongjisi/fileDir/resource/cms/2018/04/2018041810585985661.xls,人民银行社融单月分项，亿元；历史口径与缺失按原表保留
tsf_entrusted_flow,CHN,2016-08,1432.3147346244,亿元,M,,https://www.pbc.gov.cn/diaochatongjisi/fileDir/resource/cms/2018/04/2018041810585985661.xls,人民银行社融单月分项，亿元；历史口径与缺失按原表保留
tsf_entrusted_flow,CHN,2016-09,1451.4890232577002,亿元,M,,https://www.pbc.gov.cn/diaochatongjisi/fileDir/resource/cms/2018/04/2018041810585985661.xls,人民银行社融单月分项，亿元；历史口径与缺失按原表保留
tsf_entrusted_flow,CHN,2016-10,725.0809898064,亿元,M,,https://www.pbc.gov.cn/diaochatongjisi/fileDir/resource/cms/2018/04/2018041810585985661.xls,人民银行社融单月分项，亿元；历史口径与缺失按原表保留
tsf_entrusted_flow,CHN,2016-11,1993.8248444790997,亿元,M,,https://www.pbc.gov.cn/diaochatongjisi/fileDir/resource/cms/2018/04/2018041810585985661.xls,人民银行社融单月分项，亿元；历史口径与缺失按原表保留
tsf_entrusted_flow,CHN,2016-12,4011.2012652724,亿元,M,,https://www.pbc.gov.cn/diaochatongjisi/fileDir/resource/cms/2018/04/2018041810585985661.xls,人民银行社融单月分项，亿元；历史口径与缺失按原表保留
tsf_entrusted_flow,CHN,2017-01,3142.0,亿元,M,,https://www.pbc.gov.cn/diaochatongjisi/attachDir/2025/11/2025110511302316239.xls,人民银行社融单月分项，亿元；历史口径与缺失按原表保留
tsf_entrusted_flow,CHN,2017-02,1181.0,亿元,M,,https://www.pbc.gov.cn/diaochatongjisi/attachDir/2025/11/2025110511302316239.xls,人民银行社融单月分项，亿元；历史口径与缺失按原表保留
tsf_entrusted_flow,CHN,2017-03,2043.0,亿元,M,,https://www.pbc.gov.cn/diaochatongjisi/attachDir/2025/11/2025110511302316239.xls,人民银行社融单月分项，亿元；历史口径与缺失按原表保留
tsf_entrusted_flow,CHN,2017-04,-48.0,亿元,M,,https://www.pbc.gov.cn/diaochatongjisi/attachDir/2025/11/2025110511302316239.xls,人民银行社融单月分项，亿元；历史口径与缺失按原表保留
tsf_entrusted_flow,CHN,2017-05,-274.0,亿元,M,,https://www.pbc.gov.cn/diaochatongjisi/attachDir/2025/11/2025110511302316239.xls,人民银行社融单月分项，亿元；历史口径与缺失按原表保留
tsf_entrusted_flow,CHN,2017-06,-26.0,亿元,M,,https://www.pbc.gov.cn/diaochatongjisi/attachDir/2025/11/2025110511302316239.xls,人民银行社融单月分项，亿元；历史口径与缺失按原表保留
tsf_entrusted_flow,CHN,2017-07,187.0,亿元,M,,https://www.pbc.gov.cn/diaochatongjisi/attachDir/2025/11/2025110511302316239.xls,人民银行社融单月分项，亿元；历史口径与缺失按原表保留
tsf_entrusted_flow,CHN,2017-08,-70.0,亿元,M,,https://www.pbc.gov.cn/diaochatongjisi/attachDir/2025/11/2025110511302316239.xls,人民银行社融单月分项，亿元；历史口径与缺失按原表保留
tsf_entrusted_flow,CHN,2017-09,783.0,亿元,M,,https://www.pbc.gov.cn/diaochatongjisi/attachDir/2025/11/2025110511302316239.xls,人民银行社融单月分项，亿元；历史口径与缺失按原表保留
tsf_entrusted_flow,CHN,2017-10,108.0,亿元,M,,https://www.pbc.gov.cn/diaochatongjisi/attachDir/2025/11/2025110511302316239.xls,人民银行社融单月分项，亿元；历史口径与缺失按原表保留
tsf_entrusted_flow,CHN,2017-11,306.0,亿元,M,,https://www.pbc.gov.cn/diaochatongjisi/attachDir/2025/11/2025110511302316239.xls,人民银行社融单月分项，亿元；历史口径与缺失按原表保留
tsf_entrusted_flow,CHN,2017-12,661.0,亿元,M,,https://www.pbc.gov.cn/diaochatongjisi/attachDir/2025/11/2025110511302316239.xls,人民银行社融单月分项，亿元；历史口径与缺失按原表保留
tsf_entrusted_flow,CHN,2018-01,-709.0,亿元,M,,https://www.pbc.gov.cn/diaochatongjisi/attachDir/2025/11/2025110511302316239.xls,人民银行社融单月分项，亿元；历史口径与缺失按原表保留
tsf_entrusted_flow,CHN,2018-02,-750.0,亿元,M,,https://www.pbc.gov.cn/diaochatongjisi/attachDir/2025/11/2025110511302316239.xls,人民银行社融单月分项，亿元；历史口径与缺失按原表保留
tsf_entrusted_flow,CHN,2018-03,-1850.0,亿元,M,,https://www.pbc.gov.cn/diaochatongjisi/attachDir/2025/11/2025110511302316239.xls,人民银行社融单月分项，亿元；历史口径与缺失按原表保留
tsf_entrusted_flow,CHN,2018-04,-1481.0,亿元,M,,https://www.pbc.gov.cn/diaochatongjisi/attachDir/2025/11/2025110511302316239.xls,人民银行社融单月分项，亿元；历史口径与缺失按原表保留
tsf_entrusted_flow,CHN,2018-05,-1570.0,亿元,M,,https://www.pbc.gov.cn/diaochatongjisi/attachDir/2025/11/2025110511302316239.xls,人民银行社融单月分项，亿元；历史口径与缺失按原表保留
tsf_entrusted_flow,CHN,2018-06,-1642.0,亿元,M,,https://www.pbc.gov.cn/diaochatongjisi/attachDir/2025/11/2025110511302316239.xls,人民银行社融单月分项，亿元；历史口径与缺失按原表保留
tsf_entrusted_flow,CHN,2018-07,-950.0,亿元,M,,https://www.pbc.gov.cn/diaochatongjisi/attachDir/2025/11/2025110511302316239.xls,人民银行社融单月分项，亿元；历史口径与缺失按原表保留
tsf_entrusted_flow,CHN,2018-08,-1207.0,亿元,M,,https://www.pbc.gov.cn/diaochatongjisi/attachDir/2025/11/2025110511302316239.xls,人民银行社融单月分项，亿元；历史口径与缺失按原表保留
tsf_entrusted_flow,CHN,2018-09,-1432.0,亿元,M,,https://www.pbc.gov.cn/diaochatongjisi/attachDir/2025/11/2025110511302316239.xls,人民银行社融单月分项，亿元；历史口径与缺失按原表保留
tsf_entrusted_flow,CHN,2018-10,-949.0,亿元,M,,https://www.pbc.gov.cn/diaochatongjisi/attachDir/2025/11/2025110511302316239.xls,人民银行社融单月分项，亿元；历史口径与缺失按原表保留
tsf_entrusted_flow,CHN,2018-11,-1310.0,亿元,M,,https://www.pbc.gov.cn/diaochatongjisi/attachDir/2025/11/2025110511302316239.xls,人民银行社融单月分项，亿元；历史口径与缺失按原表保留
tsf_entrusted_flow,CHN,2018-12,-2210.0,亿元,M,,https://www.pbc.gov.cn/diaochatongjisi/attachDir/2025/11/2025110511302316239.xls,人民银行社融单月分项，亿元；历史口径与缺失按原表保留
tsf_entrusted_flow,CHN,2019-01,-699.0,亿元,M,,https://www.pbc.gov.cn/diaochatongjisi/attachDir/2025/11/2025110511302316239.xls,人民银行社融单月分项，亿元；历史口径与缺失按原表保留
tsf_entrusted_flow,CHN,2019-02,-508.0,亿元,M,,https://www.pbc.gov.cn/diaochatongjisi/attachDir/2025/11/2025110511302316239.xls,人民银行社融单月分项，亿元；历史口径与缺失按原表保留
tsf_entrusted_flow,CHN,2019-03,-1070.0,亿元,M,,https://www.pbc.gov.cn/diaochatongjisi/attachDir/2025/11/2025110511302316239.xls,人民银行社融单月分项，亿元；历史口径与缺失按原表保留
tsf_entrusted_flow,CHN,2019-04,-1197.0,亿元,M,,https://www.pbc.gov.cn/diaochatongjisi/attachDir/2025/11/2025110511302316239.xls,人民银行社融单月分项，亿元；历史口径与缺失按原表保留
tsf_entrusted_flow,CHN,2019-05,-631.0,亿元,M,,https://www.pbc.gov.cn/diaochatongjisi/attachDir/2025/11/2025110511302316239.xls,人民银行社融单月分项，亿元；历史口径与缺失按原表保留
tsf_entrusted_flow,CHN,2019-06,-827.0,亿元,M,,https://www.pbc.gov.cn/diaochatongjisi/attachDir/2025/11/2025110511302316239.xls,人民银行社融单月分项，亿元；历史口径与缺失按原表保留
tsf_entrusted_flow,CHN,2019-07,-987.0,亿元,M,,https://www.pbc.gov.cn/diaochatongjisi/attachDir/2025/11/2025110511302316239.xls,人民银行社融单月分项，亿元；历史口径与缺失按原表保留
tsf_entrusted_flow,CHN,2019-08,-513.0,亿元,M,,https://www.pbc.gov.cn/diaochatongjisi/attachDir/2025/11/2025110511302316239.xls,人民银行社融单月分项，亿元；历史口径与缺失按原表保留
tsf_entrusted_flow,CHN,2019-09,-22.0,亿元,M,,https://www.pbc.gov.cn/diaochatongjisi/attachDir/2025/11/2025110511302316239.xls,人民银行社融单月分项，亿元；历史口径与缺失按原表保留
tsf_entrusted_flow,CHN,2019-10,-667.0,亿元,M,,https://www.pbc.gov.cn/diaochatongjisi/attachDir/2025/11/2025110511302316239.xls,人民银行社融单月分项，亿元；历史口径与缺失按原表保留
tsf_entrusted_flow,CHN,2019-11,-959.0,亿元,M,,https://www.pbc.gov.cn/diaochatongjisi/attachDir/2025/11/2025110511302316239.xls,人民银行社融单月分项，亿元；历史口径与缺失按原表保留
tsf_entrusted_flow,CHN,2019-12,-1316.0,亿元,M,,https://www.pbc.gov.cn/diaochatongjisi/attachDir/2025/11/2025110511302316239.xls,人民银行社融单月分项，亿元；历史口径与缺失按原表保留
tsf_entrusted_flow,CHN,2020-01,-26.0,亿元,M,,https://www.pbc.gov.cn/diaochatongjisi/attachDir/2025/11/2025110510115085998.xls,人民银行社融单月分项，亿元；历史口径与缺失按原表保留
tsf_entrusted_flow,CHN,2020-02,-356.0,亿元,M,,https://www.pbc.gov.cn/diaochatongjisi/attachDir/2025/11/2025110510115085998.xls,人民银行社融单月分项，亿元；历史口径与缺失按原表保留
tsf_entrusted_flow,CHN,2020-03,-588.0,亿元,M,,https://www.pbc.gov.cn/diaochatongjisi/attachDir/2025/11/2025110510115085998.xls,人民银行社融单月分项，亿元；历史口径与缺失按原表保留
tsf_entrusted_flow,CHN,2020-04,-579.0,亿元,M,,https://www.pbc.gov.cn/diaochatongjisi/attachDir/2025/11/2025110510115085998.xls,人民银行社融单月分项，亿元；历史口径与缺失按原表保留
tsf_entrusted_flow,CHN,2020-05,-273.0,亿元,M,,https://www.pbc.gov.cn/diaochatongjisi/attachDir/2025/11/2025110510115085998.xls,人民银行社融单月分项，亿元；历史口径与缺失按原表保留
tsf_entrusted_flow,CHN,2020-06,-484.0,亿元,M,,https://www.pbc.gov.cn/diaochatongjisi/attachDir/2025/11/2025110510115085998.xls,人民银行社融单月分项，亿元；历史口径与缺失按原表保留
tsf_entrusted_flow,CHN,2020-07,-152.0,亿元,M,,https://www.pbc.gov.cn/diaochatongjisi/attachDir/2025/11/2025110510115085998.xls,人民银行社融单月分项，亿元；历史口径与缺失按原表保留
tsf_entrusted_flow,CHN,2020-08,-415.0,亿元,M,,https://www.pbc.gov.cn/diaochatongjisi/attachDir/2025/11/2025110510115085998.xls,人民银行社融单月分项，亿元；历史口径与缺失按原表保留
tsf_entrusted_flow,CHN,2020-09,-317.0,亿元,M,,https://www.pbc.gov.cn/diaochatongjisi/attachDir/2025/11/2025110510115085998.xls,人民银行社融单月分项，亿元；历史口径与缺失按原表保留
tsf_entrusted_flow,CHN,2020-10,-174.0,亿元,M,,https://www.pbc.gov.cn/diaochatongjisi/attachDir/2025/11/2025110510115085998.xls,人民银行社融单月分项，亿元；历史口径与缺失按原表保留
tsf_entrusted_flow,CHN,2020-11,-31.0,亿元,M,,https://www.pbc.gov.cn/diaochatongjisi/attachDir/2025/11/2025110510115085998.xls,人民银行社融单月分项，亿元；历史口径与缺失按原表保留
tsf_entrusted_flow,CHN,2020-12,-559.0,亿元,M,,https://www.pbc.gov.cn/diaochatongjisi/attachDir/2025/11/2025110510115085998.xls,人民银行社融单月分项，亿元；历史口径与缺失按原表保留
tsf_entrusted_flow,CHN,2021-01,91.0,亿元,M,,https://www.pbc.gov.cn/diaochatongjisi/attachDir/2025/11/2025110509591087259.xls,人民银行社融单月分项，亿元；历史口径与缺失按原表保留
tsf_entrusted_flow,CHN,2021-02,-100.0,亿元,M,,https://www.pbc.gov.cn/diaochatongjisi/attachDir/2025/11/2025110509591087259.xls,人民银行社融单月分项，亿元；历史口径与缺失按原表保留
tsf_entrusted_flow,CHN,2021-03,-42.0,亿元,M,,https://www.pbc.gov.cn/diaochatongjisi/attachDir/2025/11/2025110509591087259.xls,人民银行社融单月分项，亿元；历史口径与缺失按原表保留
tsf_entrusted_flow,CHN,2021-04,-213.0,亿元,M,,https://www.pbc.gov.cn/diaochatongjisi/attachDir/2025/11/2025110509591087259.xls,人民银行社融单月分项，亿元；历史口径与缺失按原表保留
tsf_entrusted_flow,CHN,2021-05,-408.0,亿元,M,,https://www.pbc.gov.cn/diaochatongjisi/attachDir/2025/11/2025110509591087259.xls,人民银行社融单月分项，亿元；历史口径与缺失按原表保留
tsf_entrusted_flow,CHN,2021-06,-474.0,亿元,M,,https://www.pbc.gov.cn/diaochatongjisi/attachDir/2025/11/2025110509591087259.xls,人民银行社融单月分项，亿元；历史口径与缺失按原表保留
tsf_entrusted_flow,CHN,2021-07,-151.0,亿元,M,,https://www.pbc.gov.cn/diaochatongjisi/attachDir/2025/11/2025110509591087259.xls,人民银行社融单月分项，亿元；历史口径与缺失按原表保留
tsf_entrusted_flow,CHN,2021-08,177.0,亿元,M,,https://www.pbc.gov.cn/diaochatongjisi/attachDir/2025/11/2025110509591087259.xls,人民银行社融单月分项，亿元；历史口径与缺失按原表保留
tsf_entrusted_flow,CHN,2021-09,-22.0,亿元,M,,https://www.pbc.gov.cn/diaochatongjisi/attachDir/2025/11/2025110509591087259.xls,人民银行社融单月分项，亿元；历史口径与缺失按原表保留
tsf_entrusted_flow,CHN,2021-10,-173.0,亿元,M,,https://www.pbc.gov.cn/diaochatongjisi/attachDir/2025/11/2025110509591087259.xls,人民银行社融单月分项，亿元；历史口径与缺失按原表保留
tsf_entrusted_flow,CHN,2021-11,35.0,亿元,M,,https://www.pbc.gov.cn/diaochatongjisi/attachDir/2025/11/2025110509591087259.xls,人民银行社融单月分项，亿元；历史口径与缺失按原表保留
tsf_entrusted_flow,CHN,2021-12,-416.0,亿元,M,,https://www.pbc.gov.cn/diaochatongjisi/attachDir/2025/11/2025110509591087259.xls,人民银行社融单月分项，亿元；历史口径与缺失按原表保留
tsf_entrusted_flow,CHN,2022-01,428,亿元,M,,https://www.pbc.gov.cn/diaochatongjisi/attachDir/2025/11/2025110416594167877.xlsx,人民银行社融单月分项，亿元；历史口径与缺失按原表保留
tsf_entrusted_flow,CHN,2022-02,-74,亿元,M,,https://www.pbc.gov.cn/diaochatongjisi/attachDir/2025/11/2025110416594167877.xlsx,人民银行社融单月分项，亿元；历史口径与缺失按原表保留
tsf_entrusted_flow,CHN,2022-03,107,亿元,M,,https://www.pbc.gov.cn/diaochatongjisi/attachDir/2025/11/2025110416594167877.xlsx,人民银行社融单月分项，亿元；历史口径与缺失按原表保留
tsf_entrusted_flow,CHN,2022-04,-2,亿元,M,,https://www.pbc.gov.cn/diaochatongjisi/attachDir/2025/11/2025110416594167877.xlsx,人民银行社融单月分项，亿元；历史口径与缺失按原表保留
tsf_entrusted_flow,CHN,2022-05,-132,亿元,M,,https://www.pbc.gov.cn/diaochatongjisi/attachDir/2025/11/2025110416594167877.xlsx,人民银行社融单月分项，亿元；历史口径与缺失按原表保留
tsf_entrusted_flow,CHN,2022-06,-380,亿元,M,,https://www.pbc.gov.cn/diaochatongjisi/attachDir/2025/11/2025110416594167877.xlsx,人民银行社融单月分项，亿元；历史口径与缺失按原表保留
tsf_entrusted_flow,CHN,2022-07,89,亿元,M,,https://www.pbc.gov.cn/diaochatongjisi/attachDir/2025/11/2025110416594167877.xlsx,人民银行社融单月分项，亿元；历史口径与缺失按原表保留
tsf_entrusted_flow,CHN,2022-08,1755,亿元,M,,https://www.pbc.gov.cn/diaochatongjisi/attachDir/2025/11/2025110416594167877.xlsx,人民银行社融单月分项，亿元；历史口径与缺失按原表保留
tsf_entrusted_flow,CHN,2022-09,1508,亿元,M,,https://www.pbc.gov.cn/diaochatongjisi/attachDir/2025/11/2025110416594167877.xlsx,人民银行社融单月分项，亿元；历史口径与缺失按原表保留
tsf_entrusted_flow,CHN,2022-10,470,亿元,M,,https://www.pbc.gov.cn/diaochatongjisi/attachDir/2025/11/2025110416594167877.xlsx,人民银行社融单月分项，亿元；历史口径与缺失按原表保留
tsf_entrusted_flow,CHN,2022-11,-88,亿元,M,,https://www.pbc.gov.cn/diaochatongjisi/attachDir/2025/11/2025110416594167877.xlsx,人民银行社融单月分项，亿元；历史口径与缺失按原表保留
tsf_entrusted_flow,CHN,2022-12,-101,亿元,M,,https://www.pbc.gov.cn/diaochatongjisi/attachDir/2025/11/2025110416594167877.xlsx,人民银行社融单月分项，亿元；历史口径与缺失按原表保留
tsf_entrusted_flow,CHN,2023-01,584,亿元,M,,https://www.pbc.gov.cn/diaochatongjisi/attachDir/2025/11/2025110415542112867.xlsx,人民银行社融单月分项，亿元；历史口径与缺失按原表保留
tsf_entrusted_flow,CHN,2023-02,-77,亿元,M,,https://www.pbc.gov.cn/diaochatongjisi/attachDir/2025/11/2025110415542112867.xlsx,人民银行社融单月分项，亿元；历史口径与缺失按原表保留
tsf_entrusted_flow,CHN,2023-03,175,亿元,M,,https://www.pbc.gov.cn/diaochatongjisi/attachDir/2025/11/2025110415542112867.xlsx,人民银行社融单月分项，亿元；历史口径与缺失按原表保留
tsf_entrusted_flow,CHN,2023-04,83,亿元,M,,https://www.pbc.gov.cn/diaochatongjisi/attachDir/2025/11/2025110415542112867.xlsx,人民银行社融单月分项，亿元；历史口径与缺失按原表保留
tsf_entrusted_flow,CHN,2023-05,35,亿元,M,,https://www.pbc.gov.cn/diaochatongjisi/attachDir/2025/11/2025110415542112867.xlsx,人民银行社融单月分项，亿元；历史口径与缺失按原表保留
tsf_entrusted_flow,CHN,2023-06,-56,亿元,M,,https://www.pbc.gov.cn/diaochatongjisi/attachDir/2025/11/2025110415542112867.xlsx,人民银行社融单月分项，亿元；历史口径与缺失按原表保留
tsf_entrusted_flow,CHN,2023-07,8,亿元,M,,https://www.pbc.gov.cn/diaochatongjisi/attachDir/2025/11/2025110415542112867.xlsx,人民银行社融单月分项，亿元；历史口径与缺失按原表保留
tsf_entrusted_flow,CHN,2023-08,97,亿元,M,,https://www.pbc.gov.cn/diaochatongjisi/attachDir/2025/11/2025110415542112867.xlsx,人民银行社融单月分项，亿元；历史口径与缺失按原表保留
tsf_entrusted_flow,CHN,2023-09,208,亿元,M,,https://www.pbc.gov.cn/diaochatongjisi/attachDir/2025/11/2025110415542112867.xlsx,人民银行社融单月分项，亿元；历史口径与缺失按原表保留
tsf_entrusted_flow,CHN,2023-10,-429,亿元,M,,https://www.pbc.gov.cn/diaochatongjisi/attachDir/2025/11/2025110415542112867.xlsx,人民银行社融单月分项，亿元；历史口径与缺失按原表保留
tsf_entrusted_flow,CHN,2023-11,-386,亿元,M,,https://www.pbc.gov.cn/diaochatongjisi/attachDir/2025/11/2025110415542112867.xlsx,人民银行社融单月分项，亿元；历史口径与缺失按原表保留
tsf_entrusted_flow,CHN,2023-12,-43,亿元,M,,https://www.pbc.gov.cn/diaochatongjisi/attachDir/2025/11/2025110415542112867.xlsx,人民银行社融单月分项，亿元；历史口径与缺失按原表保留
tsf_entrusted_flow,CHN,2024-01,-359,亿元,M,,https://www.pbc.gov.cn/diaochatongjisi/attachDir/2025/11/2025111416252488839.xlsx,人民银行社融单月分项，亿元；历史口径与缺失按原表保留
tsf_entrusted_flow,CHN,2024-02,-172,亿元,M,,https://www.pbc.gov.cn/diaochatongjisi/attachDir/2025/11/2025111416252488839.xlsx,人民银行社融单月分项，亿元；历史口径与缺失按原表保留
tsf_entrusted_flow,CHN,2024-03,-465,亿元,M,,https://www.pbc.gov.cn/diaochatongjisi/attachDir/2025/11/2025111416252488839.xlsx,人民银行社融单月分项，亿元；历史口径与缺失按原表保留
tsf_entrusted_flow,CHN,2024-04,89,亿元,M,,https://www.pbc.gov.cn/diaochatongjisi/attachDir/2025/11/2025111416252488839.xlsx,人民银行社融单月分项，亿元；历史口径与缺失按原表保留
tsf_entrusted_flow,CHN,2024-05,-9,亿元,M,,https://www.pbc.gov.cn/diaochatongjisi/attachDir/2025/11/2025111416252488839.xlsx,人民银行社融单月分项，亿元；历史口径与缺失按原表保留
tsf_entrusted_flow,CHN,2024-06,-3,亿元,M,,https://www.pbc.gov.cn/diaochatongjisi/attachDir/2025/11/2025111416252488839.xlsx,人民银行社融单月分项，亿元；历史口径与缺失按原表保留
tsf_entrusted_flow,CHN,2024-07,345,亿元,M,,https://www.pbc.gov.cn/diaochatongjisi/attachDir/2025/11/2025111416252488839.xlsx,人民银行社融单月分项，亿元；历史口径与缺失按原表保留
tsf_entrusted_flow,CHN,2024-08,25,亿元,M,,https://www.pbc.gov.cn/diaochatongjisi/attachDir/2025/11/2025111416252488839.xlsx,人民银行社融单月分项，亿元；历史口径与缺失按原表保留
tsf_entrusted_flow,CHN,2024-09,392,亿元,M,,https://www.pbc.gov.cn/diaochatongjisi/attachDir/2025/11/2025111416252488839.xlsx,人民银行社融单月分项，亿元；历史口径与缺失按原表保留
tsf_entrusted_flow,CHN,2024-10,-219,亿元,M,,https://www.pbc.gov.cn/diaochatongjisi/attachDir/2025/11/2025111416252488839.xlsx,人民银行社融单月分项，亿元；历史口径与缺失按原表保留
tsf_entrusted_flow,CHN,2024-11,-183,亿元,M,,https://www.pbc.gov.cn/diaochatongjisi/attachDir/2025/11/2025111416252488839.xlsx,人民银行社融单月分项，亿元；历史口径与缺失按原表保留
tsf_entrusted_flow,CHN,2024-12,-20,亿元,M,,https://www.pbc.gov.cn/diaochatongjisi/attachDir/2025/11/2025111416252488839.xlsx,人民银行社融单月分项，亿元；历史口径与缺失按原表保留
tsf_entrusted_flow,CHN,2025-01,449,亿元,M,,https://www.pbc.gov.cn/diaochatongjisi/attachDir/2026/02/2026021418235592487.xlsx,人民银行社融单月分项，亿元；历史口径与缺失按原表保留
tsf_entrusted_flow,CHN,2025-02,-228,亿元,M,,https://www.pbc.gov.cn/diaochatongjisi/attachDir/2026/02/2026021418235592487.xlsx,人民银行社融单月分项，亿元；历史口径与缺失按原表保留
tsf_entrusted_flow,CHN,2025-03,-165,亿元,M,,https://www.pbc.gov.cn/diaochatongjisi/attachDir/2026/02/2026021418235592487.xlsx,人民银行社融单月分项，亿元；历史口径与缺失按原表保留
tsf_entrusted_flow,CHN,2025-04,-2,亿元,M,,https://www.pbc.gov.cn/diaochatongjisi/attachDir/2026/02/2026021418235592487.xlsx,人民银行社融单月分项，亿元；历史口径与缺失按原表保留
tsf_entrusted_flow,CHN,2025-05,-166,亿元,M,,https://www.pbc.gov.cn/diaochatongjisi/attachDir/2026/02/2026021418235592487.xlsx,人民银行社融单月分项，亿元；历史口径与缺失按原表保留
tsf_entrusted_flow,CHN,2025-06,-400,亿元,M,,https://www.pbc.gov.cn/diaochatongjisi/attachDir/2026/02/2026021418235592487.xlsx,人民银行社融单月分项，亿元；历史口径与缺失按原表保留
tsf_entrusted_flow,CHN,2025-07,-177,亿元,M,,https://www.pbc.gov.cn/diaochatongjisi/attachDir/2026/02/2026021418235592487.xlsx,人民银行社融单月分项，亿元；历史口径与缺失按原表保留
tsf_entrusted_flow,CHN,2025-08,-165,亿元,M,,https://www.pbc.gov.cn/diaochatongjisi/attachDir/2026/02/2026021418235592487.xlsx,人民银行社融单月分项，亿元；历史口径与缺失按原表保留
tsf_entrusted_flow,CHN,2025-09,283,亿元,M,,https://www.pbc.gov.cn/diaochatongjisi/attachDir/2026/02/2026021418235592487.xlsx,人民银行社融单月分项，亿元；历史口径与缺失按原表保留
tsf_entrusted_flow,CHN,2025-10,1654,亿元,M,,https://www.pbc.gov.cn/diaochatongjisi/attachDir/2026/02/2026021418235592487.xlsx,人民银行社融单月分项，亿元；历史口径与缺失按原表保留
tsf_entrusted_flow,CHN,2025-11,-187,亿元,M,,https://www.pbc.gov.cn/diaochatongjisi/attachDir/2026/02/2026021418235592487.xlsx,人民银行社融单月分项，亿元；历史口径与缺失按原表保留
tsf_entrusted_flow,CHN,2025-12,308,亿元,M,,https://www.pbc.gov.cn/diaochatongjisi/attachDir/2026/02/2026021418235592487.xlsx,人民银行社融单月分项，亿元；历史口径与缺失按原表保留
tsf_entrusted_flow,CHN,2026-01,-192,亿元,M,,https://www.pbc.gov.cn/diaochatongjisi/attachDir/2026/09/2026091418125322850.xlsx,人民银行社融单月分项，亿元；历史口径与缺失按原表保留
tsf_entrusted_flow,CHN,2026-02,-181,亿元,M,,https://www.pbc.gov.cn/diaochatongjisi/attachDir/2026/09/2026091418125322850.xlsx,人民银行社融单月分项，亿元；历史口径与缺失按原表保留
tsf_entrusted_flow,CHN,2026-03,-284,亿元,M,,https://www.pbc.gov.cn/diaochatongjisi/attachDir/2026/09/2026091418125322850.xlsx,人民银行社融单月分项，亿元；历史口径与缺失按原表保留
tsf_entrusted_flow,CHN,2026-04,-283,亿元,M,,https://www.pbc.gov.cn/diaochatongjisi/attachDir/2026/09/2026091418125322850.xlsx,人民银行社融单月分项，亿元；历史口径与缺失按原表保留
tsf_entrusted_flow,CHN,2026-05,-90,亿元,M,,https://www.pbc.gov.cn/diaochatongjisi/attachDir/2026/09/2026091418125322850.xlsx,人民银行社融单月分项，亿元；历史口径与缺失按原表保留
tsf_entrusted_flow,CHN,2026-06,243,亿元,M,,https://www.pbc.gov.cn/diaochatongjisi/attachDir/2026/09/2026091418125322850.xlsx,人民银行社融单月分项，亿元；历史口径与缺失按原表保留
tsf_entrusted_flow,CHN,2026-07,-22,亿元,M,,https://www.pbc.gov.cn/diaochatongjisi/attachDir/2026/09/2026091418125322850.xlsx,人民银行社融单月分项，亿元；历史口径与缺失按原表保留
tsf_entrusted_flow,CHN,2026-08,229,亿元,M,,https://www.pbc.gov.cn/diaochatongjisi/attachDir/2026/09/2026091418125322850.xlsx,人民银行社融单月分项，亿元；历史口径与缺失按原表保留
tsf_equity_flow,CHN,2002-01,40,亿元,M,,https://www.pbc.gov.cn/diaochatongjisi/116219/116225/2863562/index.html,人民银行社融单月分项，亿元；历史口径与缺失按原表保留
tsf_equity_flow,CHN,2002-02,27,亿元,M,,https://www.pbc.gov.cn/diaochatongjisi/116219/116225/2863562/index.html,人民银行社融单月分项，亿元；历史口径与缺失按原表保留
tsf_equity_flow,CHN,2002-03,173,亿元,M,,https://www.pbc.gov.cn/diaochatongjisi/116219/116225/2863562/index.html,人民银行社融单月分项，亿元；历史口径与缺失按原表保留
tsf_equity_flow,CHN,2002-04,-56,亿元,M,,https://www.pbc.gov.cn/diaochatongjisi/116219/116225/2863562/index.html,人民银行社融单月分项，亿元；历史口径与缺失按原表保留
tsf_equity_flow,CHN,2002-05,50,亿元,M,,https://www.pbc.gov.cn/diaochatongjisi/116219/116225/2863562/index.html,人民银行社融单月分项，亿元；历史口径与缺失按原表保留
tsf_equity_flow,CHN,2002-06,55,亿元,M,,https://www.pbc.gov.cn/diaochatongjisi/116219/116225/2863562/index.html,人民银行社融单月分项，亿元；历史口径与缺失按原表保留
tsf_equity_flow,CHN,2002-07,34,亿元,M,,https://www.pbc.gov.cn/diaochatongjisi/116219/116225/2863562/index.html,人民银行社融单月分项，亿元；历史口径与缺失按原表保留
tsf_equity_flow,CHN,2002-08,48,亿元,M,,https://www.pbc.gov.cn/diaochatongjisi/116219/116225/2863562/index.html,人民银行社融单月分项，亿元；历史口径与缺失按原表保留
tsf_equity_flow,CHN,2002-09,162,亿元,M,,https://www.pbc.gov.cn/diaochatongjisi/116219/116225/2863562/index.html,人民银行社融单月分项，亿元；历史口径与缺失按原表保留
tsf_equity_flow,CHN,2002-10,27,亿元,M,,https://www.pbc.gov.cn/diaochatongjisi/116219/116225/2863562/index.html,人民银行社融单月分项，亿元；历史口径与缺失按原表保留
tsf_equity_flow,CHN,2002-11,34,亿元,M,,https://www.pbc.gov.cn/diaochatongjisi/116219/116225/2863562/index.html,人民银行社融单月分项，亿元；历史口径与缺失按原表保留
tsf_equity_flow,CHN,2002-12,34,亿元,M,,https://www.pbc.gov.cn/diaochatongjisi/116219/116225/2863562/index.html,人民银行社融单月分项，亿元；历史口径与缺失按原表保留
tsf_equity_flow,CHN,2003-01,29,亿元,M,,https://www.pbc.gov.cn/diaochatongjisi/116219/116225/2863562/index.html,人民银行社融单月分项，亿元；历史口径与缺失按原表保留
tsf_equity_flow,CHN,2003-02,20,亿元,M,,https://www.pbc.gov.cn/diaochatongjisi/116219/116225/2863562/index.html,人民银行社融单月分项，亿元；历史口径与缺失按原表保留
tsf_equity_flow,CHN,2003-03,26,亿元,M,,https://www.pbc.gov.cn/diaochatongjisi/116219/116225/2863562/index.html,人民银行社融单月分项，亿元；历史口径与缺失按原表保留
tsf_equity_flow,CHN,2003-04,47,亿元,M,,https://www.pbc.gov.cn/diaochatongjisi/116219/116225/2863562/index.html,人民银行社融单月分项，亿元；历史口径与缺失按原表保留
tsf_equity_flow,CHN,2003-05,8,亿元,M,,https://www.pbc.gov.cn/diaochatongjisi/116219/116225/2863562/index.html,人民银行社融单月分项，亿元；历史口径与缺失按原表保留
tsf_equity_flow,CHN,2003-06,40,亿元,M,,https://www.pbc.gov.cn/diaochatongjisi/116219/116225/2863562/index.html,人民银行社融单月分项，亿元；历史口径与缺失按原表保留
tsf_equity_flow,CHN,2003-07,92,亿元,M,,https://www.pbc.gov.cn/diaochatongjisi/116219/116225/2863562/index.html,人民银行社融单月分项，亿元；历史口径与缺失按原表保留
tsf_equity_flow,CHN,2003-08,73,亿元,M,,https://www.pbc.gov.cn/diaochatongjisi/116219/116225/2863562/index.html,人民银行社融单月分项，亿元；历史口径与缺失按原表保留
tsf_equity_flow,CHN,2003-09,34,亿元,M,,https://www.pbc.gov.cn/diaochatongjisi/116219/116225/2863562/index.html,人民银行社融单月分项，亿元；历史口径与缺失按原表保留
tsf_equity_flow,CHN,2003-10,36,亿元,M,,https://www.pbc.gov.cn/diaochatongjisi/116219/116225/2863562/index.html,人民银行社融单月分项，亿元；历史口径与缺失按原表保留
tsf_equity_flow,CHN,2003-11,110,亿元,M,,https://www.pbc.gov.cn/diaochatongjisi/116219/116225/2863562/index.html,人民银行社融单月分项，亿元；历史口径与缺失按原表保留
tsf_equity_flow,CHN,2003-12,44,亿元,M,,https://www.pbc.gov.cn/diaochatongjisi/116219/116225/2863562/index.html,人民银行社融单月分项，亿元；历史口径与缺失按原表保留
tsf_equity_flow,CHN,2004-01,70,亿元,M,,https://www.pbc.gov.cn/diaochatongjisi/116219/116225/2863562/index.html,人民银行社融单月分项，亿元；历史口径与缺失按原表保留
tsf_equity_flow,CHN,2004-02,20,亿元,M,,https://www.pbc.gov.cn/diaochatongjisi/116219/116225/2863562/index.html,人民银行社融单月分项，亿元；历史口径与缺失按原表保留
tsf_equity_flow,CHN,2004-03,45,亿元,M,,https://www.pbc.gov.cn/diaochatongjisi/116219/116225/2863562/index.html,人民银行社融单月分项，亿元；历史口径与缺失按原表保留
tsf_equity_flow,CHN,2004-04,70,亿元,M,,https://www.pbc.gov.cn/diaochatongjisi/116219/116225/2863562/index.html,人民银行社融单月分项，亿元；历史口径与缺失按原表保留
tsf_equity_flow,CHN,2004-05,42,亿元,M,,https://www.pbc.gov.cn/diaochatongjisi/116219/116225/2863562/index.html,人民银行社融单月分项，亿元；历史口径与缺失按原表保留
tsf_equity_flow,CHN,2004-06,103,亿元,M,,https://www.pbc.gov.cn/diaochatongjisi/116219/116225/2863562/index.html,人民银行社融单月分项，亿元；历史口径与缺失按原表保留
tsf_equity_flow,CHN,2004-07,194,亿元,M,,https://www.pbc.gov.cn/diaochatongjisi/116219/116225/2863562/index.html,人民银行社融单月分项，亿元；历史口径与缺失按原表保留
tsf_equity_flow,CHN,2004-08,59,亿元,M,,https://www.pbc.gov.cn/diaochatongjisi/116219/116225/2863562/index.html,人民银行社融单月分项，亿元；历史口径与缺失按原表保留
tsf_equity_flow,CHN,2004-09,25,亿元,M,,https://www.pbc.gov.cn/diaochatongjisi/116219/116225/2863562/index.html,人民银行社融单月分项，亿元；历史口径与缺失按原表保留
tsf_equity_flow,CHN,2004-10,16,亿元,M,,https://www.pbc.gov.cn/diaochatongjisi/116219/116225/2863562/index.html,人民银行社融单月分项，亿元；历史口径与缺失按原表保留
tsf_equity_flow,CHN,2004-11,5,亿元,M,,https://www.pbc.gov.cn/diaochatongjisi/116219/116225/2863562/index.html,人民银行社融单月分项，亿元；历史口径与缺失按原表保留
tsf_equity_flow,CHN,2004-12,23,亿元,M,,https://www.pbc.gov.cn/diaochatongjisi/116219/116225/2863562/index.html,人民银行社融单月分项，亿元；历史口径与缺失按原表保留
tsf_equity_flow,CHN,2005-01,16,亿元,M,,https://www.pbc.gov.cn/diaochatongjisi/116219/116225/2863562/index.html,人民银行社融单月分项，亿元；历史口径与缺失按原表保留
tsf_equity_flow,CHN,2005-02,29,亿元,M,,https://www.pbc.gov.cn/diaochatongjisi/116219/116225/2863562/index.html,人民银行社融单月分项，亿元；历史口径与缺失按原表保留
tsf_equity_flow,CHN,2005-03,6,亿元,M,,https://www.pbc.gov.cn/diaochatongjisi/116219/116225/2863562/index.html,人民银行社融单月分项，亿元；历史口径与缺失按原表保留
tsf_equity_flow,CHN,2005-04,10,亿元,M,,https://www.pbc.gov.cn/diaochatongjisi/116219/116225/2863562/index.html,人民银行社融单月分项，亿元；历史口径与缺失按原表保留
tsf_equity_flow,CHN,2005-05,274,亿元,M,,https://www.pbc.gov.cn/diaochatongjisi/116219/116225/2863562/index.html,人民银行社融单月分项，亿元；历史口径与缺失按原表保留
tsf_equity_flow,CHN,2005-06,5,亿元,M,,https://www.pbc.gov.cn/diaochatongjisi/116219/116225/2863562/index.html,人民银行社融单月分项，亿元；历史口径与缺失按原表保留
tsf_equity_flow,CHN,2005-07,0,亿元,M,,https://www.pbc.gov.cn/diaochatongjisi/116219/116225/2863562/index.html,人民银行社融单月分项，亿元；历史口径与缺失按原表保留
tsf_equity_flow,CHN,2005-08,0,亿元,M,,https://www.pbc.gov.cn/diaochatongjisi/116219/116225/2863562/index.html,人民银行社融单月分项，亿元；历史口径与缺失按原表保留
tsf_equity_flow,CHN,2005-09,0,亿元,M,,https://www.pbc.gov.cn/diaochatongjisi/116219/116225/2863562/index.html,人民银行社融单月分项，亿元；历史口径与缺失按原表保留
tsf_equity_flow,CHN,2005-10,0,亿元,M,,https://www.pbc.gov.cn/diaochatongjisi/116219/116225/2863562/index.html,人民银行社融单月分项，亿元；历史口径与缺失按原表保留
tsf_equity_flow,CHN,2005-11,0,亿元,M,,https://www.pbc.gov.cn/diaochatongjisi/116219/116225/2863562/index.html,人民银行社融单月分项，亿元；历史口径与缺失按原表保留
tsf_equity_flow,CHN,2005-12,0,亿元,M,,https://www.pbc.gov.cn/diaochatongjisi/116219/116225/2863562/index.html,人民银行社融单月分项，亿元；历史口径与缺失按原表保留
tsf_equity_flow,CHN,2006-01,0,亿元,M,,https://www.pbc.gov.cn/diaochatongjisi/116219/116225/2863562/index.html,人民银行社融单月分项，亿元；历史口径与缺失按原表保留
tsf_equity_flow,CHN,2006-02,0,亿元,M,,https://www.pbc.gov.cn/diaochatongjisi/116219/116225/2863562/index.html,人民银行社融单月分项，亿元；历史口径与缺失按原表保留
tsf_equity_flow,CHN,2006-03,127,亿元,M,,https://www.pbc.gov.cn/diaochatongjisi/116219/116225/2863562/index.html,人民银行社融单月分项，亿元；历史口径与缺失按原表保留
tsf_equity_flow,CHN,2006-04,0,亿元,M,,https://www.pbc.gov.cn/diaochatongjisi/116219/116225/2863562/index.html,人民银行社融单月分项，亿元；历史口径与缺失按原表保留
tsf_equity_flow,CHN,2006-05,6,亿元,M,,https://www.pbc.gov.cn/diaochatongjisi/116219/116225/2863562/index.html,人民银行社融单月分项，亿元；历史口径与缺失按原表保留
tsf_equity_flow,CHN,2006-06,104,亿元,M,,https://www.pbc.gov.cn/diaochatongjisi/116219/116225/2863562/index.html,人民银行社融单月分项，亿元；历史口径与缺失按原表保留
tsf_equity_flow,CHN,2006-07,114,亿元,M,,https://www.pbc.gov.cn/diaochatongjisi/116219/116225/2863562/index.html,人民银行社融单月分项，亿元；历史口径与缺失按原表保留
tsf_equity_flow,CHN,2006-08,357,亿元,M,,https://www.pbc.gov.cn/diaochatongjisi/116219/116225/2863562/index.html,人民银行社融单月分项，亿元；历史口径与缺失按原表保留
tsf_equity_flow,CHN,2006-09,52,亿元,M,,https://www.pbc.gov.cn/diaochatongjisi/116219/116225/2863562/index.html,人民银行社融单月分项，亿元；历史口径与缺失按原表保留
tsf_equity_flow,CHN,2006-10,44,亿元,M,,https://www.pbc.gov.cn/diaochatongjisi/116219/116225/2863562/index.html,人民银行社融单月分项，亿元；历史口径与缺失按原表保留
tsf_equity_flow,CHN,2006-11,183,亿元,M,,https://www.pbc.gov.cn/diaochatongjisi/116219/116225/2863562/index.html,人民银行社融单月分项，亿元；历史口径与缺失按原表保留
tsf_equity_flow,CHN,2006-12,548,亿元,M,,https://www.pbc.gov.cn/diaochatongjisi/116219/116225/2863562/index.html,人民银行社融单月分项，亿元；历史口径与缺失按原表保留
tsf_equity_flow,CHN,2007-01,158,亿元,M,,https://www.pbc.gov.cn/diaochatongjisi/116219/116225/2863562/index.html,人民银行社融单月分项，亿元；历史口径与缺失按原表保留
tsf_equity_flow,CHN,2007-02,65,亿元,M,,https://www.pbc.gov.cn/diaochatongjisi/116219/116225/2863562/index.html,人民银行社融单月分项，亿元；历史口径与缺失按原表保留
tsf_equity_flow,CHN,2007-03,128,亿元,M,,https://www.pbc.gov.cn/diaochatongjisi/116219/116225/2863562/index.html,人民银行社融单月分项，亿元；历史口径与缺失按原表保留
tsf_equity_flow,CHN,2007-04,145,亿元,M,,https://www.pbc.gov.cn/diaochatongjisi/116219/116225/2863562/index.html,人民银行社融单月分项，亿元；历史口径与缺失按原表保留
tsf_equity_flow,CHN,2007-05,137,亿元,M,,https://www.pbc.gov.cn/diaochatongjisi/116219/116225/2863562/index.html,人民银行社融单月分项，亿元；历史口径与缺失按原表保留
tsf_equity_flow,CHN,2007-06,20,亿元,M,,https://www.pbc.gov.cn/diaochatongjisi/116219/116225/2863562/index.html,人民银行社融单月分项，亿元；历史口径与缺失按原表保留
tsf_equity_flow,CHN,2007-07,149,亿元,M,,https://www.pbc.gov.cn/diaochatongjisi/116219/116225/2863562/index.html,人民银行社融单月分项，亿元；历史口径与缺失按原表保留
tsf_equity_flow,CHN,2007-08,256,亿元,M,,https://www.pbc.gov.cn/diaochatongjisi/116219/116225/2863562/index.html,人民银行社融单月分项，亿元；历史口径与缺失按原表保留
tsf_equity_flow,CHN,2007-09,548,亿元,M,,https://www.pbc.gov.cn/diaochatongjisi/116219/116225/2863562/index.html,人民银行社融单月分项，亿元；历史口径与缺失按原表保留
tsf_equity_flow,CHN,2007-10,992,亿元,M,,https://www.pbc.gov.cn/diaochatongjisi/116219/116225/2863562/index.html,人民银行社融单月分项，亿元；历史口径与缺失按原表保留
tsf_equity_flow,CHN,2007-11,1017,亿元,M,,https://www.pbc.gov.cn/diaochatongjisi/116219/116225/2863562/index.html,人民银行社融单月分项，亿元；历史口径与缺失按原表保留
tsf_equity_flow,CHN,2007-12,718,亿元,M,,https://www.pbc.gov.cn/diaochatongjisi/116219/116225/2863562/index.html,人民银行社融单月分项，亿元；历史口径与缺失按原表保留
tsf_equity_flow,CHN,2008-01,615,亿元,M,,https://www.pbc.gov.cn/diaochatongjisi/116219/116225/2863562/index.html,人民银行社融单月分项，亿元；历史口径与缺失按原表保留
tsf_equity_flow,CHN,2008-02,557,亿元,M,,https://www.pbc.gov.cn/diaochatongjisi/116219/116225/2863562/index.html,人民银行社融单月分项，亿元；历史口径与缺失按原表保留
tsf_equity_flow,CHN,2008-03,367,亿元,M,,https://www.pbc.gov.cn/diaochatongjisi/116219/116225/2863562/index.html,人民银行社融单月分项，亿元；历史口径与缺失按原表保留
tsf_equity_flow,CHN,2008-04,317,亿元,M,,https://www.pbc.gov.cn/diaochatongjisi/116219/116225/2863562/index.html,人民银行社融单月分项，亿元；历史口径与缺失按原表保留
tsf_equity_flow,CHN,2008-05,365,亿元,M,,https://www.pbc.gov.cn/diaochatongjisi/116219/116225/2863562/index.html,人民银行社融单月分项，亿元；历史口径与缺失按原表保留
tsf_equity_flow,CHN,2008-06,185,亿元,M,,https://www.pbc.gov.cn/diaochatongjisi/116219/116225/2863562/index.html,人民银行社融单月分项，亿元；历史口径与缺失按原表保留
tsf_equity_flow,CHN,2008-07,188,亿元,M,,https://www.pbc.gov.cn/diaochatongjisi/116219/116225/2863562/index.html,人民银行社融单月分项，亿元；历史口径与缺失按原表保留
tsf_equity_flow,CHN,2008-08,290,亿元,M,,https://www.pbc.gov.cn/diaochatongjisi/116219/116225/2863562/index.html,人民银行社融单月分项，亿元；历史口径与缺失按原表保留
tsf_equity_flow,CHN,2008-09,50,亿元,M,,https://www.pbc.gov.cn/diaochatongjisi/116219/116225/2863562/index.html,人民银行社融单月分项，亿元；历史口径与缺失按原表保留
tsf_equity_flow,CHN,2008-10,7,亿元,M,,https://www.pbc.gov.cn/diaochatongjisi/116219/116225/2863562/index.html,人民银行社融单月分项，亿元；历史口径与缺失按原表保留
tsf_equity_flow,CHN,2008-11,69,亿元,M,,https://www.pbc.gov.cn/diaochatongjisi/116219/116225/2863562/index.html,人民银行社融单月分项，亿元；历史口径与缺失按原表保留
tsf_equity_flow,CHN,2008-12,315,亿元,M,,https://www.pbc.gov.cn/diaochatongjisi/116219/116225/2863562/index.html,人民银行社融单月分项，亿元；历史口径与缺失按原表保留
tsf_equity_flow,CHN,2009-01,14,亿元,M,,https://www.pbc.gov.cn/diaochatongjisi/116219/116225/2863562/index.html,人民银行社融单月分项，亿元；历史口径与缺失按原表保留
tsf_equity_flow,CHN,2009-02,48,亿元,M,,https://www.pbc.gov.cn/diaochatongjisi/116219/116225/2863562/index.html,人民银行社融单月分项，亿元；历史口径与缺失按原表保留
tsf_equity_flow,CHN,2009-03,119,亿元,M,,https://www.pbc.gov.cn/diaochatongjisi/116219/116225/2863562/index.html,人民银行社融单月分项，亿元；历史口径与缺失按原表保留
tsf_equity_flow,CHN,2009-04,137,亿元,M,,https://www.pbc.gov.cn/diaochatongjisi/116219/116225/2863562/index.html,人民银行社融单月分项，亿元；历史口径与缺失按原表保留
tsf_equity_flow,CHN,2009-05,238,亿元,M,,https://www.pbc.gov.cn/diaochatongjisi/116219/116225/2863562/index.html,人民银行社融单月分项，亿元；历史口径与缺失按原表保留
tsf_equity_flow,CHN,2009-06,190,亿元,M,,https://www.pbc.gov.cn/diaochatongjisi/116219/116225/2863562/index.html,人民银行社融单月分项，亿元；历史口径与缺失按原表保留
tsf_equity_flow,CHN,2009-07,788,亿元,M,,https://www.pbc.gov.cn/diaochatongjisi/116219/116225/2863562/index.html,人民银行社融单月分项，亿元；历史口径与缺失按原表保留
tsf_equity_flow,CHN,2009-08,234,亿元,M,,https://www.pbc.gov.cn/diaochatongjisi/116219/116225/2863562/index.html,人民银行社融单月分项，亿元；历史口径与缺失按原表保留
tsf_equity_flow,CHN,2009-09,299,亿元,M,,https://www.pbc.gov.cn/diaochatongjisi/116219/116225/2863562/index.html,人民银行社融单月分项，亿元；历史口径与缺失按原表保留
tsf_equity_flow,CHN,2009-10,302,亿元,M,,https://www.pbc.gov.cn/diaochatongjisi/116219/116225/2863562/index.html,人民银行社融单月分项，亿元；历史口径与缺失按原表保留
tsf_equity_flow,CHN,2009-11,168,亿元,M,,https://www.pbc.gov.cn/diaochatongjisi/116219/116225/2863562/index.html,人民银行社融单月分项，亿元；历史口径与缺失按原表保留
tsf_equity_flow,CHN,2009-12,815,亿元,M,,https://www.pbc.gov.cn/diaochatongjisi/116219/116225/2863562/index.html,人民银行社融单月分项，亿元；历史口径与缺失按原表保留
tsf_equity_flow,CHN,2010-01,519,亿元,M,,https://www.pbc.gov.cn/diaochatongjisi/116219/116225/2863562/index.html,人民银行社融单月分项，亿元；历史口径与缺失按原表保留
tsf_equity_flow,CHN,2010-02,366,亿元,M,,https://www.pbc.gov.cn/diaochatongjisi/116219/116225/2863562/index.html,人民银行社融单月分项，亿元；历史口径与缺失按原表保留
tsf_equity_flow,CHN,2010-03,365,亿元,M,,https://www.pbc.gov.cn/diaochatongjisi/116219/116225/2863562/index.html,人民银行社融单月分项，亿元；历史口径与缺失按原表保留
tsf_equity_flow,CHN,2010-04,432,亿元,M,,https://www.pbc.gov.cn/diaochatongjisi/116219/116225/2863562/index.html,人民银行社融单月分项，亿元；历史口径与缺失按原表保留
tsf_equity_flow,CHN,2010-05,253,亿元,M,,https://www.pbc.gov.cn/diaochatongjisi/116219/116225/2863562/index.html,人民银行社融单月分项，亿元；历史口径与缺失按原表保留
tsf_equity_flow,CHN,2010-06,468,亿元,M,,https://www.pbc.gov.cn/diaochatongjisi/116219/116225/2863562/index.html,人民银行社融单月分项，亿元；历史口径与缺失按原表保留
tsf_equity_flow,CHN,2010-07,262,亿元,M,,https://www.pbc.gov.cn/diaochatongjisi/116219/116225/2863562/index.html,人民银行社融单月分项，亿元；历史口径与缺失按原表保留
tsf_equity_flow,CHN,2010-08,419,亿元,M,,https://www.pbc.gov.cn/diaochatongjisi/116219/116225/2863562/index.html,人民银行社融单月分项，亿元；历史口径与缺失按原表保留
tsf_equity_flow,CHN,2010-09,543,亿元,M,,https://www.pbc.gov.cn/diaochatongjisi/116219/116225/2863562/index.html,人民银行社融单月分项，亿元；历史口径与缺失按原表保留
tsf_equity_flow,CHN,2010-10,483,亿元,M,,https://www.pbc.gov.cn/diaochatongjisi/116219/116225/2863562/index.html,人民银行社融单月分项，亿元；历史口径与缺失按原表保留
tsf_equity_flow,CHN,2010-11,722,亿元,M,,https://www.pbc.gov.cn/diaochatongjisi/116219/116225/2863562/index.html,人民银行社融单月分项，亿元；历史口径与缺失按原表保留
tsf_equity_flow,CHN,2010-12,954,亿元,M,,https://www.pbc.gov.cn/diaochatongjisi/116219/116225/2863562/index.html,人民银行社融单月分项，亿元；历史口径与缺失按原表保留
tsf_equity_flow,CHN,2011-01,731,亿元,M,,https://www.pbc.gov.cn/diaochatongjisi/116219/116225/2863562/index.html,人民银行社融单月分项，亿元；历史口径与缺失按原表保留
tsf_equity_flow,CHN,2011-02,270,亿元,M,,https://www.pbc.gov.cn/diaochatongjisi/116219/116225/2863562/index.html,人民银行社融单月分项，亿元；历史口径与缺失按原表保留
tsf_equity_flow,CHN,2011-03,557,亿元,M,,https://www.pbc.gov.cn/diaochatongjisi/116219/116225/2863562/index.html,人民银行社融单月分项，亿元；历史口径与缺失按原表保留
tsf_equity_flow,CHN,2011-04,448,亿元,M,,https://www.pbc.gov.cn/diaochatongjisi/116219/116225/2863562/index.html,人民银行社融单月分项，亿元；历史口径与缺失按原表保留
tsf_equity_flow,CHN,2011-05,351,亿元,M,,https://www.pbc.gov.cn/diaochatongjisi/116219/116225/2863562/index.html,人民银行社融单月分项，亿元；历史口径与缺失按原表保留
tsf_equity_flow,CHN,2011-06,320,亿元,M,,https://www.pbc.gov.cn/diaochatongjisi/116219/116225/2863562/index.html,人民银行社融单月分项，亿元；历史口径与缺失按原表保留
tsf_equity_flow,CHN,2011-07,252,亿元,M,,https://www.pbc.gov.cn/diaochatongjisi/116219/116225/2863562/index.html,人民银行社融单月分项，亿元；历史口径与缺失按原表保留
tsf_equity_flow,CHN,2011-08,350,亿元,M,,https://www.pbc.gov.cn/diaochatongjisi/116219/116225/2863562/index.html,人民银行社融单月分项，亿元；历史口径与缺失按原表保留
tsf_equity_flow,CHN,2011-09,236,亿元,M,,https://www.pbc.gov.cn/diaochatongjisi/116219/116225/2863562/index.html,人民银行社融单月分项，亿元；历史口径与缺失按原表保留
tsf_equity_flow,CHN,2011-10,244,亿元,M,,https://www.pbc.gov.cn/diaochatongjisi/116219/116225/2863562/index.html,人民银行社融单月分项，亿元；历史口径与缺失按原表保留
tsf_equity_flow,CHN,2011-11,268,亿元,M,,https://www.pbc.gov.cn/diaochatongjisi/116219/116225/2863562/index.html,人民银行社融单月分项，亿元；历史口径与缺失按原表保留
tsf_equity_flow,CHN,2011-12,350,亿元,M,,https://www.pbc.gov.cn/diaochatongjisi/116219/116225/2863562/index.html,人民银行社融单月分项，亿元；历史口径与缺失按原表保留
tsf_equity_flow,CHN,2012-01,81,亿元,M,,https://www.pbc.gov.cn/eportal/fileDir/defaultCurSite/resource/cms/2015/07/2012s18.htm,人民银行社融单月分项，亿元；历史口径与缺失按原表保留
tsf_equity_flow,CHN,2012-02,229,亿元,M,,https://www.pbc.gov.cn/eportal/fileDir/defaultCurSite/resource/cms/2015/07/2012s18.htm,人民银行社融单月分项，亿元；历史口径与缺失按原表保留
tsf_equity_flow,CHN,2012-03,565,亿元,M,,https://www.pbc.gov.cn/eportal/fileDir/defaultCurSite/resource/cms/2015/07/2012s18.htm,人民银行社融单月分项，亿元；历史口径与缺失按原表保留
tsf_equity_flow,CHN,2012-04,190,亿元,M,,https://www.pbc.gov.cn/eportal/fileDir/defaultCurSite/resource/cms/2015/07/2012s18.htm,人民银行社融单月分项，亿元；历史口径与缺失按原表保留
tsf_equity_flow,CHN,2012-05,184,亿元,M,,https://www.pbc.gov.cn/eportal/fileDir/defaultCurSite/resource/cms/2015/07/2012s18.htm,人民银行社融单月分项，亿元；历史口径与缺失按原表保留
tsf_equity_flow,CHN,2012-06,246,亿元,M,,https://www.pbc.gov.cn/eportal/fileDir/defaultCurSite/resource/cms/2015/07/2012s18.htm,人民银行社融单月分项，亿元；历史口径与缺失按原表保留
tsf_equity_flow,CHN,2012-07,316,亿元,M,,https://www.pbc.gov.cn/eportal/fileDir/defaultCurSite/resource/cms/2015/07/2012s18.htm,人民银行社融单月分项，亿元；历史口径与缺失按原表保留
tsf_equity_flow,CHN,2012-08,208,亿元,M,,https://www.pbc.gov.cn/eportal/fileDir/defaultCurSite/resource/cms/2015/07/2012s18.htm,人民银行社融单月分项，亿元；历史口径与缺失按原表保留
tsf_equity_flow,CHN,2012-09,158,亿元,M,,https://www.pbc.gov.cn/eportal/fileDir/defaultCurSite/resource/cms/2015/07/2012s18.htm,人民银行社融单月分项，亿元；历史口径与缺失按原表保留
tsf_equity_flow,CHN,2012-10,88,亿元,M,,https://www.pbc.gov.cn/eportal/fileDir/defaultCurSite/resource/cms/2015/07/2012s18.htm,人民银行社融单月分项，亿元；历史口径与缺失按原表保留
tsf_equity_flow,CHN,2012-11,107,亿元,M,,https://www.pbc.gov.cn/eportal/fileDir/defaultCurSite/resource/cms/2015/07/2012s18.htm,人民银行社融单月分项，亿元；历史口径与缺失按原表保留
tsf_equity_flow,CHN,2012-12,135,亿元,M,,https://www.pbc.gov.cn/eportal/fileDir/defaultCurSite/resource/cms/2015/07/2012s18.htm,人民银行社融单月分项，亿元；历史口径与缺失按原表保留
tsf_equity_flow,CHN,2013-01,244,亿元,M,,https://www.pbc.gov.cn/eportal/fileDir/defaultCurSite/resource/cms/2015/07/2013s18.htm,人民银行社融单月分项，亿元；历史口径与缺失按原表保留
tsf_equity_flow,CHN,2013-02,165,亿元,M,,https://www.pbc.gov.cn/eportal/fileDir/defaultCurSite/resource/cms/2015/07/2013s18.htm,人民银行社融单月分项，亿元；历史口径与缺失按原表保留
tsf_equity_flow,CHN,2013-03,208,亿元,M,,https://www.pbc.gov.cn/eportal/fileDir/defaultCurSite/resource/cms/2015/07/2013s18.htm,人民银行社融单月分项，亿元；历史口径与缺失按原表保留
tsf_equity_flow,CHN,2013-04,274,亿元,M,,https://www.pbc.gov.cn/eportal/fileDir/defaultCurSite/resource/cms/2015/07/2013s18.htm,人民银行社融单月分项，亿元；历史口径与缺失按原表保留
tsf_equity_flow,CHN,2013-05,231,亿元,M,,https://www.pbc.gov.cn/eportal/fileDir/defaultCurSite/resource/cms/2015/07/2013s18.htm,人民银行社融单月分项，亿元；历史口径与缺失按原表保留
tsf_equity_flow,CHN,2013-06,126,亿元,M,,https://www.pbc.gov.cn/eportal/fileDir/defaultCurSite/resource/cms/2015/07/2013s18.htm,人民银行社融单月分项，亿元；历史口径与缺失按原表保留
tsf_equity_flow,CHN,2013-07,128,亿元,M,,https://www.pbc.gov.cn/eportal/fileDir/defaultCurSite/resource/cms/2015/07/2013s18.htm,人民银行社融单月分项，亿元；历史口径与缺失按原表保留
tsf_equity_flow,CHN,2013-08,136,亿元,M,,https://www.pbc.gov.cn/eportal/fileDir/defaultCurSite/resource/cms/2015/07/2013s18.htm,人民银行社融单月分项，亿元；历史口径与缺失按原表保留
tsf_equity_flow,CHN,2013-09,113,亿元,M,,https://www.pbc.gov.cn/eportal/fileDir/defaultCurSite/resource/cms/2015/07/2013s18.htm,人民银行社融单月分项，亿元；历史口径与缺失按原表保留
tsf_equity_flow,CHN,2013-10,78,亿元,M,,https://www.pbc.gov.cn/eportal/fileDir/defaultCurSite/resource/cms/2015/07/2013s18.htm,人民银行社融单月分项，亿元；历史口径与缺失按原表保留
tsf_equity_flow,CHN,2013-11,147,亿元,M,,https://www.pbc.gov.cn/eportal/fileDir/defaultCurSite/resource/cms/2015/07/2013s18.htm,人民银行社融单月分项，亿元；历史口径与缺失按原表保留
tsf_equity_flow,CHN,2013-12,369,亿元,M,,https://www.pbc.gov.cn/eportal/fileDir/defaultCurSite/resource/cms/2015/07/2013s18.htm,人民银行社融单月分项，亿元；历史口径与缺失按原表保留
tsf_equity_flow,CHN,2014-01,454,亿元,M,,https://www.pbc.gov.cn/eportal/fileDir/defaultCurSite/resource/cms/2015/07/2014s18.htm,人民银行社融单月分项，亿元；历史口径与缺失按原表保留
tsf_equity_flow,CHN,2014-02,169,亿元,M,,https://www.pbc.gov.cn/eportal/fileDir/defaultCurSite/resource/cms/2015/07/2014s18.htm,人民银行社融单月分项，亿元；历史口径与缺失按原表保留
tsf_equity_flow,CHN,2014-03,352,亿元,M,,https://www.pbc.gov.cn/eportal/fileDir/defaultCurSite/resource/cms/2015/07/2014s18.htm,人民银行社融单月分项，亿元；历史口径与缺失按原表保留
tsf_equity_flow,CHN,2014-04,582,亿元,M,,https://www.pbc.gov.cn/eportal/fileDir/defaultCurSite/resource/cms/2015/07/2014s18.htm,人民银行社融单月分项，亿元；历史口径与缺失按原表保留
tsf_equity_flow,CHN,2014-05,162,亿元,M,,https://www.pbc.gov.cn/eportal/fileDir/defaultCurSite/resource/cms/2015/07/2014s18.htm,人民银行社融单月分项，亿元；历史口径与缺失按原表保留
tsf_equity_flow,CHN,2014-06,154,亿元,M,,https://www.pbc.gov.cn/eportal/fileDir/defaultCurSite/resource/cms/2015/07/2014s18.htm,人民银行社融单月分项，亿元；历史口径与缺失按原表保留
tsf_equity_flow,CHN,2014-07,332,亿元,M,,https://www.pbc.gov.cn/eportal/fileDir/defaultCurSite/resource/cms/2015/07/2014s18.htm,人民银行社融单月分项，亿元；历史口径与缺失按原表保留
tsf_equity_flow,CHN,2014-08,217,亿元,M,,https://www.pbc.gov.cn/eportal/fileDir/defaultCurSite/resource/cms/2015/07/2014s18.htm,人民银行社融单月分项，亿元；历史口径与缺失按原表保留
tsf_equity_flow,CHN,2014-09,612,亿元,M,,https://www.pbc.gov.cn/eportal/fileDir/defaultCurSite/resource/cms/2015/07/2014s18.htm,人民银行社融单月分项，亿元；历史口径与缺失按原表保留
tsf_equity_flow,CHN,2014-10,279,亿元,M,,https://www.pbc.gov.cn/eportal/fileDir/defaultCurSite/resource/cms/2015/07/2014s18.htm,人民银行社融单月分项，亿元；历史口径与缺失按原表保留
tsf_equity_flow,CHN,2014-11,379,亿元,M,,https://www.pbc.gov.cn/eportal/fileDir/defaultCurSite/resource/cms/2015/07/2014s18.htm,人民银行社融单月分项，亿元；历史口径与缺失按原表保留
tsf_equity_flow,CHN,2014-12,658,亿元,M,,https://www.pbc.gov.cn/eportal/fileDir/defaultCurSite/resource/cms/2015/07/2014s18.htm,人民银行社融单月分项，亿元；历史口径与缺失按原表保留
tsf_equity_flow,CHN,2015-01,526.0600000000001,亿元,M,,https://www.pbc.gov.cn/diaochatongjisi/fileDir/resource/cms/2018/04/2018041810462448165.xls,人民银行社融单月分项，亿元；历史口径与缺失按原表保留
tsf_equity_flow,CHN,2015-02,542.45,亿元,M,,https://www.pbc.gov.cn/diaochatongjisi/fileDir/resource/cms/2018/04/2018041810462448165.xls,人民银行社融单月分项，亿元；历史口径与缺失按原表保留
tsf_equity_flow,CHN,2015-03,639.48,亿元,M,,https://www.pbc.gov.cn/diaochatongjisi/fileDir/resource/cms/2018/04/2018041810462448165.xls,人民银行社融单月分项，亿元；历史口径与缺失按原表保留
tsf_equity_flow,CHN,2015-04,597.3,亿元,M,,https://www.pbc.gov.cn/diaochatongjisi/fileDir/resource/cms/2018/04/2018041810462448165.xls,人民银行社融单月分项，亿元；历史口径与缺失按原表保留
tsf_equity_flow,CHN,2015-05,584.27,亿元,M,,https://www.pbc.gov.cn/diaochatongjisi/fileDir/resource/cms/2018/04/2018041810462448165.xls,人民银行社融单月分项，亿元；历史口径与缺失按原表保留
tsf_equity_flow,CHN,2015-06,1051.2400000000002,亿元,M,,https://www.pbc.gov.cn/diaochatongjisi/fileDir/resource/cms/2018/04/2018041810462448165.xls,人民银行社融单月分项，亿元；历史口径与缺失按原表保留
tsf_equity_flow,CHN,2015-07,614.6999999999999,亿元,M,,https://www.pbc.gov.cn/diaochatongjisi/fileDir/resource/cms/2018/04/2018041810462448165.xls,人民银行社融单月分项，亿元；历史口径与缺失按原表保留
tsf_equity_flow,CHN,2015-08,478.92,亿元,M,,https://www.pbc.gov.cn/diaochatongjisi/fileDir/resource/cms/2018/04/2018041810462448165.xls,人民银行社融单月分项，亿元；历史口径与缺失按原表保留
tsf_equity_flow,CHN,2015-09,348.69,亿元,M,,https://www.pbc.gov.cn/diaochatongjisi/fileDir/resource/cms/2018/04/2018041810462448165.xls,人民银行社融单月分项，亿元；历史口径与缺失按原表保留
tsf_equity_flow,CHN,2015-10,120.98,亿元,M,,https://www.pbc.gov.cn/diaochatongjisi/fileDir/resource/cms/2018/04/2018041810462448165.xls,人民银行社融单月分项，亿元；历史口径与缺失按原表保留
tsf_equity_flow,CHN,2015-11,568.23,亿元,M,,https://www.pbc.gov.cn/diaochatongjisi/fileDir/resource/cms/2018/04/2018041810462448165.xls,人民银行社融单月分项，亿元；历史口径与缺失按原表保留
tsf_equity_flow,CHN,2015-12,1517.5199999999998,亿元,M,,https://www.pbc.gov.cn/diaochatongjisi/fileDir/resource/cms/2018/04/2018041810462448165.xls,人民银行社融单月分项，亿元；历史口径与缺失按原表保留
tsf_equity_flow,CHN,2016-01,1468.72,亿元,M,,https://www.pbc.gov.cn/diaochatongjisi/fileDir/resource/cms/2018/04/2018041810585985661.xls,人民银行社融单月分项，亿元；历史口径与缺失按原表保留
tsf_equity_flow,CHN,2016-02,810.2,亿元,M,,https://www.pbc.gov.cn/diaochatongjisi/fileDir/resource/cms/2018/04/2018041810585985661.xls,人民银行社融单月分项，亿元；历史口径与缺失按原表保留
tsf_equity_flow,CHN,2016-03,561.5,亿元,M,,https://www.pbc.gov.cn/diaochatongjisi/fileDir/resource/cms/2018/04/2018041810585985661.xls,人民银行社融单月分项，亿元；历史口径与缺失按原表保留
tsf_equity_flow,CHN,2016-04,951.24,亿元,M,,https://www.pbc.gov.cn/diaochatongjisi/fileDir/resource/cms/2018/04/2018041810585985661.xls,人民银行社融单月分项，亿元；历史口径与缺失按原表保留
tsf_equity_flow,CHN,2016-05,1073.24,亿元,M,,https://www.pbc.gov.cn/diaochatongjisi/fileDir/resource/cms/2018/04/2018041810585985661.xls,人民银行社融单月分项，亿元；历史口径与缺失按原表保留
tsf_equity_flow,CHN,2016-06,1158.09,亿元,M,,https://www.pbc.gov.cn/diaochatongjisi/fileDir/resource/cms/2018/04/2018041810585985661.xls,人民银行社融单月分项，亿元；历史口径与缺失按原表保留
tsf_equity_flow,CHN,2016-07,1135.3799999999999,亿元,M,,https://www.pbc.gov.cn/diaochatongjisi/fileDir/resource/cms/2018/04/2018041810585985661.xls,人民银行社融单月分项，亿元；历史口径与缺失按原表保留
tsf_equity_flow,CHN,2016-08,1074.81,亿元,M,,https://www.pbc.gov.cn/diaochatongjisi/fileDir/resource/cms/2018/04/2018041810585985661.xls,人民银行社融单月分项，亿元；历史口径与缺失按原表保留
tsf_equity_flow,CHN,2016-09,1368.4199999999998,亿元,M,,https://www.pbc.gov.cn/diaochatongjisi/fileDir/resource/cms/2018/04/2018041810585985661.xls,人民银行社融单月分项，亿元；历史口径与缺失按原表保留
tsf_equity_flow,CHN,2016-10,1124.6100000000001,亿元,M,,https://www.pbc.gov.cn/diaochatongjisi/fileDir/resource/cms/2018/04/2018041810585985661.xls,人民银行社融单月分项，亿元；历史口径与缺失按原表保留
tsf_equity_flow,CHN,2016-11,861.03,亿元,M,,https://www.pbc.gov.cn/diaochatongjisi/fileDir/resource/cms/2018/04/2018041810585985661.xls,人民银行社融单月分项，亿元；历史口径与缺失按原表保留
tsf_equity_flow,CHN,2016-12,828.36,亿元,M,,https://www.pbc.gov.cn/diaochatongjisi/fileDir/resource/cms/2018/04/2018041810585985661.xls,人民银行社融单月分项，亿元；历史口径与缺失按原表保留
tsf_equity_flow,CHN,2017-01,1225.0,亿元,M,,https://www.pbc.gov.cn/diaochatongjisi/attachDir/2025/11/2025110511302316239.xls,人民银行社融单月分项，亿元；历史口径与缺失按原表保留
tsf_equity_flow,CHN,2017-02,570.0,亿元,M,,https://www.pbc.gov.cn/diaochatongjisi/attachDir/2025/11/2025110511302316239.xls,人民银行社融单月分项，亿元；历史口径与缺失按原表保留
tsf_equity_flow,CHN,2017-03,800.0,亿元,M,,https://www.pbc.gov.cn/diaochatongjisi/attachDir/2025/11/2025110511302316239.xls,人民银行社融单月分项，亿元；历史口径与缺失按原表保留
tsf_equity_flow,CHN,2017-04,769.0,亿元,M,,https://www.pbc.gov.cn/diaochatongjisi/attachDir/2025/11/2025110511302316239.xls,人民银行社融单月分项，亿元；历史口径与缺失按原表保留
tsf_equity_flow,CHN,2017-05,458.0,亿元,M,,https://www.pbc.gov.cn/diaochatongjisi/attachDir/2025/11/2025110511302316239.xls,人民银行社融单月分项，亿元；历史口径与缺失按原表保留
tsf_equity_flow,CHN,2017-06,487.0,亿元,M,,https://www.pbc.gov.cn/diaochatongjisi/attachDir/2025/11/2025110511302316239.xls,人民银行社融单月分项，亿元；历史口径与缺失按原表保留
tsf_equity_flow,CHN,2017-07,536.0,亿元,M,,https://www.pbc.gov.cn/diaochatongjisi/attachDir/2025/11/2025110511302316239.xls,人民银行社融单月分项，亿元；历史口径与缺失按原表保留
tsf_equity_flow,CHN,2017-08,653.0,亿元,M,,https://www.pbc.gov.cn/diaochatongjisi/attachDir/2025/11/2025110511302316239.xls,人民银行社融单月分项，亿元；历史口径与缺失按原表保留
tsf_equity_flow,CHN,2017-09,519.0,亿元,M,,https://www.pbc.gov.cn/diaochatongjisi/attachDir/2025/11/2025110511302316239.xls,人民银行社融单月分项，亿元；历史口径与缺失按原表保留
tsf_equity_flow,CHN,2017-10,601.0,亿元,M,,https://www.pbc.gov.cn/diaochatongjisi/attachDir/2025/11/2025110511302316239.xls,人民银行社融单月分项，亿元；历史口径与缺失按原表保留
tsf_equity_flow,CHN,2017-11,1324.0,亿元,M,,https://www.pbc.gov.cn/diaochatongjisi/attachDir/2025/11/2025110511302316239.xls,人民银行社融单月分项，亿元；历史口径与缺失按原表保留
tsf_equity_flow,CHN,2017-12,817.0,亿元,M,,https://www.pbc.gov.cn/diaochatongjisi/attachDir/2025/11/2025110511302316239.xls,人民银行社融单月分项，亿元；历史口径与缺失按原表保留
tsf_equity_flow,CHN,2018-01,500.0,亿元,M,,https://www.pbc.gov.cn/diaochatongjisi/attachDir/2025/11/2025110511302316239.xls,人民银行社融单月分项，亿元；历史口径与缺失按原表保留
tsf_equity_flow,CHN,2018-02,379.0,亿元,M,,https://www.pbc.gov.cn/diaochatongjisi/attachDir/2025/11/2025110511302316239.xls,人民银行社融单月分项，亿元；历史口径与缺失按原表保留
tsf_equity_flow,CHN,2018-03,404.0,亿元,M,,https://www.pbc.gov.cn/diaochatongjisi/attachDir/2025/11/2025110511302316239.xls,人民银行社融单月分项，亿元；历史口径与缺失按原表保留
tsf_equity_flow,CHN,2018-04,533.0,亿元,M,,https://www.pbc.gov.cn/diaochatongjisi/attachDir/2025/11/2025110511302316239.xls,人民银行社融单月分项，亿元；历史口径与缺失按原表保留
tsf_equity_flow,CHN,2018-05,438.0,亿元,M,,https://www.pbc.gov.cn/diaochatongjisi/attachDir/2025/11/2025110511302316239.xls,人民银行社融单月分项，亿元；历史口径与缺失按原表保留
tsf_equity_flow,CHN,2018-06,258.0,亿元,M,,https://www.pbc.gov.cn/diaochatongjisi/attachDir/2025/11/2025110511302316239.xls,人民银行社融单月分项，亿元；历史口径与缺失按原表保留
tsf_equity_flow,CHN,2018-07,175.0,亿元,M,,https://www.pbc.gov.cn/diaochatongjisi/attachDir/2025/11/2025110511302316239.xls,人民银行社融单月分项，亿元；历史口径与缺失按原表保留
tsf_equity_flow,CHN,2018-08,141.0,亿元,M,,https://www.pbc.gov.cn/diaochatongjisi/attachDir/2025/11/2025110511302316239.xls,人民银行社融单月分项，亿元；历史口径与缺失按原表保留
tsf_equity_flow,CHN,2018-09,272.0,亿元,M,,https://www.pbc.gov.cn/diaochatongjisi/attachDir/2025/11/2025110511302316239.xls,人民银行社融单月分项，亿元；历史口径与缺失按原表保留
tsf_equity_flow,CHN,2018-10,176.0,亿元,M,,https://www.pbc.gov.cn/diaochatongjisi/attachDir/2025/11/2025110511302316239.xls,人民银行社融单月分项，亿元；历史口径与缺失按原表保留
tsf_equity_flow,CHN,2018-11,200.0,亿元,M,,https://www.pbc.gov.cn/diaochatongjisi/attachDir/2025/11/2025110511302316239.xls,人民银行社融单月分项，亿元；历史口径与缺失按原表保留
tsf_equity_flow,CHN,2018-12,130.0,亿元,M,,https://www.pbc.gov.cn/diaochatongjisi/attachDir/2025/11/2025110511302316239.xls,人民银行社融单月分项，亿元；历史口径与缺失按原表保留
tsf_equity_flow,CHN,2019-01,289.0,亿元,M,,https://www.pbc.gov.cn/diaochatongjisi/attachDir/2025/11/2025110511302316239.xls,人民银行社融单月分项，亿元；历史口径与缺失按原表保留
tsf_equity_flow,CHN,2019-02,119.0,亿元,M,,https://www.pbc.gov.cn/diaochatongjisi/attachDir/2025/11/2025110511302316239.xls,人民银行社融单月分项，亿元；历史口径与缺失按原表保留
tsf_equity_flow,CHN,2019-03,122.0,亿元,M,,https://www.pbc.gov.cn/diaochatongjisi/attachDir/2025/11/2025110511302316239.xls,人民银行社融单月分项，亿元；历史口径与缺失按原表保留
tsf_equity_flow,CHN,2019-04,262.0,亿元,M,,https://www.pbc.gov.cn/diaochatongjisi/attachDir/2025/11/2025110511302316239.xls,人民银行社融单月分项，亿元；历史口径与缺失按原表保留
tsf_equity_flow,CHN,2019-05,259.0,亿元,M,,https://www.pbc.gov.cn/diaochatongjisi/attachDir/2025/11/2025110511302316239.xls,人民银行社融单月分项，亿元；历史口径与缺失按原表保留
tsf_equity_flow,CHN,2019-06,153.0,亿元,M,,https://www.pbc.gov.cn/diaochatongjisi/attachDir/2025/11/2025110511302316239.xls,人民银行社融单月分项，亿元；历史口径与缺失按原表保留
tsf_equity_flow,CHN,2019-07,593.0,亿元,M,,https://www.pbc.gov.cn/diaochatongjisi/attachDir/2025/11/2025110511302316239.xls,人民银行社融单月分项，亿元；历史口径与缺失按原表保留
tsf_equity_flow,CHN,2019-08,256.0,亿元,M,,https://www.pbc.gov.cn/diaochatongjisi/attachDir/2025/11/2025110511302316239.xls,人民银行社融单月分项，亿元；历史口径与缺失按原表保留
tsf_equity_flow,CHN,2019-09,289.0,亿元,M,,https://www.pbc.gov.cn/diaochatongjisi/attachDir/2025/11/2025110511302316239.xls,人民银行社融单月分项，亿元；历史口径与缺失按原表保留
tsf_equity_flow,CHN,2019-10,180.0,亿元,M,,https://www.pbc.gov.cn/diaochatongjisi/attachDir/2025/11/2025110511302316239.xls,人民银行社融单月分项，亿元；历史口径与缺失按原表保留
tsf_equity_flow,CHN,2019-11,524.0,亿元,M,,https://www.pbc.gov.cn/diaochatongjisi/attachDir/2025/11/2025110511302316239.xls,人民银行社融单月分项，亿元；历史口径与缺失按原表保留
tsf_equity_flow,CHN,2019-12,432.0,亿元,M,,https://www.pbc.gov.cn/diaochatongjisi/attachDir/2025/11/2025110511302316239.xls,人民银行社融单月分项，亿元；历史口径与缺失按原表保留
tsf_equity_flow,CHN,2020-01,609.0,亿元,M,,https://www.pbc.gov.cn/diaochatongjisi/attachDir/2025/11/2025110510115085998.xls,人民银行社融单月分项，亿元；历史口径与缺失按原表保留
tsf_equity_flow,CHN,2020-02,449.0,亿元,M,,https://www.pbc.gov.cn/diaochatongjisi/attachDir/2025/11/2025110510115085998.xls,人民银行社融单月分项，亿元；历史口径与缺失按原表保留
tsf_equity_flow,CHN,2020-03,198.0,亿元,M,,https://www.pbc.gov.cn/diaochatongjisi/attachDir/2025/11/2025110510115085998.xls,人民银行社融单月分项，亿元；历史口径与缺失按原表保留
tsf_equity_flow,CHN,2020-04,315.0,亿元,M,,https://www.pbc.gov.cn/diaochatongjisi/attachDir/2025/11/2025110510115085998.xls,人民银行社融单月分项，亿元；历史口径与缺失按原表保留
tsf_equity_flow,CHN,2020-05,353.0,亿元,M,,https://www.pbc.gov.cn/diaochatongjisi/attachDir/2025/11/2025110510115085998.xls,人民银行社融单月分项，亿元；历史口径与缺失按原表保留
tsf_equity_flow,CHN,2020-06,538.0,亿元,M,,https://www.pbc.gov.cn/diaochatongjisi/attachDir/2025/11/2025110510115085998.xls,人民银行社融单月分项，亿元；历史口径与缺失按原表保留
tsf_equity_flow,CHN,2020-07,1215.0,亿元,M,,https://www.pbc.gov.cn/diaochatongjisi/attachDir/2025/11/2025110510115085998.xls,人民银行社融单月分项，亿元；历史口径与缺失按原表保留
tsf_equity_flow,CHN,2020-08,1282.0,亿元,M,,https://www.pbc.gov.cn/diaochatongjisi/attachDir/2025/11/2025110510115085998.xls,人民银行社融单月分项，亿元；历史口径与缺失按原表保留
tsf_equity_flow,CHN,2020-09,1141.0,亿元,M,,https://www.pbc.gov.cn/diaochatongjisi/attachDir/2025/11/2025110510115085998.xls,人民银行社融单月分项，亿元；历史口径与缺失按原表保留
tsf_equity_flow,CHN,2020-10,927.0,亿元,M,,https://www.pbc.gov.cn/diaochatongjisi/attachDir/2025/11/2025110510115085998.xls,人民银行社融单月分项，亿元；历史口径与缺失按原表保留
tsf_equity_flow,CHN,2020-11,771.0,亿元,M,,https://www.pbc.gov.cn/diaochatongjisi/attachDir/2025/11/2025110510115085998.xls,人民银行社融单月分项，亿元；历史口径与缺失按原表保留
tsf_equity_flow,CHN,2020-12,1126.0,亿元,M,,https://www.pbc.gov.cn/diaochatongjisi/attachDir/2025/11/2025110510115085998.xls,人民银行社融单月分项，亿元；历史口径与缺失按原表保留
tsf_equity_flow,CHN,2021-01,991.0,亿元,M,,https://www.pbc.gov.cn/diaochatongjisi/attachDir/2025/11/2025110509591087259.xls,人民银行社融单月分项，亿元；历史口径与缺失按原表保留
tsf_equity_flow,CHN,2021-02,693.0,亿元,M,,https://www.pbc.gov.cn/diaochatongjisi/attachDir/2025/11/2025110509591087259.xls,人民银行社融单月分项，亿元；历史口径与缺失按原表保留
tsf_equity_flow,CHN,2021-03,783.0,亿元,M,,https://www.pbc.gov.cn/diaochatongjisi/attachDir/2025/11/2025110509591087259.xls,人民银行社融单月分项，亿元；历史口径与缺失按原表保留
tsf_equity_flow,CHN,2021-04,814.0,亿元,M,,https://www.pbc.gov.cn/diaochatongjisi/attachDir/2025/11/2025110509591087259.xls,人民银行社融单月分项，亿元；历史口径与缺失按原表保留
tsf_equity_flow,CHN,2021-05,717.0,亿元,M,,https://www.pbc.gov.cn/diaochatongjisi/attachDir/2025/11/2025110509591087259.xls,人民银行社融单月分项，亿元；历史口径与缺失按原表保留
tsf_equity_flow,CHN,2021-06,956.0,亿元,M,,https://www.pbc.gov.cn/diaochatongjisi/attachDir/2025/11/2025110509591087259.xls,人民银行社融单月分项，亿元；历史口径与缺失按原表保留
tsf_equity_flow,CHN,2021-07,938.0,亿元,M,,https://www.pbc.gov.cn/diaochatongjisi/attachDir/2025/11/2025110509591087259.xls,人民银行社融单月分项，亿元；历史口径与缺失按原表保留
tsf_equity_flow,CHN,2021-08,1478.0,亿元,M,,https://www.pbc.gov.cn/diaochatongjisi/attachDir/2025/11/2025110509591087259.xls,人民银行社融单月分项，亿元；历史口径与缺失按原表保留
tsf_equity_flow,CHN,2021-09,772.0,亿元,M,,https://www.pbc.gov.cn/diaochatongjisi/attachDir/2025/11/2025110509591087259.xls,人民银行社融单月分项，亿元；历史口径与缺失按原表保留
tsf_equity_flow,CHN,2021-10,846.0,亿元,M,,https://www.pbc.gov.cn/diaochatongjisi/attachDir/2025/11/2025110509591087259.xls,人民银行社融单月分项，亿元；历史口径与缺失按原表保留
tsf_equity_flow,CHN,2021-11,1294.0,亿元,M,,https://www.pbc.gov.cn/diaochatongjisi/attachDir/2025/11/2025110509591087259.xls,人民银行社融单月分项，亿元；历史口径与缺失按原表保留
tsf_equity_flow,CHN,2021-12,1851.0,亿元,M,,https://www.pbc.gov.cn/diaochatongjisi/attachDir/2025/11/2025110509591087259.xls,人民银行社融单月分项，亿元；历史口径与缺失按原表保留
tsf_equity_flow,CHN,2022-01,1439,亿元,M,,https://www.pbc.gov.cn/diaochatongjisi/attachDir/2025/11/2025110416594167877.xlsx,人民银行社融单月分项，亿元；历史口径与缺失按原表保留
tsf_equity_flow,CHN,2022-02,585,亿元,M,,https://www.pbc.gov.cn/diaochatongjisi/attachDir/2025/11/2025110416594167877.xlsx,人民银行社融单月分项，亿元；历史口径与缺失按原表保留
tsf_equity_flow,CHN,2022-03,958,亿元,M,,https://www.pbc.gov.cn/diaochatongjisi/attachDir/2025/11/2025110416594167877.xlsx,人民银行社融单月分项，亿元；历史口径与缺失按原表保留
tsf_equity_flow,CHN,2022-04,1166,亿元,M,,https://www.pbc.gov.cn/diaochatongjisi/attachDir/2025/11/2025110416594167877.xlsx,人民银行社融单月分项，亿元；历史口径与缺失按原表保留
tsf_equity_flow,CHN,2022-05,292,亿元,M,,https://www.pbc.gov.cn/diaochatongjisi/attachDir/2025/11/2025110416594167877.xlsx,人民银行社融单月分项，亿元；历史口径与缺失按原表保留
tsf_equity_flow,CHN,2022-06,589,亿元,M,,https://www.pbc.gov.cn/diaochatongjisi/attachDir/2025/11/2025110416594167877.xlsx,人民银行社融单月分项，亿元；历史口径与缺失按原表保留
tsf_equity_flow,CHN,2022-07,1437,亿元,M,,https://www.pbc.gov.cn/diaochatongjisi/attachDir/2025/11/2025110416594167877.xlsx,人民银行社融单月分项，亿元；历史口径与缺失按原表保留
tsf_equity_flow,CHN,2022-08,1251,亿元,M,,https://www.pbc.gov.cn/diaochatongjisi/attachDir/2025/11/2025110416594167877.xlsx,人民银行社融单月分项，亿元；历史口径与缺失按原表保留
tsf_equity_flow,CHN,2022-09,1022,亿元,M,,https://www.pbc.gov.cn/diaochatongjisi/attachDir/2025/11/2025110416594167877.xlsx,人民银行社融单月分项，亿元；历史口径与缺失按原表保留
tsf_equity_flow,CHN,2022-10,788,亿元,M,,https://www.pbc.gov.cn/diaochatongjisi/attachDir/2025/11/2025110416594167877.xlsx,人民银行社融单月分项，亿元；历史口径与缺失按原表保留
tsf_equity_flow,CHN,2022-11,788,亿元,M,,https://www.pbc.gov.cn/diaochatongjisi/attachDir/2025/11/2025110416594167877.xlsx,人民银行社融单月分项，亿元；历史口径与缺失按原表保留
tsf_equity_flow,CHN,2022-12,1443,亿元,M,,https://www.pbc.gov.cn/diaochatongjisi/attachDir/2025/11/2025110416594167877.xlsx,人民银行社融单月分项，亿元；历史口径与缺失按原表保留
tsf_equity_flow,CHN,2023-01,964,亿元,M,,https://www.pbc.gov.cn/diaochatongjisi/attachDir/2025/11/2025110415542112867.xlsx,人民银行社融单月分项，亿元；历史口径与缺失按原表保留
tsf_equity_flow,CHN,2023-02,571,亿元,M,,https://www.pbc.gov.cn/diaochatongjisi/attachDir/2025/11/2025110415542112867.xlsx,人民银行社融单月分项，亿元；历史口径与缺失按原表保留
tsf_equity_flow,CHN,2023-03,614,亿元,M,,https://www.pbc.gov.cn/diaochatongjisi/attachDir/2025/11/2025110415542112867.xlsx,人民银行社融单月分项，亿元；历史口径与缺失按原表保留
tsf_equity_flow,CHN,2023-04,993,亿元,M,,https://www.pbc.gov.cn/diaochatongjisi/attachDir/2025/11/2025110415542112867.xlsx,人民银行社融单月分项，亿元；历史口径与缺失按原表保留
tsf_equity_flow,CHN,2023-05,753,亿元,M,,https://www.pbc.gov.cn/diaochatongjisi/attachDir/2025/11/2025110415542112867.xlsx,人民银行社融单月分项，亿元；历史口径与缺失按原表保留
tsf_equity_flow,CHN,2023-06,700,亿元,M,,https://www.pbc.gov.cn/diaochatongjisi/attachDir/2025/11/2025110415542112867.xlsx,人民银行社融单月分项，亿元；历史口径与缺失按原表保留
tsf_equity_flow,CHN,2023-07,786,亿元,M,,https://www.pbc.gov.cn/diaochatongjisi/attachDir/2025/11/2025110415542112867.xlsx,人民银行社融单月分项，亿元；历史口径与缺失按原表保留
tsf_equity_flow,CHN,2023-08,1036,亿元,M,,https://www.pbc.gov.cn/diaochatongjisi/attachDir/2025/11/2025110415542112867.xlsx,人民银行社融单月分项，亿元；历史口径与缺失按原表保留
tsf_equity_flow,CHN,2023-09,326,亿元,M,,https://www.pbc.gov.cn/diaochatongjisi/attachDir/2025/11/2025110415542112867.xlsx,人民银行社融单月分项，亿元；历史口径与缺失按原表保留
tsf_equity_flow,CHN,2023-10,321,亿元,M,,https://www.pbc.gov.cn/diaochatongjisi/attachDir/2025/11/2025110415542112867.xlsx,人民银行社融单月分项，亿元；历史口径与缺失按原表保留
tsf_equity_flow,CHN,2023-11,359,亿元,M,,https://www.pbc.gov.cn/diaochatongjisi/attachDir/2025/11/2025110415542112867.xlsx,人民银行社融单月分项，亿元；历史口径与缺失按原表保留
tsf_equity_flow,CHN,2023-12,508,亿元,M,,https://www.pbc.gov.cn/diaochatongjisi/attachDir/2025/11/2025110415542112867.xlsx,人民银行社融单月分项，亿元；历史口径与缺失按原表保留
tsf_equity_flow,CHN,2024-01,422,亿元,M,,https://www.pbc.gov.cn/diaochatongjisi/attachDir/2025/11/2025111416252488839.xlsx,人民银行社融单月分项，亿元；历史口径与缺失按原表保留
tsf_equity_flow,CHN,2024-02,114,亿元,M,,https://www.pbc.gov.cn/diaochatongjisi/attachDir/2025/11/2025111416252488839.xlsx,人民银行社融单月分项，亿元；历史口径与缺失按原表保留
tsf_equity_flow,CHN,2024-03,227,亿元,M,,https://www.pbc.gov.cn/diaochatongjisi/attachDir/2025/11/2025111416252488839.xlsx,人民银行社融单月分项，亿元；历史口径与缺失按原表保留
tsf_equity_flow,CHN,2024-04,186,亿元,M,,https://www.pbc.gov.cn/diaochatongjisi/attachDir/2025/11/2025111416252488839.xlsx,人民银行社融单月分项，亿元；历史口径与缺失按原表保留
tsf_equity_flow,CHN,2024-05,111,亿元,M,,https://www.pbc.gov.cn/diaochatongjisi/attachDir/2025/11/2025111416252488839.xlsx,人民银行社融单月分项，亿元；历史口径与缺失按原表保留
tsf_equity_flow,CHN,2024-06,154,亿元,M,,https://www.pbc.gov.cn/diaochatongjisi/attachDir/2025/11/2025111416252488839.xlsx,人民银行社融单月分项，亿元；历史口径与缺失按原表保留
tsf_equity_flow,CHN,2024-07,231,亿元,M,,https://www.pbc.gov.cn/diaochatongjisi/attachDir/2025/11/2025111416252488839.xlsx,人民银行社融单月分项，亿元；历史口径与缺失按原表保留
tsf_equity_flow,CHN,2024-08,132,亿元,M,,https://www.pbc.gov.cn/diaochatongjisi/attachDir/2025/11/2025111416252488839.xlsx,人民银行社融单月分项，亿元；历史口径与缺失按原表保留
tsf_equity_flow,CHN,2024-09,128,亿元,M,,https://www.pbc.gov.cn/diaochatongjisi/attachDir/2025/11/2025111416252488839.xlsx,人民银行社融单月分项，亿元；历史口径与缺失按原表保留
tsf_equity_flow,CHN,2024-10,284,亿元,M,,https://www.pbc.gov.cn/diaochatongjisi/attachDir/2025/11/2025111416252488839.xlsx,人民银行社融单月分项，亿元；历史口径与缺失按原表保留
tsf_equity_flow,CHN,2024-11,428,亿元,M,,https://www.pbc.gov.cn/diaochatongjisi/attachDir/2025/11/2025111416252488839.xlsx,人民银行社融单月分项，亿元；历史口径与缺失按原表保留
tsf_equity_flow,CHN,2024-12,484,亿元,M,,https://www.pbc.gov.cn/diaochatongjisi/attachDir/2025/11/2025111416252488839.xlsx,人民银行社融单月分项，亿元；历史口径与缺失按原表保留
tsf_equity_flow,CHN,2025-01,473,亿元,M,,https://www.pbc.gov.cn/diaochatongjisi/attachDir/2026/02/2026021418235592487.xlsx,人民银行社融单月分项，亿元；历史口径与缺失按原表保留
tsf_equity_flow,CHN,2025-02,76,亿元,M,,https://www.pbc.gov.cn/diaochatongjisi/attachDir/2026/02/2026021418235592487.xlsx,人民银行社融单月分项，亿元；历史口径与缺失按原表保留
tsf_equity_flow,CHN,2025-03,412,亿元,M,,https://www.pbc.gov.cn/diaochatongjisi/attachDir/2026/02/2026021418235592487.xlsx,人民银行社融单月分项，亿元；历史口径与缺失按原表保留
tsf_equity_flow,CHN,2025-04,391,亿元,M,,https://www.pbc.gov.cn/diaochatongjisi/attachDir/2026/02/2026021418235592487.xlsx,人民银行社融单月分项，亿元；历史口径与缺失按原表保留
tsf_equity_flow,CHN,2025-05,152,亿元,M,,https://www.pbc.gov.cn/diaochatongjisi/attachDir/2026/02/2026021418235592487.xlsx,人民银行社融单月分项，亿元；历史口径与缺失按原表保留
tsf_equity_flow,CHN,2025-06,203,亿元,M,,https://www.pbc.gov.cn/diaochatongjisi/attachDir/2026/02/2026021418235592487.xlsx,人民银行社融单月分项，亿元；历史口径与缺失按原表保留
tsf_equity_flow,CHN,2025-07,505,亿元,M,,https://www.pbc.gov.cn/diaochatongjisi/attachDir/2026/02/2026021418235592487.xlsx,人民银行社融单月分项，亿元；历史口径与缺失按原表保留
tsf_equity_flow,CHN,2025-08,456,亿元,M,,https://www.pbc.gov.cn/diaochatongjisi/attachDir/2026/02/2026021418235592487.xlsx,人民银行社融单月分项，亿元；历史口径与缺失按原表保留
tsf_equity_flow,CHN,2025-09,499,亿元,M,,https://www.pbc.gov.cn/diaochatongjisi/attachDir/2026/02/2026021418235592487.xlsx,人民银行社融单月分项，亿元；历史口径与缺失按原表保留
tsf_equity_flow,CHN,2025-10,695,亿元,M,,https://www.pbc.gov.cn/diaochatongjisi/attachDir/2026/02/2026021418235592487.xlsx,人民银行社融单月分项，亿元；历史口径与缺失按原表保留
tsf_equity_flow,CHN,2025-11,341,亿元,M,,https://www.pbc.gov.cn/diaochatongjisi/attachDir/2026/02/2026021418235592487.xlsx,人民银行社融单月分项，亿元；历史口径与缺失按原表保留
tsf_equity_flow,CHN,2025-12,559,亿元,M,,https://www.pbc.gov.cn/diaochatongjisi/attachDir/2026/02/2026021418235592487.xlsx,人民银行社融单月分项，亿元；历史口径与缺失按原表保留
tsf_equity_flow,CHN,2026-01,291,亿元,M,,https://www.pbc.gov.cn/diaochatongjisi/attachDir/2026/09/2026091418125322850.xlsx,人民银行社融单月分项，亿元；历史口径与缺失按原表保留
tsf_equity_flow,CHN,2026-02,454,亿元,M,,https://www.pbc.gov.cn/diaochatongjisi/attachDir/2026/09/2026091418125322850.xlsx,人民银行社融单月分项，亿元；历史口径与缺失按原表保留
tsf_equity_flow,CHN,2026-03,428,亿元,M,,https://www.pbc.gov.cn/diaochatongjisi/attachDir/2026/09/2026091418125322850.xlsx,人民银行社融单月分项，亿元；历史口径与缺失按原表保留
tsf_equity_flow,CHN,2026-04,835,亿元,M,,https://www.pbc.gov.cn/diaochatongjisi/attachDir/2026/09/2026091418125322850.xlsx,人民银行社融单月分项，亿元；历史口径与缺失按原表保留
tsf_equity_flow,CHN,2026-05,298,亿元,M,,https://www.pbc.gov.cn/diaochatongjisi/attachDir/2026/09/2026091418125322850.xlsx,人民银行社融单月分项，亿元；历史口径与缺失按原表保留
tsf_equity_flow,CHN,2026-06,628,亿元,M,,https://www.pbc.gov.cn/diaochatongjisi/attachDir/2026/09/2026091418125322850.xlsx,人民银行社融单月分项，亿元；历史口径与缺失按原表保留
tsf_equity_flow,CHN,2026-07,1128,亿元,M,,https://www.pbc.gov.cn/diaochatongjisi/attachDir/2026/09/2026091418125322850.xlsx,人民银行社融单月分项，亿元；历史口径与缺失按原表保留
tsf_equity_flow,CHN,2026-08,639,亿元,M,,https://www.pbc.gov.cn/diaochatongjisi/attachDir/2026/09/2026091418125322850.xlsx,人民银行社融单月分项，亿元；历史口径与缺失按原表保留
tsf_fx_flow,CHN,2002-01,-11,亿元,M,,https://www.pbc.gov.cn/diaochatongjisi/116219/116225/2863562/index.html,人民银行社融单月分项，亿元；历史口径与缺失按原表保留
tsf_fx_flow,CHN,2002-02,92,亿元,M,,https://www.pbc.gov.cn/diaochatongjisi/116219/116225/2863562/index.html,人民银行社融单月分项，亿元；历史口径与缺失按原表保留
tsf_fx_flow,CHN,2002-03,65,亿元,M,,https://www.pbc.gov.cn/diaochatongjisi/116219/116225/2863562/index.html,人民银行社融单月分项，亿元；历史口径与缺失按原表保留
tsf_fx_flow,CHN,2002-04,54,亿元,M,,https://www.pbc.gov.cn/diaochatongjisi/116219/116225/2863562/index.html,人民银行社融单月分项，亿元；历史口径与缺失按原表保留
tsf_fx_flow,CHN,2002-05,73,亿元,M,,https://www.pbc.gov.cn/diaochatongjisi/116219/116225/2863562/index.html,人民银行社融单月分项，亿元；历史口径与缺失按原表保留
tsf_fx_flow,CHN,2002-06,88,亿元,M,,https://www.pbc.gov.cn/diaochatongjisi/116219/116225/2863562/index.html,人民银行社融单月分项，亿元；历史口径与缺失按原表保留
tsf_fx_flow,CHN,2002-07,33,亿元,M,,https://www.pbc.gov.cn/diaochatongjisi/116219/116225/2863562/index.html,人民银行社融单月分项，亿元；历史口径与缺失按原表保留
tsf_fx_flow,CHN,2002-08,-15,亿元,M,,https://www.pbc.gov.cn/diaochatongjisi/116219/116225/2863562/index.html,人民银行社融单月分项，亿元；历史口径与缺失按原表保留
tsf_fx_flow,CHN,2002-09,88,亿元,M,,https://www.pbc.gov.cn/diaochatongjisi/116219/116225/2863562/index.html,人民银行社融单月分项，亿元；历史口径与缺失按原表保留
tsf_fx_flow,CHN,2002-10,16,亿元,M,,https://www.pbc.gov.cn/diaochatongjisi/116219/116225/2863562/index.html,人民银行社融单月分项，亿元；历史口径与缺失按原表保留
tsf_fx_flow,CHN,2002-11,42,亿元,M,,https://www.pbc.gov.cn/diaochatongjisi/116219/116225/2863562/index.html,人民银行社融单月分项，亿元；历史口径与缺失按原表保留
tsf_fx_flow,CHN,2002-12,205,亿元,M,,https://www.pbc.gov.cn/diaochatongjisi/116219/116225/2863562/index.html,人民银行社融单月分项，亿元；历史口径与缺失按原表保留
tsf_fx_flow,CHN,2003-01,106,亿元,M,,https://www.pbc.gov.cn/diaochatongjisi/116219/116225/2863562/index.html,人民银行社融单月分项，亿元；历史口径与缺失按原表保留
tsf_fx_flow,CHN,2003-02,53,亿元,M,,https://www.pbc.gov.cn/diaochatongjisi/116219/116225/2863562/index.html,人民银行社融单月分项，亿元；历史口径与缺失按原表保留
tsf_fx_flow,CHN,2003-03,271,亿元,M,,https://www.pbc.gov.cn/diaochatongjisi/116219/116225/2863562/index.html,人民银行社融单月分项，亿元；历史口径与缺失按原表保留
tsf_fx_flow,CHN,2003-04,227,亿元,M,,https://www.pbc.gov.cn/diaochatongjisi/116219/116225/2863562/index.html,人民银行社融单月分项，亿元；历史口径与缺失按原表保留
tsf_fx_flow,CHN,2003-05,265,亿元,M,,https://www.pbc.gov.cn/diaochatongjisi/116219/116225/2863562/index.html,人民银行社融单月分项，亿元；历史口径与缺失按原表保留
tsf_fx_flow,CHN,2003-06,299,亿元,M,,https://www.pbc.gov.cn/diaochatongjisi/116219/116225/2863562/index.html,人民银行社融单月分项，亿元；历史口径与缺失按原表保留
tsf_fx_flow,CHN,2003-07,103,亿元,M,,https://www.pbc.gov.cn/diaochatongjisi/116219/116225/2863562/index.html,人民银行社融单月分项，亿元；历史口径与缺失按原表保留
tsf_fx_flow,CHN,2003-08,247,亿元,M,,https://www.pbc.gov.cn/diaochatongjisi/116219/116225/2863562/index.html,人民银行社融单月分项，亿元；历史口径与缺失按原表保留
tsf_fx_flow,CHN,2003-09,400,亿元,M,,https://www.pbc.gov.cn/diaochatongjisi/116219/116225/2863562/index.html,人民银行社融单月分项，亿元；历史口径与缺失按原表保留
tsf_fx_flow,CHN,2003-10,148,亿元,M,,https://www.pbc.gov.cn/diaochatongjisi/116219/116225/2863562/index.html,人民银行社融单月分项，亿元；历史口径与缺失按原表保留
tsf_fx_flow,CHN,2003-11,202,亿元,M,,https://www.pbc.gov.cn/diaochatongjisi/116219/116225/2863562/index.html,人民银行社融单月分项，亿元；历史口径与缺失按原表保留
tsf_fx_flow,CHN,2003-12,-37,亿元,M,,https://www.pbc.gov.cn/diaochatongjisi/116219/116225/2863562/index.html,人民银行社融单月分项，亿元；历史口径与缺失按原表保留
tsf_fx_flow,CHN,2004-01,180,亿元,M,,https://www.pbc.gov.cn/diaochatongjisi/116219/116225/2863562/index.html,人民银行社融单月分项，亿元；历史口径与缺失按原表保留
tsf_fx_flow,CHN,2004-02,287,亿元,M,,https://www.pbc.gov.cn/diaochatongjisi/116219/116225/2863562/index.html,人民银行社融单月分项，亿元；历史口径与缺失按原表保留
tsf_fx_flow,CHN,2004-03,313,亿元,M,,https://www.pbc.gov.cn/diaochatongjisi/116219/116225/2863562/index.html,人民银行社融单月分项，亿元；历史口径与缺失按原表保留
tsf_fx_flow,CHN,2004-04,171,亿元,M,,https://www.pbc.gov.cn/diaochatongjisi/116219/116225/2863562/index.html,人民银行社融单月分项，亿元；历史口径与缺失按原表保留
tsf_fx_flow,CHN,2004-05,151,亿元,M,,https://www.pbc.gov.cn/diaochatongjisi/116219/116225/2863562/index.html,人民银行社融单月分项，亿元；历史口径与缺失按原表保留
tsf_fx_flow,CHN,2004-06,209,亿元,M,,https://www.pbc.gov.cn/diaochatongjisi/116219/116225/2863562/index.html,人民银行社融单月分项，亿元；历史口径与缺失按原表保留
tsf_fx_flow,CHN,2004-07,-65,亿元,M,,https://www.pbc.gov.cn/diaochatongjisi/116219/116225/2863562/index.html,人民银行社融单月分项，亿元；历史口径与缺失按原表保留
tsf_fx_flow,CHN,2004-08,50,亿元,M,,https://www.pbc.gov.cn/diaochatongjisi/116219/116225/2863562/index.html,人民银行社融单月分项，亿元；历史口径与缺失按原表保留
tsf_fx_flow,CHN,2004-09,16,亿元,M,,https://www.pbc.gov.cn/diaochatongjisi/116219/116225/2863562/index.html,人民银行社融单月分项，亿元；历史口径与缺失按原表保留
tsf_fx_flow,CHN,2004-10,-105,亿元,M,,https://www.pbc.gov.cn/diaochatongjisi/116219/116225/2863562/index.html,人民银行社融单月分项，亿元；历史口径与缺失按原表保留
tsf_fx_flow,CHN,2004-11,175,亿元,M,,https://www.pbc.gov.cn/diaochatongjisi/116219/116225/2863562/index.html,人民银行社融单月分项，亿元；历史口径与缺失按原表保留
tsf_fx_flow,CHN,2004-12,1,亿元,M,,https://www.pbc.gov.cn/diaochatongjisi/116219/116225/2863562/index.html,人民银行社融单月分项，亿元；历史口径与缺失按原表保留
tsf_fx_flow,CHN,2005-01,727,亿元,M,,https://www.pbc.gov.cn/diaochatongjisi/116219/116225/2863562/index.html,人民银行社融单月分项，亿元；历史口径与缺失按原表保留
tsf_fx_flow,CHN,2005-02,-6,亿元,M,,https://www.pbc.gov.cn/diaochatongjisi/116219/116225/2863562/index.html,人民银行社融单月分项，亿元；历史口径与缺失按原表保留
tsf_fx_flow,CHN,2005-03,172,亿元,M,,https://www.pbc.gov.cn/diaochatongjisi/116219/116225/2863562/index.html,人民银行社融单月分项，亿元；历史口径与缺失按原表保留
tsf_fx_flow,CHN,2005-04,91,亿元,M,,https://www.pbc.gov.cn/diaochatongjisi/116219/116225/2863562/index.html,人民银行社融单月分项，亿元；历史口径与缺失按原表保留
tsf_fx_flow,CHN,2005-05,206,亿元,M,,https://www.pbc.gov.cn/diaochatongjisi/116219/116225/2863562/index.html,人民银行社融单月分项，亿元；历史口径与缺失按原表保留
tsf_fx_flow,CHN,2005-06,152,亿元,M,,https://www.pbc.gov.cn/diaochatongjisi/116219/116225/2863562/index.html,人民银行社融单月分项，亿元；历史口径与缺失按原表保留
tsf_fx_flow,CHN,2005-07,186,亿元,M,,https://www.pbc.gov.cn/diaochatongjisi/116219/116225/2863562/index.html,人民银行社融单月分项，亿元；历史口径与缺失按原表保留
tsf_fx_flow,CHN,2005-08,-155,亿元,M,,https://www.pbc.gov.cn/diaochatongjisi/116219/116225/2863562/index.html,人民银行社融单月分项，亿元；历史口径与缺失按原表保留
tsf_fx_flow,CHN,2005-09,-30,亿元,M,,https://www.pbc.gov.cn/diaochatongjisi/116219/116225/2863562/index.html,人民银行社融单月分项，亿元；历史口径与缺失按原表保留
tsf_fx_flow,CHN,2005-10,287,亿元,M,,https://www.pbc.gov.cn/diaochatongjisi/116219/116225/2863562/index.html,人民银行社融单月分项，亿元；历史口径与缺失按原表保留
tsf_fx_flow,CHN,2005-11,-136,亿元,M,,https://www.pbc.gov.cn/diaochatongjisi/116219/116225/2863562/index.html,人民银行社融单月分项，亿元；历史口径与缺失按原表保留
tsf_fx_flow,CHN,2005-12,-80,亿元,M,,https://www.pbc.gov.cn/diaochatongjisi/116219/116225/2863562/index.html,人民银行社融单月分项，亿元；历史口径与缺失按原表保留
tsf_fx_flow,CHN,2006-01,114,亿元,M,,https://www.pbc.gov.cn/diaochatongjisi/116219/116225/2863562/index.html,人民银行社融单月分项，亿元；历史口径与缺失按原表保留
tsf_fx_flow,CHN,2006-02,71,亿元,M,,https://www.pbc.gov.cn/diaochatongjisi/116219/116225/2863562/index.html,人民银行社融单月分项，亿元；历史口径与缺失按原表保留
tsf_fx_flow,CHN,2006-03,159,亿元,M,,https://www.pbc.gov.cn/diaochatongjisi/116219/116225/2863562/index.html,人民银行社融单月分项，亿元；历史口径与缺失按原表保留
tsf_fx_flow,CHN,2006-04,128,亿元,M,,https://www.pbc.gov.cn/diaochatongjisi/116219/116225/2863562/index.html,人民银行社融单月分项，亿元；历史口径与缺失按原表保留
tsf_fx_flow,CHN,2006-05,108,亿元,M,,https://www.pbc.gov.cn/diaochatongjisi/116219/116225/2863562/index.html,人民银行社融单月分项，亿元；历史口径与缺失按原表保留
tsf_fx_flow,CHN,2006-06,17,亿元,M,,https://www.pbc.gov.cn/diaochatongjisi/116219/116225/2863562/index.html,人民银行社融单月分项，亿元；历史口径与缺失按原表保留
tsf_fx_flow,CHN,2006-07,-65,亿元,M,,https://www.pbc.gov.cn/diaochatongjisi/116219/116225/2863562/index.html,人民银行社融单月分项，亿元；历史口径与缺失按原表保留
tsf_fx_flow,CHN,2006-08,353,亿元,M,,https://www.pbc.gov.cn/diaochatongjisi/116219/116225/2863562/index.html,人民银行社融单月分项，亿元；历史口径与缺失按原表保留
tsf_fx_flow,CHN,2006-09,14,亿元,M,,https://www.pbc.gov.cn/diaochatongjisi/116219/116225/2863562/index.html,人民银行社融单月分项，亿元；历史口径与缺失按原表保留
tsf_fx_flow,CHN,2006-10,-12,亿元,M,,https://www.pbc.gov.cn/diaochatongjisi/116219/116225/2863562/index.html,人民银行社融单月分项，亿元；历史口径与缺失按原表保留
tsf_fx_flow,CHN,2006-11,233,亿元,M,,https://www.pbc.gov.cn/diaochatongjisi/116219/116225/2863562/index.html,人民银行社融单月分项，亿元；历史口径与缺失按原表保留
tsf_fx_flow,CHN,2006-12,341,亿元,M,,https://www.pbc.gov.cn/diaochatongjisi/116219/116225/2863562/index.html,人民银行社融单月分项，亿元；历史口径与缺失按原表保留
tsf_fx_flow,CHN,2007-01,-208,亿元,M,,https://www.pbc.gov.cn/diaochatongjisi/116219/116225/2863562/index.html,人民银行社融单月分项，亿元；历史口径与缺失按原表保留
tsf_fx_flow,CHN,2007-02,197,亿元,M,,https://www.pbc.gov.cn/diaochatongjisi/116219/116225/2863562/index.html,人民银行社融单月分项，亿元；历史口径与缺失按原表保留
tsf_fx_flow,CHN,2007-03,211,亿元,M,,https://www.pbc.gov.cn/diaochatongjisi/116219/116225/2863562/index.html,人民银行社融单月分项，亿元；历史口径与缺失按原表保留
tsf_fx_flow,CHN,2007-04,118,亿元,M,,https://www.pbc.gov.cn/diaochatongjisi/116219/116225/2863562/index.html,人民银行社融单月分项，亿元；历史口径与缺失按原表保留
tsf_fx_flow,CHN,2007-05,265,亿元,M,,https://www.pbc.gov.cn/diaochatongjisi/116219/116225/2863562/index.html,人民银行社融单月分项，亿元；历史口径与缺失按原表保留
tsf_fx_flow,CHN,2007-06,684,亿元,M,,https://www.pbc.gov.cn/diaochatongjisi/116219/116225/2863562/index.html,人民银行社融单月分项，亿元；历史口径与缺失按原表保留
tsf_fx_flow,CHN,2007-07,316,亿元,M,,https://www.pbc.gov.cn/diaochatongjisi/116219/116225/2863562/index.html,人民银行社融单月分项，亿元；历史口径与缺失按原表保留
tsf_fx_flow,CHN,2007-08,585,亿元,M,,https://www.pbc.gov.cn/diaochatongjisi/116219/116225/2863562/index.html,人民银行社融单月分项，亿元；历史口径与缺失按原表保留
tsf_fx_flow,CHN,2007-09,647,亿元,M,,https://www.pbc.gov.cn/diaochatongjisi/116219/116225/2863562/index.html,人民银行社融单月分项，亿元；历史口径与缺失按原表保留
tsf_fx_flow,CHN,2007-10,458,亿元,M,,https://www.pbc.gov.cn/diaochatongjisi/116219/116225/2863562/index.html,人民银行社融单月分项，亿元；历史口径与缺失按原表保留
tsf_fx_flow,CHN,2007-11,525,亿元,M,,https://www.pbc.gov.cn/diaochatongjisi/116219/116225/2863562/index.html,人民银行社融单月分项，亿元；历史口径与缺失按原表保留
tsf_fx_flow,CHN,2007-12,66,亿元,M,,https://www.pbc.gov.cn/diaochatongjisi/116219/116225/2863562/index.html,人民银行社融单月分项，亿元；历史口径与缺失按原表保留
tsf_fx_flow,CHN,2008-01,1235,亿元,M,,https://www.pbc.gov.cn/diaochatongjisi/116219/116225/2863562/index.html,人民银行社融单月分项，亿元；历史口径与缺失按原表保留
tsf_fx_flow,CHN,2008-02,1532,亿元,M,,https://www.pbc.gov.cn/diaochatongjisi/116219/116225/2863562/index.html,人民银行社融单月分项，亿元；历史口径与缺失按原表保留
tsf_fx_flow,CHN,2008-03,733,亿元,M,,https://www.pbc.gov.cn/diaochatongjisi/116219/116225/2863562/index.html,人民银行社融单月分项，亿元；历史口径与缺失按原表保留
tsf_fx_flow,CHN,2008-04,149,亿元,M,,https://www.pbc.gov.cn/diaochatongjisi/116219/116225/2863562/index.html,人民银行社融单月分项，亿元；历史口径与缺失按原表保留
tsf_fx_flow,CHN,2008-05,209,亿元,M,,https://www.pbc.gov.cn/diaochatongjisi/116219/116225/2863562/index.html,人民银行社融单月分项，亿元；历史口径与缺失按原表保留
tsf_fx_flow,CHN,2008-06,97,亿元,M,,https://www.pbc.gov.cn/diaochatongjisi/116219/116225/2863562/index.html,人民银行社融单月分项，亿元；历史口径与缺失按原表保留
tsf_fx_flow,CHN,2008-07,-43,亿元,M,,https://www.pbc.gov.cn/diaochatongjisi/116219/116225/2863562/index.html,人民银行社融单月分项，亿元；历史口径与缺失按原表保留
tsf_fx_flow,CHN,2008-08,-204,亿元,M,,https://www.pbc.gov.cn/diaochatongjisi/116219/116225/2863562/index.html,人民银行社融单月分项，亿元；历史口径与缺失按原表保留
tsf_fx_flow,CHN,2008-09,-171,亿元,M,,https://www.pbc.gov.cn/diaochatongjisi/116219/116225/2863562/index.html,人民银行社融单月分项，亿元；历史口径与缺失按原表保留
tsf_fx_flow,CHN,2008-10,-742,亿元,M,,https://www.pbc.gov.cn/diaochatongjisi/116219/116225/2863562/index.html,人民银行社融单月分项，亿元；历史口径与缺失按原表保留
tsf_fx_flow,CHN,2008-11,-534,亿元,M,,https://www.pbc.gov.cn/diaochatongjisi/116219/116225/2863562/index.html,人民银行社融单月分项，亿元；历史口径与缺失按原表保留
tsf_fx_flow,CHN,2008-12,-314,亿元,M,,https://www.pbc.gov.cn/diaochatongjisi/116219/116225/2863562/index.html,人民银行社融单月分项，亿元；历史口径与缺失按原表保留
tsf_fx_flow,CHN,2009-01,-582,亿元,M,,https://www.pbc.gov.cn/diaochatongjisi/116219/116225/2863562/index.html,人民银行社融单月分项，亿元；历史口径与缺失按原表保留
tsf_fx_flow,CHN,2009-02,-288,亿元,M,,https://www.pbc.gov.cn/diaochatongjisi/116219/116225/2863562/index.html,人民银行社融单月分项，亿元；历史口径与缺失按原表保留
tsf_fx_flow,CHN,2009-03,291,亿元,M,,https://www.pbc.gov.cn/diaochatongjisi/116219/116225/2863562/index.html,人民银行社融单月分项，亿元；历史口径与缺失按原表保留
tsf_fx_flow,CHN,2009-04,478,亿元,M,,https://www.pbc.gov.cn/diaochatongjisi/116219/116225/2863562/index.html,人民银行社融单月分项，亿元；历史口径与缺失按原表保留
tsf_fx_flow,CHN,2009-05,1054,亿元,M,,https://www.pbc.gov.cn/diaochatongjisi/116219/116225/2863562/index.html,人民银行社融单月分项，亿元；历史口径与缺失按原表保留
tsf_fx_flow,CHN,2009-06,2542,亿元,M,,https://www.pbc.gov.cn/diaochatongjisi/116219/116225/2863562/index.html,人民银行社融单月分项，亿元；历史口径与缺失按原表保留
tsf_fx_flow,CHN,2009-07,752,亿元,M,,https://www.pbc.gov.cn/diaochatongjisi/116219/116225/2863562/index.html,人民银行社融单月分项，亿元；历史口径与缺失按原表保留
tsf_fx_flow,CHN,2009-08,1315,亿元,M,,https://www.pbc.gov.cn/diaochatongjisi/116219/116225/2863562/index.html,人民银行社融单月分项，亿元；历史口径与缺失按原表保留
tsf_fx_flow,CHN,2009-09,1208,亿元,M,,https://www.pbc.gov.cn/diaochatongjisi/116219/116225/2863562/index.html,人民银行社融单月分项，亿元；历史口径与缺失按原表保留
tsf_fx_flow,CHN,2009-10,1112,亿元,M,,https://www.pbc.gov.cn/diaochatongjisi/116219/116225/2863562/index.html,人民银行社融单月分项，亿元；历史口径与缺失按原表保留
tsf_fx_flow,CHN,2009-11,1131,亿元,M,,https://www.pbc.gov.cn/diaochatongjisi/116219/116225/2863562/index.html,人民银行社融单月分项，亿元；历史口径与缺失按原表保留
tsf_fx_flow,CHN,2009-12,252,亿元,M,,https://www.pbc.gov.cn/diaochatongjisi/116219/116225/2863562/index.html,人民银行社融单月分项，亿元；历史口径与缺失按原表保留
tsf_fx_flow,CHN,2010-01,641,亿元,M,,https://www.pbc.gov.cn/diaochatongjisi/116219/116225/2863562/index.html,人民银行社融单月分项，亿元；历史口径与缺失按原表保留
tsf_fx_flow,CHN,2010-02,663,亿元,M,,https://www.pbc.gov.cn/diaochatongjisi/116219/116225/2863562/index.html,人民银行社融单月分项，亿元；历史口径与缺失按原表保留
tsf_fx_flow,CHN,2010-03,662,亿元,M,,https://www.pbc.gov.cn/diaochatongjisi/116219/116225/2863562/index.html,人民银行社融单月分项，亿元；历史口径与缺失按原表保留
tsf_fx_flow,CHN,2010-04,349,亿元,M,,https://www.pbc.gov.cn/diaochatongjisi/116219/116225/2863562/index.html,人民银行社融单月分项，亿元；历史口径与缺失按原表保留
tsf_fx_flow,CHN,2010-05,-112,亿元,M,,https://www.pbc.gov.cn/diaochatongjisi/116219/116225/2863562/index.html,人民银行社融单月分项，亿元；历史口径与缺失按原表保留
tsf_fx_flow,CHN,2010-06,-18,亿元,M,,https://www.pbc.gov.cn/diaochatongjisi/116219/116225/2863562/index.html,人民银行社融单月分项，亿元；历史口径与缺失按原表保留
tsf_fx_flow,CHN,2010-07,-378,亿元,M,,https://www.pbc.gov.cn/diaochatongjisi/116219/116225/2863562/index.html,人民银行社融单月分项，亿元；历史口径与缺失按原表保留
tsf_fx_flow,CHN,2010-08,166,亿元,M,,https://www.pbc.gov.cn/diaochatongjisi/116219/116225/2863562/index.html,人民银行社融单月分项，亿元；历史口径与缺失按原表保留
tsf_fx_flow,CHN,2010-09,918,亿元,M,,https://www.pbc.gov.cn/diaochatongjisi/116219/116225/2863562/index.html,人民银行社融单月分项，亿元；历史口径与缺失按原表保留
tsf_fx_flow,CHN,2010-10,346,亿元,M,,https://www.pbc.gov.cn/diaochatongjisi/116219/116225/2863562/index.html,人民银行社融单月分项，亿元；历史口径与缺失按原表保留
tsf_fx_flow,CHN,2010-11,526,亿元,M,,https://www.pbc.gov.cn/diaochatongjisi/116219/116225/2863562/index.html,人民银行社融单月分项，亿元；历史口径与缺失按原表保留
tsf_fx_flow,CHN,2010-12,1090,亿元,M,,https://www.pbc.gov.cn/diaochatongjisi/116219/116225/2863562/index.html,人民银行社融单月分项，亿元；历史口径与缺失按原表保留
tsf_fx_flow,CHN,2011-01,862,亿元,M,,https://www.pbc.gov.cn/diaochatongjisi/116219/116225/2863562/index.html,人民银行社融单月分项，亿元；历史口径与缺失按原表保留
tsf_fx_flow,CHN,2011-02,347,亿元,M,,https://www.pbc.gov.cn/diaochatongjisi/116219/116225/2863562/index.html,人民银行社融单月分项，亿元；历史口径与缺失按原表保留
tsf_fx_flow,CHN,2011-03,572,亿元,M,,https://www.pbc.gov.cn/diaochatongjisi/116219/116225/2863562/index.html,人民银行社融单月分项，亿元；历史口径与缺失按原表保留
tsf_fx_flow,CHN,2011-04,492,亿元,M,,https://www.pbc.gov.cn/diaochatongjisi/116219/116225/2863562/index.html,人民银行社融单月分项，亿元；历史口径与缺失按原表保留
tsf_fx_flow,CHN,2011-05,842,亿元,M,,https://www.pbc.gov.cn/diaochatongjisi/116219/116225/2863562/index.html,人民银行社融单月分项，亿元；历史口径与缺失按原表保留
tsf_fx_flow,CHN,2011-06,245,亿元,M,,https://www.pbc.gov.cn/diaochatongjisi/116219/116225/2863562/index.html,人民银行社融单月分项，亿元；历史口径与缺失按原表保留
tsf_fx_flow,CHN,2011-07,9,亿元,M,,https://www.pbc.gov.cn/diaochatongjisi/116219/116225/2863562/index.html,人民银行社融单月分项，亿元；历史口径与缺失按原表保留
tsf_fx_flow,CHN,2011-08,376,亿元,M,,https://www.pbc.gov.cn/diaochatongjisi/116219/116225/2863562/index.html,人民银行社融单月分项，亿元；历史口径与缺失按原表保留
tsf_fx_flow,CHN,2011-09,1025,亿元,M,,https://www.pbc.gov.cn/diaochatongjisi/116219/116225/2863562/index.html,人民银行社融单月分项，亿元；历史口径与缺失按原表保留
tsf_fx_flow,CHN,2011-10,415,亿元,M,,https://www.pbc.gov.cn/diaochatongjisi/116219/116225/2863562/index.html,人民银行社融单月分项，亿元；历史口径与缺失按原表保留
tsf_fx_flow,CHN,2011-11,49,亿元,M,,https://www.pbc.gov.cn/diaochatongjisi/116219/116225/2863562/index.html,人民银行社融单月分项，亿元；历史口径与缺失按原表保留
tsf_fx_flow,CHN,2011-12,478,亿元,M,,https://www.pbc.gov.cn/diaochatongjisi/116219/116225/2863562/index.html,人民银行社融单月分项，亿元；历史口径与缺失按原表保留
tsf_fx_flow,CHN,2012-01,-148,亿元,M,,https://www.pbc.gov.cn/eportal/fileDir/defaultCurSite/resource/cms/2015/07/2012s18.htm,人民银行社融单月分项，亿元；历史口径与缺失按原表保留
tsf_fx_flow,CHN,2012-02,526,亿元,M,,https://www.pbc.gov.cn/eportal/fileDir/defaultCurSite/resource/cms/2015/07/2012s18.htm,人民银行社融单月分项，亿元；历史口径与缺失按原表保留
tsf_fx_flow,CHN,2012-03,950,亿元,M,,https://www.pbc.gov.cn/eportal/fileDir/defaultCurSite/resource/cms/2015/07/2012s18.htm,人民银行社融单月分项，亿元；历史口径与缺失按原表保留
tsf_fx_flow,CHN,2012-04,96,亿元,M,,https://www.pbc.gov.cn/eportal/fileDir/defaultCurSite/resource/cms/2015/07/2012s18.htm,人民银行社融单月分项，亿元；历史口径与缺失按原表保留
tsf_fx_flow,CHN,2012-05,302,亿元,M,,https://www.pbc.gov.cn/eportal/fileDir/defaultCurSite/resource/cms/2015/07/2012s18.htm,人民银行社融单月分项，亿元；历史口径与缺失按原表保留
tsf_fx_flow,CHN,2012-06,1040,亿元,M,,https://www.pbc.gov.cn/eportal/fileDir/defaultCurSite/resource/cms/2015/07/2012s18.htm,人民银行社融单月分项，亿元；历史口径与缺失按原表保留
tsf_fx_flow,CHN,2012-07,70,亿元,M,,https://www.pbc.gov.cn/eportal/fileDir/defaultCurSite/resource/cms/2015/07/2012s18.htm,人民银行社融单月分项，亿元；历史口径与缺失按原表保留
tsf_fx_flow,CHN,2012-08,743,亿元,M,,https://www.pbc.gov.cn/eportal/fileDir/defaultCurSite/resource/cms/2015/07/2012s18.htm,人民银行社融单月分项，亿元；历史口径与缺失按原表保留
tsf_fx_flow,CHN,2012-09,1764,亿元,M,,https://www.pbc.gov.cn/eportal/fileDir/defaultCurSite/resource/cms/2015/07/2012s18.htm,人民银行社融单月分项，亿元；历史口径与缺失按原表保留
tsf_fx_flow,CHN,2012-10,1290,亿元,M,,https://www.pbc.gov.cn/eportal/fileDir/defaultCurSite/resource/cms/2015/07/2012s18.htm,人民银行社融单月分项，亿元；历史口径与缺失按原表保留
tsf_fx_flow,CHN,2012-11,1045,亿元,M,,https://www.pbc.gov.cn/eportal/fileDir/defaultCurSite/resource/cms/2015/07/2012s18.htm,人民银行社融单月分项，亿元；历史口径与缺失按原表保留
tsf_fx_flow,CHN,2012-12,1486,亿元,M,,https://www.pbc.gov.cn/eportal/fileDir/defaultCurSite/resource/cms/2015/07/2012s18.htm,人民银行社融单月分项，亿元；历史口径与缺失按原表保留
tsf_fx_flow,CHN,2013-01,1795,亿元,M,,https://www.pbc.gov.cn/eportal/fileDir/defaultCurSite/resource/cms/2015/07/2013s18.htm,人民银行社融单月分项，亿元；历史口径与缺失按原表保留
tsf_fx_flow,CHN,2013-02,1149,亿元,M,,https://www.pbc.gov.cn/eportal/fileDir/defaultCurSite/resource/cms/2015/07/2013s18.htm,人民银行社融单月分项，亿元；历史口径与缺失按原表保留
tsf_fx_flow,CHN,2013-03,1509,亿元,M,,https://www.pbc.gov.cn/eportal/fileDir/defaultCurSite/resource/cms/2015/07/2013s18.htm,人民银行社融单月分项，亿元；历史口径与缺失按原表保留
tsf_fx_flow,CHN,2013-04,847,亿元,M,,https://www.pbc.gov.cn/eportal/fileDir/defaultCurSite/resource/cms/2015/07/2013s18.htm,人民银行社融单月分项，亿元；历史口径与缺失按原表保留
tsf_fx_flow,CHN,2013-05,357,亿元,M,,https://www.pbc.gov.cn/eportal/fileDir/defaultCurSite/resource/cms/2015/07/2013s18.htm,人民银行社融单月分项，亿元；历史口径与缺失按原表保留
tsf_fx_flow,CHN,2013-06,133,亿元,M,,https://www.pbc.gov.cn/eportal/fileDir/defaultCurSite/resource/cms/2015/07/2013s18.htm,人民银行社融单月分项，亿元；历史口径与缺失按原表保留
tsf_fx_flow,CHN,2013-07,-1157,亿元,M,,https://www.pbc.gov.cn/eportal/fileDir/defaultCurSite/resource/cms/2015/07/2013s18.htm,人民银行社融单月分项，亿元；历史口径与缺失按原表保留
tsf_fx_flow,CHN,2013-08,-360,亿元,M,,https://www.pbc.gov.cn/eportal/fileDir/defaultCurSite/resource/cms/2015/07/2013s18.htm,人民银行社融单月分项，亿元；历史口径与缺失按原表保留
tsf_fx_flow,CHN,2013-09,891,亿元,M,,https://www.pbc.gov.cn/eportal/fileDir/defaultCurSite/resource/cms/2015/07/2013s18.htm,人民银行社融单月分项，亿元；历史口径与缺失按原表保留
tsf_fx_flow,CHN,2013-10,53,亿元,M,,https://www.pbc.gov.cn/eportal/fileDir/defaultCurSite/resource/cms/2015/07/2013s18.htm,人民银行社融单月分项，亿元；历史口径与缺失按原表保留
tsf_fx_flow,CHN,2013-11,122,亿元,M,,https://www.pbc.gov.cn/eportal/fileDir/defaultCurSite/resource/cms/2015/07/2013s18.htm,人民银行社融单月分项，亿元；历史口径与缺失按原表保留
tsf_fx_flow,CHN,2013-12,509,亿元,M,,https://www.pbc.gov.cn/eportal/fileDir/defaultCurSite/resource/cms/2015/07/2013s18.htm,人民银行社融单月分项，亿元；历史口径与缺失按原表保留
tsf_fx_flow,CHN,2014-01,1588,亿元,M,,https://www.pbc.gov.cn/eportal/fileDir/defaultCurSite/resource/cms/2015/07/2014s18.htm,人民银行社融单月分项，亿元；历史口径与缺失按原表保留
tsf_fx_flow,CHN,2014-02,1302,亿元,M,,https://www.pbc.gov.cn/eportal/fileDir/defaultCurSite/resource/cms/2015/07/2014s18.htm,人民银行社融单月分项，亿元；历史口径与缺失按原表保留
tsf_fx_flow,CHN,2014-03,1363,亿元,M,,https://www.pbc.gov.cn/eportal/fileDir/defaultCurSite/resource/cms/2015/07/2014s18.htm,人民银行社融单月分项，亿元；历史口径与缺失按原表保留
tsf_fx_flow,CHN,2014-04,186,亿元,M,,https://www.pbc.gov.cn/eportal/fileDir/defaultCurSite/resource/cms/2015/07/2014s18.htm,人民银行社融单月分项，亿元；历史口径与缺失按原表保留
tsf_fx_flow,CHN,2014-05,-162,亿元,M,,https://www.pbc.gov.cn/eportal/fileDir/defaultCurSite/resource/cms/2015/07/2014s18.htm,人民银行社融单月分项，亿元；历史口径与缺失按原表保留
tsf_fx_flow,CHN,2014-06,357,亿元,M,,https://www.pbc.gov.cn/eportal/fileDir/defaultCurSite/resource/cms/2015/07/2014s18.htm,人民银行社融单月分项，亿元；历史口径与缺失按原表保留
tsf_fx_flow,CHN,2014-07,-169,亿元,M,,https://www.pbc.gov.cn/eportal/fileDir/defaultCurSite/resource/cms/2015/07/2014s18.htm,人民银行社融单月分项，亿元；历史口径与缺失按原表保留
tsf_fx_flow,CHN,2014-08,-201,亿元,M,,https://www.pbc.gov.cn/eportal/fileDir/defaultCurSite/resource/cms/2015/07/2014s18.htm,人民银行社融单月分项，亿元；历史口径与缺失按原表保留
tsf_fx_flow,CHN,2014-09,-506,亿元,M,,https://www.pbc.gov.cn/eportal/fileDir/defaultCurSite/resource/cms/2015/07/2014s18.htm,人民银行社融单月分项，亿元；历史口径与缺失按原表保留
tsf_fx_flow,CHN,2014-10,-716,亿元,M,,https://www.pbc.gov.cn/eportal/fileDir/defaultCurSite/resource/cms/2015/07/2014s18.htm,人民银行社融单月分项，亿元；历史口径与缺失按原表保留
tsf_fx_flow,CHN,2014-11,-26,亿元,M,,https://www.pbc.gov.cn/eportal/fileDir/defaultCurSite/resource/cms/2015/07/2014s18.htm,人民银行社融单月分项，亿元；历史口径与缺失按原表保留
tsf_fx_flow,CHN,2014-12,540,亿元,M,,https://www.pbc.gov.cn/eportal/fileDir/defaultCurSite/resource/cms/2015/07/2014s18.htm,人民银行社融单月分项，亿元；历史口径与缺失按原表保留
tsf_fx_flow,CHN,2015-01,211.51252448673094,亿元,M,,https://www.pbc.gov.cn/diaochatongjisi/fileDir/resource/cms/2018/04/2018041810462448165.xls,人民银行社融单月分项，亿元；历史口径与缺失按原表保留
tsf_fx_flow,CHN,2015-02,-146.2429713628255,亿元,M,,https://www.pbc.gov.cn/diaochatongjisi/fileDir/resource/cms/2018/04/2018041810462448165.xls,人民银行社融单月分项，亿元；历史口径与缺失按原表保留
tsf_fx_flow,CHN,2015-03,-4.3472672378466095,亿元,M,,https://www.pbc.gov.cn/diaochatongjisi/fileDir/resource/cms/2018/04/2018041810462448165.xls,人民银行社融单月分项，亿元；历史口径与缺失按原表保留
tsf_fx_flow,CHN,2015-04,-265.28784813165646,亿元,M,,https://www.pbc.gov.cn/diaochatongjisi/fileDir/resource/cms/2018/04/2018041810462448165.xls,人民银行社融单月分项，亿元；历史口径与缺失按原表保留
tsf_fx_flow,CHN,2015-05,80.60966515592196,亿元,M,,https://www.pbc.gov.cn/diaochatongjisi/fileDir/resource/cms/2018/04/2018041810462448165.xls,人民银行社融单月分项，亿元；历史口径与缺失按原表保留
tsf_fx_flow,CHN,2015-06,559.924176757732,亿元,M,,https://www.pbc.gov.cn/diaochatongjisi/fileDir/resource/cms/2018/04/2018041810462448165.xls,人民银行社融单月分项，亿元；历史口径与缺失按原表保留
tsf_fx_flow,CHN,2015-07,-132.70453910330636,亿元,M,,https://www.pbc.gov.cn/diaochatongjisi/fileDir/resource/cms/2018/04/2018041810462448165.xls,人民银行社融单月分项，亿元；历史口径与缺失按原表保留
tsf_fx_flow,CHN,2015-08,-620.0195810723969,亿元,M,,https://www.pbc.gov.cn/diaochatongjisi/fileDir/resource/cms/2018/04/2018041810462448165.xls,人民银行社融单月分项，亿元；历史口径与缺失按原表保留
tsf_fx_flow,CHN,2015-09,-2343.5844223792537,亿元,M,,https://www.pbc.gov.cn/diaochatongjisi/fileDir/resource/cms/2018/04/2018041810462448165.xls,人民银行社融单月分项，亿元；历史口径与缺失按原表保留
tsf_fx_flow,CHN,2015-10,-1317.2387869814663,亿元,M,,https://www.pbc.gov.cn/diaochatongjisi/fileDir/resource/cms/2018/04/2018041810462448165.xls,人民银行社融单月分项，亿元；历史口径与缺失按原表保留
tsf_fx_flow,CHN,2015-11,-1142.0830267163474,亿元,M,,https://www.pbc.gov.cn/diaochatongjisi/fileDir/resource/cms/2018/04/2018041810462448165.xls,人民银行社融单月分项，亿元；历史口径与缺失按原表保留
tsf_fx_flow,CHN,2015-12,-1307.6654758571954,亿元,M,,https://www.pbc.gov.cn/diaochatongjisi/fileDir/resource/cms/2018/04/2018041810462448165.xls,人民银行社融单月分项，亿元；历史口径与缺失按原表保留
tsf_fx_flow,CHN,2016-01,-1726.9945089351313,亿元,M,,https://www.pbc.gov.cn/diaochatongjisi/fileDir/resource/cms/2018/04/2018041810585985661.xls,人民银行社融单月分项，亿元；历史口径与缺失按原表保留
tsf_fx_flow,CHN,2016-02,-568.6540629526888,亿元,M,,https://www.pbc.gov.cn/diaochatongjisi/fileDir/resource/cms/2018/04/2018041810585985661.xls,人民银行社融单月分项，亿元；历史口径与缺失按原表保留
tsf_fx_flow,CHN,2016-03,5.988630921265889,亿元,M,,https://www.pbc.gov.cn/diaochatongjisi/fileDir/resource/cms/2018/04/2018041810585985661.xls,人民银行社融单月分项，亿元；历史口径与缺失按原表保留
tsf_fx_flow,CHN,2016-04,-706.4571814609111,亿元,M,,https://www.pbc.gov.cn/diaochatongjisi/fileDir/resource/cms/2018/04/2018041810585985661.xls,人民银行社融单月分项，亿元；历史口径与缺失按原表保留
tsf_fx_flow,CHN,2016-05,-524.1612218043672,亿元,M,,https://www.pbc.gov.cn/diaochatongjisi/fileDir/resource/cms/2018/04/2018041810585985661.xls,人民银行社融单月分项，亿元；历史口径与缺失按原表保留
tsf_fx_flow,CHN,2016-06,-266.90647620866173,亿元,M,,https://www.pbc.gov.cn/diaochatongjisi/fileDir/resource/cms/2018/04/2018041810585985661.xls,人民银行社融单月分项，亿元；历史口径与缺失按原表保留
tsf_fx_flow,CHN,2016-07,-400.8849458472622,亿元,M,,https://www.pbc.gov.cn/diaochatongjisi/fileDir/resource/cms/2018/04/2018041810585985661.xls,人民银行社融单月分项，亿元；历史口径与缺失按原表保留
tsf_fx_flow,CHN,2016-08,69.94523032360566,亿元,M,,https://www.pbc.gov.cn/diaochatongjisi/fileDir/resource/cms/2018/04/2018041810585985661.xls,人民银行社融单月分项，亿元；历史口径与缺失按原表保留
tsf_fx_flow,CHN,2016-09,-487.42164012970557,亿元,M,,https://www.pbc.gov.cn/diaochatongjisi/fileDir/resource/cms/2018/04/2018041810585985661.xls,人民银行社融单月分项，亿元；历史口径与缺失按原表保留
tsf_fx_flow,CHN,2016-10,-334.91890515681354,亿元,M,,https://www.pbc.gov.cn/diaochatongjisi/fileDir/resource/cms/2018/04/2018041810585985661.xls,人民银行社融单月分项，亿元；历史口径与缺失按原表保留
tsf_fx_flow,CHN,2016-11,-310.1465958071388,亿元,M,,https://www.pbc.gov.cn/diaochatongjisi/fileDir/resource/cms/2018/04/2018041810585985661.xls,人民银行社融单月分项，亿元；历史口径与缺失按原表保留
tsf_fx_flow,CHN,2016-12,-388.96609603020175,亿元,M,,https://www.pbc.gov.cn/diaochatongjisi/fileDir/resource/cms/2018/04/2018041810585985661.xls,人民银行社融单月分项，亿元；历史口径与缺失按原表保留
tsf_fx_flow,CHN,2017-01,126.0,亿元,M,,https://www.pbc.gov.cn/diaochatongjisi/attachDir/2025/11/2025110511302316239.xls,人民银行社融单月分项，亿元；历史口径与缺失按原表保留
tsf_fx_flow,CHN,2017-02,368.0,亿元,M,,https://www.pbc.gov.cn/diaochatongjisi/attachDir/2025/11/2025110511302316239.xls,人民银行社融单月分项，亿元；历史口径与缺失按原表保留
tsf_fx_flow,CHN,2017-03,288.0,亿元,M,,https://www.pbc.gov.cn/diaochatongjisi/attachDir/2025/11/2025110511302316239.xls,人民银行社融单月分项，亿元；历史口径与缺失按原表保留
tsf_fx_flow,CHN,2017-04,-283.0,亿元,M,,https://www.pbc.gov.cn/diaochatongjisi/attachDir/2025/11/2025110511302316239.xls,人民银行社融单月分项，亿元；历史口径与缺失按原表保留
tsf_fx_flow,CHN,2017-05,-99.0,亿元,M,,https://www.pbc.gov.cn/diaochatongjisi/attachDir/2025/11/2025110511302316239.xls,人民银行社融单月分项，亿元；历史口径与缺失按原表保留
tsf_fx_flow,CHN,2017-06,73.0,亿元,M,,https://www.pbc.gov.cn/diaochatongjisi/attachDir/2025/11/2025110511302316239.xls,人民银行社融单月分项，亿元；历史口径与缺失按原表保留
tsf_fx_flow,CHN,2017-07,-213.0,亿元,M,,https://www.pbc.gov.cn/diaochatongjisi/attachDir/2025/11/2025110511302316239.xls,人民银行社融单月分项，亿元；历史口径与缺失按原表保留
tsf_fx_flow,CHN,2017-08,-332.0,亿元,M,,https://www.pbc.gov.cn/diaochatongjisi/attachDir/2025/11/2025110511302316239.xls,人民银行社融单月分项，亿元；历史口径与缺失按原表保留
tsf_fx_flow,CHN,2017-09,-232.0,亿元,M,,https://www.pbc.gov.cn/diaochatongjisi/attachDir/2025/11/2025110511302316239.xls,人民银行社融单月分项，亿元；历史口径与缺失按原表保留
tsf_fx_flow,CHN,2017-10,-44.0,亿元,M,,https://www.pbc.gov.cn/diaochatongjisi/attachDir/2025/11/2025110511302316239.xls,人民银行社融单月分项，亿元；历史口径与缺失按原表保留
tsf_fx_flow,CHN,2017-11,198.0,亿元,M,,https://www.pbc.gov.cn/diaochatongjisi/attachDir/2025/11/2025110511302316239.xls,人民银行社融单月分项，亿元；历史口径与缺失按原表保留
tsf_fx_flow,CHN,2017-12,169.0,亿元,M,,https://www.pbc.gov.cn/diaochatongjisi/attachDir/2025/11/2025110511302316239.xls,人民银行社融单月分项，亿元；历史口径与缺失按原表保留
tsf_fx_flow,CHN,2018-01,266.0,亿元,M,,https://www.pbc.gov.cn/diaochatongjisi/attachDir/2025/11/2025110511302316239.xls,人民银行社融单月分项，亿元；历史口径与缺失按原表保留
tsf_fx_flow,CHN,2018-02,86.0,亿元,M,,https://www.pbc.gov.cn/diaochatongjisi/attachDir/2025/11/2025110511302316239.xls,人民银行社融单月分项，亿元；历史口径与缺失按原表保留
tsf_fx_flow,CHN,2018-03,139.0,亿元,M,,https://www.pbc.gov.cn/diaochatongjisi/attachDir/2025/11/2025110511302316239.xls,人民银行社融单月分项，亿元；历史口径与缺失按原表保留
tsf_fx_flow,CHN,2018-04,-26.0,亿元,M,,https://www.pbc.gov.cn/diaochatongjisi/attachDir/2025/11/2025110511302316239.xls,人民银行社融单月分项，亿元；历史口径与缺失按原表保留
tsf_fx_flow,CHN,2018-05,-228.0,亿元,M,,https://www.pbc.gov.cn/diaochatongjisi/attachDir/2025/11/2025110511302316239.xls,人民银行社融单月分项，亿元；历史口径与缺失按原表保留
tsf_fx_flow,CHN,2018-06,-364.0,亿元,M,,https://www.pbc.gov.cn/diaochatongjisi/attachDir/2025/11/2025110511302316239.xls,人民银行社融单月分项，亿元；历史口径与缺失按原表保留
tsf_fx_flow,CHN,2018-07,-773.0,亿元,M,,https://www.pbc.gov.cn/diaochatongjisi/attachDir/2025/11/2025110511302316239.xls,人民银行社融单月分项，亿元；历史口径与缺失按原表保留
tsf_fx_flow,CHN,2018-08,-344.0,亿元,M,,https://www.pbc.gov.cn/diaochatongjisi/attachDir/2025/11/2025110511302316239.xls,人民银行社融单月分项，亿元；历史口径与缺失按原表保留
tsf_fx_flow,CHN,2018-09,-670.0,亿元,M,,https://www.pbc.gov.cn/diaochatongjisi/attachDir/2025/11/2025110511302316239.xls,人民银行社融单月分项，亿元；历史口径与缺失按原表保留
tsf_fx_flow,CHN,2018-10,-800.0,亿元,M,,https://www.pbc.gov.cn/diaochatongjisi/attachDir/2025/11/2025110511302316239.xls,人民银行社融单月分项，亿元；历史口径与缺失按原表保留
tsf_fx_flow,CHN,2018-11,-787.0,亿元,M,,https://www.pbc.gov.cn/diaochatongjisi/attachDir/2025/11/2025110511302316239.xls,人民银行社融单月分项，亿元；历史口径与缺失按原表保留
tsf_fx_flow,CHN,2018-12,-702.0,亿元,M,,https://www.pbc.gov.cn/diaochatongjisi/attachDir/2025/11/2025110511302316239.xls,人民银行社融单月分项，亿元；历史口径与缺失按原表保留
tsf_fx_flow,CHN,2019-01,343.0,亿元,M,,https://www.pbc.gov.cn/diaochatongjisi/attachDir/2025/11/2025110511302316239.xls,人民银行社融单月分项，亿元；历史口径与缺失按原表保留
tsf_fx_flow,CHN,2019-02,-105.0,亿元,M,,https://www.pbc.gov.cn/diaochatongjisi/attachDir/2025/11/2025110511302316239.xls,人民银行社融单月分项，亿元；历史口径与缺失按原表保留
tsf_fx_flow,CHN,2019-03,3.0,亿元,M,,https://www.pbc.gov.cn/diaochatongjisi/attachDir/2025/11/2025110511302316239.xls,人民银行社融单月分项，亿元；历史口径与缺失按原表保留
tsf_fx_flow,CHN,2019-04,-330.0,亿元,M,,https://www.pbc.gov.cn/diaochatongjisi/attachDir/2025/11/2025110511302316239.xls,人民银行社融单月分项，亿元；历史口径与缺失按原表保留
tsf_fx_flow,CHN,2019-05,191.0,亿元,M,,https://www.pbc.gov.cn/diaochatongjisi/attachDir/2025/11/2025110511302316239.xls,人民银行社融单月分项，亿元；历史口径与缺失按原表保留
tsf_fx_flow,CHN,2019-06,-4.0,亿元,M,,https://www.pbc.gov.cn/diaochatongjisi/attachDir/2025/11/2025110511302316239.xls,人民银行社融单月分项，亿元；历史口径与缺失按原表保留
tsf_fx_flow,CHN,2019-07,-221.0,亿元,M,,https://www.pbc.gov.cn/diaochatongjisi/attachDir/2025/11/2025110511302316239.xls,人民银行社融单月分项，亿元；历史口径与缺失按原表保留
tsf_fx_flow,CHN,2019-08,-247.0,亿元,M,,https://www.pbc.gov.cn/diaochatongjisi/attachDir/2025/11/2025110511302316239.xls,人民银行社融单月分项，亿元；历史口径与缺失按原表保留
tsf_fx_flow,CHN,2019-09,-440.0,亿元,M,,https://www.pbc.gov.cn/diaochatongjisi/attachDir/2025/11/2025110511302316239.xls,人民银行社融单月分项，亿元；历史口径与缺失按原表保留
tsf_fx_flow,CHN,2019-10,-10.0,亿元,M,,https://www.pbc.gov.cn/diaochatongjisi/attachDir/2025/11/2025110511302316239.xls,人民银行社融单月分项，亿元；历史口径与缺失按原表保留
tsf_fx_flow,CHN,2019-11,-249.0,亿元,M,,https://www.pbc.gov.cn/diaochatongjisi/attachDir/2025/11/2025110511302316239.xls,人民银行社融单月分项，亿元；历史口径与缺失按原表保留
tsf_fx_flow,CHN,2019-12,-205.0,亿元,M,,https://www.pbc.gov.cn/diaochatongjisi/attachDir/2025/11/2025110511302316239.xls,人民银行社融单月分项，亿元；历史口径与缺失按原表保留
tsf_fx_flow,CHN,2020-01,513.0,亿元,M,,https://www.pbc.gov.cn/diaochatongjisi/attachDir/2025/11/2025110510115085998.xls,人民银行社融单月分项，亿元；历史口径与缺失按原表保留
tsf_fx_flow,CHN,2020-02,252.0,亿元,M,,https://www.pbc.gov.cn/diaochatongjisi/attachDir/2025/11/2025110510115085998.xls,人民银行社融单月分项，亿元；历史口径与缺失按原表保留
tsf_fx_flow,CHN,2020-03,1145.0,亿元,M,,https://www.pbc.gov.cn/diaochatongjisi/attachDir/2025/11/2025110510115085998.xls,人民银行社融单月分项，亿元；历史口径与缺失按原表保留
tsf_fx_flow,CHN,2020-04,910.0,亿元,M,,https://www.pbc.gov.cn/diaochatongjisi/attachDir/2025/11/2025110510115085998.xls,人民银行社融单月分项，亿元；历史口径与缺失按原表保留
tsf_fx_flow,CHN,2020-05,457.0,亿元,M,,https://www.pbc.gov.cn/diaochatongjisi/attachDir/2025/11/2025110510115085998.xls,人民银行社融单月分项，亿元；历史口径与缺失按原表保留
tsf_fx_flow,CHN,2020-06,204.0,亿元,M,,https://www.pbc.gov.cn/diaochatongjisi/attachDir/2025/11/2025110510115085998.xls,人民银行社融单月分项，亿元；历史口径与缺失按原表保留
tsf_fx_flow,CHN,2020-07,-524.0,亿元,M,,https://www.pbc.gov.cn/diaochatongjisi/attachDir/2025/11/2025110510115085998.xls,人民银行社融单月分项，亿元；历史口径与缺失按原表保留
tsf_fx_flow,CHN,2020-08,397.0,亿元,M,,https://www.pbc.gov.cn/diaochatongjisi/attachDir/2025/11/2025110510115085998.xls,人民银行社融单月分项，亿元；历史口径与缺失按原表保留
tsf_fx_flow,CHN,2020-09,-302.0,亿元,M,,https://www.pbc.gov.cn/diaochatongjisi/attachDir/2025/11/2025110510115085998.xls,人民银行社融单月分项，亿元；历史口径与缺失按原表保留
tsf_fx_flow,CHN,2020-10,-175.0,亿元,M,,https://www.pbc.gov.cn/diaochatongjisi/attachDir/2025/11/2025110510115085998.xls,人民银行社融单月分项，亿元；历史口径与缺失按原表保留
tsf_fx_flow,CHN,2020-11,-447.0,亿元,M,,https://www.pbc.gov.cn/diaochatongjisi/attachDir/2025/11/2025110510115085998.xls,人民银行社融单月分项，亿元；历史口径与缺失按原表保留
tsf_fx_flow,CHN,2020-12,-981.0,亿元,M,,https://www.pbc.gov.cn/diaochatongjisi/attachDir/2025/11/2025110510115085998.xls,人民银行社融单月分项，亿元；历史口径与缺失按原表保留
tsf_fx_flow,CHN,2021-01,1098.0,亿元,M,,https://www.pbc.gov.cn/diaochatongjisi/attachDir/2025/11/2025110509591087259.xls,人民银行社融单月分项，亿元；历史口径与缺失按原表保留
tsf_fx_flow,CHN,2021-02,464.0,亿元,M,,https://www.pbc.gov.cn/diaochatongjisi/attachDir/2025/11/2025110509591087259.xls,人民银行社融单月分项，亿元；历史口径与缺失按原表保留
tsf_fx_flow,CHN,2021-03,282.0,亿元,M,,https://www.pbc.gov.cn/diaochatongjisi/attachDir/2025/11/2025110509591087259.xls,人民银行社融单月分项，亿元；历史口径与缺失按原表保留
tsf_fx_flow,CHN,2021-04,-272.0,亿元,M,,https://www.pbc.gov.cn/diaochatongjisi/attachDir/2025/11/2025110509591087259.xls,人民银行社融单月分项，亿元；历史口径与缺失按原表保留
tsf_fx_flow,CHN,2021-05,7.0,亿元,M,,https://www.pbc.gov.cn/diaochatongjisi/attachDir/2025/11/2025110509591087259.xls,人民银行社融单月分项，亿元；历史口径与缺失按原表保留
tsf_fx_flow,CHN,2021-06,701.0,亿元,M,,https://www.pbc.gov.cn/diaochatongjisi/attachDir/2025/11/2025110509591087259.xls,人民银行社融单月分项，亿元；历史口径与缺失按原表保留
tsf_fx_flow,CHN,2021-07,-78.0,亿元,M,,https://www.pbc.gov.cn/diaochatongjisi/attachDir/2025/11/2025110509591087259.xls,人民银行社融单月分项，亿元；历史口径与缺失按原表保留
tsf_fx_flow,CHN,2021-08,347.0,亿元,M,,https://www.pbc.gov.cn/diaochatongjisi/attachDir/2025/11/2025110509591087259.xls,人民银行社融单月分项，亿元；历史口径与缺失按原表保留
tsf_fx_flow,CHN,2021-09,-19.0,亿元,M,,https://www.pbc.gov.cn/diaochatongjisi/attachDir/2025/11/2025110509591087259.xls,人民银行社融单月分项，亿元；历史口径与缺失按原表保留
tsf_fx_flow,CHN,2021-10,-33.0,亿元,M,,https://www.pbc.gov.cn/diaochatongjisi/attachDir/2025/11/2025110509591087259.xls,人民银行社融单月分项，亿元；历史口径与缺失按原表保留
tsf_fx_flow,CHN,2021-11,-134.0,亿元,M,,https://www.pbc.gov.cn/diaochatongjisi/attachDir/2025/11/2025110509591087259.xls,人民银行社融单月分项，亿元；历史口径与缺失按原表保留
tsf_fx_flow,CHN,2021-12,-649.0,亿元,M,,https://www.pbc.gov.cn/diaochatongjisi/attachDir/2025/11/2025110509591087259.xls,人民银行社融单月分项，亿元；历史口径与缺失按原表保留
tsf_fx_flow,CHN,2022-01,1031,亿元,M,,https://www.pbc.gov.cn/diaochatongjisi/attachDir/2025/11/2025110416594167877.xlsx,人民银行社融单月分项，亿元；历史口径与缺失按原表保留
tsf_fx_flow,CHN,2022-02,480,亿元,M,,https://www.pbc.gov.cn/diaochatongjisi/attachDir/2025/11/2025110416594167877.xlsx,人民银行社融单月分项，亿元；历史口径与缺失按原表保留
tsf_fx_flow,CHN,2022-03,239,亿元,M,,https://www.pbc.gov.cn/diaochatongjisi/attachDir/2025/11/2025110416594167877.xlsx,人民银行社融单月分项，亿元；历史口径与缺失按原表保留
tsf_fx_flow,CHN,2022-04,-760,亿元,M,,https://www.pbc.gov.cn/diaochatongjisi/attachDir/2025/11/2025110416594167877.xlsx,人民银行社融单月分项，亿元；历史口径与缺失按原表保留
tsf_fx_flow,CHN,2022-05,-240,亿元,M,,https://www.pbc.gov.cn/diaochatongjisi/attachDir/2025/11/2025110416594167877.xlsx,人民银行社融单月分项，亿元；历史口径与缺失按原表保留
tsf_fx_flow,CHN,2022-06,-291,亿元,M,,https://www.pbc.gov.cn/diaochatongjisi/attachDir/2025/11/2025110416594167877.xlsx,人民银行社融单月分项，亿元；历史口径与缺失按原表保留
tsf_fx_flow,CHN,2022-07,-1137,亿元,M,,https://www.pbc.gov.cn/diaochatongjisi/attachDir/2025/11/2025110416594167877.xlsx,人民银行社融单月分项，亿元；历史口径与缺失按原表保留
tsf_fx_flow,CHN,2022-08,-826,亿元,M,,https://www.pbc.gov.cn/diaochatongjisi/attachDir/2025/11/2025110416594167877.xlsx,人民银行社融单月分项，亿元；历史口径与缺失按原表保留
tsf_fx_flow,CHN,2022-09,-713,亿元,M,,https://www.pbc.gov.cn/diaochatongjisi/attachDir/2025/11/2025110416594167877.xlsx,人民银行社融单月分项，亿元；历史口径与缺失按原表保留
tsf_fx_flow,CHN,2022-10,-724,亿元,M,,https://www.pbc.gov.cn/diaochatongjisi/attachDir/2025/11/2025110416594167877.xlsx,人民银行社融单月分项，亿元；历史口径与缺失按原表保留
tsf_fx_flow,CHN,2022-11,-648,亿元,M,,https://www.pbc.gov.cn/diaochatongjisi/attachDir/2025/11/2025110416594167877.xlsx,人民银行社融单月分项，亿元；历史口径与缺失按原表保留
tsf_fx_flow,CHN,2022-12,-1665,亿元,M,,https://www.pbc.gov.cn/diaochatongjisi/attachDir/2025/11/2025110416594167877.xlsx,人民银行社融单月分项，亿元；历史口径与缺失按原表保留
tsf_fx_flow,CHN,2023-01,-131,亿元,M,,https://www.pbc.gov.cn/diaochatongjisi/attachDir/2025/11/2025110415542112867.xlsx,人民银行社融单月分项，亿元；历史口径与缺失按原表保留
tsf_fx_flow,CHN,2023-02,310,亿元,M,,https://www.pbc.gov.cn/diaochatongjisi/attachDir/2025/11/2025110415542112867.xlsx,人民银行社融单月分项，亿元；历史口径与缺失按原表保留
tsf_fx_flow,CHN,2023-03,427,亿元,M,,https://www.pbc.gov.cn/diaochatongjisi/attachDir/2025/11/2025110415542112867.xlsx,人民银行社融单月分项，亿元；历史口径与缺失按原表保留
tsf_fx_flow,CHN,2023-04,-319,亿元,M,,https://www.pbc.gov.cn/diaochatongjisi/attachDir/2025/11/2025110415542112867.xlsx,人民银行社融单月分项，亿元；历史口径与缺失按原表保留
tsf_fx_flow,CHN,2023-05,-338,亿元,M,,https://www.pbc.gov.cn/diaochatongjisi/attachDir/2025/11/2025110415542112867.xlsx,人民银行社融单月分项，亿元；历史口径与缺失按原表保留
tsf_fx_flow,CHN,2023-06,-191,亿元,M,,https://www.pbc.gov.cn/diaochatongjisi/attachDir/2025/11/2025110415542112867.xlsx,人民银行社融单月分项，亿元；历史口径与缺失按原表保留
tsf_fx_flow,CHN,2023-07,-339,亿元,M,,https://www.pbc.gov.cn/diaochatongjisi/attachDir/2025/11/2025110415542112867.xlsx,人民银行社融单月分项，亿元；历史口径与缺失按原表保留
tsf_fx_flow,CHN,2023-08,-201,亿元,M,,https://www.pbc.gov.cn/diaochatongjisi/attachDir/2025/11/2025110415542112867.xlsx,人民银行社融单月分项，亿元；历史口径与缺失按原表保留
tsf_fx_flow,CHN,2023-09,-583,亿元,M,,https://www.pbc.gov.cn/diaochatongjisi/attachDir/2025/11/2025110415542112867.xlsx,人民银行社融单月分项，亿元；历史口径与缺失按原表保留
tsf_fx_flow,CHN,2023-10,152,亿元,M,,https://www.pbc.gov.cn/diaochatongjisi/attachDir/2025/11/2025110415542112867.xlsx,人民银行社融单月分项，亿元；历史口径与缺失按原表保留
tsf_fx_flow,CHN,2023-11,-357,亿元,M,,https://www.pbc.gov.cn/diaochatongjisi/attachDir/2025/11/2025110415542112867.xlsx,人民银行社融单月分项，亿元；历史口径与缺失按原表保留
tsf_fx_flow,CHN,2023-12,-635,亿元,M,,https://www.pbc.gov.cn/diaochatongjisi/attachDir/2025/11/2025110415542112867.xlsx,人民银行社融单月分项，亿元；历史口径与缺失按原表保留
tsf_fx_flow,CHN,2024-01,989,亿元,M,,https://www.pbc.gov.cn/diaochatongjisi/attachDir/2025/11/2025111416252488839.xlsx,人民银行社融单月分项，亿元；历史口径与缺失按原表保留
tsf_fx_flow,CHN,2024-02,-9,亿元,M,,https://www.pbc.gov.cn/diaochatongjisi/attachDir/2025/11/2025111416252488839.xlsx,人民银行社融单月分项，亿元；历史口径与缺失按原表保留
tsf_fx_flow,CHN,2024-03,543,亿元,M,,https://www.pbc.gov.cn/diaochatongjisi/attachDir/2025/11/2025111416252488839.xlsx,人民银行社融单月分项，亿元；历史口径与缺失按原表保留
tsf_fx_flow,CHN,2024-04,-310,亿元,M,,https://www.pbc.gov.cn/diaochatongjisi/attachDir/2025/11/2025111416252488839.xlsx,人民银行社融单月分项，亿元；历史口径与缺失按原表保留
tsf_fx_flow,CHN,2024-05,-487,亿元,M,,https://www.pbc.gov.cn/diaochatongjisi/attachDir/2025/11/2025111416252488839.xlsx,人民银行社融单月分项，亿元；历史口径与缺失按原表保留
tsf_fx_flow,CHN,2024-06,-807,亿元,M,,https://www.pbc.gov.cn/diaochatongjisi/attachDir/2025/11/2025111416252488839.xlsx,人民银行社融单月分项，亿元；历史口径与缺失按原表保留
tsf_fx_flow,CHN,2024-07,-890,亿元,M,,https://www.pbc.gov.cn/diaochatongjisi/attachDir/2025/11/2025111416252488839.xlsx,人民银行社融单月分项，亿元；历史口径与缺失按原表保留
tsf_fx_flow,CHN,2024-08,-612,亿元,M,,https://www.pbc.gov.cn/diaochatongjisi/attachDir/2025/11/2025111416252488839.xlsx,人民银行社融单月分项，亿元；历史口径与缺失按原表保留
tsf_fx_flow,CHN,2024-09,-480,亿元,M,,https://www.pbc.gov.cn/diaochatongjisi/attachDir/2025/11/2025111416252488839.xlsx,人民银行社融单月分项，亿元；历史口径与缺失按原表保留
tsf_fx_flow,CHN,2024-10,-710,亿元,M,,https://www.pbc.gov.cn/diaochatongjisi/attachDir/2025/11/2025111416252488839.xlsx,人民银行社融单月分项，亿元；历史口径与缺失按原表保留
tsf_fx_flow,CHN,2024-11,-468,亿元,M,,https://www.pbc.gov.cn/diaochatongjisi/attachDir/2025/11/2025111416252488839.xlsx,人民银行社融单月分项，亿元；历史口径与缺失按原表保留
tsf_fx_flow,CHN,2024-12,-675,亿元,M,,https://www.pbc.gov.cn/diaochatongjisi/attachDir/2025/11/2025111416252488839.xlsx,人民银行社融单月分项，亿元；历史口径与缺失按原表保留
tsf_fx_flow,CHN,2025-01,-392,亿元,M,,https://www.pbc.gov.cn/diaochatongjisi/attachDir/2026/02/2026021418235592487.xlsx,人民银行社融单月分项，亿元；历史口径与缺失按原表保留
tsf_fx_flow,CHN,2025-02,-281,亿元,M,,https://www.pbc.gov.cn/diaochatongjisi/attachDir/2026/02/2026021418235592487.xlsx,人民银行社融单月分项，亿元；历史口径与缺失按原表保留
tsf_fx_flow,CHN,2025-03,-295,亿元,M,,https://www.pbc.gov.cn/diaochatongjisi/attachDir/2026/02/2026021418235592487.xlsx,人民银行社融单月分项，亿元；历史口径与缺失按原表保留
tsf_fx_flow,CHN,2025-04,-130,亿元,M,,https://www.pbc.gov.cn/diaochatongjisi/attachDir/2026/02/2026021418235592487.xlsx,人民银行社融单月分项，亿元；历史口径与缺失按原表保留
tsf_fx_flow,CHN,2025-05,134,亿元,M,,https://www.pbc.gov.cn/diaochatongjisi/attachDir/2026/02/2026021418235592487.xlsx,人民银行社融单月分项，亿元；历史口径与缺失按原表保留
tsf_fx_flow,CHN,2025-06,325,亿元,M,,https://www.pbc.gov.cn/diaochatongjisi/attachDir/2026/02/2026021418235592487.xlsx,人民银行社融单月分项，亿元；历史口径与缺失按原表保留
tsf_fx_flow,CHN,2025-07,-87,亿元,M,,https://www.pbc.gov.cn/diaochatongjisi/attachDir/2026/02/2026021418235592487.xlsx,人民银行社融单月分项，亿元；历史口径与缺失按原表保留
tsf_fx_flow,CHN,2025-08,-91,亿元,M,,https://www.pbc.gov.cn/diaochatongjisi/attachDir/2026/02/2026021418235592487.xlsx,人民银行社融单月分项，亿元；历史口径与缺失按原表保留
tsf_fx_flow,CHN,2025-09,-129,亿元,M,,https://www.pbc.gov.cn/diaochatongjisi/attachDir/2026/02/2026021418235592487.xlsx,人民银行社融单月分项，亿元；历史口径与缺失按原表保留
tsf_fx_flow,CHN,2025-10,-200,亿元,M,,https://www.pbc.gov.cn/diaochatongjisi/attachDir/2026/02/2026021418235592487.xlsx,人民银行社融单月分项，亿元；历史口径与缺失按原表保留
tsf_fx_flow,CHN,2025-11,-222,亿元,M,,https://www.pbc.gov.cn/diaochatongjisi/attachDir/2026/02/2026021418235592487.xlsx,人民银行社融单月分项，亿元；历史口径与缺失按原表保留
tsf_fx_flow,CHN,2025-12,-675,亿元,M,,https://www.pbc.gov.cn/diaochatongjisi/attachDir/2026/02/2026021418235592487.xlsx,人民银行社融单月分项，亿元；历史口径与缺失按原表保留
tsf_fx_flow,CHN,2026-01,468,亿元,M,,https://www.pbc.gov.cn/diaochatongjisi/attachDir/2026/09/2026091418125322850.xlsx,人民银行社融单月分项，亿元；历史口径与缺失按原表保留
tsf_fx_flow,CHN,2026-02,-36,亿元,M,,https://www.pbc.gov.cn/diaochatongjisi/attachDir/2026/09/2026091418125322850.xlsx,人民银行社融单月分项，亿元；历史口径与缺失按原表保留
tsf_fx_flow,CHN,2026-03,420,亿元,M,,https://www.pbc.gov.cn/diaochatongjisi/attachDir/2026/09/2026091418125322850.xlsx,人民银行社融单月分项，亿元；历史口径与缺失按原表保留
tsf_fx_flow,CHN,2026-04,184,亿元,M,,https://www.pbc.gov.cn/diaochatongjisi/attachDir/2026/09/2026091418125322850.xlsx,人民银行社融单月分项，亿元；历史口径与缺失按原表保留
tsf_fx_flow,CHN,2026-05,117,亿元,M,,https://www.pbc.gov.cn/diaochatongjisi/attachDir/2026/09/2026091418125322850.xlsx,人民银行社融单月分项，亿元；历史口径与缺失按原表保留
tsf_fx_flow,CHN,2026-06,455,亿元,M,,https://www.pbc.gov.cn/diaochatongjisi/attachDir/2026/09/2026091418125322850.xlsx,人民银行社融单月分项，亿元；历史口径与缺失按原表保留
tsf_fx_flow,CHN,2026-07,85,亿元,M,,https://www.pbc.gov.cn/diaochatongjisi/attachDir/2026/09/2026091418125322850.xlsx,人民银行社融单月分项，亿元；历史口径与缺失按原表保留
tsf_fx_flow,CHN,2026-08,409,亿元,M,,https://www.pbc.gov.cn/diaochatongjisi/attachDir/2026/09/2026091418125322850.xlsx,人民银行社融单月分项，亿元；历史口径与缺失按原表保留
tsf_government_flow,CHN,2017-01,665.0,亿元,M,,https://www.pbc.gov.cn/diaochatongjisi/attachDir/2025/11/2025110511302316239.xls,人民银行社融单月分项，亿元；历史口径与缺失按原表保留
tsf_government_flow,CHN,2017-02,-191.0,亿元,M,,https://www.pbc.gov.cn/diaochatongjisi/attachDir/2025/11/2025110511302316239.xls,人民银行社融单月分项，亿元；历史口径与缺失按原表保留
tsf_government_flow,CHN,2017-03,3230.0,亿元,M,,https://www.pbc.gov.cn/diaochatongjisi/attachDir/2025/11/2025110511302316239.xls,人民银行社融单月分项，亿元；历史口径与缺失按原表保留
tsf_government_flow,CHN,2017-04,5939.0,亿元,M,,https://www.pbc.gov.cn/diaochatongjisi/attachDir/2025/11/2025110511302316239.xls,人民银行社融单月分项，亿元；历史口径与缺失按原表保留
tsf_government_flow,CHN,2017-05,6505.0,亿元,M,,https://www.pbc.gov.cn/diaochatongjisi/attachDir/2025/11/2025110511302316239.xls,人民银行社融单月分项，亿元；历史口径与缺失按原表保留
tsf_government_flow,CHN,2017-06,6571.0,亿元,M,,https://www.pbc.gov.cn/diaochatongjisi/attachDir/2025/11/2025110511302316239.xls,人民银行社融单月分项，亿元；历史口径与缺失按原表保留
tsf_government_flow,CHN,2017-07,9472.0,亿元,M,,https://www.pbc.gov.cn/diaochatongjisi/attachDir/2025/11/2025110511302316239.xls,人民银行社融单月分项，亿元；历史口径与缺失按原表保留
tsf_government_flow,CHN,2017-08,4420.0,亿元,M,,https://www.pbc.gov.cn/diaochatongjisi/attachDir/2025/11/2025110511302316239.xls,人民银行社融单月分项，亿元；历史口径与缺失按原表保留
tsf_government_flow,CHN,2017-09,5486.0,亿元,M,,https://www.pbc.gov.cn/diaochatongjisi/attachDir/2025/11/2025110511302316239.xls,人民银行社融单月分项，亿元；历史口径与缺失按原表保留
tsf_government_flow,CHN,2017-10,4968.0,亿元,M,,https://www.pbc.gov.cn/diaochatongjisi/attachDir/2025/11/2025110511302316239.xls,人民银行社融单月分项，亿元；历史口径与缺失按原表保留
tsf_government_flow,CHN,2017-11,5979.0,亿元,M,,https://www.pbc.gov.cn/diaochatongjisi/attachDir/2025/11/2025110511302316239.xls,人民银行社融单月分项，亿元；历史口径与缺失按原表保留
tsf_government_flow,CHN,2017-12,2759.0,亿元,M,,https://www.pbc.gov.cn/diaochatongjisi/attachDir/2025/11/2025110511302316239.xls,人民银行社融单月分项，亿元；历史口径与缺失按原表保留
tsf_government_flow,CHN,2018-01,5.0,亿元,M,,https://www.pbc.gov.cn/diaochatongjisi/attachDir/2025/11/2025110511302316239.xls,人民银行社融单月分项，亿元；历史口径与缺失按原表保留
tsf_government_flow,CHN,2018-02,175.0,亿元,M,,https://www.pbc.gov.cn/diaochatongjisi/attachDir/2025/11/2025110511302316239.xls,人民银行社融单月分项，亿元；历史口径与缺失按原表保留
tsf_government_flow,CHN,2018-03,1816.0,亿元,M,,https://www.pbc.gov.cn/diaochatongjisi/attachDir/2025/11/2025110511302316239.xls,人民银行社融单月分项，亿元；历史口径与缺失按原表保留
tsf_government_flow,CHN,2018-04,5303.0,亿元,M,,https://www.pbc.gov.cn/diaochatongjisi/attachDir/2025/11/2025110511302316239.xls,人民银行社融单月分项，亿元；历史口径与缺失按原表保留
tsf_government_flow,CHN,2018-05,2728.0,亿元,M,,https://www.pbc.gov.cn/diaochatongjisi/attachDir/2025/11/2025110511302316239.xls,人民银行社融单月分项，亿元；历史口径与缺失按原表保留
tsf_government_flow,CHN,2018-06,6509.0,亿元,M,,https://www.pbc.gov.cn/diaochatongjisi/attachDir/2025/11/2025110511302316239.xls,人民银行社融单月分项，亿元；历史口径与缺失按原表保留
tsf_government_flow,CHN,2018-07,7998.0,亿元,M,,https://www.pbc.gov.cn/diaochatongjisi/attachDir/2025/11/2025110511302316239.xls,人民银行社融单月分项，亿元；历史口径与缺失按原表保留
tsf_government_flow,CHN,2018-08,8651.0,亿元,M,,https://www.pbc.gov.cn/diaochatongjisi/attachDir/2025/11/2025110511302316239.xls,人民银行社融单月分项，亿元；历史口径与缺失按原表保留
tsf_government_flow,CHN,2018-09,9108.0,亿元,M,,https://www.pbc.gov.cn/diaochatongjisi/attachDir/2025/11/2025110511302316239.xls,人民银行社融单月分项，亿元；历史口径与缺失按原表保留
tsf_government_flow,CHN,2018-10,3032.0,亿元,M,,https://www.pbc.gov.cn/diaochatongjisi/attachDir/2025/11/2025110511302316239.xls,人民银行社融单月分项，亿元；历史口径与缺失按原表保留
tsf_government_flow,CHN,2018-11,-247.0,亿元,M,,https://www.pbc.gov.cn/diaochatongjisi/attachDir/2025/11/2025110511302316239.xls,人民银行社融单月分项，亿元；历史口径与缺失按原表保留
tsf_government_flow,CHN,2018-12,3452.0,亿元,M,,https://www.pbc.gov.cn/diaochatongjisi/attachDir/2025/11/2025110511302316239.xls,人民银行社融单月分项，亿元；历史口径与缺失按原表保留
tsf_government_flow,CHN,2019-01,1700.0,亿元,M,,https://www.pbc.gov.cn/diaochatongjisi/attachDir/2025/11/2025110511302316239.xls,人民银行社融单月分项，亿元；历史口径与缺失按原表保留
tsf_government_flow,CHN,2019-02,4347.0,亿元,M,,https://www.pbc.gov.cn/diaochatongjisi/attachDir/2025/11/2025110511302316239.xls,人民银行社融单月分项，亿元；历史口径与缺失按原表保留
tsf_government_flow,CHN,2019-03,3412.0,亿元,M,,https://www.pbc.gov.cn/diaochatongjisi/attachDir/2025/11/2025110511302316239.xls,人民银行社融单月分项，亿元；历史口径与缺失按原表保留
tsf_government_flow,CHN,2019-04,4433.0,亿元,M,,https://www.pbc.gov.cn/diaochatongjisi/attachDir/2025/11/2025110511302316239.xls,人民银行社融单月分项，亿元；历史口径与缺失按原表保留
tsf_government_flow,CHN,2019-05,3857.0,亿元,M,,https://www.pbc.gov.cn/diaochatongjisi/attachDir/2025/11/2025110511302316239.xls,人民银行社融单月分项，亿元；历史口径与缺失按原表保留
tsf_government_flow,CHN,2019-06,6867.0,亿元,M,,https://www.pbc.gov.cn/diaochatongjisi/attachDir/2025/11/2025110511302316239.xls,人民银行社融单月分项，亿元；历史口径与缺失按原表保留
tsf_government_flow,CHN,2019-07,6427.0,亿元,M,,https://www.pbc.gov.cn/diaochatongjisi/attachDir/2025/11/2025110511302316239.xls,人民银行社融单月分项，亿元；历史口径与缺失按原表保留
tsf_government_flow,CHN,2019-08,5059.0,亿元,M,,https://www.pbc.gov.cn/diaochatongjisi/attachDir/2025/11/2025110511302316239.xls,人民银行社融单月分项，亿元；历史口径与缺失按原表保留
tsf_government_flow,CHN,2019-09,3777.0,亿元,M,,https://www.pbc.gov.cn/diaochatongjisi/attachDir/2025/11/2025110511302316239.xls,人民银行社融单月分项，亿元；历史口径与缺失按原表保留
tsf_government_flow,CHN,2019-10,1871.0,亿元,M,,https://www.pbc.gov.cn/diaochatongjisi/attachDir/2025/11/2025110511302316239.xls,人民银行社融单月分项，亿元；历史口径与缺失按原表保留
tsf_government_flow,CHN,2019-11,1716.0,亿元,M,,https://www.pbc.gov.cn/diaochatongjisi/attachDir/2025/11/2025110511302316239.xls,人民银行社融单月分项，亿元；历史口径与缺失按原表保留
tsf_government_flow,CHN,2019-12,3738.0,亿元,M,,https://www.pbc.gov.cn/diaochatongjisi/attachDir/2025/11/2025110511302316239.xls,人民银行社融单月分项，亿元；历史口径与缺失按原表保留
tsf_government_flow,CHN,2020-01,7613.0,亿元,M,,https://www.pbc.gov.cn/diaochatongjisi/attachDir/2025/11/2025110510115085998.xls,人民银行社融单月分项，亿元；历史口径与缺失按原表保留
tsf_government_flow,CHN,2020-02,1824.0,亿元,M,,https://www.pbc.gov.cn/diaochatongjisi/attachDir/2025/11/2025110510115085998.xls,人民银行社融单月分项，亿元；历史口径与缺失按原表保留
tsf_government_flow,CHN,2020-03,6344.0,亿元,M,,https://www.pbc.gov.cn/diaochatongjisi/attachDir/2025/11/2025110510115085998.xls,人民银行社融单月分项，亿元；历史口径与缺失按原表保留
tsf_government_flow,CHN,2020-04,3357.0,亿元,M,,https://www.pbc.gov.cn/diaochatongjisi/attachDir/2025/11/2025110510115085998.xls,人民银行社融单月分项，亿元；历史口径与缺失按原表保留
tsf_government_flow,CHN,2020-05,11362.0,亿元,M,,https://www.pbc.gov.cn/diaochatongjisi/attachDir/2025/11/2025110510115085998.xls,人民银行社融单月分项，亿元；历史口径与缺失按原表保留
tsf_government_flow,CHN,2020-06,7450.0,亿元,M,,https://www.pbc.gov.cn/diaochatongjisi/attachDir/2025/11/2025110510115085998.xls,人民银行社融单月分项，亿元；历史口径与缺失按原表保留
tsf_government_flow,CHN,2020-07,5459.0,亿元,M,,https://www.pbc.gov.cn/diaochatongjisi/attachDir/2025/11/2025110510115085998.xls,人民银行社融单月分项，亿元；历史口径与缺失按原表保留
tsf_government_flow,CHN,2020-08,13788.0,亿元,M,,https://www.pbc.gov.cn/diaochatongjisi/attachDir/2025/11/2025110510115085998.xls,人民银行社融单月分项，亿元；历史口径与缺失按原表保留
tsf_government_flow,CHN,2020-09,10116.0,亿元,M,,https://www.pbc.gov.cn/diaochatongjisi/attachDir/2025/11/2025110510115085998.xls,人民银行社融单月分项，亿元；历史口径与缺失按原表保留
tsf_government_flow,CHN,2020-10,4931.0,亿元,M,,https://www.pbc.gov.cn/diaochatongjisi/attachDir/2025/11/2025110510115085998.xls,人民银行社融单月分项，亿元；历史口径与缺失按原表保留
tsf_government_flow,CHN,2020-11,4000.0,亿元,M,,https://www.pbc.gov.cn/diaochatongjisi/attachDir/2025/11/2025110510115085998.xls,人民银行社融单月分项，亿元；历史口径与缺失按原表保留
tsf_government_flow,CHN,2020-12,6973.0,亿元,M,,https://www.pbc.gov.cn/diaochatongjisi/attachDir/2025/11/2025110510115085998.xls,人民银行社融单月分项，亿元；历史口径与缺失按原表保留
tsf_government_flow,CHN,2021-01,2437.0,亿元,M,,https://www.pbc.gov.cn/diaochatongjisi/attachDir/2025/11/2025110509591087259.xls,人民银行社融单月分项，亿元；历史口径与缺失按原表保留
tsf_government_flow,CHN,2021-02,1017.0,亿元,M,,https://www.pbc.gov.cn/diaochatongjisi/attachDir/2025/11/2025110509591087259.xls,人民银行社融单月分项，亿元；历史口径与缺失按原表保留
tsf_government_flow,CHN,2021-03,3131.0,亿元,M,,https://www.pbc.gov.cn/diaochatongjisi/attachDir/2025/11/2025110509591087259.xls,人民银行社融单月分项，亿元；历史口径与缺失按原表保留
tsf_government_flow,CHN,2021-04,3739.0,亿元,M,,https://www.pbc.gov.cn/diaochatongjisi/attachDir/2025/11/2025110509591087259.xls,人民银行社融单月分项，亿元；历史口径与缺失按原表保留
tsf_government_flow,CHN,2021-05,6701.0,亿元,M,,https://www.pbc.gov.cn/diaochatongjisi/attachDir/2025/11/2025110509591087259.xls,人民银行社融单月分项，亿元；历史口径与缺失按原表保留
tsf_government_flow,CHN,2021-06,7508.0,亿元,M,,https://www.pbc.gov.cn/diaochatongjisi/attachDir/2025/11/2025110509591087259.xls,人民银行社融单月分项，亿元；历史口径与缺失按原表保留
tsf_government_flow,CHN,2021-07,1820.0,亿元,M,,https://www.pbc.gov.cn/diaochatongjisi/attachDir/2025/11/2025110509591087259.xls,人民银行社融单月分项，亿元；历史口径与缺失按原表保留
tsf_government_flow,CHN,2021-08,9738.0,亿元,M,,https://www.pbc.gov.cn/diaochatongjisi/attachDir/2025/11/2025110509591087259.xls,人民银行社融单月分项，亿元；历史口径与缺失按原表保留
tsf_government_flow,CHN,2021-09,8066.0,亿元,M,,https://www.pbc.gov.cn/diaochatongjisi/attachDir/2025/11/2025110509591087259.xls,人民银行社融单月分项，亿元；历史口径与缺失按原表保留
tsf_government_flow,CHN,2021-10,6167.0,亿元,M,,https://www.pbc.gov.cn/diaochatongjisi/attachDir/2025/11/2025110509591087259.xls,人民银行社融单月分项，亿元；历史口径与缺失按原表保留
tsf_government_flow,CHN,2021-11,8158.0,亿元,M,,https://www.pbc.gov.cn/diaochatongjisi/attachDir/2025/11/2025110509591087259.xls,人民银行社融单月分项，亿元；历史口径与缺失按原表保留
tsf_government_flow,CHN,2021-12,11674.0,亿元,M,,https://www.pbc.gov.cn/diaochatongjisi/attachDir/2025/11/2025110509591087259.xls,人民银行社融单月分项，亿元；历史口径与缺失按原表保留
tsf_government_flow,CHN,2022-01,6026,亿元,M,,https://www.pbc.gov.cn/diaochatongjisi/attachDir/2025/11/2025110416594167877.xlsx,人民银行社融单月分项，亿元；历史口径与缺失按原表保留
tsf_government_flow,CHN,2022-02,2722,亿元,M,,https://www.pbc.gov.cn/diaochatongjisi/attachDir/2025/11/2025110416594167877.xlsx,人民银行社融单月分项，亿元；历史口径与缺失按原表保留
tsf_government_flow,CHN,2022-03,7074,亿元,M,,https://www.pbc.gov.cn/diaochatongjisi/attachDir/2025/11/2025110416594167877.xlsx,人民银行社融单月分项，亿元；历史口径与缺失按原表保留
tsf_government_flow,CHN,2022-04,3912,亿元,M,,https://www.pbc.gov.cn/diaochatongjisi/attachDir/2025/11/2025110416594167877.xlsx,人民银行社融单月分项，亿元；历史口径与缺失按原表保留
tsf_government_flow,CHN,2022-05,10582,亿元,M,,https://www.pbc.gov.cn/diaochatongjisi/attachDir/2025/11/2025110416594167877.xlsx,人民银行社融单月分项，亿元；历史口径与缺失按原表保留
tsf_government_flow,CHN,2022-06,16216,亿元,M,,https://www.pbc.gov.cn/diaochatongjisi/attachDir/2025/11/2025110416594167877.xlsx,人民银行社融单月分项，亿元；历史口径与缺失按原表保留
tsf_government_flow,CHN,2022-07,3998,亿元,M,,https://www.pbc.gov.cn/diaochatongjisi/attachDir/2025/11/2025110416594167877.xlsx,人民银行社融单月分项，亿元；历史口径与缺失按原表保留
tsf_government_flow,CHN,2022-08,3045,亿元,M,,https://www.pbc.gov.cn/diaochatongjisi/attachDir/2025/11/2025110416594167877.xlsx,人民银行社融单月分项，亿元；历史口径与缺失按原表保留
tsf_government_flow,CHN,2022-09,5533,亿元,M,,https://www.pbc.gov.cn/diaochatongjisi/attachDir/2025/11/2025110416594167877.xlsx,人民银行社融单月分项，亿元；历史口径与缺失按原表保留
tsf_government_flow,CHN,2022-10,2791,亿元,M,,https://www.pbc.gov.cn/diaochatongjisi/attachDir/2025/11/2025110416594167877.xlsx,人民银行社融单月分项，亿元；历史口径与缺失按原表保留
tsf_government_flow,CHN,2022-11,6520,亿元,M,,https://www.pbc.gov.cn/diaochatongjisi/attachDir/2025/11/2025110416594167877.xlsx,人民银行社融单月分项，亿元；历史口径与缺失按原表保留
tsf_government_flow,CHN,2022-12,2809,亿元,M,,https://www.pbc.gov.cn/diaochatongjisi/attachDir/2025/11/2025110416594167877.xlsx,人民银行社融单月分项，亿元；历史口径与缺失按原表保留
tsf_government_flow,CHN,2023-01,4140,亿元,M,,https://www.pbc.gov.cn/diaochatongjisi/attachDir/2025/11/2025110415542112867.xlsx,人民银行社融单月分项，亿元；历史口径与缺失按原表保留
tsf_government_flow,CHN,2023-02,8138,亿元,M,,https://www.pbc.gov.cn/diaochatongjisi/attachDir/2025/11/2025110415542112867.xlsx,人民银行社融单月分项，亿元；历史口径与缺失按原表保留
tsf_government_flow,CHN,2023-03,6015,亿元,M,,https://www.pbc.gov.cn/diaochatongjisi/attachDir/2025/11/2025110415542112867.xlsx,人民银行社融单月分项，亿元；历史口径与缺失按原表保留
tsf_government_flow,CHN,2023-04,4548,亿元,M,,https://www.pbc.gov.cn/diaochatongjisi/attachDir/2025/11/2025110415542112867.xlsx,人民银行社融单月分项，亿元；历史口径与缺失按原表保留
tsf_government_flow,CHN,2023-05,5571,亿元,M,,https://www.pbc.gov.cn/diaochatongjisi/attachDir/2025/11/2025110415542112867.xlsx,人民银行社融单月分项，亿元；历史口径与缺失按原表保留
tsf_government_flow,CHN,2023-06,5371,亿元,M,,https://www.pbc.gov.cn/diaochatongjisi/attachDir/2025/11/2025110415542112867.xlsx,人民银行社融单月分项，亿元；历史口径与缺失按原表保留
tsf_government_flow,CHN,2023-07,4109,亿元,M,,https://www.pbc.gov.cn/diaochatongjisi/attachDir/2025/11/2025110415542112867.xlsx,人民银行社融单月分项，亿元；历史口径与缺失按原表保留
tsf_government_flow,CHN,2023-08,11759,亿元,M,,https://www.pbc.gov.cn/diaochatongjisi/attachDir/2025/11/2025110415542112867.xlsx,人民银行社融单月分项，亿元；历史口径与缺失按原表保留
tsf_government_flow,CHN,2023-09,9920,亿元,M,,https://www.pbc.gov.cn/diaochatongjisi/attachDir/2025/11/2025110415542112867.xlsx,人民银行社融单月分项，亿元；历史口径与缺失按原表保留
tsf_government_flow,CHN,2023-10,15638,亿元,M,,https://www.pbc.gov.cn/diaochatongjisi/attachDir/2025/11/2025110415542112867.xlsx,人民银行社融单月分项，亿元；历史口径与缺失按原表保留
tsf_government_flow,CHN,2023-11,11512,亿元,M,,https://www.pbc.gov.cn/diaochatongjisi/attachDir/2025/11/2025110415542112867.xlsx,人民银行社融单月分项，亿元；历史口径与缺失按原表保留
tsf_government_flow,CHN,2023-12,9324,亿元,M,,https://www.pbc.gov.cn/diaochatongjisi/attachDir/2025/11/2025110415542112867.xlsx,人民银行社融单月分项，亿元；历史口径与缺失按原表保留
tsf_government_flow,CHN,2024-01,2947,亿元,M,,https://www.pbc.gov.cn/diaochatongjisi/attachDir/2025/11/2025111416252488839.xlsx,人民银行社融单月分项，亿元；历史口径与缺失按原表保留
tsf_government_flow,CHN,2024-02,6011,亿元,M,,https://www.pbc.gov.cn/diaochatongjisi/attachDir/2025/11/2025111416252488839.xlsx,人民银行社融单月分项，亿元；历史口径与缺失按原表保留
tsf_government_flow,CHN,2024-03,4626,亿元,M,,https://www.pbc.gov.cn/diaochatongjisi/attachDir/2025/11/2025111416252488839.xlsx,人民银行社融单月分项，亿元；历史口径与缺失按原表保留
tsf_government_flow,CHN,2024-04,-937,亿元,M,,https://www.pbc.gov.cn/diaochatongjisi/attachDir/2025/11/2025111416252488839.xlsx,人民银行社融单月分项，亿元；历史口径与缺失按原表保留
tsf_government_flow,CHN,2024-05,12266,亿元,M,,https://www.pbc.gov.cn/diaochatongjisi/attachDir/2025/11/2025111416252488839.xlsx,人民银行社融单月分项，亿元；历史口径与缺失按原表保留
tsf_government_flow,CHN,2024-06,8476,亿元,M,,https://www.pbc.gov.cn/diaochatongjisi/attachDir/2025/11/2025111416252488839.xlsx,人民银行社融单月分项，亿元；历史口径与缺失按原表保留
tsf_government_flow,CHN,2024-07,6881,亿元,M,,https://www.pbc.gov.cn/diaochatongjisi/attachDir/2025/11/2025111416252488839.xlsx,人民银行社融单月分项，亿元；历史口径与缺失按原表保留
tsf_government_flow,CHN,2024-08,16177,亿元,M,,https://www.pbc.gov.cn/diaochatongjisi/attachDir/2025/11/2025111416252488839.xlsx,人民银行社融单月分项，亿元；历史口径与缺失按原表保留
tsf_government_flow,CHN,2024-09,15357,亿元,M,,https://www.pbc.gov.cn/diaochatongjisi/attachDir/2025/11/2025111416252488839.xlsx,人民银行社融单月分项，亿元；历史口径与缺失按原表保留
tsf_government_flow,CHN,2024-10,10495,亿元,M,,https://www.pbc.gov.cn/diaochatongjisi/attachDir/2025/11/2025111416252488839.xlsx,人民银行社融单月分项，亿元；历史口径与缺失按原表保留
tsf_government_flow,CHN,2024-11,13089,亿元,M,,https://www.pbc.gov.cn/diaochatongjisi/attachDir/2025/11/2025111416252488839.xlsx,人民银行社融单月分项，亿元；历史口径与缺失按原表保留
tsf_government_flow,CHN,2024-12,17566,亿元,M,,https://www.pbc.gov.cn/diaochatongjisi/attachDir/2025/11/2025111416252488839.xlsx,人民银行社融单月分项，亿元；历史口径与缺失按原表保留
tsf_government_flow,CHN,2025-01,6933,亿元,M,,https://www.pbc.gov.cn/diaochatongjisi/attachDir/2026/02/2026021418235592487.xlsx,人民银行社融单月分项，亿元；历史口径与缺失按原表保留
tsf_government_flow,CHN,2025-02,16939,亿元,M,,https://www.pbc.gov.cn/diaochatongjisi/attachDir/2026/02/2026021418235592487.xlsx,人民银行社融单月分项，亿元；历史口径与缺失按原表保留
tsf_government_flow,CHN,2025-03,14866,亿元,M,,https://www.pbc.gov.cn/diaochatongjisi/attachDir/2026/02/2026021418235592487.xlsx,人民银行社融单月分项，亿元；历史口径与缺失按原表保留
tsf_government_flow,CHN,2025-04,9729,亿元,M,,https://www.pbc.gov.cn/diaochatongjisi/attachDir/2026/02/2026021418235592487.xlsx,人民银行社融单月分项，亿元；历史口径与缺失按原表保留
tsf_government_flow,CHN,2025-05,14585,亿元,M,,https://www.pbc.gov.cn/diaochatongjisi/attachDir/2026/02/2026021418235592487.xlsx,人民银行社融单月分项，亿元；历史口径与缺失按原表保留
tsf_government_flow,CHN,2025-06,13508,亿元,M,,https://www.pbc.gov.cn/diaochatongjisi/attachDir/2026/02/2026021418235592487.xlsx,人民银行社融单月分项，亿元；历史口径与缺失按原表保留
tsf_government_flow,CHN,2025-07,12482,亿元,M,,https://www.pbc.gov.cn/diaochatongjisi/attachDir/2026/02/2026021418235592487.xlsx,人民银行社融单月分项，亿元；历史口径与缺失按原表保留
tsf_government_flow,CHN,2025-08,13672,亿元,M,,https://www.pbc.gov.cn/diaochatongjisi/attachDir/2026/02/2026021418235592487.xlsx,人民银行社融单月分项，亿元；历史口径与缺失按原表保留
tsf_government_flow,CHN,2025-09,11893,亿元,M,,https://www.pbc.gov.cn/diaochatongjisi/attachDir/2026/02/2026021418235592487.xlsx,人民银行社融单月分项，亿元；历史口径与缺失按原表保留
tsf_government_flow,CHN,2025-10,4852,亿元,M,,https://www.pbc.gov.cn/diaochatongjisi/attachDir/2026/02/2026021418235592487.xlsx,人民银行社融单月分项，亿元；历史口径与缺失按原表保留
tsf_government_flow,CHN,2025-11,12077,亿元,M,,https://www.pbc.gov.cn/diaochatongjisi/attachDir/2026/02/2026021418235592487.xlsx,人民银行社融单月分项，亿元；历史口径与缺失按原表保留
tsf_government_flow,CHN,2025-12,6833,亿元,M,,https://www.pbc.gov.cn/diaochatongjisi/attachDir/2026/02/2026021418235592487.xlsx,人民银行社融单月分项，亿元；历史口径与缺失按原表保留
tsf_government_flow,CHN,2026-01,9764,亿元,M,,https://www.pbc.gov.cn/diaochatongjisi/attachDir/2026/09/2026091418125322850.xlsx,人民银行社融单月分项，亿元；历史口径与缺失按原表保留
tsf_government_flow,CHN,2026-02,14014,亿元,M,,https://www.pbc.gov.cn/diaochatongjisi/attachDir/2026/09/2026091418125322850.xlsx,人民银行社融单月分项，亿元；历史口径与缺失按原表保留
tsf_government_flow,CHN,2026-03,11658,亿元,M,,https://www.pbc.gov.cn/diaochatongjisi/attachDir/2026/09/2026091418125322850.xlsx,人民银行社融单月分项，亿元；历史口径与缺失按原表保留
tsf_government_flow,CHN,2026-04,9041,亿元,M,,https://www.pbc.gov.cn/diaochatongjisi/attachDir/2026/09/2026091418125322850.xlsx,人民银行社融单月分项，亿元；历史口径与缺失按原表保留
tsf_government_flow,CHN,2026-05,12236,亿元,M,,https://www.pbc.gov.cn/diaochatongjisi/attachDir/2026/09/2026091418125322850.xlsx,人民银行社融单月分项，亿元；历史口径与缺失按原表保留
tsf_government_flow,CHN,2026-06,7683,亿元,M,,https://www.pbc.gov.cn/diaochatongjisi/attachDir/2026/09/2026091418125322850.xlsx,人民银行社融单月分项，亿元；历史口径与缺失按原表保留
tsf_government_flow,CHN,2026-07,13176,亿元,M,,https://www.pbc.gov.cn/diaochatongjisi/attachDir/2026/09/2026091418125322850.xlsx,人民银行社融单月分项，亿元；历史口径与缺失按原表保留
tsf_government_flow,CHN,2026-08,10097,亿元,M,,https://www.pbc.gov.cn/diaochatongjisi/attachDir/2026/09/2026091418125322850.xlsx,人民银行社融单月分项，亿元；历史口径与缺失按原表保留
tsf_offbalance_flow,CHN,2006-01,168,亿元,M,,https://www.pbc.gov.cn/diaochatongjisi/116219/116225/2863562/index.html,人民银行社融单月分项，亿元；历史口径与缺失按原表保留；本项目计算分组，公式见指标口径；非央行独立发布指标
tsf_offbalance_flow,CHN,2006-02,-76,亿元,M,,https://www.pbc.gov.cn/diaochatongjisi/116219/116225/2863562/index.html,人民银行社融单月分项，亿元；历史口径与缺失按原表保留；本项目计算分组，公式见指标口径；非央行独立发布指标
tsf_offbalance_flow,CHN,2006-03,1418,亿元,M,,https://www.pbc.gov.cn/diaochatongjisi/116219/116225/2863562/index.html,人民银行社融单月分项，亿元；历史口径与缺失按原表保留；本项目计算分组，公式见指标口径；非央行独立发布指标
tsf_offbalance_flow,CHN,2006-04,-306,亿元,M,,https://www.pbc.gov.cn/diaochatongjisi/116219/116225/2863562/index.html,人民银行社融单月分项，亿元；历史口径与缺失按原表保留；本项目计算分组，公式见指标口径；非央行独立发布指标
tsf_offbalance_flow,CHN,2006-05,1230,亿元,M,,https://www.pbc.gov.cn/diaochatongjisi/116219/116225/2863562/index.html,人民银行社融单月分项，亿元；历史口径与缺失按原表保留；本项目计算分组，公式见指标口径；非央行独立发布指标
tsf_offbalance_flow,CHN,2006-06,-216,亿元,M,,https://www.pbc.gov.cn/diaochatongjisi/116219/116225/2863562/index.html,人民银行社融单月分项，亿元；历史口径与缺失按原表保留；本项目计算分组，公式见指标口径；非央行独立发布指标
tsf_offbalance_flow,CHN,2006-07,392,亿元,M,,https://www.pbc.gov.cn/diaochatongjisi/116219/116225/2863562/index.html,人民银行社融单月分项，亿元；历史口径与缺失按原表保留；本项目计算分组，公式见指标口径；非央行独立发布指标
tsf_offbalance_flow,CHN,2006-08,522,亿元,M,,https://www.pbc.gov.cn/diaochatongjisi/116219/116225/2863562/index.html,人民银行社融单月分项，亿元；历史口径与缺失按原表保留；本项目计算分组，公式见指标口径；非央行独立发布指标
tsf_offbalance_flow,CHN,2006-09,737,亿元,M,,https://www.pbc.gov.cn/diaochatongjisi/116219/116225/2863562/index.html,人民银行社融单月分项，亿元；历史口径与缺失按原表保留；本项目计算分组，公式见指标口径；非央行独立发布指标
tsf_offbalance_flow,CHN,2006-10,390,亿元,M,,https://www.pbc.gov.cn/diaochatongjisi/116219/116225/2863562/index.html,人民银行社融单月分项，亿元；历史口径与缺失按原表保留；本项目计算分组，公式见指标口径；非央行独立发布指标
tsf_offbalance_flow,CHN,2006-11,143,亿元,M,,https://www.pbc.gov.cn/diaochatongjisi/116219/116225/2863562/index.html,人民银行社融单月分项，亿元；历史口径与缺失按原表保留；本项目计算分组，公式见指标口径；非央行独立发布指标
tsf_offbalance_flow,CHN,2006-12,617,亿元,M,,https://www.pbc.gov.cn/diaochatongjisi/116219/116225/2863562/index.html,人民银行社融单月分项，亿元；历史口径与缺失按原表保留；本项目计算分组，公式见指标口径；非央行独立发布指标
tsf_offbalance_flow,CHN,2007-01,1248,亿元,M,,https://www.pbc.gov.cn/diaochatongjisi/116219/116225/2863562/index.html,人民银行社融单月分项，亿元；历史口径与缺失按原表保留；本项目计算分组，公式见指标口径；非央行独立发布指标
tsf_offbalance_flow,CHN,2007-02,-1303,亿元,M,,https://www.pbc.gov.cn/diaochatongjisi/116219/116225/2863562/index.html,人民银行社融单月分项，亿元；历史口径与缺失按原表保留；本项目计算分组，公式见指标口径；非央行独立发布指标
tsf_offbalance_flow,CHN,2007-03,1308,亿元,M,,https://www.pbc.gov.cn/diaochatongjisi/116219/116225/2863562/index.html,人民银行社融单月分项，亿元；历史口径与缺失按原表保留；本项目计算分组，公式见指标口径；非央行独立发布指标
tsf_offbalance_flow,CHN,2007-04,1577,亿元,M,,https://www.pbc.gov.cn/diaochatongjisi/116219/116225/2863562/index.html,人民银行社融单月分项，亿元；历史口径与缺失按原表保留；本项目计算分组，公式见指标口径；非央行独立发布指标
tsf_offbalance_flow,CHN,2007-05,821,亿元,M,,https://www.pbc.gov.cn/diaochatongjisi/116219/116225/2863562/index.html,人民银行社融单月分项，亿元；历史口径与缺失按原表保留；本项目计算分组，公式见指标口径；非央行独立发布指标
tsf_offbalance_flow,CHN,2007-06,1420,亿元,M,,https://www.pbc.gov.cn/diaochatongjisi/116219/116225/2863562/index.html,人民银行社融单月分项，亿元；历史口径与缺失按原表保留；本项目计算分组，公式见指标口径；非央行独立发布指标
tsf_offbalance_flow,CHN,2007-07,106,亿元,M,,https://www.pbc.gov.cn/diaochatongjisi/116219/116225/2863562/index.html,人民银行社融单月分项，亿元；历史口径与缺失按原表保留；本项目计算分组，公式见指标口径；非央行独立发布指标
tsf_offbalance_flow,CHN,2007-08,2737,亿元,M,,https://www.pbc.gov.cn/diaochatongjisi/116219/116225/2863562/index.html,人民银行社融单月分项，亿元；历史口径与缺失按原表保留；本项目计算分组，公式见指标口径；非央行独立发布指标
tsf_offbalance_flow,CHN,2007-09,855,亿元,M,,https://www.pbc.gov.cn/diaochatongjisi/116219/116225/2863562/index.html,人民银行社融单月分项，亿元；历史口径与缺失按原表保留；本项目计算分组，公式见指标口径；非央行独立发布指标
tsf_offbalance_flow,CHN,2007-10,582,亿元,M,,https://www.pbc.gov.cn/diaochatongjisi/116219/116225/2863562/index.html,人民银行社融单月分项，亿元；历史口径与缺失按原表保留；本项目计算分组，公式见指标口径；非央行独立发布指标
tsf_offbalance_flow,CHN,2007-11,-246,亿元,M,,https://www.pbc.gov.cn/diaochatongjisi/116219/116225/2863562/index.html,人民银行社融单月分项，亿元；历史口径与缺失按原表保留；本项目计算分组，公式见指标口径；非央行独立发布指标
tsf_offbalance_flow,CHN,2007-12,2671,亿元,M,,https://www.pbc.gov.cn/diaochatongjisi/116219/116225/2863562/index.html,人民银行社融单月分项，亿元；历史口径与缺失按原表保留；本项目计算分组，公式见指标口径；非央行独立发布指标
tsf_offbalance_flow,CHN,2008-01,764,亿元,M,,https://www.pbc.gov.cn/diaochatongjisi/116219/116225/2863562/index.html,人民银行社融单月分项，亿元；历史口径与缺失按原表保留；本项目计算分组，公式见指标口径；非央行独立发布指标
tsf_offbalance_flow,CHN,2008-02,-182,亿元,M,,https://www.pbc.gov.cn/diaochatongjisi/116219/116225/2863562/index.html,人民银行社融单月分项，亿元；历史口径与缺失按原表保留；本项目计算分组，公式见指标口径；非央行独立发布指标
tsf_offbalance_flow,CHN,2008-03,1906,亿元,M,,https://www.pbc.gov.cn/diaochatongjisi/116219/116225/2863562/index.html,人民银行社融单月分项，亿元；历史口径与缺失按原表保留；本项目计算分组，公式见指标口径；非央行独立发布指标
tsf_offbalance_flow,CHN,2008-04,1476,亿元,M,,https://www.pbc.gov.cn/diaochatongjisi/116219/116225/2863562/index.html,人民银行社融单月分项，亿元；历史口径与缺失按原表保留；本项目计算分组，公式见指标口径；非央行独立发布指标
tsf_offbalance_flow,CHN,2008-05,1794,亿元,M,,https://www.pbc.gov.cn/diaochatongjisi/116219/116225/2863562/index.html,人民银行社融单月分项，亿元；历史口径与缺失按原表保留；本项目计算分组，公式见指标口径；非央行独立发布指标
tsf_offbalance_flow,CHN,2008-06,2255,亿元,M,,https://www.pbc.gov.cn/diaochatongjisi/116219/116225/2863562/index.html,人民银行社融单月分项，亿元；历史口径与缺失按原表保留；本项目计算分组，公式见指标口径；非央行独立发布指标
tsf_offbalance_flow,CHN,2008-07,244,亿元,M,,https://www.pbc.gov.cn/diaochatongjisi/116219/116225/2863562/index.html,人民银行社融单月分项，亿元；历史口径与缺失按原表保留；本项目计算分组，公式见指标口径；非央行独立发布指标
tsf_offbalance_flow,CHN,2008-08,1297,亿元,M,,https://www.pbc.gov.cn/diaochatongjisi/116219/116225/2863562/index.html,人民银行社融单月分项，亿元；历史口径与缺失按原表保留；本项目计算分组，公式见指标口径；非央行独立发布指标
tsf_offbalance_flow,CHN,2008-09,1299,亿元,M,,https://www.pbc.gov.cn/diaochatongjisi/116219/116225/2863562/index.html,人民银行社融单月分项，亿元；历史口径与缺失按原表保留；本项目计算分组，公式见指标口径；非央行独立发布指标
tsf_offbalance_flow,CHN,2008-10,-860,亿元,M,,https://www.pbc.gov.cn/diaochatongjisi/116219/116225/2863562/index.html,人民银行社融单月分项，亿元；历史口径与缺失按原表保留；本项目计算分组，公式见指标口径；非央行独立发布指标
tsf_offbalance_flow,CHN,2008-11,-505,亿元,M,,https://www.pbc.gov.cn/diaochatongjisi/116219/116225/2863562/index.html,人民银行社融单月分项，亿元；历史口径与缺失按原表保留；本项目计算分组，公式见指标口径；非央行独立发布指标
tsf_offbalance_flow,CHN,2008-12,-1017,亿元,M,,https://www.pbc.gov.cn/diaochatongjisi/116219/116225/2863562/index.html,人民银行社融单月分项，亿元；历史口径与缺失按原表保留；本项目计算分组，公式见指标口径；非央行独立发布指标
tsf_offbalance_flow,CHN,2009-01,-2316,亿元,M,,https://www.pbc.gov.cn/diaochatongjisi/116219/116225/2863562/index.html,人民银行社融单月分项，亿元；历史口径与缺失按原表保留；本项目计算分组，公式见指标口径；非央行独立发布指标
tsf_offbalance_flow,CHN,2009-02,80,亿元,M,,https://www.pbc.gov.cn/diaochatongjisi/116219/116225/2863562/index.html,人民银行社融单月分项，亿元；历史口径与缺失按原表保留；本项目计算分组，公式见指标口径；非央行独立发布指标
tsf_offbalance_flow,CHN,2009-03,1242,亿元,M,,https://www.pbc.gov.cn/diaochatongjisi/116219/116225/2863562/index.html,人民银行社融单月分项，亿元；历史口径与缺失按原表保留；本项目计算分组，公式见指标口径；非央行独立发布指标
tsf_offbalance_flow,CHN,2009-04,-2833,亿元,M,,https://www.pbc.gov.cn/diaochatongjisi/116219/116225/2863562/index.html,人民银行社融单月分项，亿元；历史口径与缺失按原表保留；本项目计算分组，公式见指标口径；非央行独立发布指标
tsf_offbalance_flow,CHN,2009-05,5946,亿元,M,,https://www.pbc.gov.cn/diaochatongjisi/116219/116225/2863562/index.html,人民银行社融单月分项，亿元；历史口径与缺失按原表保留；本项目计算分组，公式见指标口径；非央行独立发布指标
tsf_offbalance_flow,CHN,2009-06,1588,亿元,M,,https://www.pbc.gov.cn/diaochatongjisi/116219/116225/2863562/index.html,人民银行社融单月分项，亿元；历史口径与缺失按原表保留；本项目计算分组，公式见指标口径；非央行独立发布指标
tsf_offbalance_flow,CHN,2009-07,1369,亿元,M,,https://www.pbc.gov.cn/diaochatongjisi/116219/116225/2863562/index.html,人民银行社融单月分项，亿元；历史口径与缺失按原表保留；本项目计算分组，公式见指标口径；非央行独立发布指标
tsf_offbalance_flow,CHN,2009-08,1155,亿元,M,,https://www.pbc.gov.cn/diaochatongjisi/116219/116225/2863562/index.html,人民银行社融单月分项，亿元；历史口径与缺失按原表保留；本项目计算分组，公式见指标口径；非央行独立发布指标
tsf_offbalance_flow,CHN,2009-09,3304,亿元,M,,https://www.pbc.gov.cn/diaochatongjisi/116219/116225/2863562/index.html,人民银行社融单月分项，亿元；历史口径与缺失按原表保留；本项目计算分组，公式见指标口径；非央行独立发布指标
tsf_offbalance_flow,CHN,2009-10,1143,亿元,M,,https://www.pbc.gov.cn/diaochatongjisi/116219/116225/2863562/index.html,人民银行社融单月分项，亿元；历史口径与缺失按原表保留；本项目计算分组，公式见指标口径；非央行独立发布指标
tsf_offbalance_flow,CHN,2009-11,3142,亿元,M,,https://www.pbc.gov.cn/diaochatongjisi/116219/116225/2863562/index.html,人民银行社融单月分项，亿元；历史口径与缺失按原表保留；本项目计算分组，公式见指标口径；非央行独立发布指标
tsf_offbalance_flow,CHN,2009-12,1931,亿元,M,,https://www.pbc.gov.cn/diaochatongjisi/116219/116225/2863562/index.html,人民银行社融单月分项，亿元；历史口径与缺失按原表保留；本项目计算分组，公式见指标口径；非央行独立发布指标
tsf_offbalance_flow,CHN,2010-01,4571,亿元,M,,https://www.pbc.gov.cn/diaochatongjisi/116219/116225/2863562/index.html,人民银行社融单月分项，亿元；历史口径与缺失按原表保留；本项目计算分组，公式见指标口径；非央行独立发布指标
tsf_offbalance_flow,CHN,2010-02,2017,亿元,M,,https://www.pbc.gov.cn/diaochatongjisi/116219/116225/2863562/index.html,人民银行社融单月分项，亿元；历史口径与缺失按原表保留；本项目计算分组，公式见指标口径；非央行独立发布指标
tsf_offbalance_flow,CHN,2010-03,6152,亿元,M,,https://www.pbc.gov.cn/diaochatongjisi/116219/116225/2863562/index.html,人民银行社融单月分项，亿元；历史口径与缺失按原表保留；本项目计算分组，公式见指标口径；非央行独立发布指标
tsf_offbalance_flow,CHN,2010-04,4983,亿元,M,,https://www.pbc.gov.cn/diaochatongjisi/116219/116225/2863562/index.html,人民银行社融单月分项，亿元；历史口径与缺失按原表保留；本项目计算分组，公式见指标口径；非央行独立发布指标
tsf_offbalance_flow,CHN,2010-05,2598,亿元,M,,https://www.pbc.gov.cn/diaochatongjisi/116219/116225/2863562/index.html,人民银行社融单月分项，亿元；历史口径与缺失按原表保留；本项目计算分组，公式见指标口径；非央行独立发布指标
tsf_offbalance_flow,CHN,2010-06,2603,亿元,M,,https://www.pbc.gov.cn/diaochatongjisi/116219/116225/2863562/index.html,人民银行社融单月分项，亿元；历史口径与缺失按原表保留；本项目计算分组，公式见指标口径；非央行独立发布指标
tsf_offbalance_flow,CHN,2010-07,1837,亿元,M,,https://www.pbc.gov.cn/diaochatongjisi/116219/116225/2863562/index.html,人民银行社融单月分项，亿元；历史口径与缺失按原表保留；本项目计算分组，公式见指标口径；非央行独立发布指标
tsf_offbalance_flow,CHN,2010-08,3141,亿元,M,,https://www.pbc.gov.cn/diaochatongjisi/116219/116225/2863562/index.html,人民银行社融单月分项，亿元；历史口径与缺失按原表保留；本项目计算分组，公式见指标口径；非央行独立发布指标
tsf_offbalance_flow,CHN,2010-09,1592,亿元,M,,https://www.pbc.gov.cn/diaochatongjisi/116219/116225/2863562/index.html,人民银行社融单月分项，亿元；历史口径与缺失按原表保留；本项目计算分组，公式见指标口径；非央行独立发布指标
tsf_offbalance_flow,CHN,2010-10,1036,亿元,M,,https://www.pbc.gov.cn/diaochatongjisi/116219/116225/2863562/index.html,人民银行社融单月分项，亿元；历史口径与缺失按原表保留；本项目计算分组，公式见指标口径；非央行独立发布指标
tsf_offbalance_flow,CHN,2010-11,2593,亿元,M,,https://www.pbc.gov.cn/diaochatongjisi/116219/116225/2863562/index.html,人民银行社融单月分项，亿元；历史口径与缺失按原表保留；本项目计算分组，公式见指标口径；非央行独立发布指标
tsf_offbalance_flow,CHN,2010-12,2837,亿元,M,,https://www.pbc.gov.cn/diaochatongjisi/116219/116225/2863562/index.html,人民银行社融单月分项，亿元；历史口径与缺失按原表保留；本项目计算分组，公式见指标口径；非央行独立发布指标
tsf_offbalance_flow,CHN,2011-01,4331,亿元,M,,https://www.pbc.gov.cn/diaochatongjisi/116219/116225/2863562/index.html,人民银行社融单月分项，亿元；历史口径与缺失按原表保留；本项目计算分组，公式见指标口径；非央行独立发布指标
tsf_offbalance_flow,CHN,2011-02,-616,亿元,M,,https://www.pbc.gov.cn/diaochatongjisi/116219/116225/2863562/index.html,人民银行社融单月分项，亿元；历史口径与缺失按原表保留；本项目计算分组，公式见指标口径；非央行独立发布指标
tsf_offbalance_flow,CHN,2011-03,7191,亿元,M,,https://www.pbc.gov.cn/diaochatongjisi/116219/116225/2863562/index.html,人民银行社融单月分项，亿元；历史口径与缺失按原表保留；本项目计算分组，公式见指标口径；非央行独立发布指标
tsf_offbalance_flow,CHN,2011-04,4240,亿元,M,,https://www.pbc.gov.cn/diaochatongjisi/116219/116225/2863562/index.html,人民银行社融单月分项，亿元；历史口径与缺失按原表保留；本项目计算分组，公式见指标口径；非央行独立发布指标
tsf_offbalance_flow,CHN,2011-05,3091,亿元,M,,https://www.pbc.gov.cn/diaochatongjisi/116219/116225/2863562/index.html,人民银行社融单月分项，亿元；历史口径与缺失按原表保留；本项目计算分组，公式见指标口径；非央行独立发布指标
tsf_offbalance_flow,CHN,2011-06,2973,亿元,M,,https://www.pbc.gov.cn/diaochatongjisi/116219/116225/2863562/index.html,人民银行社融单月分项，亿元；历史口径与缺失按原表保留；本项目计算分组，公式见指标口径；非央行独立发布指标
tsf_offbalance_flow,CHN,2011-07,-522,亿元,M,,https://www.pbc.gov.cn/diaochatongjisi/116219/116225/2863562/index.html,人民银行社融单月分项，亿元；历史口径与缺失按原表保留；本项目计算分组，公式见指标口径；非央行独立发布指标
tsf_offbalance_flow,CHN,2011-08,3237,亿元,M,,https://www.pbc.gov.cn/diaochatongjisi/116219/116225/2863562/index.html,人民银行社融单月分项，亿元；历史口径与缺失按原表保留；本项目计算分组，公式见指标口径；非央行独立发布指标
tsf_offbalance_flow,CHN,2011-09,-2576,亿元,M,,https://www.pbc.gov.cn/diaochatongjisi/116219/116225/2863562/index.html,人民银行社融单月分项，亿元；历史口径与缺失按原表保留；本项目计算分组，公式见指标口径；非央行独立发布指标
tsf_offbalance_flow,CHN,2011-10,-578,亿元,M,,https://www.pbc.gov.cn/diaochatongjisi/116219/116225/2863562/index.html,人民银行社融单月分项，亿元；历史口径与缺失按原表保留；本项目计算分组，公式见指标口径；非央行独立发布指标
tsf_offbalance_flow,CHN,2011-11,1084,亿元,M,,https://www.pbc.gov.cn/diaochatongjisi/116219/116225/2863562/index.html,人民银行社融单月分项，亿元；历史口径与缺失按原表保留；本项目计算分组，公式见指标口径；非央行独立发布指标
tsf_offbalance_flow,CHN,2011-12,3413,亿元,M,,https://www.pbc.gov.cn/diaochatongjisi/116219/116225/2863562/index.html,人民银行社融单月分项，亿元；历史口径与缺失按原表保留；本项目计算分组，公式见指标口径；非央行独立发布指标
tsf_offbalance_flow,CHN,2012-01,1679,亿元,M,,https://www.pbc.gov.cn/eportal/fileDir/defaultCurSite/resource/cms/2015/07/2012s18.htm,人民银行社融单月分项，亿元；历史口径与缺失按原表保留；本项目计算分组，公式见指标口径；非央行独立发布指标
tsf_offbalance_flow,CHN,2012-02,632,亿元,M,,https://www.pbc.gov.cn/eportal/fileDir/defaultCurSite/resource/cms/2015/07/2012s18.htm,人民银行社融单月分项，亿元；历史口径与缺失按原表保留；本项目计算分组，公式见指标口径；非央行独立发布指标
tsf_offbalance_flow,CHN,2012-03,4609,亿元,M,,https://www.pbc.gov.cn/eportal/fileDir/defaultCurSite/resource/cms/2015/07/2012s18.htm,人民银行社融单月分项，亿元；历史口径与缺失按原表保留；本项目计算分组，公式见指标口径；非央行独立发布指标
tsf_offbalance_flow,CHN,2012-04,1331,亿元,M,,https://www.pbc.gov.cn/eportal/fileDir/defaultCurSite/resource/cms/2015/07/2012s18.htm,人民银行社融单月分项，亿元；历史口径与缺失按原表保留；本项目计算分组，公式见指标口径；非央行独立发布指标
tsf_offbalance_flow,CHN,2012-05,1152,亿元,M,,https://www.pbc.gov.cn/eportal/fileDir/defaultCurSite/resource/cms/2015/07/2012s18.htm,人民银行社融单月分项，亿元；历史口径与缺失按原表保留；本项目计算分组，公式见指标口径；非央行独立发布指标
tsf_offbalance_flow,CHN,2012-06,4890,亿元,M,,https://www.pbc.gov.cn/eportal/fileDir/defaultCurSite/resource/cms/2015/07/2012s18.htm,人民银行社融单月分项，亿元；历史口径与缺失按原表保留；本项目计算分组，公式见指标口径；非央行独立发布指标
tsf_offbalance_flow,CHN,2012-07,1881,亿元,M,,https://www.pbc.gov.cn/eportal/fileDir/defaultCurSite/resource/cms/2015/07/2012s18.htm,人民银行社融单月分项，亿元；历史口径与缺失按原表保留；本项目计算分组，公式见指标口径；非央行独立发布指标
tsf_offbalance_flow,CHN,2012-08,1438,亿元,M,,https://www.pbc.gov.cn/eportal/fileDir/defaultCurSite/resource/cms/2015/07/2012s18.htm,人民银行社融单月分项，亿元；历史口径与缺失按原表保留；本项目计算分组，公式见指标口径；非央行独立发布指标
tsf_offbalance_flow,CHN,2012-09,5616,亿元,M,,https://www.pbc.gov.cn/eportal/fileDir/defaultCurSite/resource/cms/2015/07/2012s18.htm,人民银行社融单月分项，亿元；历史口径与缺失按原表保留；本项目计算分组，公式见指标口径；非央行独立发布指标
tsf_offbalance_flow,CHN,2012-10,3114,亿元,M,,https://www.pbc.gov.cn/eportal/fileDir/defaultCurSite/resource/cms/2015/07/2012s18.htm,人民银行社融单月分项，亿元；历史口径与缺失按原表保留；本项目计算分组，公式见指标口径；非央行独立发布指标
tsf_offbalance_flow,CHN,2012-11,2531,亿元,M,,https://www.pbc.gov.cn/eportal/fileDir/defaultCurSite/resource/cms/2015/07/2012s18.htm,人民银行社融单月分项，亿元；历史口径与缺失按原表保留；本项目计算分组，公式见指标口径；非央行独立发布指标
tsf_offbalance_flow,CHN,2012-12,7314,亿元,M,,https://www.pbc.gov.cn/eportal/fileDir/defaultCurSite/resource/cms/2015/07/2012s18.htm,人民银行社融单月分项，亿元；历史口径与缺失按原表保留；本项目计算分组，公式见指标口径；非央行独立发布指标
tsf_offbalance_flow,CHN,2013-01,9967,亿元,M,,https://www.pbc.gov.cn/eportal/fileDir/defaultCurSite/resource/cms/2015/07/2013s18.htm,人民银行社融单月分项，亿元；历史口径与缺失按原表保留；本项目计算分组，公式见指标口径；非央行独立发布指标
tsf_offbalance_flow,CHN,2013-02,1428,亿元,M,,https://www.pbc.gov.cn/eportal/fileDir/defaultCurSite/resource/cms/2015/07/2013s18.htm,人民银行社融单月分项，亿元；历史口径与缺失按原表保留；本项目计算分组，公式见指标口径；非央行独立发布指标
tsf_offbalance_flow,CHN,2013-03,8791,亿元,M,,https://www.pbc.gov.cn/eportal/fileDir/defaultCurSite/resource/cms/2015/07/2013s18.htm,人民银行社融单月分项，亿元；历史口径与缺失按原表保留；本项目计算分组，公式见指标口径；非央行独立发布指标
tsf_offbalance_flow,CHN,2013-04,6086,亿元,M,,https://www.pbc.gov.cn/eportal/fileDir/defaultCurSite/resource/cms/2015/07/2013s18.htm,人民银行社融单月分项，亿元；历史口径与缺失按原表保留；本项目计算分组，公式见指标口径；非央行独立发布指标
tsf_offbalance_flow,CHN,2013-05,1797,亿元,M,,https://www.pbc.gov.cn/eportal/fileDir/defaultCurSite/resource/cms/2015/07/2013s18.htm,人民银行社融单月分项，亿元；历史口径与缺失按原表保留；本项目计算分组，公式见指标口径；非央行独立发布指标
tsf_offbalance_flow,CHN,2013-06,583,亿元,M,,https://www.pbc.gov.cn/eportal/fileDir/defaultCurSite/resource/cms/2015/07/2013s18.htm,人民银行社融单月分项，亿元；历史口径与缺失按原表保留；本项目计算分组，公式见指标口径；非央行独立发布指标
tsf_offbalance_flow,CHN,2013-07,1301,亿元,M,,https://www.pbc.gov.cn/eportal/fileDir/defaultCurSite/resource/cms/2015/07/2013s18.htm,人民银行社融单月分项，亿元；历史口径与缺失按原表保留；本项目计算分组，公式见指标口径；非央行独立发布指标
tsf_offbalance_flow,CHN,2013-08,7196,亿元,M,,https://www.pbc.gov.cn/eportal/fileDir/defaultCurSite/resource/cms/2015/07/2013s18.htm,人民银行社融单月分项，亿元；历史口径与缺失按原表保留；本项目计算分组，公式见指标口径；非央行独立发布指标
tsf_offbalance_flow,CHN,2013-09,3269,亿元,M,,https://www.pbc.gov.cn/eportal/fileDir/defaultCurSite/resource/cms/2015/07/2013s18.htm,人民银行社融单月分项，亿元；历史口径与缺失按原表保留；本项目计算分组，公式见指标口径；非央行独立发布指标
tsf_offbalance_flow,CHN,2013-10,1920,亿元,M,,https://www.pbc.gov.cn/eportal/fileDir/defaultCurSite/resource/cms/2015/07/2013s18.htm,人民银行社融单月分项，亿元；历史口径与缺失按原表保留；本项目计算分组，公式见指标口径；非央行独立发布指标
tsf_offbalance_flow,CHN,2013-11,3770,亿元,M,,https://www.pbc.gov.cn/eportal/fileDir/defaultCurSite/resource/cms/2015/07/2013s18.htm,人民银行社融单月分项，亿元；历史口径与缺失按原表保留；本项目计算分组，公式见指标口径；非央行独立发布指标
tsf_offbalance_flow,CHN,2013-12,5517,亿元,M,,https://www.pbc.gov.cn/eportal/fileDir/defaultCurSite/resource/cms/2015/07/2013s18.htm,人民银行社融单月分项，亿元；历史口径与缺失按原表保留；本项目计算分组，公式见指标口径；非央行独立发布指标
tsf_offbalance_flow,CHN,2014-01,9932,亿元,M,,https://www.pbc.gov.cn/eportal/fileDir/defaultCurSite/resource/cms/2015/07/2014s18.htm,人民银行社融单月分项，亿元；历史口径与缺失按原表保留；本项目计算分组，公式见指标口径；非央行独立发布指标
tsf_offbalance_flow,CHN,2014-02,127,亿元,M,,https://www.pbc.gov.cn/eportal/fileDir/defaultCurSite/resource/cms/2015/07/2014s18.htm,人民银行社融单月分项，亿元；历史口径与缺失按原表保留；本项目计算分组，公式见指标口径；非央行独立发布指标
tsf_offbalance_flow,CHN,2014-03,5736,亿元,M,,https://www.pbc.gov.cn/eportal/fileDir/defaultCurSite/resource/cms/2015/07/2014s18.htm,人民银行社融单月分项，亿元；历史口径与缺失按原表保留；本项目计算分组，公式见指标口径；非央行独立发布指标
tsf_offbalance_flow,CHN,2014-04,2692,亿元,M,,https://www.pbc.gov.cn/eportal/fileDir/defaultCurSite/resource/cms/2015/07/2014s18.htm,人民银行社融单月分项，亿元；历史口径与缺失按原表保留；本项目计算分组，公式见指标口径；非央行独立发布指标
tsf_offbalance_flow,CHN,2014-05,2018,亿元,M,,https://www.pbc.gov.cn/eportal/fileDir/defaultCurSite/resource/cms/2015/07/2014s18.htm,人民银行社融单月分项，亿元；历史口径与缺失按原表保留；本项目计算分组，公式见指标口径；非央行独立发布指标
tsf_offbalance_flow,CHN,2014-06,5261,亿元,M,,https://www.pbc.gov.cn/eportal/fileDir/defaultCurSite/resource/cms/2015/07/2014s18.htm,人民银行社融单月分项，亿元；历史口径与缺失按原表保留；本项目计算分组，公式见指标口径；非央行独立发布指标
tsf_offbalance_flow,CHN,2014-07,-3096,亿元,M,,https://www.pbc.gov.cn/eportal/fileDir/defaultCurSite/resource/cms/2015/07/2014s18.htm,人民银行社融单月分项，亿元；历史口径与缺失按原表保留；本项目计算分组，公式见指标口径；非央行独立发布指标
tsf_offbalance_flow,CHN,2014-08,120,亿元,M,,https://www.pbc.gov.cn/eportal/fileDir/defaultCurSite/resource/cms/2015/07/2014s18.htm,人民银行社融单月分项，亿元；历史口径与缺失按原表保留；本项目计算分组，公式见指标口径；非央行独立发布指标
tsf_offbalance_flow,CHN,2014-09,-126,亿元,M,,https://www.pbc.gov.cn/eportal/fileDir/defaultCurSite/resource/cms/2015/07/2014s18.htm,人民银行社融单月分项，亿元；历史口径与缺失按原表保留；本项目计算分组，公式见指标口径；非央行独立发布指标
tsf_offbalance_flow,CHN,2014-10,-1249,亿元,M,,https://www.pbc.gov.cn/eportal/fileDir/defaultCurSite/resource/cms/2015/07/2014s18.htm,人民银行社融单月分项，亿元；历史口径与缺失按原表保留；本项目计算分组，公式见指标口径；非央行独立发布指标
tsf_offbalance_flow,CHN,2014-11,288,亿元,M,,https://www.pbc.gov.cn/eportal/fileDir/defaultCurSite/resource/cms/2015/07/2014s18.htm,人民银行社融单月分项，亿元；历史口径与缺失按原表保留；本项目计算分组，公式见指标口径；非央行独立发布指标
tsf_offbalance_flow,CHN,2014-12,7254,亿元,M,,https://www.pbc.gov.cn/eportal/fileDir/defaultCurSite/resource/cms/2015/07/2014s18.htm,人民银行社融单月分项，亿元；历史口径与缺失按原表保留；本项目计算分组，公式见指标口径；非央行独立发布指标
tsf_offbalance_flow,CHN,2015-01,2829.79713924569572,亿元,M,,https://www.pbc.gov.cn/diaochatongjisi/fileDir/resource/cms/2018/04/2018041810462448165.xls,人民银行社融单月分项，亿元；历史口径与缺失按原表保留；本项目计算分组，公式见指标口径；非央行独立发布指标
tsf_offbalance_flow,CHN,2015-02,744.550394238704165,亿元,M,,https://www.pbc.gov.cn/diaochatongjisi/fileDir/resource/cms/2018/04/2018041810462448165.xls,人民银行社融单月分项，亿元；历史口径与缺失按原表保留；本项目计算分组，公式见指标口径；非央行独立发布指标
tsf_offbalance_flow,CHN,2015-03,124.98211209499956,亿元,M,,https://www.pbc.gov.cn/diaochatongjisi/fileDir/resource/cms/2018/04/2018041810462448165.xls,人民银行社融单月分项，亿元；历史口径与缺失按原表保留；本项目计算分组，公式见指标口径；非央行独立发布指标
tsf_offbalance_flow,CHN,2015-04,224.439080693595126,亿元,M,,https://www.pbc.gov.cn/diaochatongjisi/fileDir/resource/cms/2018/04/2018041810462448165.xls,人民银行社融单月分项，亿元；历史口径与缺失按原表保留；本项目计算分组，公式见指标口径；非央行独立发布指标
tsf_offbalance_flow,CHN,2015-05,1089.99569679859426,亿元,M,,https://www.pbc.gov.cn/diaochatongjisi/fileDir/resource/cms/2018/04/2018041810462448165.xls,人民银行社融单月分项，亿元；历史口径与缺失按原表保留；本项目计算分组，公式见指标口径；非央行独立发布指标
tsf_offbalance_flow,CHN,2015-06,921.4201352980116,亿元,M,,https://www.pbc.gov.cn/diaochatongjisi/fileDir/resource/cms/2018/04/2018041810462448165.xls,人民银行社融单月分项，亿元；历史口径与缺失按原表保留；本项目计算分组，公式见指标口径；非央行独立发布指标
tsf_offbalance_flow,CHN,2015-07,-2081.35374336850094,亿元,M,,https://www.pbc.gov.cn/diaochatongjisi/fileDir/resource/cms/2018/04/2018041810462448165.xls,人民银行社融单月分项，亿元；历史口径与缺失按原表保留；本项目计算分组，公式见指标口径；非央行独立发布指标
tsf_offbalance_flow,CHN,2015-08,-61.80462915740245,亿元,M,,https://www.pbc.gov.cn/diaochatongjisi/fileDir/resource/cms/2018/04/2018041810462448165.xls,人民银行社融单月分项，亿元；历史口径与缺失按原表保留；本项目计算分组，公式见指标口径；非央行独立发布指标
tsf_offbalance_flow,CHN,2015-09,983.3170920576927,亿元,M,,https://www.pbc.gov.cn/diaochatongjisi/fileDir/resource/cms/2018/04/2018041810462448165.xls,人民银行社融单月分项，亿元；历史口径与缺失按原表保留；本项目计算分组，公式见指标口径；非央行独立发布指标
tsf_offbalance_flow,CHN,2015-10,-2508.07032032229125,亿元,M,,https://www.pbc.gov.cn/diaochatongjisi/fileDir/resource/cms/2018/04/2018041810462448165.xls,人民银行社融单月分项，亿元；历史口径与缺失按原表保留；本项目计算分组，公式见指标口径；非央行独立发布指标
tsf_offbalance_flow,CHN,2015-11,-1935.0325525915996,亿元,M,,https://www.pbc.gov.cn/diaochatongjisi/fileDir/resource/cms/2018/04/2018041810462448165.xls,人民银行社融单月分项，亿元；历史口径与缺失按原表保留；本项目计算分组，公式见指标口径；非央行独立发布指标
tsf_offbalance_flow,CHN,2015-12,5445.7864200648012,亿元,M,,https://www.pbc.gov.cn/diaochatongjisi/fileDir/resource/cms/2018/04/2018041810462448165.xls,人民银行社融单月分项，亿元；历史口径与缺失按原表保留；本项目计算分组，公式见指标口径；非央行独立发布指标
tsf_offbalance_flow,CHN,2016-01,4053.7022782893935,亿元,M,,https://www.pbc.gov.cn/diaochatongjisi/fileDir/resource/cms/2018/04/2018041810585985661.xls,人民银行社融单月分项，亿元；历史口径与缺失按原表保留；本项目计算分组，公式见指标口径；非央行独立发布指标
tsf_offbalance_flow,CHN,2016-02,-1746.19097053930535,亿元,M,,https://www.pbc.gov.cn/diaochatongjisi/fileDir/resource/cms/2018/04/2018041810585985661.xls,人民银行社融单月分项，亿元；历史口径与缺失按原表保留；本项目计算分组，公式见指标口径；非央行独立发布指标
tsf_offbalance_flow,CHN,2016-03,2565.36945499720894,亿元,M,,https://www.pbc.gov.cn/diaochatongjisi/fileDir/resource/cms/2018/04/2018041810585985661.xls,人民银行社融单月分项，亿元；历史口径与缺失按原表保留；本项目计算分组，公式见指标口径；非央行独立发布指标
tsf_offbalance_flow,CHN,2016-04,-813.3155084431024,亿元,M,,https://www.pbc.gov.cn/diaochatongjisi/fileDir/resource/cms/2018/04/2018041810585985661.xls,人民银行社融单月分项，亿元；历史口径与缺失按原表保留；本项目计算分组，公式见指标口径；非央行独立发布指标
tsf_offbalance_flow,CHN,2016-05,-3379.93515550670289,亿元,M,,https://www.pbc.gov.cn/diaochatongjisi/fileDir/resource/cms/2018/04/2018041810585985661.xls,人民银行社融单月分项，亿元；历史口径与缺失按原表保留；本项目计算分组，公式见指标口径；非央行独立发布指标
tsf_offbalance_flow,CHN,2016-06,-188.9547027845910,亿元,M,,https://www.pbc.gov.cn/diaochatongjisi/fileDir/resource/cms/2018/04/2018041810585985661.xls,人民银行社融单月分项，亿元；历史口径与缺失按原表保留；本项目计算分组，公式见指标口径；非央行独立发布指标
tsf_offbalance_flow,CHN,2016-07,-3133.62639661930463,亿元,M,,https://www.pbc.gov.cn/diaochatongjisi/fileDir/resource/cms/2018/04/2018041810585985661.xls,人民银行社融单月分项，亿元；历史口径与缺失按原表保留；本项目计算分组，公式见指标口径；非央行独立发布指标
tsf_offbalance_flow,CHN,2016-08,1792.2103080627037,亿元,M,,https://www.pbc.gov.cn/diaochatongjisi/fileDir/resource/cms/2018/04/2018041810585985661.xls,人民银行社融单月分项，亿元；历史口径与缺失按原表保留；本项目计算分组，公式见指标口径；非央行独立发布指标
tsf_offbalance_flow,CHN,2016-09,278.3765227872007,亿元,M,,https://www.pbc.gov.cn/diaochatongjisi/fileDir/resource/cms/2018/04/2018041810585985661.xls,人民银行社融单月分项，亿元；历史口径与缺失按原表保留；本项目计算分组，公式见指标口径；非央行独立发布指标
tsf_offbalance_flow,CHN,2016-10,-545.4229863495044,亿元,M,,https://www.pbc.gov.cn/diaochatongjisi/fileDir/resource/cms/2018/04/2018041810585985661.xls,人民银行社融单月分项，亿元；历史口径与缺失按原表保留；本项目计算分组，公式见指标口径；非央行独立发布指标
tsf_offbalance_flow,CHN,2016-11,4790.3473508391984,亿元,M,,https://www.pbc.gov.cn/diaochatongjisi/fileDir/resource/cms/2018/04/2018041810585985661.xls,人民银行社融单月分项，亿元；历史口径与缺失按原表保留；本项目计算分组，公式见指标口径；非央行独立发布指标
tsf_offbalance_flow,CHN,2016-12,7260.5219786521004,亿元,M,,https://www.pbc.gov.cn/diaochatongjisi/fileDir/resource/cms/2018/04/2018041810585985661.xls,人民银行社融单月分项，亿元；历史口径与缺失按原表保留；本项目计算分组，公式见指标口径；非央行独立发布指标
tsf_offbalance_flow,CHN,2017-01,12400.0,亿元,M,,https://www.pbc.gov.cn/diaochatongjisi/attachDir/2025/11/2025110511302316239.xls,人民银行社融单月分项，亿元；历史口径与缺失按原表保留；本项目计算分组，公式见指标口径；非央行独立发布指标
tsf_offbalance_flow,CHN,2017-02,488.0,亿元,M,,https://www.pbc.gov.cn/diaochatongjisi/attachDir/2025/11/2025110511302316239.xls,人民银行社融单月分项，亿元；历史口径与缺失按原表保留；本项目计算分组，公式见指标口径；非央行独立发布指标
tsf_offbalance_flow,CHN,2017-03,7453.0,亿元,M,,https://www.pbc.gov.cn/diaochatongjisi/attachDir/2025/11/2025110511302316239.xls,人民银行社融单月分项，亿元；历史口径与缺失按原表保留；本项目计算分组，公式见指标口径；非央行独立发布指标
tsf_offbalance_flow,CHN,2017-04,1678.0,亿元,M,,https://www.pbc.gov.cn/diaochatongjisi/attachDir/2025/11/2025110511302316239.xls,人民银行社融单月分项，亿元；历史口径与缺失按原表保留；本项目计算分组，公式见指标口径；非央行独立发布指标
tsf_offbalance_flow,CHN,2017-05,272.0,亿元,M,,https://www.pbc.gov.cn/diaochatongjisi/attachDir/2025/11/2025110511302316239.xls,人民银行社融单月分项，亿元；历史口径与缺失按原表保留；本项目计算分组，公式见指标口径；非央行独立发布指标
tsf_offbalance_flow,CHN,2017-06,2229.0,亿元,M,,https://www.pbc.gov.cn/diaochatongjisi/attachDir/2025/11/2025110511302316239.xls,人民银行社融单月分项，亿元；历史口径与缺失按原表保留；本项目计算分组，公式见指标口径；非央行独立发布指标
tsf_offbalance_flow,CHN,2017-07,-605.0,亿元,M,,https://www.pbc.gov.cn/diaochatongjisi/attachDir/2025/11/2025110511302316239.xls,人民银行社融单月分项，亿元；历史口径与缺失按原表保留；本项目计算分组，公式见指标口径；非央行独立发布指标
tsf_offbalance_flow,CHN,2017-08,1390.0,亿元,M,,https://www.pbc.gov.cn/diaochatongjisi/attachDir/2025/11/2025110511302316239.xls,人民银行社融单月分项，亿元；历史口径与缺失按原表保留；本项目计算分组，公式见指标口径；非央行独立发布指标
tsf_offbalance_flow,CHN,2017-09,3929.0,亿元,M,,https://www.pbc.gov.cn/diaochatongjisi/attachDir/2025/11/2025110511302316239.xls,人民银行社融单月分项，亿元；历史口径与缺失按原表保留；本项目计算分组，公式见指标口径；非央行独立发布指标
tsf_offbalance_flow,CHN,2017-10,1133.0,亿元,M,,https://www.pbc.gov.cn/diaochatongjisi/attachDir/2025/11/2025110511302316239.xls,人民银行社融单月分项，亿元；历史口径与缺失按原表保留；本项目计算分组，公式见指标口径；非央行独立发布指标
tsf_offbalance_flow,CHN,2017-11,1721.0,亿元,M,,https://www.pbc.gov.cn/diaochatongjisi/attachDir/2025/11/2025110511302316239.xls,人民银行社融单月分项，亿元；历史口径与缺失按原表保留；本项目计算分组，公式见指标口径；非央行独立发布指标
tsf_offbalance_flow,CHN,2017-12,3500.0,亿元,M,,https://www.pbc.gov.cn/diaochatongjisi/attachDir/2025/11/2025110511302316239.xls,人民银行社融单月分项，亿元；历史口径与缺失按原表保留；本项目计算分组，公式见指标口径；非央行独立发布指标
tsf_offbalance_flow,CHN,2018-01,1125.0,亿元,M,,https://www.pbc.gov.cn/diaochatongjisi/attachDir/2025/11/2025110511302316239.xls,人民银行社融单月分项，亿元；历史口径与缺失按原表保留；本项目计算分组，公式见指标口径；非央行独立发布指标
tsf_offbalance_flow,CHN,2018-02,30.0,亿元,M,,https://www.pbc.gov.cn/diaochatongjisi/attachDir/2025/11/2025110511302316239.xls,人民银行社融单月分项，亿元；历史口径与缺失按原表保留；本项目计算分组，公式见指标口径；非央行独立发布指标
tsf_offbalance_flow,CHN,2018-03,-2516.0,亿元,M,,https://www.pbc.gov.cn/diaochatongjisi/attachDir/2025/11/2025110511302316239.xls,人民银行社融单月分项，亿元；历史口径与缺失按原表保留；本项目计算分组，公式见指标口径；非央行独立发布指标
tsf_offbalance_flow,CHN,2018-04,-128.0,亿元,M,,https://www.pbc.gov.cn/diaochatongjisi/attachDir/2025/11/2025110511302316239.xls,人民银行社融单月分项，亿元；历史口径与缺失按原表保留；本项目计算分组，公式见指标口径；非央行独立发布指标
tsf_offbalance_flow,CHN,2018-05,-4247.0,亿元,M,,https://www.pbc.gov.cn/diaochatongjisi/attachDir/2025/11/2025110511302316239.xls,人民银行社融单月分项，亿元；历史口径与缺失按原表保留；本项目计算分组，公式见指标口径；非央行独立发布指标
tsf_offbalance_flow,CHN,2018-06,-6867.0,亿元,M,,https://www.pbc.gov.cn/diaochatongjisi/attachDir/2025/11/2025110511302316239.xls,人民银行社融单月分项，亿元；历史口径与缺失按原表保留；本项目计算分组，公式见指标口径；非央行独立发布指标
tsf_offbalance_flow,CHN,2018-07,-4899.0,亿元,M,,https://www.pbc.gov.cn/diaochatongjisi/attachDir/2025/11/2025110511302316239.xls,人民银行社融单月分项，亿元；历史口径与缺失按原表保留；本项目计算分组，公式见指标口径；非央行独立发布指标
tsf_offbalance_flow,CHN,2018-08,-2671.0,亿元,M,,https://www.pbc.gov.cn/diaochatongjisi/attachDir/2025/11/2025110511302316239.xls,人民银行社融单月分项，亿元；历史口径与缺失按原表保留；本项目计算分组，公式见指标口径；非央行独立发布指标
tsf_offbalance_flow,CHN,2018-09,-2870.0,亿元,M,,https://www.pbc.gov.cn/diaochatongjisi/attachDir/2025/11/2025110511302316239.xls,人民银行社融单月分项，亿元；历史口径与缺失按原表保留；本项目计算分组，公式见指标口径；非央行独立发布指标
tsf_offbalance_flow,CHN,2018-10,-2768.0,亿元,M,,https://www.pbc.gov.cn/diaochatongjisi/attachDir/2025/11/2025110511302316239.xls,人民银行社融单月分项，亿元；历史口径与缺失按原表保留；本项目计算分组，公式见指标口径；非央行独立发布指标
tsf_offbalance_flow,CHN,2018-11,-1892.0,亿元,M,,https://www.pbc.gov.cn/diaochatongjisi/attachDir/2025/11/2025110511302316239.xls,人民银行社融单月分项，亿元；历史口径与缺失按原表保留；本项目计算分组，公式见指标口径；非央行独立发布指标
tsf_offbalance_flow,CHN,2018-12,-1675.0,亿元,M,,https://www.pbc.gov.cn/diaochatongjisi/attachDir/2025/11/2025110511302316239.xls,人民银行社融单月分项，亿元；历史口径与缺失按原表保留；本项目计算分组，公式见指标口径；非央行独立发布指标
tsf_offbalance_flow,CHN,2019-01,3433.0,亿元,M,,https://www.pbc.gov.cn/diaochatongjisi/attachDir/2025/11/2025110511302316239.xls,人民银行社融单月分项，亿元；历史口径与缺失按原表保留；本项目计算分组，公式见指标口径；非央行独立发布指标
tsf_offbalance_flow,CHN,2019-02,-3648.0,亿元,M,,https://www.pbc.gov.cn/diaochatongjisi/attachDir/2025/11/2025110511302316239.xls,人民银行社融单月分项，亿元；历史口径与缺失按原表保留；本项目计算分组，公式见指标口径；非央行独立发布指标
tsf_offbalance_flow,CHN,2019-03,823.0,亿元,M,,https://www.pbc.gov.cn/diaochatongjisi/attachDir/2025/11/2025110511302316239.xls,人民银行社融单月分项，亿元；历史口径与缺失按原表保留；本项目计算分组，公式见指标口径；非央行独立发布指标
tsf_offbalance_flow,CHN,2019-04,-1425.0,亿元,M,,https://www.pbc.gov.cn/diaochatongjisi/attachDir/2025/11/2025110511302316239.xls,人民银行社融单月分项，亿元；历史口径与缺失按原表保留；本项目计算分组，公式见指标口径；非央行独立发布指标
tsf_offbalance_flow,CHN,2019-05,-1451.0,亿元,M,,https://www.pbc.gov.cn/diaochatongjisi/attachDir/2025/11/2025110511302316239.xls,人民银行社融单月分项，亿元；历史口径与缺失按原表保留；本项目计算分组，公式见指标口径；非央行独立发布指标
tsf_offbalance_flow,CHN,2019-06,-2123.0,亿元,M,,https://www.pbc.gov.cn/diaochatongjisi/attachDir/2025/11/2025110511302316239.xls,人民银行社融单月分项，亿元；历史口径与缺失按原表保留；本项目计算分组，公式见指标口径；非央行独立发布指标
tsf_offbalance_flow,CHN,2019-07,-6225.0,亿元,M,,https://www.pbc.gov.cn/diaochatongjisi/attachDir/2025/11/2025110511302316239.xls,人民银行社融单月分项，亿元；历史口径与缺失按原表保留；本项目计算分组，公式见指标口径；非央行独立发布指标
tsf_offbalance_flow,CHN,2019-08,-1014.0,亿元,M,,https://www.pbc.gov.cn/diaochatongjisi/attachDir/2025/11/2025110511302316239.xls,人民银行社融单月分项，亿元；历史口径与缺失按原表保留；本项目计算分组，公式见指标口径；非央行独立发布指标
tsf_offbalance_flow,CHN,2019-09,-1125.0,亿元,M,,https://www.pbc.gov.cn/diaochatongjisi/attachDir/2025/11/2025110511302316239.xls,人民银行社融单月分项，亿元；历史口径与缺失按原表保留；本项目计算分组，公式见指标口径；非央行独立发布指标
tsf_offbalance_flow,CHN,2019-10,-2344.0,亿元,M,,https://www.pbc.gov.cn/diaochatongjisi/attachDir/2025/11/2025110511302316239.xls,人民银行社融单月分项，亿元；历史口径与缺失按原表保留；本项目计算分组，公式见指标口径；非央行独立发布指标
tsf_offbalance_flow,CHN,2019-11,-1062.0,亿元,M,,https://www.pbc.gov.cn/diaochatongjisi/attachDir/2025/11/2025110511302316239.xls,人民银行社融单月分项，亿元；历史口径与缺失按原表保留；本项目计算分组，公式见指标口径；非央行独立发布指标
tsf_offbalance_flow,CHN,2019-12,-1457.0,亿元,M,,https://www.pbc.gov.cn/diaochatongjisi/attachDir/2025/11/2025110511302316239.xls,人民银行社融单月分项，亿元；历史口径与缺失按原表保留；本项目计算分组，公式见指标口径；非央行独立发布指标
tsf_offbalance_flow,CHN,2020-01,1809.0,亿元,M,,https://www.pbc.gov.cn/diaochatongjisi/attachDir/2025/11/2025110510115085998.xls,人民银行社融单月分项，亿元；历史口径与缺失按原表保留；本项目计算分组，公式见指标口径；非央行独立发布指标
tsf_offbalance_flow,CHN,2020-02,-4857.0,亿元,M,,https://www.pbc.gov.cn/diaochatongjisi/attachDir/2025/11/2025110510115085998.xls,人民银行社融单月分项，亿元；历史口径与缺失按原表保留；本项目计算分组，公式见指标口径；非央行独立发布指标
tsf_offbalance_flow,CHN,2020-03,2209.0,亿元,M,,https://www.pbc.gov.cn/diaochatongjisi/attachDir/2025/11/2025110510115085998.xls,人民银行社融单月分项，亿元；历史口径与缺失按原表保留；本项目计算分组，公式见指标口径；非央行独立发布指标
tsf_offbalance_flow,CHN,2020-04,21.0,亿元,M,,https://www.pbc.gov.cn/diaochatongjisi/attachDir/2025/11/2025110510115085998.xls,人民银行社融单月分项，亿元；历史口径与缺失按原表保留；本项目计算分组，公式见指标口径；非央行独立发布指标
tsf_offbalance_flow,CHN,2020-05,226.0,亿元,M,,https://www.pbc.gov.cn/diaochatongjisi/attachDir/2025/11/2025110510115085998.xls,人民银行社融单月分项，亿元；历史口径与缺失按原表保留；本项目计算分组，公式见指标口径；非央行独立发布指标
tsf_offbalance_flow,CHN,2020-06,854.0,亿元,M,,https://www.pbc.gov.cn/diaochatongjisi/attachDir/2025/11/2025110510115085998.xls,人民银行社融单月分项，亿元；历史口径与缺失按原表保留；本项目计算分组，公式见指标口径；非央行独立发布指标
tsf_offbalance_flow,CHN,2020-07,-2649.0,亿元,M,,https://www.pbc.gov.cn/diaochatongjisi/attachDir/2025/11/2025110510115085998.xls,人民银行社融单月分项，亿元；历史口径与缺失按原表保留；本项目计算分组，公式见指标口径；非央行独立发布指标
tsf_offbalance_flow,CHN,2020-08,710.0,亿元,M,,https://www.pbc.gov.cn/diaochatongjisi/attachDir/2025/11/2025110510115085998.xls,人民银行社融单月分项，亿元；历史口径与缺失按原表保留；本项目计算分组，公式见指标口径；非央行独立发布指标
tsf_offbalance_flow,CHN,2020-09,27.0,亿元,M,,https://www.pbc.gov.cn/diaochatongjisi/attachDir/2025/11/2025110510115085998.xls,人民银行社融单月分项，亿元；历史口径与缺失按原表保留；本项目计算分组，公式见指标口径；非央行独立发布指标
tsf_offbalance_flow,CHN,2020-10,-2138.0,亿元,M,,https://www.pbc.gov.cn/diaochatongjisi/attachDir/2025/11/2025110510115085998.xls,人民银行社融单月分项，亿元；历史口径与缺失按原表保留；本项目计算分组，公式见指标口径；非央行独立发布指标
tsf_offbalance_flow,CHN,2020-11,-2043.0,亿元,M,,https://www.pbc.gov.cn/diaochatongjisi/attachDir/2025/11/2025110510115085998.xls,人民银行社融单月分项，亿元；历史口径与缺失按原表保留；本项目计算分组，公式见指标口径；非央行独立发布指标
tsf_offbalance_flow,CHN,2020-12,-7395.0,亿元,M,,https://www.pbc.gov.cn/diaochatongjisi/attachDir/2025/11/2025110510115085998.xls,人民银行社融单月分项，亿元；历史口径与缺失按原表保留；本项目计算分组，公式见指标口径；非央行独立发布指标
tsf_offbalance_flow,CHN,2021-01,4151.0,亿元,M,,https://www.pbc.gov.cn/diaochatongjisi/attachDir/2025/11/2025110509591087259.xls,人民银行社融单月分项，亿元；历史口径与缺失按原表保留；本项目计算分组，公式见指标口径；非央行独立发布指标
tsf_offbalance_flow,CHN,2021-02,-397.0,亿元,M,,https://www.pbc.gov.cn/diaochatongjisi/attachDir/2025/11/2025110509591087259.xls,人民银行社融单月分项，亿元；历史口径与缺失按原表保留；本项目计算分组，公式见指标口径；非央行独立发布指标
tsf_offbalance_flow,CHN,2021-03,-4129.0,亿元,M,,https://www.pbc.gov.cn/diaochatongjisi/attachDir/2025/11/2025110509591087259.xls,人民银行社融单月分项，亿元；历史口径与缺失按原表保留；本项目计算分组，公式见指标口径；非央行独立发布指标
tsf_offbalance_flow,CHN,2021-04,-3693.0,亿元,M,,https://www.pbc.gov.cn/diaochatongjisi/attachDir/2025/11/2025110509591087259.xls,人民银行社融单月分项，亿元；历史口径与缺失按原表保留；本项目计算分组，公式见指标口径；非央行独立发布指标
tsf_offbalance_flow,CHN,2021-05,-2629.0,亿元,M,,https://www.pbc.gov.cn/diaochatongjisi/attachDir/2025/11/2025110509591087259.xls,人民银行社融单月分项，亿元；历史口径与缺失按原表保留；本项目计算分组，公式见指标口径；非央行独立发布指标
tsf_offbalance_flow,CHN,2021-06,-1741.0,亿元,M,,https://www.pbc.gov.cn/diaochatongjisi/attachDir/2025/11/2025110509591087259.xls,人民银行社融单月分项，亿元；历史口径与缺失按原表保留；本项目计算分组，公式见指标口径；非央行独立发布指标
tsf_offbalance_flow,CHN,2021-07,-4038.0,亿元,M,,https://www.pbc.gov.cn/diaochatongjisi/attachDir/2025/11/2025110509591087259.xls,人民银行社融单月分项，亿元；历史口径与缺失按原表保留；本项目计算分组，公式见指标口径；非央行独立发布指标
tsf_offbalance_flow,CHN,2021-08,-1058.0,亿元,M,,https://www.pbc.gov.cn/diaochatongjisi/attachDir/2025/11/2025110509591087259.xls,人民银行社融单月分项，亿元；历史口径与缺失按原表保留；本项目计算分组，公式见指标口径；非央行独立发布指标
tsf_offbalance_flow,CHN,2021-09,-2106.0,亿元,M,,https://www.pbc.gov.cn/diaochatongjisi/attachDir/2025/11/2025110509591087259.xls,人民银行社融单月分项，亿元；历史口径与缺失按原表保留；本项目计算分组，公式见指标口径；非央行独立发布指标
tsf_offbalance_flow,CHN,2021-10,-2120.0,亿元,M,,https://www.pbc.gov.cn/diaochatongjisi/attachDir/2025/11/2025110509591087259.xls,人民银行社融单月分项，亿元；历史口径与缺失按原表保留；本项目计算分组，公式见指标口径；非央行独立发布指标
tsf_offbalance_flow,CHN,2021-11,-2538.0,亿元,M,,https://www.pbc.gov.cn/diaochatongjisi/attachDir/2025/11/2025110509591087259.xls,人民银行社融单月分项，亿元；历史口径与缺失按原表保留；本项目计算分组，公式见指标口径；非央行独立发布指标
tsf_offbalance_flow,CHN,2021-12,-6388.0,亿元,M,,https://www.pbc.gov.cn/diaochatongjisi/attachDir/2025/11/2025110509591087259.xls,人民银行社融单月分项，亿元；历史口径与缺失按原表保留；本项目计算分组，公式见指标口径；非央行独立发布指标
tsf_offbalance_flow,CHN,2022-01,4481,亿元,M,,https://www.pbc.gov.cn/diaochatongjisi/attachDir/2025/11/2025110416594167877.xlsx,人民银行社融单月分项，亿元；历史口径与缺失按原表保留；本项目计算分组，公式见指标口径；非央行独立发布指标
tsf_offbalance_flow,CHN,2022-02,-5053,亿元,M,,https://www.pbc.gov.cn/diaochatongjisi/attachDir/2025/11/2025110416594167877.xlsx,人民银行社融单月分项，亿元；历史口径与缺失按原表保留；本项目计算分组，公式见指标口径；非央行独立发布指标
tsf_offbalance_flow,CHN,2022-03,135,亿元,M,,https://www.pbc.gov.cn/diaochatongjisi/attachDir/2025/11/2025110416594167877.xlsx,人民银行社融单月分项，亿元；历史口径与缺失按原表保留；本项目计算分组，公式见指标口径；非央行独立发布指标
tsf_offbalance_flow,CHN,2022-04,-3174,亿元,M,,https://www.pbc.gov.cn/diaochatongjisi/attachDir/2025/11/2025110416594167877.xlsx,人民银行社融单月分项，亿元；历史口径与缺失按原表保留；本项目计算分组，公式见指标口径；非央行独立发布指标
tsf_offbalance_flow,CHN,2022-05,-1819,亿元,M,,https://www.pbc.gov.cn/diaochatongjisi/attachDir/2025/11/2025110416594167877.xlsx,人民银行社融单月分项，亿元；历史口径与缺失按原表保留；本项目计算分组，公式见指标口径；非央行独立发布指标
tsf_offbalance_flow,CHN,2022-06,-142,亿元,M,,https://www.pbc.gov.cn/diaochatongjisi/attachDir/2025/11/2025110416594167877.xlsx,人民银行社融单月分项，亿元；历史口径与缺失按原表保留；本项目计算分组，公式见指标口径；非央行独立发布指标
tsf_offbalance_flow,CHN,2022-07,-3053,亿元,M,,https://www.pbc.gov.cn/diaochatongjisi/attachDir/2025/11/2025110416594167877.xlsx,人民银行社融单月分项，亿元；历史口径与缺失按原表保留；本项目计算分组，公式见指标口径；非央行独立发布指标
tsf_offbalance_flow,CHN,2022-08,4769,亿元,M,,https://www.pbc.gov.cn/diaochatongjisi/attachDir/2025/11/2025110416594167877.xlsx,人民银行社融单月分项，亿元；历史口径与缺失按原表保留；本项目计算分组，公式见指标口径；非央行独立发布指标
tsf_offbalance_flow,CHN,2022-09,1449,亿元,M,,https://www.pbc.gov.cn/diaochatongjisi/attachDir/2025/11/2025110416594167877.xlsx,人民银行社融单月分项，亿元；历史口径与缺失按原表保留；本项目计算分组，公式见指标口径；非央行独立发布指标
tsf_offbalance_flow,CHN,2022-10,-1747,亿元,M,,https://www.pbc.gov.cn/diaochatongjisi/attachDir/2025/11/2025110416594167877.xlsx,人民银行社融单月分项，亿元；历史口径与缺失按原表保留；本项目计算分组，公式见指标口径；非央行独立发布指标
tsf_offbalance_flow,CHN,2022-11,-262,亿元,M,,https://www.pbc.gov.cn/diaochatongjisi/attachDir/2025/11/2025110416594167877.xlsx,人民银行社融单月分项，亿元；历史口径与缺失按原表保留；本项目计算分组，公式见指标口径；非央行独立发布指标
tsf_offbalance_flow,CHN,2022-12,-1419,亿元,M,,https://www.pbc.gov.cn/diaochatongjisi/attachDir/2025/11/2025110416594167877.xlsx,人民银行社融单月分项，亿元；历史口径与缺失按原表保留；本项目计算分组，公式见指标口径；非央行独立发布指标
tsf_offbalance_flow,CHN,2023-01,3485,亿元,M,,https://www.pbc.gov.cn/diaochatongjisi/attachDir/2025/11/2025110415542112867.xlsx,人民银行社融单月分项，亿元；历史口径与缺失按原表保留；本项目计算分组，公式见指标口径；非央行独立发布指标
tsf_offbalance_flow,CHN,2023-02,-80,亿元,M,,https://www.pbc.gov.cn/diaochatongjisi/attachDir/2025/11/2025110415542112867.xlsx,人民银行社融单月分项，亿元；历史口径与缺失按原表保留；本项目计算分组，公式见指标口径；非央行独立发布指标
tsf_offbalance_flow,CHN,2023-03,1922,亿元,M,,https://www.pbc.gov.cn/diaochatongjisi/attachDir/2025/11/2025110415542112867.xlsx,人民银行社融单月分项，亿元；历史口径与缺失按原表保留；本项目计算分组，公式见指标口径；非央行独立发布指标
tsf_offbalance_flow,CHN,2023-04,-1143,亿元,M,,https://www.pbc.gov.cn/diaochatongjisi/attachDir/2025/11/2025110415542112867.xlsx,人民银行社融单月分项，亿元；历史口径与缺失按原表保留；本项目计算分组，公式见指标口径；非央行独立发布指标
tsf_offbalance_flow,CHN,2023-05,-1457,亿元,M,,https://www.pbc.gov.cn/diaochatongjisi/attachDir/2025/11/2025110415542112867.xlsx,人民银行社融单月分项，亿元；历史口径与缺失按原表保留；本项目计算分组，公式见指标口径；非央行独立发布指标
tsf_offbalance_flow,CHN,2023-06,-901,亿元,M,,https://www.pbc.gov.cn/diaochatongjisi/attachDir/2025/11/2025110415542112867.xlsx,人民银行社融单月分项，亿元；历史口径与缺失按原表保留；本项目计算分组，公式见指标口径；非央行独立发布指标
tsf_offbalance_flow,CHN,2023-07,-1725,亿元,M,,https://www.pbc.gov.cn/diaochatongjisi/attachDir/2025/11/2025110415542112867.xlsx,人民银行社融单月分项，亿元；历史口径与缺失按原表保留；本项目计算分组，公式见指标口径；非央行独立发布指标
tsf_offbalance_flow,CHN,2023-08,1005,亿元,M,,https://www.pbc.gov.cn/diaochatongjisi/attachDir/2025/11/2025110415542112867.xlsx,人民银行社融单月分项，亿元；历史口径与缺失按原表保留；本项目计算分组，公式见指标口径；非央行独立发布指标
tsf_offbalance_flow,CHN,2023-09,3007,亿元,M,,https://www.pbc.gov.cn/diaochatongjisi/attachDir/2025/11/2025110415542112867.xlsx,人民银行社融单月分项，亿元；历史口径与缺失按原表保留；本项目计算分组，公式见指标口径；非央行独立发布指标
tsf_offbalance_flow,CHN,2023-10,-2572,亿元,M,,https://www.pbc.gov.cn/diaochatongjisi/attachDir/2025/11/2025110415542112867.xlsx,人民银行社融单月分项，亿元；历史口径与缺失按原表保留；本项目计算分组，公式见指标口径；非央行独立发布指标
tsf_offbalance_flow,CHN,2023-11,13,亿元,M,,https://www.pbc.gov.cn/diaochatongjisi/attachDir/2025/11/2025110415542112867.xlsx,人民银行社融单月分项，亿元；历史口径与缺失按原表保留；本项目计算分组，公式见指标口径；非央行独立发布指标
tsf_offbalance_flow,CHN,2023-12,-1561,亿元,M,,https://www.pbc.gov.cn/diaochatongjisi/attachDir/2025/11/2025110415542112867.xlsx,人民银行社融单月分项，亿元；历史口径与缺失按原表保留；本项目计算分组，公式见指标口径；非央行独立发布指标
tsf_offbalance_flow,CHN,2024-01,6009,亿元,M,,https://www.pbc.gov.cn/diaochatongjisi/attachDir/2025/11/2025111416252488839.xlsx,人民银行社融单月分项，亿元；历史口径与缺失按原表保留；本项目计算分组，公式见指标口径；非央行独立发布指标
tsf_offbalance_flow,CHN,2024-02,-3287,亿元,M,,https://www.pbc.gov.cn/diaochatongjisi/attachDir/2025/11/2025111416252488839.xlsx,人民银行社融单月分项，亿元；历史口径与缺失按原表保留；本项目计算分组，公式见指标口径；非央行独立发布指标
tsf_offbalance_flow,CHN,2024-03,3768,亿元,M,,https://www.pbc.gov.cn/diaochatongjisi/attachDir/2025/11/2025111416252488839.xlsx,人民银行社融单月分项，亿元；历史口径与缺失按原表保留；本项目计算分组，公式见指标口径；非央行独立发布指标
tsf_offbalance_flow,CHN,2024-04,-4259,亿元,M,,https://www.pbc.gov.cn/diaochatongjisi/attachDir/2025/11/2025111416252488839.xlsx,人民银行社融单月分项，亿元；历史口径与缺失按原表保留；本项目计算分组，公式见指标口径；非央行独立发布指标
tsf_offbalance_flow,CHN,2024-05,-1116,亿元,M,,https://www.pbc.gov.cn/diaochatongjisi/attachDir/2025/11/2025111416252488839.xlsx,人民银行社融单月分项，亿元；历史口径与缺失按原表保留；本项目计算分组，公式见指标口径；非央行独立发布指标
tsf_offbalance_flow,CHN,2024-06,-1300,亿元,M,,https://www.pbc.gov.cn/diaochatongjisi/attachDir/2025/11/2025111416252488839.xlsx,人民银行社融单月分项，亿元；历史口径与缺失按原表保留；本项目计算分组，公式见指标口径；非央行独立发布指标
tsf_offbalance_flow,CHN,2024-07,-756,亿元,M,,https://www.pbc.gov.cn/diaochatongjisi/attachDir/2025/11/2025111416252488839.xlsx,人民银行社融单月分项，亿元；历史口径与缺失按原表保留；本项目计算分组，公式见指标口径；非央行独立发布指标
tsf_offbalance_flow,CHN,2024-08,1160,亿元,M,,https://www.pbc.gov.cn/diaochatongjisi/attachDir/2025/11/2025111416252488839.xlsx,人民银行社融单月分项，亿元；历史口径与缺失按原表保留；本项目计算分组，公式见指标口径；非央行独立发布指标
tsf_offbalance_flow,CHN,2024-09,1710,亿元,M,,https://www.pbc.gov.cn/diaochatongjisi/attachDir/2025/11/2025111416252488839.xlsx,人民银行社融单月分项，亿元；历史口径与缺失按原表保留；本项目计算分组，公式见指标口径；非央行独立发布指标
tsf_offbalance_flow,CHN,2024-10,-1443,亿元,M,,https://www.pbc.gov.cn/diaochatongjisi/attachDir/2025/11/2025111416252488839.xlsx,人民银行社融单月分项，亿元；历史口径与缺失按原表保留；本项目计算分组，公式见指标口径；非央行独立发布指标
tsf_offbalance_flow,CHN,2024-11,818,亿元,M,,https://www.pbc.gov.cn/diaochatongjisi/attachDir/2025/11/2025111416252488839.xlsx,人民银行社融单月分项，亿元；历史口径与缺失按原表保留；本项目计算分组，公式见指标口径；非央行独立发布指标
tsf_offbalance_flow,CHN,2024-12,-1199,亿元,M,,https://www.pbc.gov.cn/diaochatongjisi/attachDir/2025/11/2025111416252488839.xlsx,人民银行社融单月分项，亿元；历史口径与缺失按原表保留；本项目计算分组，公式见指标口径；非央行独立发布指标
tsf_offbalance_flow,CHN,2025-01,5726,亿元,M,,https://www.pbc.gov.cn/diaochatongjisi/attachDir/2026/02/2026021418235592487.xlsx,人民银行社融单月分项，亿元；历史口径与缺失按原表保留；本项目计算分组，公式见指标口径；非央行独立发布指标
tsf_offbalance_flow,CHN,2025-02,-3545,亿元,M,,https://www.pbc.gov.cn/diaochatongjisi/attachDir/2026/02/2026021418235592487.xlsx,人民银行社融单月分项，亿元；历史口径与缺失按原表保留；本项目计算分组，公式见指标口径；非央行独立发布指标
tsf_offbalance_flow,CHN,2025-03,3705,亿元,M,,https://www.pbc.gov.cn/diaochatongjisi/attachDir/2026/02/2026021418235592487.xlsx,人民银行社融单月分项，亿元；历史口径与缺失按原表保留；本项目计算分组，公式见指标口径；非央行独立发布指标
tsf_offbalance_flow,CHN,2025-04,-2873,亿元,M,,https://www.pbc.gov.cn/diaochatongjisi/attachDir/2026/02/2026021418235592487.xlsx,人民银行社融单月分项，亿元；历史口径与缺失按原表保留；本项目计算分组，公式见指标口径；非央行独立发布指标
tsf_offbalance_flow,CHN,2025-05,-1157,亿元,M,,https://www.pbc.gov.cn/diaochatongjisi/attachDir/2026/02/2026021418235592487.xlsx,人民银行社融单月分项，亿元；历史口径与缺失按原表保留；本项目计算分组，公式见指标口径；非央行独立发布指标
tsf_offbalance_flow,CHN,2025-06,-1484,亿元,M,,https://www.pbc.gov.cn/diaochatongjisi/attachDir/2026/02/2026021418235592487.xlsx,人民银行社融单月分项，亿元；历史口径与缺失按原表保留；本项目计算分组，公式见指标口径；非央行独立发布指标
tsf_offbalance_flow,CHN,2025-07,-1666,亿元,M,,https://www.pbc.gov.cn/diaochatongjisi/attachDir/2026/02/2026021418235592487.xlsx,人民银行社融单月分项，亿元；历史口径与缺失按原表保留；本项目计算分组，公式见指标口径；非央行独立发布指标
tsf_offbalance_flow,CHN,2025-08,2158,亿元,M,,https://www.pbc.gov.cn/diaochatongjisi/attachDir/2026/02/2026021418235592487.xlsx,人民银行社融单月分项，亿元；历史口径与缺失按原表保留；本项目计算分组，公式见指标口径；非央行独立发布指标
tsf_offbalance_flow,CHN,2025-09,3579,亿元,M,,https://www.pbc.gov.cn/diaochatongjisi/attachDir/2026/02/2026021418235592487.xlsx,人民银行社融单月分项，亿元；历史口径与缺失按原表保留；本项目计算分组，公式见指标口径；非央行独立发布指标
tsf_offbalance_flow,CHN,2025-10,-1086,亿元,M,,https://www.pbc.gov.cn/diaochatongjisi/attachDir/2026/02/2026021418235592487.xlsx,人民银行社融单月分项，亿元；历史口径与缺失按原表保留；本项目计算分组，公式见指标口径；非央行独立发布指标
tsf_offbalance_flow,CHN,2025-11,2144,亿元,M,,https://www.pbc.gov.cn/diaochatongjisi/attachDir/2026/02/2026021418235592487.xlsx,人民银行社融单月分项，亿元；历史口径与缺失按原表保留；本项目计算分组，公式见指标口径；非央行独立发布指标
tsf_offbalance_flow,CHN,2025-12,-505,亿元,M,,https://www.pbc.gov.cn/diaochatongjisi/attachDir/2026/02/2026021418235592487.xlsx,人民银行社融单月分项，亿元；历史口径与缺失按原表保留；本项目计算分组，公式见指标口径；非央行独立发布指标
tsf_offbalance_flow,CHN,2026-01,6097,亿元,M,,https://www.pbc.gov.cn/diaochatongjisi/attachDir/2026/09/2026091418125322850.xlsx,人民银行社融单月分项，亿元；历史口径与缺失按原表保留；本项目计算分组，公式见指标口径；非央行独立发布指标
tsf_offbalance_flow,CHN,2026-02,-1626,亿元,M,,https://www.pbc.gov.cn/diaochatongjisi/attachDir/2026/09/2026091418125322850.xlsx,人民银行社融单月分项，亿元；历史口径与缺失按原表保留；本项目计算分组，公式见指标口径；非央行独立发布指标
tsf_offbalance_flow,CHN,2026-03,801,亿元,M,,https://www.pbc.gov.cn/diaochatongjisi/attachDir/2026/09/2026091418125322850.xlsx,人民银行社融单月分项，亿元；历史口径与缺失按原表保留；本项目计算分组，公式见指标口径；非央行独立发布指标
tsf_offbalance_flow,CHN,2026-04,-5696,亿元,M,,https://www.pbc.gov.cn/diaochatongjisi/attachDir/2026/09/2026091418125322850.xlsx,人民银行社融单月分项，亿元；历史口径与缺失按原表保留；本项目计算分组，公式见指标口径；非央行独立发布指标
tsf_offbalance_flow,CHN,2026-05,-722,亿元,M,,https://www.pbc.gov.cn/diaochatongjisi/attachDir/2026/09/2026091418125322850.xlsx,人民银行社融单月分项，亿元；历史口径与缺失按原表保留；本项目计算分组，公式见指标口径；非央行独立发布指标
tsf_offbalance_flow,CHN,2026-06,-1344,亿元,M,,https://www.pbc.gov.cn/diaochatongjisi/attachDir/2026/09/2026091418125322850.xlsx,人民银行社融单月分项，亿元；历史口径与缺失按原表保留；本项目计算分组，公式见指标口径；非央行独立发布指标
tsf_offbalance_flow,CHN,2026-07,-778,亿元,M,,https://www.pbc.gov.cn/diaochatongjisi/attachDir/2026/09/2026091418125322850.xlsx,人民银行社融单月分项，亿元；历史口径与缺失按原表保留；本项目计算分组，公式见指标口径；非央行独立发布指标
tsf_offbalance_flow,CHN,2026-08,378,亿元,M,,https://www.pbc.gov.cn/diaochatongjisi/attachDir/2026/09/2026091418125322850.xlsx,人民银行社融单月分项，亿元；历史口径与缺失按原表保留；本项目计算分组，公式见指标口径；非央行独立发布指标
tsf_remaining_flow,CHN,2017-01,807.0,亿元,M,,https://www.pbc.gov.cn/diaochatongjisi/attachDir/2025/11/2025110511302316239.xls,人民银行社融单月分项，亿元；历史口径与缺失按原表保留；本项目计算分组，公式见指标口径；非央行独立发布指标
tsf_remaining_flow,CHN,2017-02,770.0,亿元,M,,https://www.pbc.gov.cn/diaochatongjisi/attachDir/2025/11/2025110511302316239.xls,人民银行社融单月分项，亿元；历史口径与缺失按原表保留；本项目计算分组，公式见指标口径；非央行独立发布指标
tsf_remaining_flow,CHN,2017-03,2139.0,亿元,M,,https://www.pbc.gov.cn/diaochatongjisi/attachDir/2025/11/2025110511302316239.xls,人民银行社融单月分项，亿元；历史口径与缺失按原表保留；本项目计算分组，公式见指标口径；非央行独立发布指标
tsf_remaining_flow,CHN,2017-04,-261.0,亿元,M,,https://www.pbc.gov.cn/diaochatongjisi/attachDir/2025/11/2025110511302316239.xls,人民银行社融单月分项，亿元；历史口径与缺失按原表保留；本项目计算分组，公式见指标口径；非央行独立发布指标
tsf_remaining_flow,CHN,2017-05,1162.0,亿元,M,,https://www.pbc.gov.cn/diaochatongjisi/attachDir/2025/11/2025110511302316239.xls,人民银行社融单月分项，亿元；历史口径与缺失按原表保留；本项目计算分组，公式见指标口径；非央行独立发布指标
tsf_remaining_flow,CHN,2017-06,2130.0,亿元,M,,https://www.pbc.gov.cn/diaochatongjisi/attachDir/2025/11/2025110511302316239.xls,人民银行社融单月分项，亿元；历史口径与缺失按原表保留；本项目计算分组，公式见指标口径；非央行独立发布指标
tsf_remaining_flow,CHN,2017-07,-9.0,亿元,M,,https://www.pbc.gov.cn/diaochatongjisi/attachDir/2025/11/2025110511302316239.xls,人民银行社融单月分项，亿元；历史口径与缺失按原表保留；本项目计算分组，公式见指标口径；非央行独立发布指标
tsf_remaining_flow,CHN,2017-08,1032.0,亿元,M,,https://www.pbc.gov.cn/diaochatongjisi/attachDir/2025/11/2025110511302316239.xls,人民银行社融单月分项，亿元；历史口径与缺失按原表保留；本项目计算分组，公式见指标口径；非央行独立发布指标
tsf_remaining_flow,CHN,2017-09,1951.0,亿元,M,,https://www.pbc.gov.cn/diaochatongjisi/attachDir/2025/11/2025110511302316239.xls,人民银行社融单月分项，亿元；历史口径与缺失按原表保留；本项目计算分组，公式见指标口径；非央行独立发布指标
tsf_remaining_flow,CHN,2017-10,896.0,亿元,M,,https://www.pbc.gov.cn/diaochatongjisi/attachDir/2025/11/2025110511302316239.xls,人民银行社融单月分项，亿元；历史口径与缺失按原表保留；本项目计算分组，公式见指标口径；非央行独立发布指标
tsf_remaining_flow,CHN,2017-11,1525.0,亿元,M,,https://www.pbc.gov.cn/diaochatongjisi/attachDir/2025/11/2025110511302316239.xls,人民银行社融单月分项，亿元；历史口径与缺失按原表保留；本项目计算分组，公式见指标口径；非央行独立发布指标
tsf_remaining_flow,CHN,2017-12,4570.0,亿元,M,,https://www.pbc.gov.cn/diaochatongjisi/attachDir/2025/11/2025110511302316239.xls,人民银行社融单月分项，亿元；历史口径与缺失按原表保留；本项目计算分组，公式见指标口径；非央行独立发布指标
tsf_remaining_flow,CHN,2018-01,1043.0,亿元,M,,https://www.pbc.gov.cn/diaochatongjisi/attachDir/2025/11/2025110511302316239.xls,人民银行社融单月分项，亿元；历史口径与缺失按原表保留；本项目计算分组，公式见指标口径；非央行独立发布指标
tsf_remaining_flow,CHN,2018-02,547.0,亿元,M,,https://www.pbc.gov.cn/diaochatongjisi/attachDir/2025/11/2025110511302316239.xls,人民银行社融单月分项，亿元；历史口径与缺失按原表保留；本项目计算分组，公式见指标口径；非央行独立发布指标
tsf_remaining_flow,CHN,2018-03,2351.0,亿元,M,,https://www.pbc.gov.cn/diaochatongjisi/attachDir/2025/11/2025110511302316239.xls,人民银行社融单月分项，亿元；历史口径与缺失按原表保留；本项目计算分组，公式见指标口径；非央行独立发布指标
tsf_remaining_flow,CHN,2018-04,1506.0,亿元,M,,https://www.pbc.gov.cn/diaochatongjisi/attachDir/2025/11/2025110511302316239.xls,人民银行社融单月分项，亿元；历史口径与缺失按原表保留；本项目计算分组，公式见指标口径；非央行独立发布指标
tsf_remaining_flow,CHN,2018-05,1270.0,亿元,M,,https://www.pbc.gov.cn/diaochatongjisi/attachDir/2025/11/2025110511302316239.xls,人民银行社融单月分项，亿元；历史口径与缺失按原表保留；本项目计算分组，公式见指标口径；非央行独立发布指标
tsf_remaining_flow,CHN,2018-06,2378.0,亿元,M,,https://www.pbc.gov.cn/diaochatongjisi/attachDir/2025/11/2025110511302316239.xls,人民银行社融单月分项，亿元；历史口径与缺失按原表保留；本项目计算分组，公式见指标口径；非央行独立发布指标
tsf_remaining_flow,CHN,2018-07,58.0,亿元,M,,https://www.pbc.gov.cn/diaochatongjisi/attachDir/2025/11/2025110511302316239.xls,人民银行社融单月分项，亿元；历史口径与缺失按原表保留；本项目计算分组，公式见指标口径；非央行独立发布指标
tsf_remaining_flow,CHN,2018-08,1276.0,亿元,M,,https://www.pbc.gov.cn/diaochatongjisi/attachDir/2025/11/2025110511302316239.xls,人民银行社融单月分项，亿元；历史口径与缺失按原表保留；本项目计算分组，公式见指标口径；非央行独立发布指标
tsf_remaining_flow,CHN,2018-09,2195.0,亿元,M,,https://www.pbc.gov.cn/diaochatongjisi/attachDir/2025/11/2025110511302316239.xls,人民银行社融单月分项，亿元；历史口径与缺失按原表保留；本项目计算分组，公式见指标口径；非央行独立发布指标
tsf_remaining_flow,CHN,2018-10,434.0,亿元,M,,https://www.pbc.gov.cn/diaochatongjisi/attachDir/2025/11/2025110511302316239.xls,人民银行社融单月分项，亿元；历史口径与缺失按原表保留；本项目计算分组，公式见指标口径；非央行独立发布指标
tsf_remaining_flow,CHN,2018-11,1846.0,亿元,M,,https://www.pbc.gov.cn/diaochatongjisi/attachDir/2025/11/2025110511302316239.xls,人民银行社融单月分项，亿元；历史口径与缺失按原表保留；本项目计算分组，公式见指标口径；非央行独立发布指标
tsf_remaining_flow,CHN,2018-12,4228.0,亿元,M,,https://www.pbc.gov.cn/diaochatongjisi/attachDir/2025/11/2025110511302316239.xls,人民银行社融单月分项，亿元；历史口径与缺失按原表保留；本项目计算分组，公式见指标口径；非央行独立发布指标
tsf_remaining_flow,CHN,2019-01,872.0,亿元,M,,https://www.pbc.gov.cn/diaochatongjisi/attachDir/2025/11/2025110511302316239.xls,人民银行社融单月分项，亿元；历史口径与缺失按原表保留；本项目计算分组，公式见指标口径；非央行独立发布指标
tsf_remaining_flow,CHN,2019-02,331.0,亿元,M,,https://www.pbc.gov.cn/diaochatongjisi/attachDir/2025/11/2025110511302316239.xls,人民银行社融单月分项，亿元；历史口径与缺失按原表保留；本项目计算分组，公式见指标口径；非央行独立发布指标
tsf_remaining_flow,CHN,2019-03,2115.0,亿元,M,,https://www.pbc.gov.cn/diaochatongjisi/attachDir/2025/11/2025110511302316239.xls,人民银行社融单月分项，亿元；历史口径与缺失按原表保留；本项目计算分组，公式见指标口径；非央行独立发布指标
tsf_remaining_flow,CHN,2019-04,758.0,亿元,M,,https://www.pbc.gov.cn/diaochatongjisi/attachDir/2025/11/2025110511302316239.xls,人民银行社融单月分项，亿元；历史口径与缺失按原表保留；本项目计算分组，公式见指标口径；非央行独立发布指标
tsf_remaining_flow,CHN,2019-05,1571.0,亿元,M,,https://www.pbc.gov.cn/diaochatongjisi/attachDir/2025/11/2025110511302316239.xls,人民银行社融单月分项，亿元；历史口径与缺失按原表保留；本项目计算分组，公式见指标口径；非央行独立发布指标
tsf_remaining_flow,CHN,2019-06,3170.0,亿元,M,,https://www.pbc.gov.cn/diaochatongjisi/attachDir/2025/11/2025110511302316239.xls,人民银行社融单月分项，亿元；历史口径与缺失按原表保留；本项目计算分组，公式见指标口径；非央行独立发布指标
tsf_remaining_flow,CHN,2019-07,1047.0,亿元,M,,https://www.pbc.gov.cn/diaochatongjisi/attachDir/2025/11/2025110511302316239.xls,人民银行社融单月分项，亿元；历史口径与缺失按原表保留；本项目计算分组，公式见指标口径；非央行独立发布指标
tsf_remaining_flow,CHN,2019-08,1226.0,亿元,M,,https://www.pbc.gov.cn/diaochatongjisi/attachDir/2025/11/2025110511302316239.xls,人民银行社融单月分项，亿元；历史口径与缺失按原表保留；本项目计算分组，公式见指标口径；非央行独立发布指标
tsf_remaining_flow,CHN,2019-09,2158.0,亿元,M,,https://www.pbc.gov.cn/diaochatongjisi/attachDir/2025/11/2025110511302316239.xls,人民银行社融单月分项，亿元；历史口径与缺失按原表保留；本项目计算分组，公式见指标口径；非央行独立发布指标
tsf_remaining_flow,CHN,2019-10,1471.0,亿元,M,,https://www.pbc.gov.cn/diaochatongjisi/attachDir/2025/11/2025110511302316239.xls,人民银行社融单月分项，亿元；历史口径与缺失按原表保留；本项目计算分组，公式见指标口径；非央行独立发布指标
tsf_remaining_flow,CHN,2019-11,1796.0,亿元,M,,https://www.pbc.gov.cn/diaochatongjisi/attachDir/2025/11/2025110511302316239.xls,人民银行社融单月分项，亿元；历史口径与缺失按原表保留；本项目计算分组，公式见指标口径；非央行独立发布指标
tsf_remaining_flow,CHN,2019-12,4937.0,亿元,M,,https://www.pbc.gov.cn/diaochatongjisi/attachDir/2025/11/2025110511302316239.xls,人民银行社融单月分项，亿元；历史口径与缺失按原表保留；本项目计算分组，公式见指标口径；非央行独立发布指标
tsf_remaining_flow,CHN,2020-01,1613.0,亿元,M,,https://www.pbc.gov.cn/diaochatongjisi/attachDir/2025/11/2025110510115085998.xls,人民银行社融单月分项，亿元；历史口径与缺失按原表保留；本项目计算分组，公式见指标口径；非央行独立发布指标
tsf_remaining_flow,CHN,2020-02,225.0,亿元,M,,https://www.pbc.gov.cn/diaochatongjisi/attachDir/2025/11/2025110510115085998.xls,人民银行社融单月分项，亿元；历史口径与缺失按原表保留；本项目计算分组，公式见指标口径；非央行独立发布指标
tsf_remaining_flow,CHN,2020-03,2766.0,亿元,M,,https://www.pbc.gov.cn/diaochatongjisi/attachDir/2025/11/2025110510115085998.xls,人民银行社融单月分项，亿元；历史口径与缺失按原表保留；本项目计算分组，公式见指标口径；非央行独立发布指标
tsf_remaining_flow,CHN,2020-04,1858.0,亿元,M,,https://www.pbc.gov.cn/diaochatongjisi/attachDir/2025/11/2025110510115085998.xls,人民银行社融单月分项，亿元；历史口径与缺失按原表保留；本项目计算分组，公式见指标口径；非央行独立发布指标
tsf_remaining_flow,CHN,2020-05,1544.0,亿元,M,,https://www.pbc.gov.cn/diaochatongjisi/attachDir/2025/11/2025110510115085998.xls,人民银行社融单月分项，亿元；历史口径与缺失按原表保留；本项目计算分组，公式见指标口径；非央行独立发布指标
tsf_remaining_flow,CHN,2020-06,3124.0,亿元,M,,https://www.pbc.gov.cn/diaochatongjisi/attachDir/2025/11/2025110510115085998.xls,人民银行社融单月分项，亿元；历史口径与缺失按原表保留；本项目计算分组，公式见指标口径；非央行独立发布指标
tsf_remaining_flow,CHN,2020-07,324.0,亿元,M,,https://www.pbc.gov.cn/diaochatongjisi/attachDir/2025/11/2025110510115085998.xls,人民银行社融单月分项，亿元；历史口径与缺失按原表保留；本项目计算分组，公式见指标口径；非央行独立发布指标
tsf_remaining_flow,CHN,2020-08,2213.0,亿元,M,,https://www.pbc.gov.cn/diaochatongjisi/attachDir/2025/11/2025110510115085998.xls,人民银行社融单月分项，亿元；历史口径与缺失按原表保留；本项目计算分组，公式见指标口径；非央行独立发布指标
tsf_remaining_flow,CHN,2020-09,2922.0,亿元,M,,https://www.pbc.gov.cn/diaochatongjisi/attachDir/2025/11/2025110510115085998.xls,人民银行社融单月分项，亿元；历史口径与缺失按原表保留；本项目计算分组，公式见指标口径；非央行独立发布指标
tsf_remaining_flow,CHN,2020-10,1283.0,亿元,M,,https://www.pbc.gov.cn/diaochatongjisi/attachDir/2025/11/2025110510115085998.xls,人民银行社融单月分项，亿元；历史口径与缺失按原表保留；本项目计算分组，公式见指标口径；非央行独立发布指标
tsf_remaining_flow,CHN,2020-11,2478.0,亿元,M,,https://www.pbc.gov.cn/diaochatongjisi/attachDir/2025/11/2025110510115085998.xls,人民银行社融单月分项，亿元；历史口径与缺失按原表保留；本项目计算分组，公式见指标口径；非央行独立发布指标
tsf_remaining_flow,CHN,2020-12,4595.0,亿元,M,,https://www.pbc.gov.cn/diaochatongjisi/attachDir/2025/11/2025110510115085998.xls,人民银行社融单月分项，亿元；历史口径与缺失按原表保留；本项目计算分组，公式见指标口径；非央行独立发布指标
tsf_remaining_flow,CHN,2021-01,2206.0,亿元,M,,https://www.pbc.gov.cn/diaochatongjisi/attachDir/2025/11/2025110509591087259.xls,人民银行社融单月分项，亿元；历史口径与缺失按原表保留；本项目计算分组，公式见指标口径；非央行独立发布指标
tsf_remaining_flow,CHN,2021-02,1161.0,亿元,M,,https://www.pbc.gov.cn/diaochatongjisi/attachDir/2025/11/2025110509591087259.xls,人民银行社融单月分项，亿元；历史口径与缺失按原表保留；本项目计算分组，公式见指标口径；非央行独立发布指标
tsf_remaining_flow,CHN,2021-03,2659.0,亿元,M,,https://www.pbc.gov.cn/diaochatongjisi/attachDir/2025/11/2025110509591087259.xls,人民银行社融单月分项，亿元；历史口径与缺失按原表保留；本项目计算分组，公式见指标口径；非央行独立发布指标
tsf_remaining_flow,CHN,2021-04,1246.0,亿元,M,,https://www.pbc.gov.cn/diaochatongjisi/attachDir/2025/11/2025110509591087259.xls,人民银行社融单月分项，亿元；历史口径与缺失按原表保留；本项目计算分组，公式见指标口径；非央行独立发布指标
tsf_remaining_flow,CHN,2021-05,1516.0,亿元,M,,https://www.pbc.gov.cn/diaochatongjisi/attachDir/2025/11/2025110509591087259.xls,人民银行社融单月分项，亿元；历史口径与缺失按原表保留；本项目计算分组，公式见指标口径；非央行独立发布指标
tsf_remaining_flow,CHN,2021-06,3185.0,亿元,M,,https://www.pbc.gov.cn/diaochatongjisi/attachDir/2025/11/2025110509591087259.xls,人民银行社融单月分项，亿元；历史口径与缺失按原表保留；本项目计算分组，公式见指标口径；非央行独立发布指标
tsf_remaining_flow,CHN,2021-07,550.0,亿元,M,,https://www.pbc.gov.cn/diaochatongjisi/attachDir/2025/11/2025110509591087259.xls,人民银行社融单月分项，亿元；历史口径与缺失按原表保留；本项目计算分组，公式见指标口径；非央行独立发布指标
tsf_remaining_flow,CHN,2021-08,2373.0,亿元,M,,https://www.pbc.gov.cn/diaochatongjisi/attachDir/2025/11/2025110509591087259.xls,人民银行社融单月分项，亿元；历史口径与缺失按原表保留；本项目计算分组，公式见指标口径；非央行独立发布指标
tsf_remaining_flow,CHN,2021-09,3402.0,亿元,M,,https://www.pbc.gov.cn/diaochatongjisi/attachDir/2025/11/2025110509591087259.xls,人民银行社融单月分项，亿元；历史口径与缺失按原表保留；本项目计算分组，公式见指标口径；非央行独立发布指标
tsf_remaining_flow,CHN,2021-10,1270.0,亿元,M,,https://www.pbc.gov.cn/diaochatongjisi/attachDir/2025/11/2025110509591087259.xls,人民银行社融单月分项，亿元；历史口径与缺失按原表保留；本项目计算分组，公式见指标口径；非央行独立发布指标
tsf_remaining_flow,CHN,2021-11,2042.0,亿元,M,,https://www.pbc.gov.cn/diaochatongjisi/attachDir/2025/11/2025110509591087259.xls,人民银行社融单月分项，亿元；历史口径与缺失按原表保留；本项目计算分组，公式见指标口径；非央行独立发布指标
tsf_remaining_flow,CHN,2021-12,3926.0,亿元,M,,https://www.pbc.gov.cn/diaochatongjisi/attachDir/2025/11/2025110509591087259.xls,人民银行社融单月分项，亿元；历史口径与缺失按原表保留；本项目计算分组，公式见指标口径；非央行独立发布指标
tsf_remaining_flow,CHN,2022-01,1987,亿元,M,,https://www.pbc.gov.cn/diaochatongjisi/attachDir/2025/11/2025110416594167877.xlsx,人民银行社融单月分项，亿元；历史口径与缺失按原表保留；本项目计算分组，公式见指标口径；非央行独立发布指标
tsf_remaining_flow,CHN,2022-02,1222,亿元,M,,https://www.pbc.gov.cn/diaochatongjisi/attachDir/2025/11/2025110416594167877.xlsx,人民银行社融单月分项，亿元；历史口径与缺失按原表保留；本项目计算分组，公式见指标口径；非央行独立发布指标
tsf_remaining_flow,CHN,2022-03,2357,亿元,M,,https://www.pbc.gov.cn/diaochatongjisi/attachDir/2025/11/2025110416594167877.xlsx,人民银行社融单月分项，亿元；历史口径与缺失按原表保留；本项目计算分组，公式见指标口径；非央行独立发布指标
tsf_remaining_flow,CHN,2022-04,155,亿元,M,,https://www.pbc.gov.cn/diaochatongjisi/attachDir/2025/11/2025110416594167877.xlsx,人民银行社融单月分项，亿元；历史口径与缺失按原表保留；本项目计算分组，公式见指标口径；非央行独立发布指标
tsf_remaining_flow,CHN,2022-05,764,亿元,M,,https://www.pbc.gov.cn/diaochatongjisi/attachDir/2025/11/2025110416594167877.xlsx,人民银行社融单月分项，亿元；历史口径与缺失按原表保留；本项目计算分组，公式见指标口径；非央行独立发布指标
tsf_remaining_flow,CHN,2022-06,2377,亿元,M,,https://www.pbc.gov.cn/diaochatongjisi/attachDir/2025/11/2025110416594167877.xlsx,人民银行社融单月分项，亿元；历史口径与缺失按原表保留；本项目计算分组，公式见指标口径；非央行独立发布指标
tsf_remaining_flow,CHN,2022-07,355,亿元,M,,https://www.pbc.gov.cn/diaochatongjisi/attachDir/2025/11/2025110416594167877.xlsx,人民银行社融单月分项，亿元；历史口径与缺失按原表保留；本项目计算分组，公式见指标口径；非央行独立发布指标
tsf_remaining_flow,CHN,2022-08,791,亿元,M,,https://www.pbc.gov.cn/diaochatongjisi/attachDir/2025/11/2025110416594167877.xlsx,人民银行社融单月分项，亿元；历史口径与缺失按原表保留；本项目计算分组，公式见指标口径；非央行独立发布指标
tsf_remaining_flow,CHN,2022-09,1376,亿元,M,,https://www.pbc.gov.cn/diaochatongjisi/attachDir/2025/11/2025110416594167877.xlsx,人民银行社融单月分项，亿元；历史口径与缺失按原表保留；本项目计算分组，公式见指标口径；非央行独立发布指标
tsf_remaining_flow,CHN,2022-10,458,亿元,M,,https://www.pbc.gov.cn/diaochatongjisi/attachDir/2025/11/2025110416594167877.xlsx,人民银行社融单月分项，亿元；历史口径与缺失按原表保留；本项目计算分组，公式见指标口径；非央行独立发布指标
tsf_remaining_flow,CHN,2022-11,739,亿元,M,,https://www.pbc.gov.cn/diaochatongjisi/attachDir/2025/11/2025110416594167877.xlsx,人民银行社融单月分项，亿元；历史口径与缺失按原表保留；本项目计算分组，公式见指标口径；非央行独立发布指标
tsf_remaining_flow,CHN,2022-12,716,亿元,M,,https://www.pbc.gov.cn/diaochatongjisi/attachDir/2025/11/2025110416594167877.xlsx,人民银行社融单月分项，亿元；历史口径与缺失按原表保留；本项目计算分组，公式见指标口径；非央行独立发布指标
tsf_remaining_flow,CHN,2023-01,415,亿元,M,,https://www.pbc.gov.cn/diaochatongjisi/attachDir/2025/11/2025110415542112867.xlsx,人民银行社融单月分项，亿元；历史口径与缺失按原表保留；本项目计算分组，公式见指标口径；非央行独立发布指标
tsf_remaining_flow,CHN,2023-02,1135,亿元,M,,https://www.pbc.gov.cn/diaochatongjisi/attachDir/2025/11/2025110415542112867.xlsx,人民银行社融单月分项，亿元；历史口径与缺失按原表保留；本项目计算分组，公式见指标口径；非央行独立发布指标
tsf_remaining_flow,CHN,2023-03,2472,亿元,M,,https://www.pbc.gov.cn/diaochatongjisi/attachDir/2025/11/2025110415542112867.xlsx,人民银行社融单月分项，亿元；历史口径与缺失按原表保留；本项目计算分组，公式见指标口径；非央行独立发布指标
tsf_remaining_flow,CHN,2023-04,480,亿元,M,,https://www.pbc.gov.cn/diaochatongjisi/attachDir/2025/11/2025110415542112867.xlsx,人民银行社融单月分项，亿元；历史口径与缺失按原表保留；本项目计算分组，公式见指标口径；非央行独立发布指标
tsf_remaining_flow,CHN,2023-05,618,亿元,M,,https://www.pbc.gov.cn/diaochatongjisi/attachDir/2025/11/2025110415542112867.xlsx,人民银行社融单月分项，亿元；历史口径与缺失按原表保留；本项目计算分组，公式见指标口径；非央行独立发布指标
tsf_remaining_flow,CHN,2023-06,2433,亿元,M,,https://www.pbc.gov.cn/diaochatongjisi/attachDir/2025/11/2025110415542112867.xlsx,人民银行社融单月分项，亿元；历史口径与缺失按原表保留；本项目计算分组，公式见指标口径；非央行独立发布指标
tsf_remaining_flow,CHN,2023-07,542,亿元,M,,https://www.pbc.gov.cn/diaochatongjisi/attachDir/2025/11/2025110415542112867.xlsx,人民银行社融单月分项，亿元；历史口径与缺失按原表保留；本项目计算分组，公式见指标口径；非央行独立发布指标
tsf_remaining_flow,CHN,2023-08,1279,亿元,M,,https://www.pbc.gov.cn/diaochatongjisi/attachDir/2025/11/2025110415542112867.xlsx,人民银行社融单月分项，亿元；历史口径与缺失按原表保留；本项目计算分组，公式见指标口径；非央行独立发布指标
tsf_remaining_flow,CHN,2023-09,2054,亿元,M,,https://www.pbc.gov.cn/diaochatongjisi/attachDir/2025/11/2025110415542112867.xlsx,人民银行社融单月分项，亿元；历史口径与缺失按原表保留；本项目计算分组，公式见指标口径；非央行独立发布指标
tsf_remaining_flow,CHN,2023-10,-961,亿元,M,,https://www.pbc.gov.cn/diaochatongjisi/attachDir/2025/11/2025110415542112867.xlsx,人民银行社融单月分项，亿元；历史口径与缺失按原表保留；本项目计算分组，公式见指标口径；非央行独立发布指标
tsf_remaining_flow,CHN,2023-11,162,亿元,M,,https://www.pbc.gov.cn/diaochatongjisi/attachDir/2025/11/2025110415542112867.xlsx,人民银行社融单月分项，亿元；历史口径与缺失按原表保留；本项目计算分组，公式见指标口径；非央行独立发布指标
tsf_remaining_flow,CHN,2023-12,2704,亿元,M,,https://www.pbc.gov.cn/diaochatongjisi/attachDir/2025/11/2025110415542112867.xlsx,人民银行社融单月分项，亿元；历史口径与缺失按原表保留；本项目计算分组，公式见指标口径；非央行独立发布指标
tsf_remaining_flow,CHN,2024-01,2635,亿元,M,,https://www.pbc.gov.cn/diaochatongjisi/attachDir/2025/11/2025111416252488839.xlsx,人民银行社融单月分项，亿元；历史口径与缺失按原表保留；本项目计算分组，公式见指标口径；非央行独立发布指标
tsf_remaining_flow,CHN,2024-02,925,亿元,M,,https://www.pbc.gov.cn/diaochatongjisi/attachDir/2025/11/2025111416252488839.xlsx,人民银行社融单月分项，亿元；历史口径与缺失按原表保留；本项目计算分组，公式见指标口径；非央行独立发布指标
tsf_remaining_flow,CHN,2024-03,2557,亿元,M,,https://www.pbc.gov.cn/diaochatongjisi/attachDir/2025/11/2025111416252488839.xlsx,人民银行社融单月分项，亿元；历史口径与缺失按原表保留；本项目计算分组，公式见指标口径；非央行独立发布指标
tsf_remaining_flow,CHN,2024-04,-704,亿元,M,,https://www.pbc.gov.cn/diaochatongjisi/attachDir/2025/11/2025111416252488839.xlsx,人民银行社融单月分项，亿元；历史口径与缺失按原表保留；本项目计算分组，公式见指标口径；非央行独立发布指标
tsf_remaining_flow,CHN,2024-05,880,亿元,M,,https://www.pbc.gov.cn/diaochatongjisi/attachDir/2025/11/2025111416252488839.xlsx,人民银行社融单月分项，亿元；历史口径与缺失按原表保留；本项目计算分组，公式见指标口径；非央行独立发布指标
tsf_remaining_flow,CHN,2024-06,1628,亿元,M,,https://www.pbc.gov.cn/diaochatongjisi/attachDir/2025/11/2025111416252488839.xlsx,人民银行社融单月分项，亿元；历史口径与缺失按原表保留；本项目计算分组，公式见指标口径；非央行独立发布指标
tsf_remaining_flow,CHN,2024-07,123,亿元,M,,https://www.pbc.gov.cn/diaochatongjisi/attachDir/2025/11/2025111416252488839.xlsx,人民银行社融单月分项，亿元；历史口径与缺失按原表保留；本项目计算分组，公式见指标口径；非央行独立发布指标
tsf_remaining_flow,CHN,2024-08,740,亿元,M,,https://www.pbc.gov.cn/diaochatongjisi/attachDir/2025/11/2025111416252488839.xlsx,人民银行社融单月分项，亿元；历史口径与缺失按原表保留；本项目计算分组，公式见指标口径；非央行独立发布指标
tsf_remaining_flow,CHN,2024-09,2624,亿元,M,,https://www.pbc.gov.cn/diaochatongjisi/attachDir/2025/11/2025111416252488839.xlsx,人民银行社融单月分项，亿元；历史口径与缺失按原表保留；本项目计算分组，公式见指标口径；非央行独立发布指标
tsf_remaining_flow,CHN,2024-10,832,亿元,M,,https://www.pbc.gov.cn/diaochatongjisi/attachDir/2025/11/2025111416252488839.xlsx,人民银行社融单月分项，亿元；历史口径与缺失按原表保留；本项目计算分组，公式见指标口径；非央行独立发布指标
tsf_remaining_flow,CHN,2024-11,1356,亿元,M,,https://www.pbc.gov.cn/diaochatongjisi/attachDir/2025/11/2025111416252488839.xlsx,人民银行社融单月分项，亿元；历史口径与缺失按原表保留；本项目计算分组，公式见指标口径；非央行独立发布指标
tsf_remaining_flow,CHN,2024-12,3443,亿元,M,,https://www.pbc.gov.cn/diaochatongjisi/attachDir/2025/11/2025111416252488839.xlsx,人民银行社融单月分项，亿元；历史口径与缺失按原表保留；本项目计算分组，公式见指标口径；非央行独立发布指标
tsf_remaining_flow,CHN,2025-01,766,亿元,M,,https://www.pbc.gov.cn/diaochatongjisi/attachDir/2026/02/2026021418235592487.xlsx,人民银行社融单月分项，亿元；历史口径与缺失按原表保留；本项目计算分组，公式见指标口径；非央行独立发布指标
tsf_remaining_flow,CHN,2025-02,631,亿元,M,,https://www.pbc.gov.cn/diaochatongjisi/attachDir/2026/02/2026021418235592487.xlsx,人民银行社融单月分项，亿元；历史口径与缺失按原表保留；本项目计算分组，公式见指标口径；非央行独立发布指标
tsf_remaining_flow,CHN,2025-03,2649,亿元,M,,https://www.pbc.gov.cn/diaochatongjisi/attachDir/2026/02/2026021418235592487.xlsx,人民银行社融单月分项，亿元；历史口径与缺失按原表保留；本项目计算分组，公式见指标口径；非央行独立发布指标
tsf_remaining_flow,CHN,2025-04,1128,亿元,M,,https://www.pbc.gov.cn/diaochatongjisi/attachDir/2026/02/2026021418235592487.xlsx,人民银行社融单月分项，亿元；历史口径与缺失按原表保留；本项目计算分组，公式见指标口径；非央行独立发布指标
tsf_remaining_flow,CHN,2025-05,1901,亿元,M,,https://www.pbc.gov.cn/diaochatongjisi/attachDir/2026/02/2026021418235592487.xlsx,人民银行社融单月分项，亿元；历史口径与缺失按原表保留；本项目计算分组，公式见指标口径；非央行独立发布指标
tsf_remaining_flow,CHN,2025-06,4002,亿元,M,,https://www.pbc.gov.cn/diaochatongjisi/attachDir/2026/02/2026021418235592487.xlsx,人民银行社融单月分项，亿元；历史口径与缺失按原表保留；本项目计算分组，公式见指标口径；非央行独立发布指标
tsf_remaining_flow,CHN,2025-07,1534,亿元,M,,https://www.pbc.gov.cn/diaochatongjisi/attachDir/2026/02/2026021418235592487.xlsx,人民银行社融单月分项，亿元；历史口径与缺失按原表保留；本项目计算分组，公式见指标口径；非央行独立发布指标
tsf_remaining_flow,CHN,2025-08,1783,亿元,M,,https://www.pbc.gov.cn/diaochatongjisi/attachDir/2026/02/2026021418235592487.xlsx,人民银行社融单月分项，亿元；历史口径与缺失按原表保留；本项目计算分组，公式见指标口径；非央行独立发布指标
tsf_remaining_flow,CHN,2025-09,3111,亿元,M,,https://www.pbc.gov.cn/diaochatongjisi/attachDir/2026/02/2026021418235592487.xlsx,人民银行社融单月分项，亿元；历史口径与缺失按原表保留；本项目计算分组，公式见指标口径；非央行独立发布指标
tsf_remaining_flow,CHN,2025-10,1371,亿元,M,,https://www.pbc.gov.cn/diaochatongjisi/attachDir/2026/02/2026021418235592487.xlsx,人民银行社融单月分项，亿元；历史口径与缺失按原表保留；本项目计算分组，公式见指标口径；非央行独立发布指标
tsf_remaining_flow,CHN,2025-11,2123,亿元,M,,https://www.pbc.gov.cn/diaochatongjisi/attachDir/2026/02/2026021418235592487.xlsx,人民银行社融单月分项，亿元；历史口径与缺失按原表保留；本项目计算分组，公式见指标口径；非央行独立发布指标
tsf_remaining_flow,CHN,2025-12,3900,亿元,M,,https://www.pbc.gov.cn/diaochatongjisi/attachDir/2026/02/2026021418235592487.xlsx,人民银行社融单月分项，亿元；历史口径与缺失按原表保留；本项目计算分组，公式见指标口径；非央行独立发布指标
tsf_remaining_flow,CHN,2026-01,1984,亿元,M,,https://www.pbc.gov.cn/diaochatongjisi/attachDir/2026/09/2026091418125322850.xlsx,人民银行社融单月分项，亿元；历史口径与缺失按原表保留；本项目计算分组，公式见指标口径；非央行独立发布指标
tsf_remaining_flow,CHN,2026-02,1015,亿元,M,,https://www.pbc.gov.cn/diaochatongjisi/attachDir/2026/09/2026091418125322850.xlsx,人民银行社融单月分项，亿元；历史口径与缺失按原表保留；本项目计算分组，公式见指标口径；非央行独立发布指标
tsf_remaining_flow,CHN,2026-03,3921,亿元,M,,https://www.pbc.gov.cn/diaochatongjisi/attachDir/2026/09/2026091418125322850.xlsx,人民银行社融单月分项，亿元；历史口径与缺失按原表保留；本项目计算分组，公式见指标口径；非央行独立发布指标
tsf_remaining_flow,CHN,2026-04,1544,亿元,M,,https://www.pbc.gov.cn/diaochatongjisi/attachDir/2026/09/2026091418125322850.xlsx,人民银行社融单月分项，亿元；历史口径与缺失按原表保留；本项目计算分组，公式见指标口径；非央行独立发布指标
tsf_remaining_flow,CHN,2026-05,1836,亿元,M,,https://www.pbc.gov.cn/diaochatongjisi/attachDir/2026/09/2026091418125322850.xlsx,人民银行社融单月分项，亿元；历史口径与缺失按原表保留；本项目计算分组，公式见指标口径；非央行独立发布指标
tsf_remaining_flow,CHN,2026-06,5042,亿元,M,,https://www.pbc.gov.cn/diaochatongjisi/attachDir/2026/09/2026091418125322850.xlsx,人民银行社融单月分项，亿元；历史口径与缺失按原表保留；本项目计算分组，公式见指标口径；非央行独立发布指标
tsf_remaining_flow,CHN,2026-07,1902,亿元,M,,https://www.pbc.gov.cn/diaochatongjisi/attachDir/2026/09/2026091418125322850.xlsx,人民银行社融单月分项，亿元；历史口径与缺失按原表保留；本项目计算分组，公式见指标口径；非央行独立发布指标
tsf_remaining_flow,CHN,2026-08,2199,亿元,M,,https://www.pbc.gov.cn/diaochatongjisi/attachDir/2026/09/2026091418125322850.xlsx,人民银行社融单月分项，亿元；历史口径与缺失按原表保留；本项目计算分组，公式见指标口径；非央行独立发布指标
tsf_rmb_flow,CHN,2002-01,240,亿元,M,,https://www.pbc.gov.cn/diaochatongjisi/116219/116225/2863562/index.html,人民银行社融单月分项，亿元；历史口径与缺失按原表保留
tsf_rmb_flow,CHN,2002-02,530,亿元,M,,https://www.pbc.gov.cn/diaochatongjisi/116219/116225/2863562/index.html,人民银行社融单月分项，亿元；历史口径与缺失按原表保留
tsf_rmb_flow,CHN,2002-03,2554,亿元,M,,https://www.pbc.gov.cn/diaochatongjisi/116219/116225/2863562/index.html,人民银行社融单月分项，亿元；历史口径与缺失按原表保留
tsf_rmb_flow,CHN,2002-04,937,亿元,M,,https://www.pbc.gov.cn/diaochatongjisi/116219/116225/2863562/index.html,人民银行社融单月分项，亿元；历史口径与缺失按原表保留
tsf_rmb_flow,CHN,2002-05,1110,亿元,M,,https://www.pbc.gov.cn/diaochatongjisi/116219/116225/2863562/index.html,人民银行社融单月分项，亿元；历史口径与缺失按原表保留
tsf_rmb_flow,CHN,2002-06,2929,亿元,M,,https://www.pbc.gov.cn/diaochatongjisi/116219/116225/2863562/index.html,人民银行社融单月分项，亿元；历史口径与缺失按原表保留
tsf_rmb_flow,CHN,2002-07,620,亿元,M,,https://www.pbc.gov.cn/diaochatongjisi/116219/116225/2863562/index.html,人民银行社融单月分项，亿元；历史口径与缺失按原表保留
tsf_rmb_flow,CHN,2002-08,1736,亿元,M,,https://www.pbc.gov.cn/diaochatongjisi/116219/116225/2863562/index.html,人民银行社融单月分项，亿元；历史口径与缺失按原表保留
tsf_rmb_flow,CHN,2002-09,2885,亿元,M,,https://www.pbc.gov.cn/diaochatongjisi/116219/116225/2863562/index.html,人民银行社融单月分项，亿元；历史口径与缺失按原表保留
tsf_rmb_flow,CHN,2002-10,722,亿元,M,,https://www.pbc.gov.cn/diaochatongjisi/116219/116225/2863562/index.html,人民银行社融单月分项，亿元；历史口径与缺失按原表保留
tsf_rmb_flow,CHN,2002-11,1539,亿元,M,,https://www.pbc.gov.cn/diaochatongjisi/116219/116225/2863562/index.html,人民银行社融单月分项，亿元；历史口径与缺失按原表保留
tsf_rmb_flow,CHN,2002-12,2673,亿元,M,,https://www.pbc.gov.cn/diaochatongjisi/116219/116225/2863562/index.html,人民银行社融单月分项，亿元；历史口径与缺失按原表保留
tsf_rmb_flow,CHN,2003-01,3266,亿元,M,,https://www.pbc.gov.cn/diaochatongjisi/116219/116225/2863562/index.html,人民银行社融单月分项，亿元；历史口径与缺失按原表保留
tsf_rmb_flow,CHN,2003-02,1091,亿元,M,,https://www.pbc.gov.cn/diaochatongjisi/116219/116225/2863562/index.html,人民银行社融单月分项，亿元；历史口径与缺失按原表保留
tsf_rmb_flow,CHN,2003-03,3725,亿元,M,,https://www.pbc.gov.cn/diaochatongjisi/116219/116225/2863562/index.html,人民银行社融单月分项，亿元；历史口径与缺失按原表保留
tsf_rmb_flow,CHN,2003-04,1945,亿元,M,,https://www.pbc.gov.cn/diaochatongjisi/116219/116225/2863562/index.html,人民银行社融单月分项，亿元；历史口径与缺失按原表保留
tsf_rmb_flow,CHN,2003-05,2534,亿元,M,,https://www.pbc.gov.cn/diaochatongjisi/116219/116225/2863562/index.html,人民银行社融单月分项，亿元；历史口径与缺失按原表保留
tsf_rmb_flow,CHN,2003-06,5250,亿元,M,,https://www.pbc.gov.cn/diaochatongjisi/116219/116225/2863562/index.html,人民银行社融单月分项，亿元；历史口径与缺失按原表保留
tsf_rmb_flow,CHN,2003-07,1062,亿元,M,,https://www.pbc.gov.cn/diaochatongjisi/116219/116225/2863562/index.html,人民银行社融单月分项，亿元；历史口径与缺失按原表保留
tsf_rmb_flow,CHN,2003-08,2808,亿元,M,,https://www.pbc.gov.cn/diaochatongjisi/116219/116225/2863562/index.html,人民银行社融单月分项，亿元；历史口径与缺失按原表保留
tsf_rmb_flow,CHN,2003-09,3035,亿元,M,,https://www.pbc.gov.cn/diaochatongjisi/116219/116225/2863562/index.html,人民银行社融单月分项，亿元；历史口径与缺失按原表保留
tsf_rmb_flow,CHN,2003-10,616,亿元,M,,https://www.pbc.gov.cn/diaochatongjisi/116219/116225/2863562/index.html,人民银行社融单月分项，亿元；历史口径与缺失按原表保留
tsf_rmb_flow,CHN,2003-11,1025,亿元,M,,https://www.pbc.gov.cn/diaochatongjisi/116219/116225/2863562/index.html,人民银行社融单月分项，亿元；历史口径与缺失按原表保留
tsf_rmb_flow,CHN,2003-12,1295,亿元,M,,https://www.pbc.gov.cn/diaochatongjisi/116219/116225/2863562/index.html,人民银行社融单月分项，亿元；历史口径与缺失按原表保留
tsf_rmb_flow,CHN,2004-01,2540,亿元,M,,https://www.pbc.gov.cn/diaochatongjisi/116219/116225/2863562/index.html,人民银行社融单月分项，亿元；历史口径与缺失按原表保留
tsf_rmb_flow,CHN,2004-02,2085,亿元,M,,https://www.pbc.gov.cn/diaochatongjisi/116219/116225/2863562/index.html,人民银行社融单月分项，亿元；历史口径与缺失按原表保留
tsf_rmb_flow,CHN,2004-03,3726,亿元,M,,https://www.pbc.gov.cn/diaochatongjisi/116219/116225/2863562/index.html,人民银行社融单月分项，亿元；历史口径与缺失按原表保留
tsf_rmb_flow,CHN,2004-04,1995,亿元,M,,https://www.pbc.gov.cn/diaochatongjisi/116219/116225/2863562/index.html,人民银行社融单月分项，亿元；历史口径与缺失按原表保留
tsf_rmb_flow,CHN,2004-05,1132,亿元,M,,https://www.pbc.gov.cn/diaochatongjisi/116219/116225/2863562/index.html,人民银行社融单月分项，亿元；历史口径与缺失按原表保留
tsf_rmb_flow,CHN,2004-06,2821,亿元,M,,https://www.pbc.gov.cn/diaochatongjisi/116219/116225/2863562/index.html,人民银行社融单月分项，亿元；历史口径与缺失按原表保留
tsf_rmb_flow,CHN,2004-07,-19,亿元,M,,https://www.pbc.gov.cn/diaochatongjisi/116219/116225/2863562/index.html,人民银行社融单月分项，亿元；历史口径与缺失按原表保留
tsf_rmb_flow,CHN,2004-08,1157,亿元,M,,https://www.pbc.gov.cn/diaochatongjisi/116219/116225/2863562/index.html,人民银行社融单月分项，亿元；历史口径与缺失按原表保留
tsf_rmb_flow,CHN,2004-09,2502,亿元,M,,https://www.pbc.gov.cn/diaochatongjisi/116219/116225/2863562/index.html,人民银行社融单月分项，亿元；历史口径与缺失按原表保留
tsf_rmb_flow,CHN,2004-10,256,亿元,M,,https://www.pbc.gov.cn/diaochatongjisi/116219/116225/2863562/index.html,人民银行社融单月分项，亿元；历史口径与缺失按原表保留
tsf_rmb_flow,CHN,2004-11,1495,亿元,M,,https://www.pbc.gov.cn/diaochatongjisi/116219/116225/2863562/index.html,人民银行社融单月分项，亿元；历史口径与缺失按原表保留
tsf_rmb_flow,CHN,2004-12,2983,亿元,M,,https://www.pbc.gov.cn/diaochatongjisi/116219/116225/2863562/index.html,人民银行社融单月分项，亿元；历史口径与缺失按原表保留
tsf_rmb_flow,CHN,2005-01,2810,亿元,M,,https://www.pbc.gov.cn/diaochatongjisi/116219/116225/2863562/index.html,人民银行社融单月分项，亿元；历史口径与缺失按原表保留
tsf_rmb_flow,CHN,2005-02,959,亿元,M,,https://www.pbc.gov.cn/diaochatongjisi/116219/116225/2863562/index.html,人民银行社融单月分项，亿元；历史口径与缺失按原表保留
tsf_rmb_flow,CHN,2005-03,3607,亿元,M,,https://www.pbc.gov.cn/diaochatongjisi/116219/116225/2863562/index.html,人民银行社融单月分项，亿元；历史口径与缺失按原表保留
tsf_rmb_flow,CHN,2005-04,1420,亿元,M,,https://www.pbc.gov.cn/diaochatongjisi/116219/116225/2863562/index.html,人民银行社融单月分项，亿元；历史口径与缺失按原表保留
tsf_rmb_flow,CHN,2005-05,1089,亿元,M,,https://www.pbc.gov.cn/diaochatongjisi/116219/116225/2863562/index.html,人民银行社融单月分项，亿元；历史口径与缺失按原表保留
tsf_rmb_flow,CHN,2005-06,4653,亿元,M,,https://www.pbc.gov.cn/diaochatongjisi/116219/116225/2863562/index.html,人民银行社融单月分项，亿元；历史口径与缺失按原表保留
tsf_rmb_flow,CHN,2005-07,-314,亿元,M,,https://www.pbc.gov.cn/diaochatongjisi/116219/116225/2863562/index.html,人民银行社融单月分项，亿元；历史口径与缺失按原表保留
tsf_rmb_flow,CHN,2005-08,1897,亿元,M,,https://www.pbc.gov.cn/diaochatongjisi/116219/116225/2863562/index.html,人民银行社融单月分项，亿元；历史口径与缺失按原表保留
tsf_rmb_flow,CHN,2005-09,3453,亿元,M,,https://www.pbc.gov.cn/diaochatongjisi/116219/116225/2863562/index.html,人民银行社融单月分项，亿元；历史口径与缺失按原表保留
tsf_rmb_flow,CHN,2005-10,264,亿元,M,,https://www.pbc.gov.cn/diaochatongjisi/116219/116225/2863562/index.html,人民银行社融单月分项，亿元；历史口径与缺失按原表保留
tsf_rmb_flow,CHN,2005-11,2251,亿元,M,,https://www.pbc.gov.cn/diaochatongjisi/116219/116225/2863562/index.html,人民银行社融单月分项，亿元；历史口径与缺失按原表保留
tsf_rmb_flow,CHN,2005-12,1454,亿元,M,,https://www.pbc.gov.cn/diaochatongjisi/116219/116225/2863562/index.html,人民银行社融单月分项，亿元；历史口径与缺失按原表保留
tsf_rmb_flow,CHN,2006-01,5674,亿元,M,,https://www.pbc.gov.cn/diaochatongjisi/116219/116225/2863562/index.html,人民银行社融单月分项，亿元；历史口径与缺失按原表保留
tsf_rmb_flow,CHN,2006-02,1491,亿元,M,,https://www.pbc.gov.cn/diaochatongjisi/116219/116225/2863562/index.html,人民银行社融单月分项，亿元；历史口径与缺失按原表保留
tsf_rmb_flow,CHN,2006-03,5402,亿元,M,,https://www.pbc.gov.cn/diaochatongjisi/116219/116225/2863562/index.html,人民银行社融单月分项，亿元；历史口径与缺失按原表保留
tsf_rmb_flow,CHN,2006-04,3163,亿元,M,,https://www.pbc.gov.cn/diaochatongjisi/116219/116225/2863562/index.html,人民银行社融单月分项，亿元；历史口径与缺失按原表保留
tsf_rmb_flow,CHN,2006-05,2094,亿元,M,,https://www.pbc.gov.cn/diaochatongjisi/116219/116225/2863562/index.html,人民银行社融单月分项，亿元；历史口径与缺失按原表保留
tsf_rmb_flow,CHN,2006-06,3655,亿元,M,,https://www.pbc.gov.cn/diaochatongjisi/116219/116225/2863562/index.html,人民银行社融单月分项，亿元；历史口径与缺失按原表保留
tsf_rmb_flow,CHN,2006-07,1634,亿元,M,,https://www.pbc.gov.cn/diaochatongjisi/116219/116225/2863562/index.html,人民银行社融单月分项，亿元；历史口径与缺失按原表保留
tsf_rmb_flow,CHN,2006-08,1900,亿元,M,,https://www.pbc.gov.cn/diaochatongjisi/116219/116225/2863562/index.html,人民银行社融单月分项，亿元；历史口径与缺失按原表保留
tsf_rmb_flow,CHN,2006-09,2201,亿元,M,,https://www.pbc.gov.cn/diaochatongjisi/116219/116225/2863562/index.html,人民银行社融单月分项，亿元；历史口径与缺失按原表保留
tsf_rmb_flow,CHN,2006-10,169,亿元,M,,https://www.pbc.gov.cn/diaochatongjisi/116219/116225/2863562/index.html,人民银行社融单月分项，亿元；历史口径与缺失按原表保留
tsf_rmb_flow,CHN,2006-11,1935,亿元,M,,https://www.pbc.gov.cn/diaochatongjisi/116219/116225/2863562/index.html,人民银行社融单月分项，亿元；历史口径与缺失按原表保留
tsf_rmb_flow,CHN,2006-12,2204,亿元,M,,https://www.pbc.gov.cn/diaochatongjisi/116219/116225/2863562/index.html,人民银行社融单月分项，亿元；历史口径与缺失按原表保留
tsf_rmb_flow,CHN,2007-01,5663,亿元,M,,https://www.pbc.gov.cn/diaochatongjisi/116219/116225/2863562/index.html,人民银行社融单月分项，亿元；历史口径与缺失按原表保留
tsf_rmb_flow,CHN,2007-02,4138,亿元,M,,https://www.pbc.gov.cn/diaochatongjisi/116219/116225/2863562/index.html,人民银行社融单月分项，亿元；历史口径与缺失按原表保留
tsf_rmb_flow,CHN,2007-03,4417,亿元,M,,https://www.pbc.gov.cn/diaochatongjisi/116219/116225/2863562/index.html,人民银行社融单月分项，亿元；历史口径与缺失按原表保留
tsf_rmb_flow,CHN,2007-04,4220,亿元,M,,https://www.pbc.gov.cn/diaochatongjisi/116219/116225/2863562/index.html,人民银行社融单月分项，亿元；历史口径与缺失按原表保留
tsf_rmb_flow,CHN,2007-05,2473,亿元,M,,https://www.pbc.gov.cn/diaochatongjisi/116219/116225/2863562/index.html,人民银行社融单月分项，亿元；历史口径与缺失按原表保留
tsf_rmb_flow,CHN,2007-06,4515,亿元,M,,https://www.pbc.gov.cn/diaochatongjisi/116219/116225/2863562/index.html,人民银行社融单月分项，亿元；历史口径与缺失按原表保留
tsf_rmb_flow,CHN,2007-07,2314,亿元,M,,https://www.pbc.gov.cn/diaochatongjisi/116219/116225/2863562/index.html,人民银行社融单月分项，亿元；历史口径与缺失按原表保留
tsf_rmb_flow,CHN,2007-08,3029,亿元,M,,https://www.pbc.gov.cn/diaochatongjisi/116219/116225/2863562/index.html,人民银行社融单月分项，亿元；历史口径与缺失按原表保留
tsf_rmb_flow,CHN,2007-09,2835,亿元,M,,https://www.pbc.gov.cn/diaochatongjisi/116219/116225/2863562/index.html,人民银行社融单月分项，亿元；历史口径与缺失按原表保留
tsf_rmb_flow,CHN,2007-10,1361,亿元,M,,https://www.pbc.gov.cn/diaochatongjisi/116219/116225/2863562/index.html,人民银行社融单月分项，亿元；历史口径与缺失按原表保留
tsf_rmb_flow,CHN,2007-11,874,亿元,M,,https://www.pbc.gov.cn/diaochatongjisi/116219/116225/2863562/index.html,人民银行社融单月分项，亿元；历史口径与缺失按原表保留
tsf_rmb_flow,CHN,2007-12,485,亿元,M,,https://www.pbc.gov.cn/diaochatongjisi/116219/116225/2863562/index.html,人民银行社融单月分项，亿元；历史口径与缺失按原表保留
tsf_rmb_flow,CHN,2008-01,8058,亿元,M,,https://www.pbc.gov.cn/diaochatongjisi/116219/116225/2863562/index.html,人民银行社融单月分项，亿元；历史口径与缺失按原表保留
tsf_rmb_flow,CHN,2008-02,2434,亿元,M,,https://www.pbc.gov.cn/diaochatongjisi/116219/116225/2863562/index.html,人民银行社融单月分项，亿元；历史口径与缺失按原表保留
tsf_rmb_flow,CHN,2008-03,2834,亿元,M,,https://www.pbc.gov.cn/diaochatongjisi/116219/116225/2863562/index.html,人民银行社融单月分项，亿元；历史口径与缺失按原表保留
tsf_rmb_flow,CHN,2008-04,4690,亿元,M,,https://www.pbc.gov.cn/diaochatongjisi/116219/116225/2863562/index.html,人民银行社融单月分项，亿元；历史口径与缺失按原表保留
tsf_rmb_flow,CHN,2008-05,3185,亿元,M,,https://www.pbc.gov.cn/diaochatongjisi/116219/116225/2863562/index.html,人民银行社融单月分项，亿元；历史口径与缺失按原表保留
tsf_rmb_flow,CHN,2008-06,3324,亿元,M,,https://www.pbc.gov.cn/diaochatongjisi/116219/116225/2863562/index.html,人民银行社融单月分项，亿元；历史口径与缺失按原表保留
tsf_rmb_flow,CHN,2008-07,3818,亿元,M,,https://www.pbc.gov.cn/diaochatongjisi/116219/116225/2863562/index.html,人民银行社融单月分项，亿元；历史口径与缺失按原表保留
tsf_rmb_flow,CHN,2008-08,2715,亿元,M,,https://www.pbc.gov.cn/diaochatongjisi/116219/116225/2863562/index.html,人民银行社融单月分项，亿元；历史口径与缺失按原表保留
tsf_rmb_flow,CHN,2008-09,3745,亿元,M,,https://www.pbc.gov.cn/diaochatongjisi/116219/116225/2863562/index.html,人民银行社融单月分项，亿元；历史口径与缺失按原表保留
tsf_rmb_flow,CHN,2008-10,1819,亿元,M,,https://www.pbc.gov.cn/diaochatongjisi/116219/116225/2863562/index.html,人民银行社融单月分项，亿元；历史口径与缺失按原表保留
tsf_rmb_flow,CHN,2008-11,4775,亿元,M,,https://www.pbc.gov.cn/diaochatongjisi/116219/116225/2863562/index.html,人民银行社融单月分项，亿元；历史口径与缺失按原表保留
tsf_rmb_flow,CHN,2008-12,7645,亿元,M,,https://www.pbc.gov.cn/diaochatongjisi/116219/116225/2863562/index.html,人民银行社融单月分项，亿元；历史口径与缺失按原表保留
tsf_rmb_flow,CHN,2009-01,16177,亿元,M,,https://www.pbc.gov.cn/diaochatongjisi/116219/116225/2863562/index.html,人民银行社融单月分项，亿元；历史口径与缺失按原表保留
tsf_rmb_flow,CHN,2009-02,10715,亿元,M,,https://www.pbc.gov.cn/diaochatongjisi/116219/116225/2863562/index.html,人民银行社融单月分项，亿元；历史口径与缺失按原表保留
tsf_rmb_flow,CHN,2009-03,18920,亿元,M,,https://www.pbc.gov.cn/diaochatongjisi/116219/116225/2863562/index.html,人民银行社融单月分项，亿元；历史口径与缺失按原表保留
tsf_rmb_flow,CHN,2009-04,5918,亿元,M,,https://www.pbc.gov.cn/diaochatongjisi/116219/116225/2863562/index.html,人民银行社融单月分项，亿元；历史口径与缺失按原表保留
tsf_rmb_flow,CHN,2009-05,6669,亿元,M,,https://www.pbc.gov.cn/diaochatongjisi/116219/116225/2863562/index.html,人民银行社融单月分项，亿元；历史口径与缺失按原表保留
tsf_rmb_flow,CHN,2009-06,15304,亿元,M,,https://www.pbc.gov.cn/diaochatongjisi/116219/116225/2863562/index.html,人民银行社融单月分项，亿元；历史口径与缺失按原表保留
tsf_rmb_flow,CHN,2009-07,3691,亿元,M,,https://www.pbc.gov.cn/diaochatongjisi/116219/116225/2863562/index.html,人民银行社融单月分项，亿元；历史口径与缺失按原表保留
tsf_rmb_flow,CHN,2009-08,4104,亿元,M,,https://www.pbc.gov.cn/diaochatongjisi/116219/116225/2863562/index.html,人民银行社融单月分项，亿元；历史口径与缺失按原表保留
tsf_rmb_flow,CHN,2009-09,5167,亿元,M,,https://www.pbc.gov.cn/diaochatongjisi/116219/116225/2863562/index.html,人民银行社融单月分项，亿元；历史口径与缺失按原表保留
tsf_rmb_flow,CHN,2009-10,2530,亿元,M,,https://www.pbc.gov.cn/diaochatongjisi/116219/116225/2863562/index.html,人民银行社融单月分项，亿元；历史口径与缺失按原表保留
tsf_rmb_flow,CHN,2009-11,2948,亿元,M,,https://www.pbc.gov.cn/diaochatongjisi/116219/116225/2863562/index.html,人民银行社融单月分项，亿元；历史口径与缺失按原表保留
tsf_rmb_flow,CHN,2009-12,3800,亿元,M,,https://www.pbc.gov.cn/diaochatongjisi/116219/116225/2863562/index.html,人民银行社融单月分项，亿元；历史口径与缺失按原表保留
tsf_rmb_flow,CHN,2010-01,13934,亿元,M,,https://www.pbc.gov.cn/diaochatongjisi/116219/116225/2863562/index.html,人民银行社融单月分项，亿元；历史口径与缺失按原表保留
tsf_rmb_flow,CHN,2010-02,6999,亿元,M,,https://www.pbc.gov.cn/diaochatongjisi/116219/116225/2863562/index.html,人民银行社融单月分项，亿元；历史口径与缺失按原表保留
tsf_rmb_flow,CHN,2010-03,5107,亿元,M,,https://www.pbc.gov.cn/diaochatongjisi/116219/116225/2863562/index.html,人民银行社融单月分项，亿元；历史口径与缺失按原表保留
tsf_rmb_flow,CHN,2010-04,7740,亿元,M,,https://www.pbc.gov.cn/diaochatongjisi/116219/116225/2863562/index.html,人民银行社融单月分项，亿元；历史口径与缺失按原表保留
tsf_rmb_flow,CHN,2010-05,6493,亿元,M,,https://www.pbc.gov.cn/diaochatongjisi/116219/116225/2863562/index.html,人民银行社融单月分项，亿元；历史口径与缺失按原表保留
tsf_rmb_flow,CHN,2010-06,6027,亿元,M,,https://www.pbc.gov.cn/diaochatongjisi/116219/116225/2863562/index.html,人民银行社融单月分项，亿元；历史口径与缺失按原表保留
tsf_rmb_flow,CHN,2010-07,5327,亿元,M,,https://www.pbc.gov.cn/diaochatongjisi/116219/116225/2863562/index.html,人民银行社融单月分项，亿元；历史口径与缺失按原表保留
tsf_rmb_flow,CHN,2010-08,5446,亿元,M,,https://www.pbc.gov.cn/diaochatongjisi/116219/116225/2863562/index.html,人民银行社融单月分项，亿元；历史口径与缺失按原表保留
tsf_rmb_flow,CHN,2010-09,6004,亿元,M,,https://www.pbc.gov.cn/diaochatongjisi/116219/116225/2863562/index.html,人民银行社融单月分项，亿元；历史口径与缺失按原表保留
tsf_rmb_flow,CHN,2010-10,5877,亿元,M,,https://www.pbc.gov.cn/diaochatongjisi/116219/116225/2863562/index.html,人民银行社融单月分项，亿元；历史口径与缺失按原表保留
tsf_rmb_flow,CHN,2010-11,5689,亿元,M,,https://www.pbc.gov.cn/diaochatongjisi/116219/116225/2863562/index.html,人民银行社融单月分项，亿元；历史口径与缺失按原表保留
tsf_rmb_flow,CHN,2010-12,4807,亿元,M,,https://www.pbc.gov.cn/diaochatongjisi/116219/116225/2863562/index.html,人民银行社融单月分项，亿元；历史口径与缺失按原表保留
tsf_rmb_flow,CHN,2011-01,10263,亿元,M,,https://www.pbc.gov.cn/diaochatongjisi/116219/116225/2863562/index.html,人民银行社融单月分项，亿元；历史口径与缺失按原表保留
tsf_rmb_flow,CHN,2011-02,5377,亿元,M,,https://www.pbc.gov.cn/diaochatongjisi/116219/116225/2863562/index.html,人民银行社融单月分项，亿元；历史口径与缺失按原表保留
tsf_rmb_flow,CHN,2011-03,6794,亿元,M,,https://www.pbc.gov.cn/diaochatongjisi/116219/116225/2863562/index.html,人民银行社融单月分项，亿元；历史口径与缺失按原表保留
tsf_rmb_flow,CHN,2011-04,7430,亿元,M,,https://www.pbc.gov.cn/diaochatongjisi/116219/116225/2863562/index.html,人民银行社融单月分项，亿元；历史口径与缺失按原表保留
tsf_rmb_flow,CHN,2011-05,5516,亿元,M,,https://www.pbc.gov.cn/diaochatongjisi/116219/116225/2863562/index.html,人民银行社融单月分项，亿元；历史口径与缺失按原表保留
tsf_rmb_flow,CHN,2011-06,6339,亿元,M,,https://www.pbc.gov.cn/diaochatongjisi/116219/116225/2863562/index.html,人民银行社融单月分项，亿元；历史口径与缺失按原表保留
tsf_rmb_flow,CHN,2011-07,4916,亿元,M,,https://www.pbc.gov.cn/diaochatongjisi/116219/116225/2863562/index.html,人民银行社融单月分项，亿元；历史口径与缺失按原表保留
tsf_rmb_flow,CHN,2011-08,5484,亿元,M,,https://www.pbc.gov.cn/diaochatongjisi/116219/116225/2863562/index.html,人民银行社融单月分项，亿元；历史口径与缺失按原表保留
tsf_rmb_flow,CHN,2011-09,4693,亿元,M,,https://www.pbc.gov.cn/diaochatongjisi/116219/116225/2863562/index.html,人民银行社融单月分项，亿元；历史口径与缺失按原表保留
tsf_rmb_flow,CHN,2011-10,5868,亿元,M,,https://www.pbc.gov.cn/diaochatongjisi/116219/116225/2863562/index.html,人民银行社融单月分项，亿元；历史口径与缺失按原表保留
tsf_rmb_flow,CHN,2011-11,5629,亿元,M,,https://www.pbc.gov.cn/diaochatongjisi/116219/116225/2863562/index.html,人民银行社融单月分项，亿元；历史口径与缺失按原表保留
tsf_rmb_flow,CHN,2011-12,6406,亿元,M,,https://www.pbc.gov.cn/diaochatongjisi/116219/116225/2863562/index.html,人民银行社融单月分项，亿元；历史口径与缺失按原表保留
tsf_rmb_flow,CHN,2012-01,7381,亿元,M,,https://www.pbc.gov.cn/eportal/fileDir/defaultCurSite/resource/cms/2015/07/2012s18.htm,人民银行社融单月分项，亿元；历史口径与缺失按原表保留
tsf_rmb_flow,CHN,2012-02,7107,亿元,M,,https://www.pbc.gov.cn/eportal/fileDir/defaultCurSite/resource/cms/2015/07/2012s18.htm,人民银行社融单月分项，亿元；历史口径与缺失按原表保留
tsf_rmb_flow,CHN,2012-03,10114,亿元,M,,https://www.pbc.gov.cn/eportal/fileDir/defaultCurSite/resource/cms/2015/07/2012s18.htm,人民银行社融单月分项，亿元；历史口径与缺失按原表保留
tsf_rmb_flow,CHN,2012-04,6818,亿元,M,,https://www.pbc.gov.cn/eportal/fileDir/defaultCurSite/resource/cms/2015/07/2012s18.htm,人民银行社融单月分项，亿元；历史口径与缺失按原表保留
tsf_rmb_flow,CHN,2012-05,7932,亿元,M,,https://www.pbc.gov.cn/eportal/fileDir/defaultCurSite/resource/cms/2015/07/2012s18.htm,人民银行社融单月分项，亿元；历史口径与缺失按原表保留
tsf_rmb_flow,CHN,2012-06,9198,亿元,M,,https://www.pbc.gov.cn/eportal/fileDir/defaultCurSite/resource/cms/2015/07/2012s18.htm,人民银行社融单月分项，亿元；历史口径与缺失按原表保留
tsf_rmb_flow,CHN,2012-07,5401,亿元,M,,https://www.pbc.gov.cn/eportal/fileDir/defaultCurSite/resource/cms/2015/07/2012s18.htm,人民银行社融单月分项，亿元；历史口径与缺失按原表保留
tsf_rmb_flow,CHN,2012-08,7039,亿元,M,,https://www.pbc.gov.cn/eportal/fileDir/defaultCurSite/resource/cms/2015/07/2012s18.htm,人民银行社融单月分项，亿元；历史口径与缺失按原表保留
tsf_rmb_flow,CHN,2012-09,6226,亿元,M,,https://www.pbc.gov.cn/eportal/fileDir/defaultCurSite/resource/cms/2015/07/2012s18.htm,人民银行社融单月分项，亿元；历史口径与缺失按原表保留
tsf_rmb_flow,CHN,2012-10,5054,亿元,M,,https://www.pbc.gov.cn/eportal/fileDir/defaultCurSite/resource/cms/2015/07/2012s18.htm,人民银行社融单月分项，亿元；历史口径与缺失按原表保留
tsf_rmb_flow,CHN,2012-11,5220,亿元,M,,https://www.pbc.gov.cn/eportal/fileDir/defaultCurSite/resource/cms/2015/07/2012s18.htm,人民银行社融单月分项，亿元；历史口径与缺失按原表保留
tsf_rmb_flow,CHN,2012-12,4546,亿元,M,,https://www.pbc.gov.cn/eportal/fileDir/defaultCurSite/resource/cms/2015/07/2012s18.htm,人民银行社融单月分项，亿元；历史口径与缺失按原表保留
tsf_rmb_flow,CHN,2013-01,10721,亿元,M,,https://www.pbc.gov.cn/eportal/fileDir/defaultCurSite/resource/cms/2015/07/2013s18.htm,人民银行社融单月分项，亿元；历史口径与缺失按原表保留
tsf_rmb_flow,CHN,2013-02,6200,亿元,M,,https://www.pbc.gov.cn/eportal/fileDir/defaultCurSite/resource/cms/2015/07/2013s18.htm,人民银行社融单月分项，亿元；历史口径与缺失按原表保留
tsf_rmb_flow,CHN,2013-03,10625,亿元,M,,https://www.pbc.gov.cn/eportal/fileDir/defaultCurSite/resource/cms/2015/07/2013s18.htm,人民银行社融单月分项，亿元；历史口径与缺失按原表保留
tsf_rmb_flow,CHN,2013-04,7923,亿元,M,,https://www.pbc.gov.cn/eportal/fileDir/defaultCurSite/resource/cms/2015/07/2013s18.htm,人民银行社融单月分项，亿元；历史口径与缺失按原表保留
tsf_rmb_flow,CHN,2013-05,6694,亿元,M,,https://www.pbc.gov.cn/eportal/fileDir/defaultCurSite/resource/cms/2015/07/2013s18.htm,人民银行社融单月分项，亿元；历史口径与缺失按原表保留
tsf_rmb_flow,CHN,2013-06,8628,亿元,M,,https://www.pbc.gov.cn/eportal/fileDir/defaultCurSite/resource/cms/2015/07/2013s18.htm,人民银行社融单月分项，亿元；历史口径与缺失按原表保留
tsf_rmb_flow,CHN,2013-07,6997,亿元,M,,https://www.pbc.gov.cn/eportal/fileDir/defaultCurSite/resource/cms/2015/07/2013s18.htm,人民银行社融单月分项，亿元；历史口径与缺失按原表保留
tsf_rmb_flow,CHN,2013-08,7128,亿元,M,,https://www.pbc.gov.cn/eportal/fileDir/defaultCurSite/resource/cms/2015/07/2013s18.htm,人民银行社融单月分项，亿元；历史口径与缺失按原表保留
tsf_rmb_flow,CHN,2013-09,7870,亿元,M,,https://www.pbc.gov.cn/eportal/fileDir/defaultCurSite/resource/cms/2015/07/2013s18.htm,人民银行社融单月分项，亿元；历史口径与缺失按原表保留
tsf_rmb_flow,CHN,2013-10,5060,亿元,M,,https://www.pbc.gov.cn/eportal/fileDir/defaultCurSite/resource/cms/2015/07/2013s18.htm,人民银行社融单月分项，亿元；历史口径与缺失按原表保留
tsf_rmb_flow,CHN,2013-11,6246,亿元,M,,https://www.pbc.gov.cn/eportal/fileDir/defaultCurSite/resource/cms/2015/07/2013s18.htm,人民银行社融单月分项，亿元；历史口径与缺失按原表保留
tsf_rmb_flow,CHN,2013-12,4824,亿元,M,,https://www.pbc.gov.cn/eportal/fileDir/defaultCurSite/resource/cms/2015/07/2013s18.htm,人民银行社融单月分项，亿元；历史口径与缺失按原表保留
tsf_rmb_flow,CHN,2014-01,13190,亿元,M,,https://www.pbc.gov.cn/eportal/fileDir/defaultCurSite/resource/cms/2015/07/2014s18.htm,人民银行社融单月分项，亿元；历史口径与缺失按原表保留
tsf_rmb_flow,CHN,2014-02,6448,亿元,M,,https://www.pbc.gov.cn/eportal/fileDir/defaultCurSite/resource/cms/2015/07/2014s18.htm,人民银行社融单月分项，亿元；历史口径与缺失按原表保留
tsf_rmb_flow,CHN,2014-03,10497,亿元,M,,https://www.pbc.gov.cn/eportal/fileDir/defaultCurSite/resource/cms/2015/07/2014s18.htm,人民银行社融单月分项，亿元；历史口径与缺失按原表保留
tsf_rmb_flow,CHN,2014-04,7745,亿元,M,,https://www.pbc.gov.cn/eportal/fileDir/defaultCurSite/resource/cms/2015/07/2014s18.htm,人民银行社融单月分项，亿元；历史口径与缺失按原表保留
tsf_rmb_flow,CHN,2014-05,8708,亿元,M,,https://www.pbc.gov.cn/eportal/fileDir/defaultCurSite/resource/cms/2015/07/2014s18.htm,人民银行社融单月分项，亿元；历史口径与缺失按原表保留
tsf_rmb_flow,CHN,2014-06,10793,亿元,M,,https://www.pbc.gov.cn/eportal/fileDir/defaultCurSite/resource/cms/2015/07/2014s18.htm,人民银行社融单月分项，亿元；历史口径与缺失按原表保留
tsf_rmb_flow,CHN,2014-07,3852,亿元,M,,https://www.pbc.gov.cn/eportal/fileDir/defaultCurSite/resource/cms/2015/07/2014s18.htm,人民银行社融单月分项，亿元；历史口径与缺失按原表保留
tsf_rmb_flow,CHN,2014-08,7025,亿元,M,,https://www.pbc.gov.cn/eportal/fileDir/defaultCurSite/resource/cms/2015/07/2014s18.htm,人民银行社融单月分项，亿元；历史口径与缺失按原表保留
tsf_rmb_flow,CHN,2014-09,8572,亿元,M,,https://www.pbc.gov.cn/eportal/fileDir/defaultCurSite/resource/cms/2015/07/2014s18.htm,人民银行社融单月分项，亿元；历史口径与缺失按原表保留
tsf_rmb_flow,CHN,2014-10,5483,亿元,M,,https://www.pbc.gov.cn/eportal/fileDir/defaultCurSite/resource/cms/2015/07/2014s18.htm,人民银行社融单月分项，亿元；历史口径与缺失按原表保留
tsf_rmb_flow,CHN,2014-11,8527,亿元,M,,https://www.pbc.gov.cn/eportal/fileDir/defaultCurSite/resource/cms/2015/07/2014s18.htm,人民银行社融单月分项，亿元；历史口径与缺失按原表保留
tsf_rmb_flow,CHN,2014-12,6973,亿元,M,,https://www.pbc.gov.cn/eportal/fileDir/defaultCurSite/resource/cms/2015/07/2014s18.htm,人民银行社融单月分项，亿元；历史口径与缺失按原表保留
tsf_rmb_flow,CHN,2015-01,14707.8839839028,亿元,M,,https://www.pbc.gov.cn/diaochatongjisi/fileDir/resource/cms/2018/04/2018041810462448165.xls,人民银行社融单月分项，亿元；历史口径与缺失按原表保留
tsf_rmb_flow,CHN,2015-02,11436.9815368873,亿元,M,,https://www.pbc.gov.cn/diaochatongjisi/fileDir/resource/cms/2018/04/2018041810462448165.xls,人民银行社融单月分项，亿元；历史口径与缺失按原表保留
tsf_rmb_flow,CHN,2015-03,9919.8619963599,亿元,M,,https://www.pbc.gov.cn/diaochatongjisi/fileDir/resource/cms/2018/04/2018041810462448165.xls,人民银行社融单月分项，亿元；历史口径与缺失按原表保留
tsf_rmb_flow,CHN,2015-04,8045.0603865113,亿元,M,,https://www.pbc.gov.cn/diaochatongjisi/fileDir/resource/cms/2018/04/2018041810462448165.xls,人民银行社融单月分项，亿元；历史口径与缺失按原表保留
tsf_rmb_flow,CHN,2015-05,8510.1818136305,亿元,M,,https://www.pbc.gov.cn/diaochatongjisi/fileDir/resource/cms/2018/04/2018041810462448165.xls,人民银行社融单月分项，亿元；历史口径与缺失按原表保留
tsf_rmb_flow,CHN,2015-06,13239.558798177899,亿元,M,,https://www.pbc.gov.cn/diaochatongjisi/fileDir/resource/cms/2018/04/2018041810462448165.xls,人民银行社融单月分项，亿元；历史口径与缺失按原表保留
tsf_rmb_flow,CHN,2015-07,5890.468935471999,亿元,M,,https://www.pbc.gov.cn/diaochatongjisi/fileDir/resource/cms/2018/04/2018041810462448165.xls,人民银行社融单月分项，亿元；历史口径与缺失按原表保留
tsf_rmb_flow,CHN,2015-08,7755.9196169245,亿元,M,,https://www.pbc.gov.cn/diaochatongjisi/fileDir/resource/cms/2018/04/2018041810462448165.xls,人民银行社融单月分项，亿元；历史口径与缺失按原表保留
tsf_rmb_flow,CHN,2015-09,10417.2448626495,亿元,M,,https://www.pbc.gov.cn/diaochatongjisi/fileDir/resource/cms/2018/04/2018041810462448165.xls,人民银行社融单月分项，亿元；历史口径与缺失按原表保留
tsf_rmb_flow,CHN,2015-10,5573.7556653694,亿元,M,,https://www.pbc.gov.cn/diaochatongjisi/fileDir/resource/cms/2018/04/2018041810462448165.xls,人民银行社融单月分项，亿元；历史口径与缺失按原表保留
tsf_rmb_flow,CHN,2015-11,8872.9024300179,亿元,M,,https://www.pbc.gov.cn/diaochatongjisi/fileDir/resource/cms/2018/04/2018041810462448165.xls,人民银行社融单月分项，亿元；历史口径与缺失按原表保留
tsf_rmb_flow,CHN,2015-12,8323.0832311062,亿元,M,,https://www.pbc.gov.cn/diaochatongjisi/fileDir/resource/cms/2018/04/2018041810462448165.xls,人民银行社融单月分项，亿元；历史口径与缺失按原表保留
tsf_rmb_flow,CHN,2016-01,25370.070216871398,亿元,M,,https://www.pbc.gov.cn/diaochatongjisi/fileDir/resource/cms/2018/04/2018041810585985661.xls,人民银行社融单月分项，亿元；历史口径与缺失按原表保留
tsf_rmb_flow,CHN,2016-02,8105.442308735801,亿元,M,,https://www.pbc.gov.cn/diaochatongjisi/fileDir/resource/cms/2018/04/2018041810585985661.xls,人民银行社融单月分项，亿元；历史口径与缺失按原表保留
tsf_rmb_flow,CHN,2016-03,13175.5618029027,亿元,M,,https://www.pbc.gov.cn/diaochatongjisi/fileDir/resource/cms/2018/04/2018041810585985661.xls,人民银行社融单月分项，亿元；历史口径与缺失按原表保留
tsf_rmb_flow,CHN,2016-04,5642.0527185587,亿元,M,,https://www.pbc.gov.cn/diaochatongjisi/fileDir/resource/cms/2018/04/2018041810585985661.xls,人民银行社融单月分项，亿元；历史口径与缺失按原表保留
tsf_rmb_flow,CHN,2016-05,9374.267687706599,亿元,M,,https://www.pbc.gov.cn/diaochatongjisi/fileDir/resource/cms/2018/04/2018041810585985661.xls,人民银行社融单月分项，亿元；历史口径与缺失按原表保留
tsf_rmb_flow,CHN,2016-06,13141.107510369799,亿元,M,,https://www.pbc.gov.cn/diaochatongjisi/fileDir/resource/cms/2018/04/2018041810585985661.xls,人民银行社融单月分项，亿元；历史口径与缺失按原表保留
tsf_rmb_flow,CHN,2016-07,4550.223157471501,亿元,M,,https://www.pbc.gov.cn/diaochatongjisi/fileDir/resource/cms/2018/04/2018041810585985661.xls,人民银行社融单月分项，亿元；历史口径与缺失按原表保留
tsf_rmb_flow,CHN,2016-08,7969.196205642001,亿元,M,,https://www.pbc.gov.cn/diaochatongjisi/fileDir/resource/cms/2018/04/2018041810585985661.xls,人民银行社融单月分项，亿元；历史口径与缺失按原表保留
tsf_rmb_flow,CHN,2016-09,12628.0636500888,亿元,M,,https://www.pbc.gov.cn/diaochatongjisi/fileDir/resource/cms/2018/04/2018041810585985661.xls,人民银行社融单月分项，亿元；历史口径与缺失按原表保留
tsf_rmb_flow,CHN,2016-10,6010.330601270701,亿元,M,,https://www.pbc.gov.cn/diaochatongjisi/fileDir/resource/cms/2018/04/2018041810585985661.xls,人民银行社融单月分项，亿元；历史口径与缺失按原表保留
tsf_rmb_flow,CHN,2016-11,8463.2620446455,亿元,M,,https://www.pbc.gov.cn/diaochatongjisi/fileDir/resource/cms/2018/04/2018041810585985661.xls,人民银行社融单月分项，亿元；历史口径与缺失按原表保留
tsf_rmb_flow,CHN,2016-12,9942.787980237601,亿元,M,,https://www.pbc.gov.cn/diaochatongjisi/fileDir/resource/cms/2018/04/2018041810585985661.xls,人民银行社融单月分项，亿元；历史口径与缺失按原表保留
tsf_rmb_flow,CHN,2017-01,23133.0,亿元,M,,https://www.pbc.gov.cn/diaochatongjisi/attachDir/2025/11/2025110511302316239.xls,人民银行社融单月分项，亿元；历史口径与缺失按原表保留
tsf_rmb_flow,CHN,2017-02,10317.0,亿元,M,,https://www.pbc.gov.cn/diaochatongjisi/attachDir/2025/11/2025110511302316239.xls,人民银行社融单月分项，亿元；历史口径与缺失按原表保留
tsf_rmb_flow,CHN,2017-03,11586.0,亿元,M,,https://www.pbc.gov.cn/diaochatongjisi/attachDir/2025/11/2025110511302316239.xls,人民银行社融单月分项，亿元；历史口径与缺失按原表保留
tsf_rmb_flow,CHN,2017-04,10806.0,亿元,M,,https://www.pbc.gov.cn/diaochatongjisi/attachDir/2025/11/2025110511302316239.xls,人民银行社融单月分项，亿元；历史口径与缺失按原表保留
tsf_rmb_flow,CHN,2017-05,11780.0,亿元,M,,https://www.pbc.gov.cn/diaochatongjisi/attachDir/2025/11/2025110511302316239.xls,人民银行社融单月分项，亿元；历史口径与缺失按原表保留
tsf_rmb_flow,CHN,2017-06,14474.0,亿元,M,,https://www.pbc.gov.cn/diaochatongjisi/attachDir/2025/11/2025110511302316239.xls,人民银行社融单月分项，亿元；历史口径与缺失按原表保留
tsf_rmb_flow,CHN,2017-07,9152.0,亿元,M,,https://www.pbc.gov.cn/diaochatongjisi/attachDir/2025/11/2025110511302316239.xls,人民银行社融单月分项，亿元；历史口径与缺失按原表保留
tsf_rmb_flow,CHN,2017-08,11466.0,亿元,M,,https://www.pbc.gov.cn/diaochatongjisi/attachDir/2025/11/2025110511302316239.xls,人民银行社融单月分项，亿元；历史口径与缺失按原表保留
tsf_rmb_flow,CHN,2017-09,11885.0,亿元,M,,https://www.pbc.gov.cn/diaochatongjisi/attachDir/2025/11/2025110511302316239.xls,人民银行社融单月分项，亿元；历史口径与缺失按原表保留
tsf_rmb_flow,CHN,2017-10,6635.0,亿元,M,,https://www.pbc.gov.cn/diaochatongjisi/attachDir/2025/11/2025110511302316239.xls,人民银行社融单月分项，亿元；历史口径与缺失按原表保留
tsf_rmb_flow,CHN,2017-11,11428.0,亿元,M,,https://www.pbc.gov.cn/diaochatongjisi/attachDir/2025/11/2025110511302316239.xls,人民银行社融单月分项，亿元；历史口径与缺失按原表保留
tsf_rmb_flow,CHN,2017-12,5769.0,亿元,M,,https://www.pbc.gov.cn/diaochatongjisi/attachDir/2025/11/2025110511302316239.xls,人民银行社融单月分项，亿元；历史口径与缺失按原表保留
tsf_rmb_flow,CHN,2018-01,26850.0,亿元,M,,https://www.pbc.gov.cn/diaochatongjisi/attachDir/2025/11/2025110511302316239.xls,人民银行社融单月分项，亿元；历史口径与缺失按原表保留
tsf_rmb_flow,CHN,2018-02,10199.0,亿元,M,,https://www.pbc.gov.cn/diaochatongjisi/attachDir/2025/11/2025110511302316239.xls,人民银行社融单月分项，亿元；历史口径与缺失按原表保留
tsf_rmb_flow,CHN,2018-03,11425.0,亿元,M,,https://www.pbc.gov.cn/diaochatongjisi/attachDir/2025/11/2025110511302316239.xls,人民银行社融单月分项，亿元；历史口径与缺失按原表保留
tsf_rmb_flow,CHN,2018-04,10987.0,亿元,M,,https://www.pbc.gov.cn/diaochatongjisi/attachDir/2025/11/2025110511302316239.xls,人民银行社融单月分项，亿元；历史口径与缺失按原表保留
tsf_rmb_flow,CHN,2018-05,11396.0,亿元,M,,https://www.pbc.gov.cn/diaochatongjisi/attachDir/2025/11/2025110511302316239.xls,人民银行社融单月分项，亿元；历史口径与缺失按原表保留
tsf_rmb_flow,CHN,2018-06,16787.0,亿元,M,,https://www.pbc.gov.cn/diaochatongjisi/attachDir/2025/11/2025110511302316239.xls,人民银行社融单月分项，亿元；历史口径与缺失按原表保留
tsf_rmb_flow,CHN,2018-07,12861.0,亿元,M,,https://www.pbc.gov.cn/diaochatongjisi/attachDir/2025/11/2025110511302316239.xls,人民银行社融单月分项，亿元；历史口径与缺失按原表保留
tsf_rmb_flow,CHN,2018-08,13140.0,亿元,M,,https://www.pbc.gov.cn/diaochatongjisi/attachDir/2025/11/2025110511302316239.xls,人民银行社融单月分项，亿元；历史口径与缺失按原表保留
tsf_rmb_flow,CHN,2018-09,14341.0,亿元,M,,https://www.pbc.gov.cn/diaochatongjisi/attachDir/2025/11/2025110511302316239.xls,人民银行社融单月分项，亿元；历史口径与缺失按原表保留
tsf_rmb_flow,CHN,2018-10,7141.0,亿元,M,,https://www.pbc.gov.cn/diaochatongjisi/attachDir/2025/11/2025110511302316239.xls,人民银行社融单月分项，亿元；历史口径与缺失按原表保留
tsf_rmb_flow,CHN,2018-11,12302.0,亿元,M,,https://www.pbc.gov.cn/diaochatongjisi/attachDir/2025/11/2025110511302316239.xls,人民银行社融单月分项，亿元；历史口径与缺失按原表保留
tsf_rmb_flow,CHN,2018-12,9281.0,亿元,M,,https://www.pbc.gov.cn/diaochatongjisi/attachDir/2025/11/2025110511302316239.xls,人民银行社融单月分项，亿元；历史口径与缺失按原表保留
tsf_rmb_flow,CHN,2019-01,35668.0,亿元,M,,https://www.pbc.gov.cn/diaochatongjisi/attachDir/2025/11/2025110511302316239.xls,人民银行社融单月分项，亿元；历史口径与缺失按原表保留
tsf_rmb_flow,CHN,2019-02,7641.0,亿元,M,,https://www.pbc.gov.cn/diaochatongjisi/attachDir/2025/11/2025110511302316239.xls,人民银行社融单月分项，亿元；历史口径与缺失按原表保留
tsf_rmb_flow,CHN,2019-03,19584.0,亿元,M,,https://www.pbc.gov.cn/diaochatongjisi/attachDir/2025/11/2025110511302316239.xls,人民银行社融单月分项，亿元；历史口径与缺失按原表保留
tsf_rmb_flow,CHN,2019-04,8733.0,亿元,M,,https://www.pbc.gov.cn/diaochatongjisi/attachDir/2025/11/2025110511302316239.xls,人民银行社融单月分项，亿元；历史口径与缺失按原表保留
tsf_rmb_flow,CHN,2019-05,11855.0,亿元,M,,https://www.pbc.gov.cn/diaochatongjisi/attachDir/2025/11/2025110511302316239.xls,人民银行社融单月分项，亿元；历史口径与缺失按原表保留
tsf_rmb_flow,CHN,2019-06,16737.0,亿元,M,,https://www.pbc.gov.cn/diaochatongjisi/attachDir/2025/11/2025110511302316239.xls,人民银行社融单月分项，亿元；历史口径与缺失按原表保留
tsf_rmb_flow,CHN,2019-07,8086.0,亿元,M,,https://www.pbc.gov.cn/diaochatongjisi/attachDir/2025/11/2025110511302316239.xls,人民银行社融单月分项，亿元；历史口径与缺失按原表保留
tsf_rmb_flow,CHN,2019-08,13045.0,亿元,M,,https://www.pbc.gov.cn/diaochatongjisi/attachDir/2025/11/2025110511302316239.xls,人民银行社融单月分项，亿元；历史口径与缺失按原表保留
tsf_rmb_flow,CHN,2019-09,17612.0,亿元,M,,https://www.pbc.gov.cn/diaochatongjisi/attachDir/2025/11/2025110511302316239.xls,人民银行社融单月分项，亿元；历史口径与缺失按原表保留
tsf_rmb_flow,CHN,2019-10,5470.0,亿元,M,,https://www.pbc.gov.cn/diaochatongjisi/attachDir/2025/11/2025110511302316239.xls,人民银行社融单月分项，亿元；历史口径与缺失按原表保留
tsf_rmb_flow,CHN,2019-11,13633.0,亿元,M,,https://www.pbc.gov.cn/diaochatongjisi/attachDir/2025/11/2025110511302316239.xls,人民银行社融单月分项，亿元；历史口径与缺失按原表保留
tsf_rmb_flow,CHN,2019-12,10770.0,亿元,M,,https://www.pbc.gov.cn/diaochatongjisi/attachDir/2025/11/2025110511302316239.xls,人民银行社融单月分项，亿元；历史口径与缺失按原表保留
tsf_rmb_flow,CHN,2020-01,34924.0,亿元,M,,https://www.pbc.gov.cn/diaochatongjisi/attachDir/2025/11/2025110510115085998.xls,人民银行社融单月分项，亿元；历史口径与缺失按原表保留
tsf_rmb_flow,CHN,2020-02,7202.0,亿元,M,,https://www.pbc.gov.cn/diaochatongjisi/attachDir/2025/11/2025110510115085998.xls,人民银行社融单月分项，亿元；历史口径与缺失按原表保留
tsf_rmb_flow,CHN,2020-03,30390.0,亿元,M,,https://www.pbc.gov.cn/diaochatongjisi/attachDir/2025/11/2025110510115085998.xls,人民银行社融单月分项，亿元；历史口径与缺失按原表保留
tsf_rmb_flow,CHN,2020-04,16239.0,亿元,M,,https://www.pbc.gov.cn/diaochatongjisi/attachDir/2025/11/2025110510115085998.xls,人民银行社融单月分项，亿元；历史口径与缺失按原表保留
tsf_rmb_flow,CHN,2020-05,15502.0,亿元,M,,https://www.pbc.gov.cn/diaochatongjisi/attachDir/2025/11/2025110510115085998.xls,人民银行社融单月分项，亿元；历史口径与缺失按原表保留
tsf_rmb_flow,CHN,2020-06,19029.0,亿元,M,,https://www.pbc.gov.cn/diaochatongjisi/attachDir/2025/11/2025110510115085998.xls,人民银行社融单月分项，亿元；历史口径与缺失按原表保留
tsf_rmb_flow,CHN,2020-07,10221.0,亿元,M,,https://www.pbc.gov.cn/diaochatongjisi/attachDir/2025/11/2025110510115085998.xls,人民银行社融单月分项，亿元；历史口径与缺失按原表保留
tsf_rmb_flow,CHN,2020-08,14201.0,亿元,M,,https://www.pbc.gov.cn/diaochatongjisi/attachDir/2025/11/2025110510115085998.xls,人民银行社融单月分项，亿元；历史口径与缺失按原表保留
tsf_rmb_flow,CHN,2020-09,19171.0,亿元,M,,https://www.pbc.gov.cn/diaochatongjisi/attachDir/2025/11/2025110510115085998.xls,人民银行社融单月分项，亿元；历史口径与缺失按原表保留
tsf_rmb_flow,CHN,2020-10,6663.0,亿元,M,,https://www.pbc.gov.cn/diaochatongjisi/attachDir/2025/11/2025110510115085998.xls,人民银行社融单月分项，亿元；历史口径与缺失按原表保留
tsf_rmb_flow,CHN,2020-11,15309.0,亿元,M,,https://www.pbc.gov.cn/diaochatongjisi/attachDir/2025/11/2025110510115085998.xls,人民银行社融单月分项，亿元；历史口径与缺失按原表保留
tsf_rmb_flow,CHN,2020-12,11458.0,亿元,M,,https://www.pbc.gov.cn/diaochatongjisi/attachDir/2025/11/2025110510115085998.xls,人民银行社融单月分项，亿元；历史口径与缺失按原表保留
tsf_rmb_flow,CHN,2021-01,38182.0,亿元,M,,https://www.pbc.gov.cn/diaochatongjisi/attachDir/2025/11/2025110509591087259.xls,人民银行社融单月分项，亿元；历史口径与缺失按原表保留
tsf_rmb_flow,CHN,2021-02,13413.0,亿元,M,,https://www.pbc.gov.cn/diaochatongjisi/attachDir/2025/11/2025110509591087259.xls,人民银行社融单月分项，亿元；历史口径与缺失按原表保留
tsf_rmb_flow,CHN,2021-03,27511.0,亿元,M,,https://www.pbc.gov.cn/diaochatongjisi/attachDir/2025/11/2025110509591087259.xls,人民银行社融单月分项，亿元；历史口径与缺失按原表保留
tsf_rmb_flow,CHN,2021-04,12840.0,亿元,M,,https://www.pbc.gov.cn/diaochatongjisi/attachDir/2025/11/2025110509591087259.xls,人民银行社融单月分项，亿元；历史口径与缺失按原表保留
tsf_rmb_flow,CHN,2021-05,14294.0,亿元,M,,https://www.pbc.gov.cn/diaochatongjisi/attachDir/2025/11/2025110509591087259.xls,人民银行社融单月分项，亿元；历史口径与缺失按原表保留
tsf_rmb_flow,CHN,2021-06,23182.0,亿元,M,,https://www.pbc.gov.cn/diaochatongjisi/attachDir/2025/11/2025110509591087259.xls,人民银行社融单月分项，亿元；历史口径与缺失按原表保留
tsf_rmb_flow,CHN,2021-07,8391.0,亿元,M,,https://www.pbc.gov.cn/diaochatongjisi/attachDir/2025/11/2025110509591087259.xls,人民银行社融单月分项，亿元；历史口径与缺失按原表保留
tsf_rmb_flow,CHN,2021-08,12713.0,亿元,M,,https://www.pbc.gov.cn/diaochatongjisi/attachDir/2025/11/2025110509591087259.xls,人民银行社融单月分项，亿元；历史口径与缺失按原表保留
tsf_rmb_flow,CHN,2021-09,17755.0,亿元,M,,https://www.pbc.gov.cn/diaochatongjisi/attachDir/2025/11/2025110509591087259.xls,人民银行社融单月分项，亿元；历史口径与缺失按原表保留
tsf_rmb_flow,CHN,2021-10,7752.0,亿元,M,,https://www.pbc.gov.cn/diaochatongjisi/attachDir/2025/11/2025110509591087259.xls,人民银行社融单月分项，亿元；历史口径与缺失按原表保留
tsf_rmb_flow,CHN,2021-11,13021.0,亿元,M,,https://www.pbc.gov.cn/diaochatongjisi/attachDir/2025/11/2025110509591087259.xls,人民银行社融单月分项，亿元；历史口径与缺失按原表保留
tsf_rmb_flow,CHN,2021-12,10350.0,亿元,M,,https://www.pbc.gov.cn/diaochatongjisi/attachDir/2025/11/2025110509591087259.xls,人民银行社融单月分项，亿元；历史口径与缺失按原表保留
tsf_rmb_flow,CHN,2022-01,41988,亿元,M,,https://www.pbc.gov.cn/diaochatongjisi/attachDir/2025/11/2025110416594167877.xlsx,人民银行社融单月分项，亿元；历史口径与缺失按原表保留
tsf_rmb_flow,CHN,2022-02,9084,亿元,M,,https://www.pbc.gov.cn/diaochatongjisi/attachDir/2025/11/2025110416594167877.xlsx,人民银行社融单月分项，亿元；历史口径与缺失按原表保留
tsf_rmb_flow,CHN,2022-03,32291,亿元,M,,https://www.pbc.gov.cn/diaochatongjisi/attachDir/2025/11/2025110416594167877.xlsx,人民银行社融单月分项，亿元；历史口径与缺失按原表保留
tsf_rmb_flow,CHN,2022-04,3616,亿元,M,,https://www.pbc.gov.cn/diaochatongjisi/attachDir/2025/11/2025110416594167877.xlsx,人民银行社融单月分项，亿元；历史口径与缺失按原表保留
tsf_rmb_flow,CHN,2022-05,18230,亿元,M,,https://www.pbc.gov.cn/diaochatongjisi/attachDir/2025/11/2025110416594167877.xlsx,人民银行社融单月分项，亿元；历史口径与缺失按原表保留
tsf_rmb_flow,CHN,2022-06,30540,亿元,M,,https://www.pbc.gov.cn/diaochatongjisi/attachDir/2025/11/2025110416594167877.xlsx,人民银行社融单月分项，亿元；历史口径与缺失按原表保留
tsf_rmb_flow,CHN,2022-07,4088,亿元,M,,https://www.pbc.gov.cn/diaochatongjisi/attachDir/2025/11/2025110416594167877.xlsx,人民银行社融单月分项，亿元；历史口径与缺失按原表保留
tsf_rmb_flow,CHN,2022-08,13344,亿元,M,,https://www.pbc.gov.cn/diaochatongjisi/attachDir/2025/11/2025110416594167877.xlsx,人民银行社融单月分项，亿元；历史口径与缺失按原表保留
tsf_rmb_flow,CHN,2022-09,25686,亿元,M,,https://www.pbc.gov.cn/diaochatongjisi/attachDir/2025/11/2025110416594167877.xlsx,人民银行社融单月分项，亿元；历史口径与缺失按原表保留
tsf_rmb_flow,CHN,2022-10,4431,亿元,M,,https://www.pbc.gov.cn/diaochatongjisi/attachDir/2025/11/2025110416594167877.xlsx,人民银行社融单月分项，亿元；历史口径与缺失按原表保留
tsf_rmb_flow,CHN,2022-11,11448,亿元,M,,https://www.pbc.gov.cn/diaochatongjisi/attachDir/2025/11/2025110416594167877.xlsx,人民银行社融单月分项，亿元；历史口径与缺失按原表保留
tsf_rmb_flow,CHN,2022-12,14401,亿元,M,,https://www.pbc.gov.cn/diaochatongjisi/attachDir/2025/11/2025110416594167877.xlsx,人民银行社融单月分项，亿元；历史口径与缺失按原表保留
tsf_rmb_flow,CHN,2023-01,49314,亿元,M,,https://www.pbc.gov.cn/diaochatongjisi/attachDir/2025/11/2025110415542112867.xlsx,人民银行社融单月分项，亿元；历史口径与缺失按原表保留
tsf_rmb_flow,CHN,2023-02,18184,亿元,M,,https://www.pbc.gov.cn/diaochatongjisi/attachDir/2025/11/2025110415542112867.xlsx,人民银行社融单月分项，亿元；历史口径与缺失按原表保留
tsf_rmb_flow,CHN,2023-03,39487,亿元,M,,https://www.pbc.gov.cn/diaochatongjisi/attachDir/2025/11/2025110415542112867.xlsx,人民银行社融单月分项，亿元；历史口径与缺失按原表保留
tsf_rmb_flow,CHN,2023-04,4431,亿元,M,,https://www.pbc.gov.cn/diaochatongjisi/attachDir/2025/11/2025110415542112867.xlsx,人民银行社融单月分项，亿元；历史口径与缺失按原表保留
tsf_rmb_flow,CHN,2023-05,12219,亿元,M,,https://www.pbc.gov.cn/diaochatongjisi/attachDir/2025/11/2025110415542112867.xlsx,人民银行社融单月分项，亿元；历史口径与缺失按原表保留
tsf_rmb_flow,CHN,2023-06,32413,亿元,M,,https://www.pbc.gov.cn/diaochatongjisi/attachDir/2025/11/2025110415542112867.xlsx,人民银行社融单月分项，亿元；历史口径与缺失按原表保留
tsf_rmb_flow,CHN,2023-07,364,亿元,M,,https://www.pbc.gov.cn/diaochatongjisi/attachDir/2025/11/2025110415542112867.xlsx,人民银行社融单月分项，亿元；历史口径与缺失按原表保留
tsf_rmb_flow,CHN,2023-08,13412,亿元,M,,https://www.pbc.gov.cn/diaochatongjisi/attachDir/2025/11/2025110415542112867.xlsx,人民银行社融单月分项，亿元；历史口径与缺失按原表保留
tsf_rmb_flow,CHN,2023-09,25369,亿元,M,,https://www.pbc.gov.cn/diaochatongjisi/attachDir/2025/11/2025110415542112867.xlsx,人民银行社融单月分项，亿元；历史口径与缺失按原表保留
tsf_rmb_flow,CHN,2023-10,4837,亿元,M,,https://www.pbc.gov.cn/diaochatongjisi/attachDir/2025/11/2025110415542112867.xlsx,人民银行社融单月分项，亿元；历史口径与缺失按原表保留
tsf_rmb_flow,CHN,2023-11,11120,亿元,M,,https://www.pbc.gov.cn/diaochatongjisi/attachDir/2025/11/2025110415542112867.xlsx,人民银行社融单月分项，亿元；历史口径与缺失按原表保留
tsf_rmb_flow,CHN,2023-12,11092,亿元,M,,https://www.pbc.gov.cn/diaochatongjisi/attachDir/2025/11/2025110415542112867.xlsx,人民银行社融单月分项，亿元；历史口径与缺失按原表保留
tsf_rmb_flow,CHN,2024-01,48401,亿元,M,,https://www.pbc.gov.cn/diaochatongjisi/attachDir/2025/11/2025111416252488839.xlsx,人民银行社融单月分项，亿元；历史口径与缺失按原表保留
tsf_rmb_flow,CHN,2024-02,9773,亿元,M,,https://www.pbc.gov.cn/diaochatongjisi/attachDir/2025/11/2025111416252488839.xlsx,人民银行社融单月分项，亿元；历史口径与缺失按原表保留
tsf_rmb_flow,CHN,2024-03,32920,亿元,M,,https://www.pbc.gov.cn/diaochatongjisi/attachDir/2025/11/2025111416252488839.xlsx,人民银行社融单月分项，亿元；历史口径与缺失按原表保留
tsf_rmb_flow,CHN,2024-04,3349,亿元,M,,https://www.pbc.gov.cn/diaochatongjisi/attachDir/2025/11/2025111416252488839.xlsx,人民银行社融单月分项，亿元；历史口径与缺失按原表保留
tsf_rmb_flow,CHN,2024-05,8197,亿元,M,,https://www.pbc.gov.cn/diaochatongjisi/attachDir/2025/11/2025111416252488839.xlsx,人民银行社融单月分项，亿元；历史口径与缺失按原表保留
tsf_rmb_flow,CHN,2024-06,21927,亿元,M,,https://www.pbc.gov.cn/diaochatongjisi/attachDir/2025/11/2025111416252488839.xlsx,人民银行社融单月分项，亿元；历史口径与缺失按原表保留
tsf_rmb_flow,CHN,2024-07,-808,亿元,M,,https://www.pbc.gov.cn/diaochatongjisi/attachDir/2025/11/2025111416252488839.xlsx,人民银行社融单月分项，亿元；历史口径与缺失按原表保留
tsf_rmb_flow,CHN,2024-08,10411,亿元,M,,https://www.pbc.gov.cn/diaochatongjisi/attachDir/2025/11/2025111416252488839.xlsx,人民银行社融单月分项，亿元；历史口径与缺失按原表保留
tsf_rmb_flow,CHN,2024-09,19742,亿元,M,,https://www.pbc.gov.cn/diaochatongjisi/attachDir/2025/11/2025111416252488839.xlsx,人民银行社融单月分项，亿元；历史口径与缺失按原表保留
tsf_rmb_flow,CHN,2024-10,2965,亿元,M,,https://www.pbc.gov.cn/diaochatongjisi/attachDir/2025/11/2025111416252488839.xlsx,人民银行社融单月分项，亿元；历史口径与缺失按原表保留
tsf_rmb_flow,CHN,2024-11,5216,亿元,M,,https://www.pbc.gov.cn/diaochatongjisi/attachDir/2025/11/2025111416252488839.xlsx,人民银行社融单月分项，亿元；历史口径与缺失按原表保留
tsf_rmb_flow,CHN,2024-12,8402,亿元,M,,https://www.pbc.gov.cn/diaochatongjisi/attachDir/2025/11/2025111416252488839.xlsx,人民银行社融单月分项，亿元；历史口径与缺失按原表保留
tsf_rmb_flow,CHN,2025-01,52194,亿元,M,,https://www.pbc.gov.cn/diaochatongjisi/attachDir/2026/02/2026021418235592487.xlsx,人民银行社融单月分项，亿元；历史口径与缺失按原表保留
tsf_rmb_flow,CHN,2025-02,6528,亿元,M,,https://www.pbc.gov.cn/diaochatongjisi/attachDir/2026/02/2026021418235592487.xlsx,人民银行社融单月分项，亿元；历史口径与缺失按原表保留
tsf_rmb_flow,CHN,2025-03,38234,亿元,M,,https://www.pbc.gov.cn/diaochatongjisi/attachDir/2026/02/2026021418235592487.xlsx,人民银行社融单月分项，亿元；历史口径与缺失按原表保留
tsf_rmb_flow,CHN,2025-04,884,亿元,M,,https://www.pbc.gov.cn/diaochatongjisi/attachDir/2026/02/2026021418235592487.xlsx,人民银行社融单月分项，亿元；历史口径与缺失按原表保留
tsf_rmb_flow,CHN,2025-05,5923,亿元,M,,https://www.pbc.gov.cn/diaochatongjisi/attachDir/2026/02/2026021418235592487.xlsx,人民银行社融单月分项，亿元；历史口径与缺失按原表保留
tsf_rmb_flow,CHN,2025-06,23600,亿元,M,,https://www.pbc.gov.cn/diaochatongjisi/attachDir/2026/02/2026021418235592487.xlsx,人民银行社融单月分项，亿元；历史口径与缺失按原表保留
tsf_rmb_flow,CHN,2025-07,-4296,亿元,M,,https://www.pbc.gov.cn/diaochatongjisi/attachDir/2026/02/2026021418235592487.xlsx,人民银行社融单月分项，亿元；历史口径与缺失按原表保留
tsf_rmb_flow,CHN,2025-08,6253,亿元,M,,https://www.pbc.gov.cn/diaochatongjisi/attachDir/2026/02/2026021418235592487.xlsx,人民银行社融单月分项，亿元；历史口径与缺失按原表保留
tsf_rmb_flow,CHN,2025-09,16081,亿元,M,,https://www.pbc.gov.cn/diaochatongjisi/attachDir/2026/02/2026021418235592487.xlsx,人民银行社融单月分项，亿元；历史口径与缺失按原表保留
tsf_rmb_flow,CHN,2025-10,-154,亿元,M,,https://www.pbc.gov.cn/diaochatongjisi/attachDir/2026/02/2026021418235592487.xlsx,人民银行社融单月分项，亿元；历史口径与缺失按原表保留
tsf_rmb_flow,CHN,2025-11,4096,亿元,M,,https://www.pbc.gov.cn/diaochatongjisi/attachDir/2026/02/2026021418235592487.xlsx,人民银行社融单月分项，亿元；历史口径与缺失按原表保留
tsf_rmb_flow,CHN,2025-12,9804,亿元,M,,https://www.pbc.gov.cn/diaochatongjisi/attachDir/2026/02/2026021418235592487.xlsx,人民银行社融单月分项，亿元；历史口径与缺失按原表保留
tsf_rmb_flow,CHN,2026-01,49016,亿元,M,,https://www.pbc.gov.cn/diaochatongjisi/attachDir/2026/09/2026091418125322850.xlsx,人民银行社融单月分项，亿元；历史口径与缺失按原表保留
tsf_rmb_flow,CHN,2026-02,8458,亿元,M,,https://www.pbc.gov.cn/diaochatongjisi/attachDir/2026/09/2026091418125322850.xlsx,人民银行社融单月分项，亿元；历史口径与缺失按原表保留
tsf_rmb_flow,CHN,2026-03,31522,亿元,M,,https://www.pbc.gov.cn/diaochatongjisi/attachDir/2026/09/2026091418125322850.xlsx,人民银行社融单月分项，亿元；历史口径与缺失按原表保留
tsf_rmb_flow,CHN,2026-04,-4006,亿元,M,,https://www.pbc.gov.cn/diaochatongjisi/attachDir/2026/09/2026091418125322850.xlsx,人民银行社融单月分项，亿元；历史口径与缺失按原表保留
tsf_rmb_flow,CHN,2026-05,4965,亿元,M,,https://www.pbc.gov.cn/diaochatongjisi/attachDir/2026/09/2026091418125322850.xlsx,人民银行社融单月分项，亿元；历史口径与缺失按原表保留
tsf_rmb_flow,CHN,2026-06,17650,亿元,M,,https://www.pbc.gov.cn/diaochatongjisi/attachDir/2026/09/2026091418125322850.xlsx,人民银行社融单月分项，亿元；历史口径与缺失按原表保留
tsf_rmb_flow,CHN,2026-07,-5896,亿元,M,,https://www.pbc.gov.cn/diaochatongjisi/attachDir/2026/09/2026091418125322850.xlsx,人民银行社融单月分项，亿元；历史口径与缺失按原表保留
tsf_rmb_flow,CHN,2026-08,552,亿元,M,,https://www.pbc.gov.cn/diaochatongjisi/attachDir/2026/09/2026091418125322850.xlsx,人民银行社融单月分项，亿元；历史口径与缺失按原表保留
tsf_trust_flow,CHN,2006-01,31,亿元,M,,https://www.pbc.gov.cn/diaochatongjisi/116219/116225/2863562/index.html,人民银行社融单月分项，亿元；历史口径与缺失按原表保留
tsf_trust_flow,CHN,2006-02,26,亿元,M,,https://www.pbc.gov.cn/diaochatongjisi/116219/116225/2863562/index.html,人民银行社融单月分项，亿元；历史口径与缺失按原表保留
tsf_trust_flow,CHN,2006-03,38,亿元,M,,https://www.pbc.gov.cn/diaochatongjisi/116219/116225/2863562/index.html,人民银行社融单月分项，亿元；历史口径与缺失按原表保留
tsf_trust_flow,CHN,2006-04,27,亿元,M,,https://www.pbc.gov.cn/diaochatongjisi/116219/116225/2863562/index.html,人民银行社融单月分项，亿元；历史口径与缺失按原表保留
tsf_trust_flow,CHN,2006-05,87,亿元,M,,https://www.pbc.gov.cn/diaochatongjisi/116219/116225/2863562/index.html,人民银行社融单月分项，亿元；历史口径与缺失按原表保留
tsf_trust_flow,CHN,2006-06,75,亿元,M,,https://www.pbc.gov.cn/diaochatongjisi/116219/116225/2863562/index.html,人民银行社融单月分项，亿元；历史口径与缺失按原表保留
tsf_trust_flow,CHN,2006-07,98,亿元,M,,https://www.pbc.gov.cn/diaochatongjisi/116219/116225/2863562/index.html,人民银行社融单月分项，亿元；历史口径与缺失按原表保留
tsf_trust_flow,CHN,2006-08,68,亿元,M,,https://www.pbc.gov.cn/diaochatongjisi/116219/116225/2863562/index.html,人民银行社融单月分项，亿元；历史口径与缺失按原表保留
tsf_trust_flow,CHN,2006-09,94,亿元,M,,https://www.pbc.gov.cn/diaochatongjisi/116219/116225/2863562/index.html,人民银行社融单月分项，亿元；历史口径与缺失按原表保留
tsf_trust_flow,CHN,2006-10,107,亿元,M,,https://www.pbc.gov.cn/diaochatongjisi/116219/116225/2863562/index.html,人民银行社融单月分项，亿元；历史口径与缺失按原表保留
tsf_trust_flow,CHN,2006-11,68,亿元,M,,https://www.pbc.gov.cn/diaochatongjisi/116219/116225/2863562/index.html,人民银行社融单月分项，亿元；历史口径与缺失按原表保留
tsf_trust_flow,CHN,2006-12,107,亿元,M,,https://www.pbc.gov.cn/diaochatongjisi/116219/116225/2863562/index.html,人民银行社融单月分项，亿元；历史口径与缺失按原表保留
tsf_trust_flow,CHN,2007-01,124,亿元,M,,https://www.pbc.gov.cn/diaochatongjisi/116219/116225/2863562/index.html,人民银行社融单月分项，亿元；历史口径与缺失按原表保留
tsf_trust_flow,CHN,2007-02,108,亿元,M,,https://www.pbc.gov.cn/diaochatongjisi/116219/116225/2863562/index.html,人民银行社融单月分项，亿元；历史口径与缺失按原表保留
tsf_trust_flow,CHN,2007-03,65,亿元,M,,https://www.pbc.gov.cn/diaochatongjisi/116219/116225/2863562/index.html,人民银行社融单月分项，亿元；历史口径与缺失按原表保留
tsf_trust_flow,CHN,2007-04,111,亿元,M,,https://www.pbc.gov.cn/diaochatongjisi/116219/116225/2863562/index.html,人民银行社融单月分项，亿元；历史口径与缺失按原表保留
tsf_trust_flow,CHN,2007-05,245,亿元,M,,https://www.pbc.gov.cn/diaochatongjisi/116219/116225/2863562/index.html,人民银行社融单月分项，亿元；历史口径与缺失按原表保留
tsf_trust_flow,CHN,2007-06,152,亿元,M,,https://www.pbc.gov.cn/diaochatongjisi/116219/116225/2863562/index.html,人民银行社融单月分项，亿元；历史口径与缺失按原表保留
tsf_trust_flow,CHN,2007-07,126,亿元,M,,https://www.pbc.gov.cn/diaochatongjisi/116219/116225/2863562/index.html,人民银行社融单月分项，亿元；历史口径与缺失按原表保留
tsf_trust_flow,CHN,2007-08,203,亿元,M,,https://www.pbc.gov.cn/diaochatongjisi/116219/116225/2863562/index.html,人民银行社融单月分项，亿元；历史口径与缺失按原表保留
tsf_trust_flow,CHN,2007-09,-3,亿元,M,,https://www.pbc.gov.cn/diaochatongjisi/116219/116225/2863562/index.html,人民银行社融单月分项，亿元；历史口径与缺失按原表保留
tsf_trust_flow,CHN,2007-10,434,亿元,M,,https://www.pbc.gov.cn/diaochatongjisi/116219/116225/2863562/index.html,人民银行社融单月分项，亿元；历史口径与缺失按原表保留
tsf_trust_flow,CHN,2007-11,-169,亿元,M,,https://www.pbc.gov.cn/diaochatongjisi/116219/116225/2863562/index.html,人民银行社融单月分项，亿元；历史口径与缺失按原表保留
tsf_trust_flow,CHN,2007-12,307,亿元,M,,https://www.pbc.gov.cn/diaochatongjisi/116219/116225/2863562/index.html,人民银行社融单月分项，亿元；历史口径与缺失按原表保留
tsf_trust_flow,CHN,2008-01,-19,亿元,M,,https://www.pbc.gov.cn/diaochatongjisi/116219/116225/2863562/index.html,人民银行社融单月分项，亿元；历史口径与缺失按原表保留
tsf_trust_flow,CHN,2008-02,22,亿元,M,,https://www.pbc.gov.cn/diaochatongjisi/116219/116225/2863562/index.html,人民银行社融单月分项，亿元；历史口径与缺失按原表保留
tsf_trust_flow,CHN,2008-03,242,亿元,M,,https://www.pbc.gov.cn/diaochatongjisi/116219/116225/2863562/index.html,人民银行社融单月分项，亿元；历史口径与缺失按原表保留
tsf_trust_flow,CHN,2008-04,660,亿元,M,,https://www.pbc.gov.cn/diaochatongjisi/116219/116225/2863562/index.html,人民银行社融单月分项，亿元；历史口径与缺失按原表保留
tsf_trust_flow,CHN,2008-05,261,亿元,M,,https://www.pbc.gov.cn/diaochatongjisi/116219/116225/2863562/index.html,人民银行社融单月分项，亿元；历史口径与缺失按原表保留
tsf_trust_flow,CHN,2008-06,95,亿元,M,,https://www.pbc.gov.cn/diaochatongjisi/116219/116225/2863562/index.html,人民银行社融单月分项，亿元；历史口径与缺失按原表保留
tsf_trust_flow,CHN,2008-07,594,亿元,M,,https://www.pbc.gov.cn/diaochatongjisi/116219/116225/2863562/index.html,人民银行社融单月分项，亿元；历史口径与缺失按原表保留
tsf_trust_flow,CHN,2008-08,323,亿元,M,,https://www.pbc.gov.cn/diaochatongjisi/116219/116225/2863562/index.html,人民银行社融单月分项，亿元；历史口径与缺失按原表保留
tsf_trust_flow,CHN,2008-09,445,亿元,M,,https://www.pbc.gov.cn/diaochatongjisi/116219/116225/2863562/index.html,人民银行社融单月分项，亿元；历史口径与缺失按原表保留
tsf_trust_flow,CHN,2008-10,451,亿元,M,,https://www.pbc.gov.cn/diaochatongjisi/116219/116225/2863562/index.html,人民银行社融单月分项，亿元；历史口径与缺失按原表保留
tsf_trust_flow,CHN,2008-11,-143,亿元,M,,https://www.pbc.gov.cn/diaochatongjisi/116219/116225/2863562/index.html,人民银行社融单月分项，亿元；历史口径与缺失按原表保留
tsf_trust_flow,CHN,2008-12,214,亿元,M,,https://www.pbc.gov.cn/diaochatongjisi/116219/116225/2863562/index.html,人民银行社融单月分项，亿元；历史口径与缺失按原表保留
tsf_trust_flow,CHN,2009-01,-346,亿元,M,,https://www.pbc.gov.cn/diaochatongjisi/116219/116225/2863562/index.html,人民银行社融单月分项，亿元；历史口径与缺失按原表保留
tsf_trust_flow,CHN,2009-02,38,亿元,M,,https://www.pbc.gov.cn/diaochatongjisi/116219/116225/2863562/index.html,人民银行社融单月分项，亿元；历史口径与缺失按原表保留
tsf_trust_flow,CHN,2009-03,-137,亿元,M,,https://www.pbc.gov.cn/diaochatongjisi/116219/116225/2863562/index.html,人民银行社融单月分项，亿元；历史口径与缺失按原表保留
tsf_trust_flow,CHN,2009-04,75,亿元,M,,https://www.pbc.gov.cn/diaochatongjisi/116219/116225/2863562/index.html,人民银行社融单月分项，亿元；历史口径与缺失按原表保留
tsf_trust_flow,CHN,2009-05,292,亿元,M,,https://www.pbc.gov.cn/diaochatongjisi/116219/116225/2863562/index.html,人民银行社融单月分项，亿元；历史口径与缺失按原表保留
tsf_trust_flow,CHN,2009-06,297,亿元,M,,https://www.pbc.gov.cn/diaochatongjisi/116219/116225/2863562/index.html,人民银行社融单月分项，亿元；历史口径与缺失按原表保留
tsf_trust_flow,CHN,2009-07,572,亿元,M,,https://www.pbc.gov.cn/diaochatongjisi/116219/116225/2863562/index.html,人民银行社融单月分项，亿元；历史口径与缺失按原表保留
tsf_trust_flow,CHN,2009-08,482,亿元,M,,https://www.pbc.gov.cn/diaochatongjisi/116219/116225/2863562/index.html,人民银行社融单月分项，亿元；历史口径与缺失按原表保留
tsf_trust_flow,CHN,2009-09,869,亿元,M,,https://www.pbc.gov.cn/diaochatongjisi/116219/116225/2863562/index.html,人民银行社融单月分项，亿元；历史口径与缺失按原表保留
tsf_trust_flow,CHN,2009-10,218,亿元,M,,https://www.pbc.gov.cn/diaochatongjisi/116219/116225/2863562/index.html,人民银行社融单月分项，亿元；历史口径与缺失按原表保留
tsf_trust_flow,CHN,2009-11,1294,亿元,M,,https://www.pbc.gov.cn/diaochatongjisi/116219/116225/2863562/index.html,人民银行社融单月分项，亿元；历史口径与缺失按原表保留
tsf_trust_flow,CHN,2009-12,710,亿元,M,,https://www.pbc.gov.cn/diaochatongjisi/116219/116225/2863562/index.html,人民银行社融单月分项，亿元；历史口径与缺失按原表保留
tsf_trust_flow,CHN,2010-01,265,亿元,M,,https://www.pbc.gov.cn/diaochatongjisi/116219/116225/2863562/index.html,人民银行社融单月分项，亿元；历史口径与缺失按原表保留
tsf_trust_flow,CHN,2010-02,496,亿元,M,,https://www.pbc.gov.cn/diaochatongjisi/116219/116225/2863562/index.html,人民银行社融单月分项，亿元；历史口径与缺失按原表保留
tsf_trust_flow,CHN,2010-03,1377,亿元,M,,https://www.pbc.gov.cn/diaochatongjisi/116219/116225/2863562/index.html,人民银行社融单月分项，亿元；历史口径与缺失按原表保留
tsf_trust_flow,CHN,2010-04,2039,亿元,M,,https://www.pbc.gov.cn/diaochatongjisi/116219/116225/2863562/index.html,人民银行社融单月分项，亿元；历史口径与缺失按原表保留
tsf_trust_flow,CHN,2010-05,762,亿元,M,,https://www.pbc.gov.cn/diaochatongjisi/116219/116225/2863562/index.html,人民银行社融单月分项，亿元；历史口径与缺失按原表保留
tsf_trust_flow,CHN,2010-06,1077,亿元,M,,https://www.pbc.gov.cn/diaochatongjisi/116219/116225/2863562/index.html,人民银行社融单月分项，亿元；历史口径与缺失按原表保留
tsf_trust_flow,CHN,2010-07,231,亿元,M,,https://www.pbc.gov.cn/diaochatongjisi/116219/116225/2863562/index.html,人民银行社融单月分项，亿元；历史口径与缺失按原表保留
tsf_trust_flow,CHN,2010-08,-761,亿元,M,,https://www.pbc.gov.cn/diaochatongjisi/116219/116225/2863562/index.html,人民银行社融单月分项，亿元；历史口径与缺失按原表保留
tsf_trust_flow,CHN,2010-09,-713,亿元,M,,https://www.pbc.gov.cn/diaochatongjisi/116219/116225/2863562/index.html,人民银行社融单月分项，亿元；历史口径与缺失按原表保留
tsf_trust_flow,CHN,2010-10,-297,亿元,M,,https://www.pbc.gov.cn/diaochatongjisi/116219/116225/2863562/index.html,人民银行社融单月分项，亿元；历史口径与缺失按原表保留
tsf_trust_flow,CHN,2010-11,-324,亿元,M,,https://www.pbc.gov.cn/diaochatongjisi/116219/116225/2863562/index.html,人民银行社融单月分项，亿元；历史口径与缺失按原表保留
tsf_trust_flow,CHN,2010-12,-288,亿元,M,,https://www.pbc.gov.cn/diaochatongjisi/116219/116225/2863562/index.html,人民银行社融单月分项，亿元；历史口径与缺失按原表保留
tsf_trust_flow,CHN,2011-01,-98,亿元,M,,https://www.pbc.gov.cn/diaochatongjisi/116219/116225/2863562/index.html,人民银行社融单月分项，亿元；历史口径与缺失按原表保留
tsf_trust_flow,CHN,2011-02,141,亿元,M,,https://www.pbc.gov.cn/diaochatongjisi/116219/116225/2863562/index.html,人民银行社融单月分项，亿元；历史口径与缺失按原表保留
tsf_trust_flow,CHN,2011-03,47,亿元,M,,https://www.pbc.gov.cn/diaochatongjisi/116219/116225/2863562/index.html,人民银行社融单月分项，亿元；历史口径与缺失按原表保留
tsf_trust_flow,CHN,2011-04,501,亿元,M,,https://www.pbc.gov.cn/diaochatongjisi/116219/116225/2863562/index.html,人民银行社融单月分项，亿元；历史口径与缺失按原表保留
tsf_trust_flow,CHN,2011-05,180,亿元,M,,https://www.pbc.gov.cn/diaochatongjisi/116219/116225/2863562/index.html,人民银行社融单月分项，亿元；历史口径与缺失按原表保留
tsf_trust_flow,CHN,2011-06,141,亿元,M,,https://www.pbc.gov.cn/diaochatongjisi/116219/116225/2863562/index.html,人民银行社融单月分项，亿元；历史口径与缺失按原表保留
tsf_trust_flow,CHN,2011-07,-28,亿元,M,,https://www.pbc.gov.cn/diaochatongjisi/116219/116225/2863562/index.html,人民银行社融单月分项，亿元；历史口径与缺失按原表保留
tsf_trust_flow,CHN,2011-08,176,亿元,M,,https://www.pbc.gov.cn/diaochatongjisi/116219/116225/2863562/index.html,人民银行社融单月分项，亿元；历史口径与缺失按原表保留
tsf_trust_flow,CHN,2011-09,-223,亿元,M,,https://www.pbc.gov.cn/diaochatongjisi/116219/116225/2863562/index.html,人民银行社融单月分项，亿元；历史口径与缺失按原表保留
tsf_trust_flow,CHN,2011-10,90,亿元,M,,https://www.pbc.gov.cn/diaochatongjisi/116219/116225/2863562/index.html,人民银行社融单月分项，亿元；历史口径与缺失按原表保留
tsf_trust_flow,CHN,2011-11,716,亿元,M,,https://www.pbc.gov.cn/diaochatongjisi/116219/116225/2863562/index.html,人民银行社融单月分项，亿元；历史口径与缺失按原表保留
tsf_trust_flow,CHN,2011-12,389,亿元,M,,https://www.pbc.gov.cn/diaochatongjisi/116219/116225/2863562/index.html,人民银行社融单月分项，亿元；历史口径与缺失按原表保留
tsf_trust_flow,CHN,2012-01,247,亿元,M,,https://www.pbc.gov.cn/eportal/fileDir/defaultCurSite/resource/cms/2015/07/2012s18.htm,人民银行社融单月分项，亿元；历史口径与缺失按原表保留
tsf_trust_flow,CHN,2012-02,522,亿元,M,,https://www.pbc.gov.cn/eportal/fileDir/defaultCurSite/resource/cms/2015/07/2012s18.htm,人民银行社融单月分项，亿元；历史口径与缺失按原表保留
tsf_trust_flow,CHN,2012-03,1018,亿元,M,,https://www.pbc.gov.cn/eportal/fileDir/defaultCurSite/resource/cms/2015/07/2012s18.htm,人民银行社融单月分项，亿元；历史口径与缺失按原表保留
tsf_trust_flow,CHN,2012-04,37,亿元,M,,https://www.pbc.gov.cn/eportal/fileDir/defaultCurSite/resource/cms/2015/07/2012s18.htm,人民银行社融单月分项，亿元；历史口径与缺失按原表保留
tsf_trust_flow,CHN,2012-05,557,亿元,M,,https://www.pbc.gov.cn/eportal/fileDir/defaultCurSite/resource/cms/2015/07/2012s18.htm,人民银行社融单月分项，亿元；历史口径与缺失按原表保留
tsf_trust_flow,CHN,2012-06,988,亿元,M,,https://www.pbc.gov.cn/eportal/fileDir/defaultCurSite/resource/cms/2015/07/2012s18.htm,人民银行社融单月分项，亿元；历史口径与缺失按原表保留
tsf_trust_flow,CHN,2012-07,384,亿元,M,,https://www.pbc.gov.cn/eportal/fileDir/defaultCurSite/resource/cms/2015/07/2012s18.htm,人民银行社融单月分项，亿元；历史口径与缺失按原表保留
tsf_trust_flow,CHN,2012-08,1238,亿元,M,,https://www.pbc.gov.cn/eportal/fileDir/defaultCurSite/resource/cms/2015/07/2012s18.htm,人民银行社融单月分项，亿元；历史口径与缺失按原表保留
tsf_trust_flow,CHN,2012-09,2012,亿元,M,,https://www.pbc.gov.cn/eportal/fileDir/defaultCurSite/resource/cms/2015/07/2012s18.htm,人民银行社融单月分项，亿元；历史口径与缺失按原表保留
tsf_trust_flow,CHN,2012-10,1444,亿元,M,,https://www.pbc.gov.cn/eportal/fileDir/defaultCurSite/resource/cms/2015/07/2012s18.htm,人民银行社融单月分项，亿元；历史口径与缺失按原表保留
tsf_trust_flow,CHN,2012-11,1802,亿元,M,,https://www.pbc.gov.cn/eportal/fileDir/defaultCurSite/resource/cms/2015/07/2012s18.htm,人民银行社融单月分项，亿元；历史口径与缺失按原表保留
tsf_trust_flow,CHN,2012-12,2598,亿元,M,,https://www.pbc.gov.cn/eportal/fileDir/defaultCurSite/resource/cms/2015/07/2012s18.htm,人民银行社融单月分项，亿元；历史口径与缺失按原表保留
tsf_trust_flow,CHN,2013-01,2108,亿元,M,,https://www.pbc.gov.cn/eportal/fileDir/defaultCurSite/resource/cms/2015/07/2013s18.htm,人民银行社融单月分项，亿元；历史口径与缺失按原表保留
tsf_trust_flow,CHN,2013-02,1825,亿元,M,,https://www.pbc.gov.cn/eportal/fileDir/defaultCurSite/resource/cms/2015/07/2013s18.htm,人民银行社融单月分项，亿元；历史口径与缺失按原表保留
tsf_trust_flow,CHN,2013-03,4312,亿元,M,,https://www.pbc.gov.cn/eportal/fileDir/defaultCurSite/resource/cms/2015/07/2013s18.htm,人民银行社融单月分项，亿元；历史口径与缺失按原表保留
tsf_trust_flow,CHN,2013-04,1942,亿元,M,,https://www.pbc.gov.cn/eportal/fileDir/defaultCurSite/resource/cms/2015/07/2013s18.htm,人民银行社融单月分项，亿元；历史口径与缺失按原表保留
tsf_trust_flow,CHN,2013-05,971,亿元,M,,https://www.pbc.gov.cn/eportal/fileDir/defaultCurSite/resource/cms/2015/07/2013s18.htm,人民银行社融单月分项，亿元；历史口径与缺失按原表保留
tsf_trust_flow,CHN,2013-06,1208,亿元,M,,https://www.pbc.gov.cn/eportal/fileDir/defaultCurSite/resource/cms/2015/07/2013s18.htm,人民银行社融单月分项，亿元；历史口径与缺失按原表保留
tsf_trust_flow,CHN,2013-07,1151,亿元,M,,https://www.pbc.gov.cn/eportal/fileDir/defaultCurSite/resource/cms/2015/07/2013s18.htm,人民银行社融单月分项，亿元；历史口径与缺失按原表保留
tsf_trust_flow,CHN,2013-08,1209,亿元,M,,https://www.pbc.gov.cn/eportal/fileDir/defaultCurSite/resource/cms/2015/07/2013s18.htm,人民银行社融单月分项，亿元；历史口径与缺失按原表保留
tsf_trust_flow,CHN,2013-09,1130,亿元,M,,https://www.pbc.gov.cn/eportal/fileDir/defaultCurSite/resource/cms/2015/07/2013s18.htm,人民银行社融单月分项，亿元；历史口径与缺失按原表保留
tsf_trust_flow,CHN,2013-10,431,亿元,M,,https://www.pbc.gov.cn/eportal/fileDir/defaultCurSite/resource/cms/2015/07/2013s18.htm,人民银行社融单月分项，亿元；历史口径与缺失按原表保留
tsf_trust_flow,CHN,2013-11,1006,亿元,M,,https://www.pbc.gov.cn/eportal/fileDir/defaultCurSite/resource/cms/2015/07/2013s18.htm,人民银行社融单月分项，亿元；历史口径与缺失按原表保留
tsf_trust_flow,CHN,2013-12,1111,亿元,M,,https://www.pbc.gov.cn/eportal/fileDir/defaultCurSite/resource/cms/2015/07/2013s18.htm,人民银行社融单月分项，亿元；历史口径与缺失按原表保留
tsf_trust_flow,CHN,2014-01,1059,亿元,M,,https://www.pbc.gov.cn/eportal/fileDir/defaultCurSite/resource/cms/2015/07/2014s18.htm,人民银行社融单月分项，亿元；历史口径与缺失按原表保留
tsf_trust_flow,CHN,2014-02,747,亿元,M,,https://www.pbc.gov.cn/eportal/fileDir/defaultCurSite/resource/cms/2015/07/2014s18.htm,人民银行社融单月分项，亿元；历史口径与缺失按原表保留
tsf_trust_flow,CHN,2014-03,1071,亿元,M,,https://www.pbc.gov.cn/eportal/fileDir/defaultCurSite/resource/cms/2015/07/2014s18.htm,人民银行社融单月分项，亿元；历史口径与缺失按原表保留
tsf_trust_flow,CHN,2014-04,398,亿元,M,,https://www.pbc.gov.cn/eportal/fileDir/defaultCurSite/resource/cms/2015/07/2014s18.htm,人民银行社融单月分项，亿元；历史口径与缺失按原表保留
tsf_trust_flow,CHN,2014-05,125,亿元,M,,https://www.pbc.gov.cn/eportal/fileDir/defaultCurSite/resource/cms/2015/07/2014s18.htm,人民银行社融单月分项，亿元；历史口径与缺失按原表保留
tsf_trust_flow,CHN,2014-06,1200,亿元,M,,https://www.pbc.gov.cn/eportal/fileDir/defaultCurSite/resource/cms/2015/07/2014s18.htm,人民银行社融单月分项，亿元；历史口径与缺失按原表保留
tsf_trust_flow,CHN,2014-07,-158,亿元,M,,https://www.pbc.gov.cn/eportal/fileDir/defaultCurSite/resource/cms/2015/07/2014s18.htm,人民银行社融单月分项，亿元；历史口径与缺失按原表保留
tsf_trust_flow,CHN,2014-08,-515,亿元,M,,https://www.pbc.gov.cn/eportal/fileDir/defaultCurSite/resource/cms/2015/07/2014s18.htm,人民银行社融单月分项，亿元；历史口径与缺失按原表保留
tsf_trust_flow,CHN,2014-09,-326,亿元,M,,https://www.pbc.gov.cn/eportal/fileDir/defaultCurSite/resource/cms/2015/07/2014s18.htm,人民银行社融单月分项，亿元；历史口径与缺失按原表保留
tsf_trust_flow,CHN,2014-10,-215,亿元,M,,https://www.pbc.gov.cn/eportal/fileDir/defaultCurSite/resource/cms/2015/07/2014s18.htm,人民银行社融单月分项，亿元；历史口径与缺失按原表保留
tsf_trust_flow,CHN,2014-11,-314,亿元,M,,https://www.pbc.gov.cn/eportal/fileDir/defaultCurSite/resource/cms/2015/07/2014s18.htm,人民银行社融单月分项，亿元；历史口径与缺失按原表保留
tsf_trust_flow,CHN,2014-12,2102,亿元,M,,https://www.pbc.gov.cn/eportal/fileDir/defaultCurSite/resource/cms/2015/07/2014s18.htm,人民银行社融单月分项，亿元；历史口径与缺失按原表保留
tsf_trust_flow,CHN,2015-01,52.07066668050112,亿元,M,,https://www.pbc.gov.cn/diaochatongjisi/fileDir/resource/cms/2018/04/2018041810462448165.xls,人民银行社融单月分项，亿元；历史口径与缺失按原表保留
tsf_trust_flow,CHN,2015-02,37.909527035599865,亿元,M,,https://www.pbc.gov.cn/diaochatongjisi/fileDir/resource/cms/2018/04/2018041810462448165.xls,人民银行社融单月分项，亿元；历史口径与缺失按原表保留
tsf_trust_flow,CHN,2015-03,-76.53257254959794,亿元,M,,https://www.pbc.gov.cn/diaochatongjisi/fileDir/resource/cms/2018/04/2018041810462448165.xls,人民银行社融单月分项，亿元；历史口径与缺失按原表保留
tsf_trust_flow,CHN,2015-04,-45.669243564000624,亿元,M,,https://www.pbc.gov.cn/diaochatongjisi/fileDir/resource/cms/2018/04/2018041810462448165.xls,人民银行社融单月分项，亿元；历史口径与缺失按原表保留
tsf_trust_flow,CHN,2015-05,-194.91717771000054,亿元,M,,https://www.pbc.gov.cn/diaochatongjisi/fileDir/resource/cms/2018/04/2018041810462448165.xls,人民银行社融单月分项，亿元；历史口径与缺失按原表保留
tsf_trust_flow,CHN,2015-06,535.8994929343004,亿元,M,,https://www.pbc.gov.cn/diaochatongjisi/fileDir/resource/cms/2018/04/2018041810462448165.xls,人民银行社融单月分项，亿元；历史口径与缺失按原表保留
tsf_trust_flow,CHN,2015-07,98.72439012899906,亿元,M,,https://www.pbc.gov.cn/diaochatongjisi/fileDir/resource/cms/2018/04/2018041810462448165.xls,人民银行社融单月分项，亿元；历史口径与缺失按原表保留
tsf_trust_flow,CHN,2015-08,317.17562185240115,亿元,M,,https://www.pbc.gov.cn/diaochatongjisi/fileDir/resource/cms/2018/04/2018041810462448165.xls,人民银行社融单月分项，亿元；历史口径与缺失按原表保留
tsf_trust_flow,CHN,2015-09,-159.0322916567979,亿元,M,,https://www.pbc.gov.cn/diaochatongjisi/fileDir/resource/cms/2018/04/2018041810462448165.xls,人民银行社融单月分项，亿元；历史口径与缺失按原表保留
tsf_trust_flow,CHN,2015-10,-200.52122937650415,亿元,M,,https://www.pbc.gov.cn/diaochatongjisi/fileDir/resource/cms/2018/04/2018041810462448165.xls,人民银行社融单月分项，亿元；历史口径与缺失按原表保留
tsf_trust_flow,CHN,2015-11,-300.935799186795,亿元,M,,https://www.pbc.gov.cn/diaochatongjisi/fileDir/resource/cms/2018/04/2018041810462448165.xls,人民银行社融单月分项，亿元；历史口径与缺失按原表保留
tsf_trust_flow,CHN,2015-12,369.5651807662989,亿元,M,,https://www.pbc.gov.cn/diaochatongjisi/fileDir/resource/cms/2018/04/2018041810462448165.xls,人民银行社融单月分项，亿元；历史口径与缺失按原表保留
tsf_trust_flow,CHN,2016-01,551.8817075236959,亿元,M,,https://www.pbc.gov.cn/diaochatongjisi/fileDir/resource/cms/2018/04/2018041810585985661.xls,人民银行社融单月分项，亿元；历史口径与缺失按原表保留
tsf_trust_flow,CHN,2016-02,308.43643970160065,亿元,M,,https://www.pbc.gov.cn/diaochatongjisi/fileDir/resource/cms/2018/04/2018041810585985661.xls,人民银行社融单月分项，亿元；历史口径与缺失按原表保留
tsf_trust_flow,CHN,2016-03,732.4149317385018,亿元,M,,https://www.pbc.gov.cn/diaochatongjisi/fileDir/resource/cms/2018/04/2018041810585985661.xls,人民银行社融单月分项，亿元；历史口径与缺失按原表保留
tsf_trust_flow,CHN,2016-04,269.003697852801,亿元,M,,https://www.pbc.gov.cn/diaochatongjisi/fileDir/resource/cms/2018/04/2018041810585985661.xls,人民银行社融单月分项，亿元；历史口径与缺失按原表保留
tsf_trust_flow,CHN,2016-05,121.15934468549591,亿元,M,,https://www.pbc.gov.cn/diaochatongjisi/fileDir/resource/cms/2018/04/2018041810585985661.xls,人民银行社融单月分项，亿元；历史口径与缺失按原表保留
tsf_trust_flow,CHN,2016-06,809.4877681784033,亿元,M,,https://www.pbc.gov.cn/diaochatongjisi/fileDir/resource/cms/2018/04/2018041810585985661.xls,人民银行社融单月分项，亿元；历史口径与缺失按原表保留
tsf_trust_flow,CHN,2016-07,209.56229236000007,亿元,M,,https://www.pbc.gov.cn/diaochatongjisi/fileDir/resource/cms/2018/04/2018041810585985661.xls,人民银行社融单月分项，亿元；历史口径与缺失按原表保留
tsf_trust_flow,CHN,2016-08,735.7486494413017,亿元,M,,https://www.pbc.gov.cn/diaochatongjisi/fileDir/resource/cms/2018/04/2018041810585985661.xls,人民银行社融单月分项，亿元；历史口径与缺失按原表保留
tsf_trust_flow,CHN,2016-09,1056.8402223355965,亿元,M,,https://www.pbc.gov.cn/diaochatongjisi/fileDir/resource/cms/2018/04/2018041810585985661.xls,人民银行社融单月分项，亿元；历史口径与缺失按原表保留
tsf_trust_flow,CHN,2016-10,530.0200448611976,亿元,M,,https://www.pbc.gov.cn/diaochatongjisi/fileDir/resource/cms/2018/04/2018041810585985661.xls,人民银行社融单月分项，亿元；历史口径与缺失按原表保留
tsf_trust_flow,CHN,2016-11,1625.2708189351051,亿元,M,,https://www.pbc.gov.cn/diaochatongjisi/fileDir/resource/cms/2018/04/2018041810585985661.xls,人民银行社融单月分项，亿元；历史口径与缺失按原表保留
tsf_trust_flow,CHN,2016-12,1643.078692414695,亿元,M,,https://www.pbc.gov.cn/diaochatongjisi/fileDir/resource/cms/2018/04/2018041810585985661.xls,人民银行社融单月分项，亿元；历史口径与缺失按原表保留
tsf_trust_flow,CHN,2017-01,3128.0,亿元,M,,https://www.pbc.gov.cn/diaochatongjisi/attachDir/2025/11/2025110511302316239.xls,人民银行社融单月分项，亿元；历史口径与缺失按原表保留
tsf_trust_flow,CHN,2017-02,1026.0,亿元,M,,https://www.pbc.gov.cn/diaochatongjisi/attachDir/2025/11/2025110511302316239.xls,人民银行社融单月分项，亿元；历史口径与缺失按原表保留
tsf_trust_flow,CHN,2017-03,3020.0,亿元,M,,https://www.pbc.gov.cn/diaochatongjisi/attachDir/2025/11/2025110511302316239.xls,人民银行社融单月分项，亿元；历史口径与缺失按原表保留
tsf_trust_flow,CHN,2017-04,1381.0,亿元,M,,https://www.pbc.gov.cn/diaochatongjisi/attachDir/2025/11/2025110511302316239.xls,人民银行社融单月分项，亿元；历史口径与缺失按原表保留
tsf_trust_flow,CHN,2017-05,1791.0,亿元,M,,https://www.pbc.gov.cn/diaochatongjisi/attachDir/2025/11/2025110511302316239.xls,人民银行社融单月分项，亿元；历史口径与缺失按原表保留
tsf_trust_flow,CHN,2017-06,2485.0,亿元,M,,https://www.pbc.gov.cn/diaochatongjisi/attachDir/2025/11/2025110511302316239.xls,人民银行社融单月分项，亿元；历史口径与缺失按原表保留
tsf_trust_flow,CHN,2017-07,1245.0,亿元,M,,https://www.pbc.gov.cn/diaochatongjisi/attachDir/2025/11/2025110511302316239.xls,人民银行社融单月分项，亿元；历史口径与缺失按原表保留
tsf_trust_flow,CHN,2017-08,1218.0,亿元,M,,https://www.pbc.gov.cn/diaochatongjisi/attachDir/2025/11/2025110511302316239.xls,人民银行社融单月分项，亿元；历史口径与缺失按原表保留
tsf_trust_flow,CHN,2017-09,2362.0,亿元,M,,https://www.pbc.gov.cn/diaochatongjisi/attachDir/2025/11/2025110511302316239.xls,人民银行社融单月分项，亿元；历史口径与缺失按原表保留
tsf_trust_flow,CHN,2017-10,1013.0,亿元,M,,https://www.pbc.gov.cn/diaochatongjisi/attachDir/2025/11/2025110511302316239.xls,人民银行社融单月分项，亿元；历史口径与缺失按原表保留
tsf_trust_flow,CHN,2017-11,1400.0,亿元,M,,https://www.pbc.gov.cn/diaochatongjisi/attachDir/2025/11/2025110511302316239.xls,人民银行社融单月分项，亿元；历史口径与缺失按原表保留
tsf_trust_flow,CHN,2017-12,2163.0,亿元,M,,https://www.pbc.gov.cn/diaochatongjisi/attachDir/2025/11/2025110511302316239.xls,人民银行社融单月分项，亿元；历史口径与缺失按原表保留
tsf_trust_flow,CHN,2018-01,397.0,亿元,M,,https://www.pbc.gov.cn/diaochatongjisi/attachDir/2025/11/2025110511302316239.xls,人民银行社融单月分项，亿元；历史口径与缺失按原表保留
tsf_trust_flow,CHN,2018-02,674.0,亿元,M,,https://www.pbc.gov.cn/diaochatongjisi/attachDir/2025/11/2025110511302316239.xls,人民银行社融单月分项，亿元；历史口径与缺失按原表保留
tsf_trust_flow,CHN,2018-03,-343.0,亿元,M,,https://www.pbc.gov.cn/diaochatongjisi/attachDir/2025/11/2025110511302316239.xls,人民银行社融单月分项，亿元；历史口径与缺失按原表保留
tsf_trust_flow,CHN,2018-04,-101.0,亿元,M,,https://www.pbc.gov.cn/diaochatongjisi/attachDir/2025/11/2025110511302316239.xls,人民银行社融单月分项，亿元；历史口径与缺失按原表保留
tsf_trust_flow,CHN,2018-05,-936.0,亿元,M,,https://www.pbc.gov.cn/diaochatongjisi/attachDir/2025/11/2025110511302316239.xls,人民银行社融单月分项，亿元；历史口径与缺失按原表保留
tsf_trust_flow,CHN,2018-06,-1576.0,亿元,M,,https://www.pbc.gov.cn/diaochatongjisi/attachDir/2025/11/2025110511302316239.xls,人民银行社融单月分项，亿元；历史口径与缺失按原表保留
tsf_trust_flow,CHN,2018-07,-1205.0,亿元,M,,https://www.pbc.gov.cn/diaochatongjisi/attachDir/2025/11/2025110511302316239.xls,人民银行社融单月分项，亿元；历史口径与缺失按原表保留
tsf_trust_flow,CHN,2018-08,-685.0,亿元,M,,https://www.pbc.gov.cn/diaochatongjisi/attachDir/2025/11/2025110511302316239.xls,人民银行社融单月分项，亿元；历史口径与缺失按原表保留
tsf_trust_flow,CHN,2018-09,-890.0,亿元,M,,https://www.pbc.gov.cn/diaochatongjisi/attachDir/2025/11/2025110511302316239.xls,人民银行社融单月分项，亿元；历史口径与缺失按原表保留
tsf_trust_flow,CHN,2018-10,-1366.0,亿元,M,,https://www.pbc.gov.cn/diaochatongjisi/attachDir/2025/11/2025110511302316239.xls,人民银行社融单月分项，亿元；历史口径与缺失按原表保留
tsf_trust_flow,CHN,2018-11,-455.0,亿元,M,,https://www.pbc.gov.cn/diaochatongjisi/attachDir/2025/11/2025110511302316239.xls,人民银行社融单月分项，亿元；历史口径与缺失按原表保留
tsf_trust_flow,CHN,2018-12,-488.0,亿元,M,,https://www.pbc.gov.cn/diaochatongjisi/attachDir/2025/11/2025110511302316239.xls,人民银行社融单月分项，亿元；历史口径与缺失按原表保留
tsf_trust_flow,CHN,2019-01,345.0,亿元,M,,https://www.pbc.gov.cn/diaochatongjisi/attachDir/2025/11/2025110511302316239.xls,人民银行社融单月分项，亿元；历史口径与缺失按原表保留
tsf_trust_flow,CHN,2019-02,-37.0,亿元,M,,https://www.pbc.gov.cn/diaochatongjisi/attachDir/2025/11/2025110511302316239.xls,人民银行社融单月分项，亿元；历史口径与缺失按原表保留
tsf_trust_flow,CHN,2019-03,528.0,亿元,M,,https://www.pbc.gov.cn/diaochatongjisi/attachDir/2025/11/2025110511302316239.xls,人民银行社融单月分项，亿元；历史口径与缺失按原表保留
tsf_trust_flow,CHN,2019-04,129.0,亿元,M,,https://www.pbc.gov.cn/diaochatongjisi/attachDir/2025/11/2025110511302316239.xls,人民银行社融单月分项，亿元；历史口径与缺失按原表保留
tsf_trust_flow,CHN,2019-05,-52.0,亿元,M,,https://www.pbc.gov.cn/diaochatongjisi/attachDir/2025/11/2025110511302316239.xls,人民银行社融单月分项，亿元；历史口径与缺失按原表保留
tsf_trust_flow,CHN,2019-06,15.0,亿元,M,,https://www.pbc.gov.cn/diaochatongjisi/attachDir/2025/11/2025110511302316239.xls,人民银行社融单月分项，亿元；历史口径与缺失按原表保留
tsf_trust_flow,CHN,2019-07,-676.0,亿元,M,,https://www.pbc.gov.cn/diaochatongjisi/attachDir/2025/11/2025110511302316239.xls,人民银行社融单月分项，亿元；历史口径与缺失按原表保留
tsf_trust_flow,CHN,2019-08,-658.0,亿元,M,,https://www.pbc.gov.cn/diaochatongjisi/attachDir/2025/11/2025110511302316239.xls,人民银行社融单月分项，亿元；历史口径与缺失按原表保留
tsf_trust_flow,CHN,2019-09,-672.0,亿元,M,,https://www.pbc.gov.cn/diaochatongjisi/attachDir/2025/11/2025110511302316239.xls,人民银行社融单月分项，亿元；历史口径与缺失按原表保留
tsf_trust_flow,CHN,2019-10,-624.0,亿元,M,,https://www.pbc.gov.cn/diaochatongjisi/attachDir/2025/11/2025110511302316239.xls,人民银行社融单月分项，亿元；历史口径与缺失按原表保留
tsf_trust_flow,CHN,2019-11,-673.0,亿元,M,,https://www.pbc.gov.cn/diaochatongjisi/attachDir/2025/11/2025110511302316239.xls,人民银行社融单月分项，亿元；历史口径与缺失按原表保留
tsf_trust_flow,CHN,2019-12,-1092.0,亿元,M,,https://www.pbc.gov.cn/diaochatongjisi/attachDir/2025/11/2025110511302316239.xls,人民银行社融单月分项，亿元；历史口径与缺失按原表保留
tsf_trust_flow,CHN,2020-01,432.0,亿元,M,,https://www.pbc.gov.cn/diaochatongjisi/attachDir/2025/11/2025110510115085998.xls,人民银行社融单月分项，亿元；历史口径与缺失按原表保留
tsf_trust_flow,CHN,2020-02,-540.0,亿元,M,,https://www.pbc.gov.cn/diaochatongjisi/attachDir/2025/11/2025110510115085998.xls,人民银行社融单月分项，亿元；历史口径与缺失按原表保留
tsf_trust_flow,CHN,2020-03,-21.0,亿元,M,,https://www.pbc.gov.cn/diaochatongjisi/attachDir/2025/11/2025110510115085998.xls,人民银行社融单月分项，亿元；历史口径与缺失按原表保留
tsf_trust_flow,CHN,2020-04,23.0,亿元,M,,https://www.pbc.gov.cn/diaochatongjisi/attachDir/2025/11/2025110510115085998.xls,人民银行社融单月分项，亿元；历史口径与缺失按原表保留
tsf_trust_flow,CHN,2020-05,-337.0,亿元,M,,https://www.pbc.gov.cn/diaochatongjisi/attachDir/2025/11/2025110510115085998.xls,人民银行社融单月分项，亿元；历史口径与缺失按原表保留
tsf_trust_flow,CHN,2020-06,-852.0,亿元,M,,https://www.pbc.gov.cn/diaochatongjisi/attachDir/2025/11/2025110510115085998.xls,人民银行社融单月分项，亿元；历史口径与缺失按原表保留
tsf_trust_flow,CHN,2020-07,-1367.0,亿元,M,,https://www.pbc.gov.cn/diaochatongjisi/attachDir/2025/11/2025110510115085998.xls,人民银行社融单月分项，亿元；历史口径与缺失按原表保留
tsf_trust_flow,CHN,2020-08,-316.0,亿元,M,,https://www.pbc.gov.cn/diaochatongjisi/attachDir/2025/11/2025110510115085998.xls,人民银行社融单月分项，亿元；历史口径与缺失按原表保留
tsf_trust_flow,CHN,2020-09,-1159.0,亿元,M,,https://www.pbc.gov.cn/diaochatongjisi/attachDir/2025/11/2025110510115085998.xls,人民银行社融单月分项，亿元；历史口径与缺失按原表保留
tsf_trust_flow,CHN,2020-10,-875.0,亿元,M,,https://www.pbc.gov.cn/diaochatongjisi/attachDir/2025/11/2025110510115085998.xls,人民银行社融单月分项，亿元；历史口径与缺失按原表保留
tsf_trust_flow,CHN,2020-11,-1387.0,亿元,M,,https://www.pbc.gov.cn/diaochatongjisi/attachDir/2025/11/2025110510115085998.xls,人民银行社融单月分项，亿元；历史口径与缺失按原表保留
tsf_trust_flow,CHN,2020-12,-4620.0,亿元,M,,https://www.pbc.gov.cn/diaochatongjisi/attachDir/2025/11/2025110510115085998.xls,人民银行社融单月分项，亿元；历史口径与缺失按原表保留
tsf_trust_flow,CHN,2021-01,-842.0,亿元,M,,https://www.pbc.gov.cn/diaochatongjisi/attachDir/2025/11/2025110509591087259.xls,人民银行社融单月分项，亿元；历史口径与缺失按原表保留
tsf_trust_flow,CHN,2021-02,-936.0,亿元,M,,https://www.pbc.gov.cn/diaochatongjisi/attachDir/2025/11/2025110509591087259.xls,人民银行社融单月分项，亿元；历史口径与缺失按原表保留
tsf_trust_flow,CHN,2021-03,-1791.0,亿元,M,,https://www.pbc.gov.cn/diaochatongjisi/attachDir/2025/11/2025110509591087259.xls,人民银行社融单月分项，亿元；历史口径与缺失按原表保留
tsf_trust_flow,CHN,2021-04,-1328.0,亿元,M,,https://www.pbc.gov.cn/diaochatongjisi/attachDir/2025/11/2025110509591087259.xls,人民银行社融单月分项，亿元；历史口径与缺失按原表保留
tsf_trust_flow,CHN,2021-05,-1295.0,亿元,M,,https://www.pbc.gov.cn/diaochatongjisi/attachDir/2025/11/2025110509591087259.xls,人民银行社融单月分项，亿元；历史口径与缺失按原表保留
tsf_trust_flow,CHN,2021-06,-1046.0,亿元,M,,https://www.pbc.gov.cn/diaochatongjisi/attachDir/2025/11/2025110509591087259.xls,人民银行社融单月分项，亿元；历史口径与缺失按原表保留
tsf_trust_flow,CHN,2021-07,-1571.0,亿元,M,,https://www.pbc.gov.cn/diaochatongjisi/attachDir/2025/11/2025110509591087259.xls,人民银行社融单月分项，亿元；历史口径与缺失按原表保留
tsf_trust_flow,CHN,2021-08,-1362.0,亿元,M,,https://www.pbc.gov.cn/diaochatongjisi/attachDir/2025/11/2025110509591087259.xls,人民银行社融单月分项，亿元；历史口径与缺失按原表保留
tsf_trust_flow,CHN,2021-09,-2098.0,亿元,M,,https://www.pbc.gov.cn/diaochatongjisi/attachDir/2025/11/2025110509591087259.xls,人民银行社融单月分项，亿元；历史口径与缺失按原表保留
tsf_trust_flow,CHN,2021-10,-1061.0,亿元,M,,https://www.pbc.gov.cn/diaochatongjisi/attachDir/2025/11/2025110509591087259.xls,人民银行社融单月分项，亿元；历史口径与缺失按原表保留
tsf_trust_flow,CHN,2021-11,-2190.0,亿元,M,,https://www.pbc.gov.cn/diaochatongjisi/attachDir/2025/11/2025110509591087259.xls,人民银行社融单月分项，亿元；历史口径与缺失按原表保留
tsf_trust_flow,CHN,2021-12,-4553.0,亿元,M,,https://www.pbc.gov.cn/diaochatongjisi/attachDir/2025/11/2025110509591087259.xls,人民银行社融单月分项，亿元；历史口径与缺失按原表保留
tsf_trust_flow,CHN,2022-01,-680,亿元,M,,https://www.pbc.gov.cn/diaochatongjisi/attachDir/2025/11/2025110416594167877.xlsx,人民银行社融单月分项，亿元；历史口径与缺失按原表保留
tsf_trust_flow,CHN,2022-02,-751,亿元,M,,https://www.pbc.gov.cn/diaochatongjisi/attachDir/2025/11/2025110416594167877.xlsx,人民银行社融单月分项，亿元；历史口径与缺失按原表保留
tsf_trust_flow,CHN,2022-03,-259,亿元,M,,https://www.pbc.gov.cn/diaochatongjisi/attachDir/2025/11/2025110416594167877.xlsx,人民银行社融单月分项，亿元；历史口径与缺失按原表保留
tsf_trust_flow,CHN,2022-04,-615,亿元,M,,https://www.pbc.gov.cn/diaochatongjisi/attachDir/2025/11/2025110416594167877.xlsx,人民银行社融单月分项，亿元；历史口径与缺失按原表保留
tsf_trust_flow,CHN,2022-05,-619,亿元,M,,https://www.pbc.gov.cn/diaochatongjisi/attachDir/2025/11/2025110416594167877.xlsx,人民银行社融单月分项，亿元；历史口径与缺失按原表保留
tsf_trust_flow,CHN,2022-06,-828,亿元,M,,https://www.pbc.gov.cn/diaochatongjisi/attachDir/2025/11/2025110416594167877.xlsx,人民银行社融单月分项，亿元；历史口径与缺失按原表保留
tsf_trust_flow,CHN,2022-07,-398,亿元,M,,https://www.pbc.gov.cn/diaochatongjisi/attachDir/2025/11/2025110416594167877.xlsx,人民银行社融单月分项，亿元；历史口径与缺失按原表保留
tsf_trust_flow,CHN,2022-08,-472,亿元,M,,https://www.pbc.gov.cn/diaochatongjisi/attachDir/2025/11/2025110416594167877.xlsx,人民银行社融单月分项，亿元；历史口径与缺失按原表保留
tsf_trust_flow,CHN,2022-09,-191,亿元,M,,https://www.pbc.gov.cn/diaochatongjisi/attachDir/2025/11/2025110416594167877.xlsx,人民银行社融单月分项，亿元；历史口径与缺失按原表保留
tsf_trust_flow,CHN,2022-10,-61,亿元,M,,https://www.pbc.gov.cn/diaochatongjisi/attachDir/2025/11/2025110416594167877.xlsx,人民银行社融单月分项，亿元；历史口径与缺失按原表保留
tsf_trust_flow,CHN,2022-11,-365,亿元,M,,https://www.pbc.gov.cn/diaochatongjisi/attachDir/2025/11/2025110416594167877.xlsx,人民银行社融单月分项，亿元；历史口径与缺失按原表保留
tsf_trust_flow,CHN,2022-12,-764,亿元,M,,https://www.pbc.gov.cn/diaochatongjisi/attachDir/2025/11/2025110416594167877.xlsx,人民银行社融单月分项，亿元；历史口径与缺失按原表保留
tsf_trust_flow,CHN,2023-01,-62,亿元,M,,https://www.pbc.gov.cn/diaochatongjisi/attachDir/2025/11/2025110415542112867.xlsx,人民银行社融单月分项，亿元；历史口径与缺失按原表保留
tsf_trust_flow,CHN,2023-02,66,亿元,M,,https://www.pbc.gov.cn/diaochatongjisi/attachDir/2025/11/2025110415542112867.xlsx,人民银行社融单月分项，亿元；历史口径与缺失按原表保留
tsf_trust_flow,CHN,2023-03,-45,亿元,M,,https://www.pbc.gov.cn/diaochatongjisi/attachDir/2025/11/2025110415542112867.xlsx,人民银行社融单月分项，亿元；历史口径与缺失按原表保留
tsf_trust_flow,CHN,2023-04,119,亿元,M,,https://www.pbc.gov.cn/diaochatongjisi/attachDir/2025/11/2025110415542112867.xlsx,人民银行社融单月分项，亿元；历史口径与缺失按原表保留
tsf_trust_flow,CHN,2023-05,303,亿元,M,,https://www.pbc.gov.cn/diaochatongjisi/attachDir/2025/11/2025110415542112867.xlsx,人民银行社融单月分项，亿元；历史口径与缺失按原表保留
tsf_trust_flow,CHN,2023-06,-154,亿元,M,,https://www.pbc.gov.cn/diaochatongjisi/attachDir/2025/11/2025110415542112867.xlsx,人民银行社融单月分项，亿元；历史口径与缺失按原表保留
tsf_trust_flow,CHN,2023-07,230,亿元,M,,https://www.pbc.gov.cn/diaochatongjisi/attachDir/2025/11/2025110415542112867.xlsx,人民银行社融单月分项，亿元；历史口径与缺失按原表保留
tsf_trust_flow,CHN,2023-08,-221,亿元,M,,https://www.pbc.gov.cn/diaochatongjisi/attachDir/2025/11/2025110415542112867.xlsx,人民银行社融单月分项，亿元；历史口径与缺失按原表保留
tsf_trust_flow,CHN,2023-09,402,亿元,M,,https://www.pbc.gov.cn/diaochatongjisi/attachDir/2025/11/2025110415542112867.xlsx,人民银行社融单月分项，亿元；历史口径与缺失按原表保留
tsf_trust_flow,CHN,2023-10,393,亿元,M,,https://www.pbc.gov.cn/diaochatongjisi/attachDir/2025/11/2025110415542112867.xlsx,人民银行社融单月分项，亿元；历史口径与缺失按原表保留
tsf_trust_flow,CHN,2023-11,197,亿元,M,,https://www.pbc.gov.cn/diaochatongjisi/attachDir/2025/11/2025110415542112867.xlsx,人民银行社融单月分项，亿元；历史口径与缺失按原表保留
tsf_trust_flow,CHN,2023-12,347,亿元,M,,https://www.pbc.gov.cn/diaochatongjisi/attachDir/2025/11/2025110415542112867.xlsx,人民银行社融单月分项，亿元；历史口径与缺失按原表保留
tsf_trust_flow,CHN,2024-01,732,亿元,M,,https://www.pbc.gov.cn/diaochatongjisi/attachDir/2025/11/2025111416252488839.xlsx,人民银行社融单月分项，亿元；历史口径与缺失按原表保留
tsf_trust_flow,CHN,2024-02,571,亿元,M,,https://www.pbc.gov.cn/diaochatongjisi/attachDir/2025/11/2025111416252488839.xlsx,人民银行社融单月分项，亿元；历史口径与缺失按原表保留
tsf_trust_flow,CHN,2024-03,681,亿元,M,,https://www.pbc.gov.cn/diaochatongjisi/attachDir/2025/11/2025111416252488839.xlsx,人民银行社融单月分项，亿元；历史口径与缺失按原表保留
tsf_trust_flow,CHN,2024-04,142,亿元,M,,https://www.pbc.gov.cn/diaochatongjisi/attachDir/2025/11/2025111416252488839.xlsx,人民银行社融单月分项，亿元；历史口径与缺失按原表保留
tsf_trust_flow,CHN,2024-05,224,亿元,M,,https://www.pbc.gov.cn/diaochatongjisi/attachDir/2025/11/2025111416252488839.xlsx,人民银行社融单月分项，亿元；历史口径与缺失按原表保留
tsf_trust_flow,CHN,2024-06,748,亿元,M,,https://www.pbc.gov.cn/diaochatongjisi/attachDir/2025/11/2025111416252488839.xlsx,人民银行社融单月分项，亿元；历史口径与缺失按原表保留
tsf_trust_flow,CHN,2024-07,-26,亿元,M,,https://www.pbc.gov.cn/diaochatongjisi/attachDir/2025/11/2025111416252488839.xlsx,人民银行社融单月分项，亿元；历史口径与缺失按原表保留
tsf_trust_flow,CHN,2024-08,484,亿元,M,,https://www.pbc.gov.cn/diaochatongjisi/attachDir/2025/11/2025111416252488839.xlsx,人民银行社融单月分项，亿元；历史口径与缺失按原表保留
tsf_trust_flow,CHN,2024-09,6,亿元,M,,https://www.pbc.gov.cn/diaochatongjisi/attachDir/2025/11/2025111416252488839.xlsx,人民银行社融单月分项，亿元；历史口径与缺失按原表保留
tsf_trust_flow,CHN,2024-10,172,亿元,M,,https://www.pbc.gov.cn/diaochatongjisi/attachDir/2025/11/2025111416252488839.xlsx,人民银行社融单月分项，亿元；历史口径与缺失按原表保留
tsf_trust_flow,CHN,2024-11,91,亿元,M,,https://www.pbc.gov.cn/diaochatongjisi/attachDir/2025/11/2025111416252488839.xlsx,人民银行社融单月分项，亿元；历史口径与缺失按原表保留
tsf_trust_flow,CHN,2024-12,151,亿元,M,,https://www.pbc.gov.cn/diaochatongjisi/attachDir/2025/11/2025111416252488839.xlsx,人民银行社融单月分项，亿元；历史口径与缺失按原表保留
tsf_trust_flow,CHN,2025-01,623,亿元,M,,https://www.pbc.gov.cn/diaochatongjisi/attachDir/2026/02/2026021418235592487.xlsx,人民银行社融单月分项，亿元；历史口径与缺失按原表保留
tsf_trust_flow,CHN,2025-02,-330,亿元,M,,https://www.pbc.gov.cn/diaochatongjisi/attachDir/2026/02/2026021418235592487.xlsx,人民银行社融单月分项，亿元；历史口径与缺失按原表保留
tsf_trust_flow,CHN,2025-03,238,亿元,M,,https://www.pbc.gov.cn/diaochatongjisi/attachDir/2026/02/2026021418235592487.xlsx,人民银行社融单月分项，亿元；历史口径与缺失按原表保留
tsf_trust_flow,CHN,2025-04,-77,亿元,M,,https://www.pbc.gov.cn/diaochatongjisi/attachDir/2026/02/2026021418235592487.xlsx,人民银行社融单月分项，亿元；历史口径与缺失按原表保留
tsf_trust_flow,CHN,2025-05,173,亿元,M,,https://www.pbc.gov.cn/diaochatongjisi/attachDir/2026/02/2026021418235592487.xlsx,人民银行社融单月分项，亿元；历史口径与缺失按原表保留
tsf_trust_flow,CHN,2025-06,816,亿元,M,,https://www.pbc.gov.cn/diaochatongjisi/attachDir/2026/02/2026021418235592487.xlsx,人民银行社融单月分项，亿元；历史口径与缺失按原表保留
tsf_trust_flow,CHN,2025-07,149,亿元,M,,https://www.pbc.gov.cn/diaochatongjisi/attachDir/2026/02/2026021418235592487.xlsx,人民银行社融单月分项，亿元；历史口径与缺失按原表保留
tsf_trust_flow,CHN,2025-08,350,亿元,M,,https://www.pbc.gov.cn/diaochatongjisi/attachDir/2026/02/2026021418235592487.xlsx,人民银行社融单月分项，亿元；历史口径与缺失按原表保留
tsf_trust_flow,CHN,2025-09,62,亿元,M,,https://www.pbc.gov.cn/diaochatongjisi/attachDir/2026/02/2026021418235592487.xlsx,人民银行社融单月分项，亿元；历史口径与缺失按原表保留
tsf_trust_flow,CHN,2025-10,155,亿元,M,,https://www.pbc.gov.cn/diaochatongjisi/attachDir/2026/02/2026021418235592487.xlsx,人民银行社融单月分项，亿元；历史口径与缺失按原表保留
tsf_trust_flow,CHN,2025-11,843,亿元,M,,https://www.pbc.gov.cn/diaochatongjisi/attachDir/2026/02/2026021418235592487.xlsx,人民银行社融单月分项，亿元；历史口径与缺失按原表保留
tsf_trust_flow,CHN,2025-12,679,亿元,M,,https://www.pbc.gov.cn/diaochatongjisi/attachDir/2026/02/2026021418235592487.xlsx,人民银行社融单月分项，亿元；历史口径与缺失按原表保留
tsf_trust_flow,CHN,2026-01,-4,亿元,M,,https://www.pbc.gov.cn/diaochatongjisi/attachDir/2026/09/2026091418125322850.xlsx,人民银行社融单月分项，亿元；历史口径与缺失按原表保留
tsf_trust_flow,CHN,2026-02,310,亿元,M,,https://www.pbc.gov.cn/diaochatongjisi/attachDir/2026/09/2026091418125322850.xlsx,人民银行社融单月分项，亿元；历史口径与缺失按原表保留
tsf_trust_flow,CHN,2026-03,-173,亿元,M,,https://www.pbc.gov.cn/diaochatongjisi/attachDir/2026/09/2026091418125322850.xlsx,人民银行社融单月分项，亿元；历史口径与缺失按原表保留
tsf_trust_flow,CHN,2026-04,-129,亿元,M,,https://www.pbc.gov.cn/diaochatongjisi/attachDir/2026/09/2026091418125322850.xlsx,人民银行社融单月分项，亿元；历史口径与缺失按原表保留
tsf_trust_flow,CHN,2026-05,53,亿元,M,,https://www.pbc.gov.cn/diaochatongjisi/attachDir/2026/09/2026091418125322850.xlsx,人民银行社融单月分项，亿元；历史口径与缺失按原表保留
tsf_trust_flow,CHN,2026-06,-503,亿元,M,,https://www.pbc.gov.cn/diaochatongjisi/attachDir/2026/09/2026091418125322850.xlsx,人民银行社融单月分项，亿元；历史口径与缺失按原表保留
tsf_trust_flow,CHN,2026-07,-226,亿元,M,,https://www.pbc.gov.cn/diaochatongjisi/attachDir/2026/09/2026091418125322850.xlsx,人民银行社融单月分项，亿元；历史口径与缺失按原表保留
tsf_trust_flow,CHN,2026-08,-233,亿元,M,,https://www.pbc.gov.cn/diaochatongjisi/attachDir/2026/09/2026091418125322850.xlsx,人民银行社融单月分项，亿元；历史口径与缺失按原表保留
tsf_writeoffs_flow,CHN,2017-01,253.0,亿元,M,,https://www.pbc.gov.cn/diaochatongjisi/attachDir/2025/11/2025110511302316239.xls,人民银行社融单月分项，亿元；历史口径与缺失按原表保留
tsf_writeoffs_flow,CHN,2017-02,149.0,亿元,M,,https://www.pbc.gov.cn/diaochatongjisi/attachDir/2025/11/2025110511302316239.xls,人民银行社融单月分项，亿元；历史口径与缺失按原表保留
tsf_writeoffs_flow,CHN,2017-03,846.0,亿元,M,,https://www.pbc.gov.cn/diaochatongjisi/attachDir/2025/11/2025110511302316239.xls,人民银行社融单月分项，亿元；历史口径与缺失按原表保留
tsf_writeoffs_flow,CHN,2017-04,210.0,亿元,M,,https://www.pbc.gov.cn/diaochatongjisi/attachDir/2025/11/2025110511302316239.xls,人民银行社融单月分项，亿元；历史口径与缺失按原表保留
tsf_writeoffs_flow,CHN,2017-05,277.0,亿元,M,,https://www.pbc.gov.cn/diaochatongjisi/attachDir/2025/11/2025110511302316239.xls,人民银行社融单月分项，亿元；历史口径与缺失按原表保留
tsf_writeoffs_flow,CHN,2017-06,1309.0,亿元,M,,https://www.pbc.gov.cn/diaochatongjisi/attachDir/2025/11/2025110511302316239.xls,人民银行社融单月分项，亿元；历史口径与缺失按原表保留
tsf_writeoffs_flow,CHN,2017-07,205.0,亿元,M,,https://www.pbc.gov.cn/diaochatongjisi/attachDir/2025/11/2025110511302316239.xls,人民银行社融单月分项，亿元；历史口径与缺失按原表保留
tsf_writeoffs_flow,CHN,2017-08,250.0,亿元,M,,https://www.pbc.gov.cn/diaochatongjisi/attachDir/2025/11/2025110511302316239.xls,人民银行社融单月分项，亿元；历史口径与缺失按原表保留
tsf_writeoffs_flow,CHN,2017-09,1276.0,亿元,M,,https://www.pbc.gov.cn/diaochatongjisi/attachDir/2025/11/2025110511302316239.xls,人民银行社融单月分项，亿元；历史口径与缺失按原表保留
tsf_writeoffs_flow,CHN,2017-10,271.0,亿元,M,,https://www.pbc.gov.cn/diaochatongjisi/attachDir/2025/11/2025110511302316239.xls,人民银行社融单月分项，亿元；历史口径与缺失按原表保留
tsf_writeoffs_flow,CHN,2017-11,481.0,亿元,M,,https://www.pbc.gov.cn/diaochatongjisi/attachDir/2025/11/2025110511302316239.xls,人民银行社融单月分项，亿元；历史口径与缺失按原表保留
tsf_writeoffs_flow,CHN,2017-12,2059.0,亿元,M,,https://www.pbc.gov.cn/diaochatongjisi/attachDir/2025/11/2025110511302316239.xls,人民银行社融单月分项，亿元；历史口径与缺失按原表保留
tsf_writeoffs_flow,CHN,2018-01,320.0,亿元,M,,https://www.pbc.gov.cn/diaochatongjisi/attachDir/2025/11/2025110511302316239.xls,人民银行社融单月分项，亿元；历史口径与缺失按原表保留
tsf_writeoffs_flow,CHN,2018-02,261.0,亿元,M,,https://www.pbc.gov.cn/diaochatongjisi/attachDir/2025/11/2025110511302316239.xls,人民银行社融单月分项，亿元；历史口径与缺失按原表保留
tsf_writeoffs_flow,CHN,2018-03,1234.0,亿元,M,,https://www.pbc.gov.cn/diaochatongjisi/attachDir/2025/11/2025110511302316239.xls,人民银行社融单月分项，亿元；历史口径与缺失按原表保留
tsf_writeoffs_flow,CHN,2018-04,259.0,亿元,M,,https://www.pbc.gov.cn/diaochatongjisi/attachDir/2025/11/2025110511302316239.xls,人民银行社融单月分项，亿元；历史口径与缺失按原表保留
tsf_writeoffs_flow,CHN,2018-05,479.0,亿元,M,,https://www.pbc.gov.cn/diaochatongjisi/attachDir/2025/11/2025110511302316239.xls,人民银行社融单月分项，亿元；历史口径与缺失按原表保留
tsf_writeoffs_flow,CHN,2018-06,1737.0,亿元,M,,https://www.pbc.gov.cn/diaochatongjisi/attachDir/2025/11/2025110511302316239.xls,人民银行社融单月分项，亿元；历史口径与缺失按原表保留
tsf_writeoffs_flow,CHN,2018-07,176.0,亿元,M,,https://www.pbc.gov.cn/diaochatongjisi/attachDir/2025/11/2025110511302316239.xls,人民银行社融单月分项，亿元；历史口径与缺失按原表保留
tsf_writeoffs_flow,CHN,2018-08,377.0,亿元,M,,https://www.pbc.gov.cn/diaochatongjisi/attachDir/2025/11/2025110511302316239.xls,人民银行社融单月分项，亿元；历史口径与缺失按原表保留
tsf_writeoffs_flow,CHN,2018-09,1615.0,亿元,M,,https://www.pbc.gov.cn/diaochatongjisi/attachDir/2025/11/2025110511302316239.xls,人民银行社融单月分项，亿元；历史口径与缺失按原表保留
tsf_writeoffs_flow,CHN,2018-10,446.0,亿元,M,,https://www.pbc.gov.cn/diaochatongjisi/attachDir/2025/11/2025110511302316239.xls,人民银行社融单月分项，亿元；历史口径与缺失按原表保留
tsf_writeoffs_flow,CHN,2018-11,729.0,亿元,M,,https://www.pbc.gov.cn/diaochatongjisi/attachDir/2025/11/2025110511302316239.xls,人民银行社融单月分项，亿元；历史口径与缺失按原表保留
tsf_writeoffs_flow,CHN,2018-12,2522.0,亿元,M,,https://www.pbc.gov.cn/diaochatongjisi/attachDir/2025/11/2025110511302316239.xls,人民银行社融单月分项，亿元；历史口径与缺失按原表保留
tsf_writeoffs_flow,CHN,2019-01,249.0,亿元,M,,https://www.pbc.gov.cn/diaochatongjisi/attachDir/2025/11/2025110511302316239.xls,人民银行社融单月分项，亿元；历史口径与缺失按原表保留
tsf_writeoffs_flow,CHN,2019-02,201.0,亿元,M,,https://www.pbc.gov.cn/diaochatongjisi/attachDir/2025/11/2025110511302316239.xls,人民银行社融单月分项，亿元；历史口径与缺失按原表保留
tsf_writeoffs_flow,CHN,2019-03,1227.0,亿元,M,,https://www.pbc.gov.cn/diaochatongjisi/attachDir/2025/11/2025110511302316239.xls,人民银行社融单月分项，亿元；历史口径与缺失按原表保留
tsf_writeoffs_flow,CHN,2019-04,316.0,亿元,M,,https://www.pbc.gov.cn/diaochatongjisi/attachDir/2025/11/2025110511302316239.xls,人民银行社融单月分项，亿元；历史口径与缺失按原表保留
tsf_writeoffs_flow,CHN,2019-05,392.0,亿元,M,,https://www.pbc.gov.cn/diaochatongjisi/attachDir/2025/11/2025110511302316239.xls,人民银行社融单月分项，亿元；历史口径与缺失按原表保留
tsf_writeoffs_flow,CHN,2019-06,1806.0,亿元,M,,https://www.pbc.gov.cn/diaochatongjisi/attachDir/2025/11/2025110511302316239.xls,人民银行社融单月分项，亿元；历史口径与缺失按原表保留
tsf_writeoffs_flow,CHN,2019-07,244.0,亿元,M,,https://www.pbc.gov.cn/diaochatongjisi/attachDir/2025/11/2025110511302316239.xls,人民银行社融单月分项，亿元；历史口径与缺失按原表保留
tsf_writeoffs_flow,CHN,2019-08,351.0,亿元,M,,https://www.pbc.gov.cn/diaochatongjisi/attachDir/2025/11/2025110511302316239.xls,人民银行社融单月分项，亿元；历史口径与缺失按原表保留
tsf_writeoffs_flow,CHN,2019-09,1692.0,亿元,M,,https://www.pbc.gov.cn/diaochatongjisi/attachDir/2025/11/2025110511302316239.xls,人民银行社融单月分项，亿元；历史口径与缺失按原表保留
tsf_writeoffs_flow,CHN,2019-10,416.0,亿元,M,,https://www.pbc.gov.cn/diaochatongjisi/attachDir/2025/11/2025110511302316239.xls,人民银行社融单月分项，亿元；历史口径与缺失按原表保留
tsf_writeoffs_flow,CHN,2019-11,639.0,亿元,M,,https://www.pbc.gov.cn/diaochatongjisi/attachDir/2025/11/2025110511302316239.xls,人民银行社融单月分项，亿元；历史口径与缺失按原表保留
tsf_writeoffs_flow,CHN,2019-12,3018.0,亿元,M,,https://www.pbc.gov.cn/diaochatongjisi/attachDir/2025/11/2025110511302316239.xls,人民银行社融单月分项，亿元；历史口径与缺失按原表保留
tsf_writeoffs_flow,CHN,2020-01,166.0,亿元,M,,https://www.pbc.gov.cn/diaochatongjisi/attachDir/2025/11/2025110510115085998.xls,人民银行社融单月分项，亿元；历史口径与缺失按原表保留
tsf_writeoffs_flow,CHN,2020-02,263.0,亿元,M,,https://www.pbc.gov.cn/diaochatongjisi/attachDir/2025/11/2025110510115085998.xls,人民银行社融单月分项，亿元；历史口径与缺失按原表保留
tsf_writeoffs_flow,CHN,2020-03,1117.0,亿元,M,,https://www.pbc.gov.cn/diaochatongjisi/attachDir/2025/11/2025110510115085998.xls,人民银行社融单月分项，亿元；历史口径与缺失按原表保留
tsf_writeoffs_flow,CHN,2020-04,460.0,亿元,M,,https://www.pbc.gov.cn/diaochatongjisi/attachDir/2025/11/2025110510115085998.xls,人民银行社融单月分项，亿元；历史口径与缺失按原表保留
tsf_writeoffs_flow,CHN,2020-05,413.0,亿元,M,,https://www.pbc.gov.cn/diaochatongjisi/attachDir/2025/11/2025110510115085998.xls,人民银行社融单月分项，亿元；历史口径与缺失按原表保留
tsf_writeoffs_flow,CHN,2020-06,2044.0,亿元,M,,https://www.pbc.gov.cn/diaochatongjisi/attachDir/2025/11/2025110510115085998.xls,人民银行社融单月分项，亿元；历史口径与缺失按原表保留
tsf_writeoffs_flow,CHN,2020-07,748.0,亿元,M,,https://www.pbc.gov.cn/diaochatongjisi/attachDir/2025/11/2025110510115085998.xls,人民银行社融单月分项，亿元；历史口径与缺失按原表保留
tsf_writeoffs_flow,CHN,2020-08,643.0,亿元,M,,https://www.pbc.gov.cn/diaochatongjisi/attachDir/2025/11/2025110510115085998.xls,人民银行社融单月分项，亿元；历史口径与缺失按原表保留
tsf_writeoffs_flow,CHN,2020-09,1790.0,亿元,M,,https://www.pbc.gov.cn/diaochatongjisi/attachDir/2025/11/2025110510115085998.xls,人民银行社融单月分项，亿元；历史口径与缺失按原表保留
tsf_writeoffs_flow,CHN,2020-10,539.0,亿元,M,,https://www.pbc.gov.cn/diaochatongjisi/attachDir/2025/11/2025110510115085998.xls,人民银行社融单月分项，亿元；历史口径与缺失按原表保留
tsf_writeoffs_flow,CHN,2020-11,673.0,亿元,M,,https://www.pbc.gov.cn/diaochatongjisi/attachDir/2025/11/2025110510115085998.xls,人民银行社融单月分项，亿元；历史口径与缺失按原表保留
tsf_writeoffs_flow,CHN,2020-12,3366.0,亿元,M,,https://www.pbc.gov.cn/diaochatongjisi/attachDir/2025/11/2025110510115085998.xls,人民银行社融单月分项，亿元；历史口径与缺失按原表保留
tsf_writeoffs_flow,CHN,2021-01,280.0,亿元,M,,https://www.pbc.gov.cn/diaochatongjisi/attachDir/2025/11/2025110509591087259.xls,人民银行社融单月分项，亿元；历史口径与缺失按原表保留
tsf_writeoffs_flow,CHN,2021-02,370.0,亿元,M,,https://www.pbc.gov.cn/diaochatongjisi/attachDir/2025/11/2025110509591087259.xls,人民银行社融单月分项，亿元；历史口径与缺失按原表保留
tsf_writeoffs_flow,CHN,2021-03,1080.0,亿元,M,,https://www.pbc.gov.cn/diaochatongjisi/attachDir/2025/11/2025110509591087259.xls,人民银行社融单月分项，亿元；历史口径与缺失按原表保留
tsf_writeoffs_flow,CHN,2021-04,456.0,亿元,M,,https://www.pbc.gov.cn/diaochatongjisi/attachDir/2025/11/2025110509591087259.xls,人民银行社融单月分项，亿元；历史口径与缺失按原表保留
tsf_writeoffs_flow,CHN,2021-05,378.0,亿元,M,,https://www.pbc.gov.cn/diaochatongjisi/attachDir/2025/11/2025110509591087259.xls,人民银行社融单月分项，亿元；历史口径与缺失按原表保留
tsf_writeoffs_flow,CHN,2021-06,1779.0,亿元,M,,https://www.pbc.gov.cn/diaochatongjisi/attachDir/2025/11/2025110509591087259.xls,人民银行社融单月分项，亿元；历史口径与缺失按原表保留
tsf_writeoffs_flow,CHN,2021-07,269.0,亿元,M,,https://www.pbc.gov.cn/diaochatongjisi/attachDir/2025/11/2025110509591087259.xls,人民银行社融单月分项，亿元；历史口径与缺失按原表保留
tsf_writeoffs_flow,CHN,2021-08,526.0,亿元,M,,https://www.pbc.gov.cn/diaochatongjisi/attachDir/2025/11/2025110509591087259.xls,人民银行社融单月分项，亿元；历史口径与缺失按原表保留
tsf_writeoffs_flow,CHN,2021-09,1505.0,亿元,M,,https://www.pbc.gov.cn/diaochatongjisi/attachDir/2025/11/2025110509591087259.xls,人民银行社融单月分项，亿元；历史口径与缺失按原表保留
tsf_writeoffs_flow,CHN,2021-10,348.0,亿元,M,,https://www.pbc.gov.cn/diaochatongjisi/attachDir/2025/11/2025110509591087259.xls,人民银行社融单月分项，亿元；历史口径与缺失按原表保留
tsf_writeoffs_flow,CHN,2021-11,582.0,亿元,M,,https://www.pbc.gov.cn/diaochatongjisi/attachDir/2025/11/2025110509591087259.xls,人民银行社融单月分项，亿元；历史口径与缺失按原表保留
tsf_writeoffs_flow,CHN,2021-12,2726.0,亿元,M,,https://www.pbc.gov.cn/diaochatongjisi/attachDir/2025/11/2025110509591087259.xls,人民银行社融单月分项，亿元；历史口径与缺失按原表保留
tsf_writeoffs_flow,CHN,2022-01,204,亿元,M,,https://www.pbc.gov.cn/diaochatongjisi/attachDir/2025/11/2025110416594167877.xlsx,人民银行社融单月分项，亿元；历史口径与缺失按原表保留
tsf_writeoffs_flow,CHN,2022-02,257,亿元,M,,https://www.pbc.gov.cn/diaochatongjisi/attachDir/2025/11/2025110416594167877.xlsx,人民银行社融单月分项，亿元；历史口径与缺失按原表保留
tsf_writeoffs_flow,CHN,2022-03,1584,亿元,M,,https://www.pbc.gov.cn/diaochatongjisi/attachDir/2025/11/2025110416594167877.xlsx,人民银行社融单月分项，亿元；历史口径与缺失按原表保留
tsf_writeoffs_flow,CHN,2022-04,484,亿元,M,,https://www.pbc.gov.cn/diaochatongjisi/attachDir/2025/11/2025110416594167877.xlsx,人民银行社融单月分项，亿元；历史口径与缺失按原表保留
tsf_writeoffs_flow,CHN,2022-05,487,亿元,M,,https://www.pbc.gov.cn/diaochatongjisi/attachDir/2025/11/2025110416594167877.xlsx,人民银行社融单月分项，亿元；历史口径与缺失按原表保留
tsf_writeoffs_flow,CHN,2022-06,1760,亿元,M,,https://www.pbc.gov.cn/diaochatongjisi/attachDir/2025/11/2025110416594167877.xlsx,人民银行社融单月分项，亿元；历史口径与缺失按原表保留
tsf_writeoffs_flow,CHN,2022-07,1021,亿元,M,,https://www.pbc.gov.cn/diaochatongjisi/attachDir/2025/11/2025110416594167877.xlsx,人民银行社融单月分项，亿元；历史口径与缺失按原表保留
tsf_writeoffs_flow,CHN,2022-08,625,亿元,M,,https://www.pbc.gov.cn/diaochatongjisi/attachDir/2025/11/2025110416594167877.xlsx,人民银行社融单月分项，亿元；历史口径与缺失按原表保留
tsf_writeoffs_flow,CHN,2022-09,1512,亿元,M,,https://www.pbc.gov.cn/diaochatongjisi/attachDir/2025/11/2025110416594167877.xlsx,人民银行社融单月分项，亿元；历史口径与缺失按原表保留
tsf_writeoffs_flow,CHN,2022-10,326,亿元,M,,https://www.pbc.gov.cn/diaochatongjisi/attachDir/2025/11/2025110416594167877.xlsx,人民银行社融单月分项，亿元；历史口径与缺失按原表保留
tsf_writeoffs_flow,CHN,2022-11,625,亿元,M,,https://www.pbc.gov.cn/diaochatongjisi/attachDir/2025/11/2025110416594167877.xlsx,人民银行社融单月分项，亿元；历史口径与缺失按原表保留
tsf_writeoffs_flow,CHN,2022-12,1384,亿元,M,,https://www.pbc.gov.cn/diaochatongjisi/attachDir/2025/11/2025110416594167877.xlsx,人民银行社融单月分项，亿元；历史口径与缺失按原表保留
tsf_writeoffs_flow,CHN,2023-01,312,亿元,M,,https://www.pbc.gov.cn/diaochatongjisi/attachDir/2025/11/2025110415542112867.xlsx,人民银行社融单月分项，亿元；历史口径与缺失按原表保留
tsf_writeoffs_flow,CHN,2023-02,367,亿元,M,,https://www.pbc.gov.cn/diaochatongjisi/attachDir/2025/11/2025110415542112867.xlsx,人民银行社融单月分项，亿元；历史口径与缺失按原表保留
tsf_writeoffs_flow,CHN,2023-03,1235,亿元,M,,https://www.pbc.gov.cn/diaochatongjisi/attachDir/2025/11/2025110415542112867.xlsx,人民银行社融单月分项，亿元；历史口径与缺失按原表保留
tsf_writeoffs_flow,CHN,2023-04,448,亿元,M,,https://www.pbc.gov.cn/diaochatongjisi/attachDir/2025/11/2025110415542112867.xlsx,人民银行社融单月分项，亿元；历史口径与缺失按原表保留
tsf_writeoffs_flow,CHN,2023-05,516,亿元,M,,https://www.pbc.gov.cn/diaochatongjisi/attachDir/2025/11/2025110415542112867.xlsx,人民银行社融单月分项，亿元；历史口径与缺失按原表保留
tsf_writeoffs_flow,CHN,2023-06,1776,亿元,M,,https://www.pbc.gov.cn/diaochatongjisi/attachDir/2025/11/2025110415542112867.xlsx,人民银行社融单月分项，亿元；历史口径与缺失按原表保留
tsf_writeoffs_flow,CHN,2023-07,402,亿元,M,,https://www.pbc.gov.cn/diaochatongjisi/attachDir/2025/11/2025110415542112867.xlsx,人民银行社融单月分项，亿元；历史口径与缺失按原表保留
tsf_writeoffs_flow,CHN,2023-08,596,亿元,M,,https://www.pbc.gov.cn/diaochatongjisi/attachDir/2025/11/2025110415542112867.xlsx,人民银行社融单月分项，亿元；历史口径与缺失按原表保留
tsf_writeoffs_flow,CHN,2023-09,1799,亿元,M,,https://www.pbc.gov.cn/diaochatongjisi/attachDir/2025/11/2025110415542112867.xlsx,人民银行社融单月分项，亿元；历史口径与缺失按原表保留
tsf_writeoffs_flow,CHN,2023-10,427,亿元,M,,https://www.pbc.gov.cn/diaochatongjisi/attachDir/2025/11/2025110415542112867.xlsx,人民银行社融单月分项，亿元；历史口径与缺失按原表保留
tsf_writeoffs_flow,CHN,2023-11,742,亿元,M,,https://www.pbc.gov.cn/diaochatongjisi/attachDir/2025/11/2025110415542112867.xlsx,人民银行社融单月分项，亿元；历史口径与缺失按原表保留
tsf_writeoffs_flow,CHN,2023-12,2347,亿元,M,,https://www.pbc.gov.cn/diaochatongjisi/attachDir/2025/11/2025110415542112867.xlsx,人民银行社融单月分项，亿元；历史口径与缺失按原表保留
tsf_writeoffs_flow,CHN,2024-01,474,亿元,M,,https://www.pbc.gov.cn/diaochatongjisi/attachDir/2025/11/2025111416252488839.xlsx,人民银行社融单月分项，亿元；历史口径与缺失按原表保留
tsf_writeoffs_flow,CHN,2024-02,488,亿元,M,,https://www.pbc.gov.cn/diaochatongjisi/attachDir/2025/11/2025111416252488839.xlsx,人民银行社融单月分项，亿元；历史口径与缺失按原表保留
tsf_writeoffs_flow,CHN,2024-03,1587,亿元,M,,https://www.pbc.gov.cn/diaochatongjisi/attachDir/2025/11/2025111416252488839.xlsx,人民银行社融单月分项，亿元；历史口径与缺失按原表保留
tsf_writeoffs_flow,CHN,2024-04,520,亿元,M,,https://www.pbc.gov.cn/diaochatongjisi/attachDir/2025/11/2025111416252488839.xlsx,人民银行社融单月分项，亿元；历史口径与缺失按原表保留
tsf_writeoffs_flow,CHN,2024-05,734,亿元,M,,https://www.pbc.gov.cn/diaochatongjisi/attachDir/2025/11/2025111416252488839.xlsx,人民银行社融单月分项，亿元；历史口径与缺失按原表保留
tsf_writeoffs_flow,CHN,2024-06,2092,亿元,M,,https://www.pbc.gov.cn/diaochatongjisi/attachDir/2025/11/2025111416252488839.xlsx,人民银行社融单月分项，亿元；历史口径与缺失按原表保留
tsf_writeoffs_flow,CHN,2024-07,448,亿元,M,,https://www.pbc.gov.cn/diaochatongjisi/attachDir/2025/11/2025111416252488839.xlsx,人民银行社融单月分项，亿元；历史口径与缺失按原表保留
tsf_writeoffs_flow,CHN,2024-08,758,亿元,M,,https://www.pbc.gov.cn/diaochatongjisi/attachDir/2025/11/2025111416252488839.xlsx,人民银行社融单月分项，亿元；历史口径与缺失按原表保留
tsf_writeoffs_flow,CHN,2024-09,2154,亿元,M,,https://www.pbc.gov.cn/diaochatongjisi/attachDir/2025/11/2025111416252488839.xlsx,人民银行社融单月分项，亿元；历史口径与缺失按原表保留
tsf_writeoffs_flow,CHN,2024-10,577,亿元,M,,https://www.pbc.gov.cn/diaochatongjisi/attachDir/2025/11/2025111416252488839.xlsx,人民银行社融单月分项，亿元；历史口径与缺失按原表保留
tsf_writeoffs_flow,CHN,2024-11,824,亿元,M,,https://www.pbc.gov.cn/diaochatongjisi/attachDir/2025/11/2025111416252488839.xlsx,人民银行社融单月分项，亿元；历史口径与缺失按原表保留
tsf_writeoffs_flow,CHN,2024-12,2637,亿元,M,,https://www.pbc.gov.cn/diaochatongjisi/attachDir/2025/11/2025111416252488839.xlsx,人民银行社融单月分项，亿元；历史口径与缺失按原表保留
tsf_writeoffs_flow,CHN,2025-01,397,亿元,M,,https://www.pbc.gov.cn/diaochatongjisi/attachDir/2026/02/2026021418235592487.xlsx,人民银行社融单月分项，亿元；历史口径与缺失按原表保留
tsf_writeoffs_flow,CHN,2025-02,542,亿元,M,,https://www.pbc.gov.cn/diaochatongjisi/attachDir/2026/02/2026021418235592487.xlsx,人民银行社融单月分项，亿元；历史口径与缺失按原表保留
tsf_writeoffs_flow,CHN,2025-03,1967,亿元,M,,https://www.pbc.gov.cn/diaochatongjisi/attachDir/2026/02/2026021418235592487.xlsx,人民银行社融单月分项，亿元；历史口径与缺失按原表保留
tsf_writeoffs_flow,CHN,2025-04,631,亿元,M,,https://www.pbc.gov.cn/diaochatongjisi/attachDir/2026/02/2026021418235592487.xlsx,人民银行社融单月分项，亿元；历史口径与缺失按原表保留
tsf_writeoffs_flow,CHN,2025-05,830,亿元,M,,https://www.pbc.gov.cn/diaochatongjisi/attachDir/2026/02/2026021418235592487.xlsx,人民银行社融单月分项，亿元；历史口径与缺失按原表保留
tsf_writeoffs_flow,CHN,2025-06,2478,亿元,M,,https://www.pbc.gov.cn/diaochatongjisi/attachDir/2026/02/2026021418235592487.xlsx,人民银行社融单月分项，亿元；历史口径与缺失按原表保留
tsf_writeoffs_flow,CHN,2025-07,548,亿元,M,,https://www.pbc.gov.cn/diaochatongjisi/attachDir/2026/02/2026021418235592487.xlsx,人民银行社融单月分项，亿元；历史口径与缺失按原表保留
tsf_writeoffs_flow,CHN,2025-08,875,亿元,M,,https://www.pbc.gov.cn/diaochatongjisi/attachDir/2026/02/2026021418235592487.xlsx,人民银行社融单月分项，亿元；历史口径与缺失按原表保留
tsf_writeoffs_flow,CHN,2025-09,2030,亿元,M,,https://www.pbc.gov.cn/diaochatongjisi/attachDir/2026/02/2026021418235592487.xlsx,人民银行社融单月分项，亿元；历史口径与缺失按原表保留
tsf_writeoffs_flow,CHN,2025-10,452,亿元,M,,https://www.pbc.gov.cn/diaochatongjisi/attachDir/2026/02/2026021418235592487.xlsx,人民银行社融单月分项，亿元；历史口径与缺失按原表保留
tsf_writeoffs_flow,CHN,2025-11,1122,亿元,M,,https://www.pbc.gov.cn/diaochatongjisi/attachDir/2026/02/2026021418235592487.xlsx,人民银行社融单月分项，亿元；历史口径与缺失按原表保留
tsf_writeoffs_flow,CHN,2025-12,2845,亿元,M,,https://www.pbc.gov.cn/diaochatongjisi/attachDir/2026/02/2026021418235592487.xlsx,人民银行社融单月分项，亿元；历史口径与缺失按原表保留
tsf_writeoffs_flow,CHN,2026-01,355,亿元,M,,https://www.pbc.gov.cn/diaochatongjisi/attachDir/2026/09/2026091418125322850.xlsx,人民银行社融单月分项，亿元；历史口径与缺失按原表保留
tsf_writeoffs_flow,CHN,2026-02,379,亿元,M,,https://www.pbc.gov.cn/diaochatongjisi/attachDir/2026/09/2026091418125322850.xlsx,人民银行社融单月分项，亿元；历史口径与缺失按原表保留
tsf_writeoffs_flow,CHN,2026-03,2538,亿元,M,,https://www.pbc.gov.cn/diaochatongjisi/attachDir/2026/09/2026091418125322850.xlsx,人民银行社融单月分项，亿元；历史口径与缺失按原表保留
tsf_writeoffs_flow,CHN,2026-04,580,亿元,M,,https://www.pbc.gov.cn/diaochatongjisi/attachDir/2026/09/2026091418125322850.xlsx,人民银行社融单月分项，亿元；历史口径与缺失按原表保留
tsf_writeoffs_flow,CHN,2026-05,1016,亿元,M,,https://www.pbc.gov.cn/diaochatongjisi/attachDir/2026/09/2026091418125322850.xlsx,人民银行社融单月分项，亿元；历史口径与缺失按原表保留
tsf_writeoffs_flow,CHN,2026-06,3188,亿元,M,,https://www.pbc.gov.cn/diaochatongjisi/attachDir/2026/09/2026091418125322850.xlsx,人民银行社融单月分项，亿元；历史口径与缺失按原表保留
tsf_writeoffs_flow,CHN,2026-07,798,亿元,M,,https://www.pbc.gov.cn/diaochatongjisi/attachDir/2026/09/2026091418125322850.xlsx,人民银行社融单月分项，亿元；历史口径与缺失按原表保留
tsf_writeoffs_flow,CHN,2026-08,906,亿元,M,,https://www.pbc.gov.cn/diaochatongjisi/attachDir/2026/09/2026091418125322850.xlsx,人民银行社融单月分项，亿元；历史口径与缺失按原表保留
