series_id,country,period,value,unit,frequency,published_at,source_url,note
fiscal_central_debt_annual,CHN,2005,32614.21,亿元,A,,https://data.stats.gov.cn/dg/website/publicrelease/web/external/stream/esData,来源指标：中央财政债务余额(亿元)；年度来源，与12月累计独立
fiscal_central_debt_annual,CHN,2006,35015.26,亿元,A,,https://data.stats.gov.cn/dg/website/publicrelease/web/external/stream/esData,来源指标：中央财政债务余额(亿元)；年度来源，与12月累计独立
fiscal_central_debt_annual,CHN,2007,52074.65,亿元,A,,https://data.stats.gov.cn/dg/website/publicrelease/web/external/stream/esData,来源指标：中央财政债务余额(亿元)；年度来源，与12月累计独立
fiscal_central_debt_annual,CHN,2008,53271.54,亿元,A,,https://data.stats.gov.cn/dg/website/publicrelease/web/external/stream/esData,来源指标：中央财政债务余额(亿元)；年度来源，与12月累计独立
fiscal_central_debt_annual,CHN,2009,60237.68,亿元,A,,https://data.stats.gov.cn/dg/website/publicrelease/web/external/stream/esData,来源指标：中央财政债务余额(亿元)；年度来源，与12月累计独立
fiscal_central_debt_annual,CHN,2010,67548.11,亿元,A,,https://data.stats.gov.cn/dg/website/publicrelease/web/external/stream/esData,来源指标：中央财政债务余额(亿元)；年度来源，与12月累计独立
fiscal_central_debt_annual,CHN,2011,72044.51,亿元,A,,https://data.stats.gov.cn/dg/website/publicrelease/web/external/stream/esData,来源指标：中央财政债务余额(亿元)；年度来源，与12月累计独立
fiscal_central_debt_annual,CHN,2012,77565.70,亿元,A,,https://data.stats.gov.cn/dg/website/publicrelease/web/external/stream/esData,来源指标：中央财政债务余额(亿元)；年度来源，与12月累计独立
fiscal_central_debt_annual,CHN,2013,86746.91,亿元,A,,https://data.stats.gov.cn/dg/website/publicrelease/web/external/stream/esData,来源指标：中央财政债务余额(亿元)；年度来源，与12月累计独立
fiscal_central_debt_annual,CHN,2014,95655.45,亿元,A,,https://data.stats.gov.cn/dg/website/publicrelease/web/external/stream/esData,来源指标：中央财政债务余额(亿元)；年度来源，与12月累计独立
fiscal_central_debt_annual,CHN,2015,106599.59,亿元,A,,https://data.stats.gov.cn/dg/website/publicrelease/web/external/stream/esData,来源指标：中央财政债务余额(亿元)；年度来源，与12月累计独立
fiscal_central_debt_annual,CHN,2016,120066.75,亿元,A,,https://data.stats.gov.cn/dg/website/publicrelease/web/external/stream/esData,来源指标：中央财政债务余额(亿元)；年度来源，与12月累计独立
fiscal_central_debt_annual,CHN,2017,134770.15,亿元,A,,https://data.stats.gov.cn/dg/website/publicrelease/web/external/stream/esData,来源指标：中央财政债务余额(亿元)；年度来源，与12月累计独立
fiscal_central_debt_annual,CHN,2018,149607.41,亿元,A,,https://data.stats.gov.cn/dg/website/publicrelease/web/external/stream/esData,来源指标：中央财政债务余额(亿元)；年度来源，与12月累计独立
fiscal_central_debt_annual,CHN,2019,168038.04,亿元,A,,https://data.stats.gov.cn/dg/website/publicrelease/web/external/stream/esData,来源指标：中央财政债务余额(亿元)；年度来源，与12月累计独立
fiscal_central_debt_annual,CHN,2020,208905.90,亿元,A,,https://data.stats.gov.cn/dg/website/publicrelease/web/external/stream/esData,来源指标：中央财政债务余额(亿元)；年度来源，与12月累计独立
fiscal_central_debt_annual,CHN,2021,232697.30,亿元,A,,https://data.stats.gov.cn/dg/website/publicrelease/web/external/stream/esData,来源指标：中央财政债务余额(亿元)；年度来源，与12月累计独立
fiscal_central_debt_annual,CHN,2022,258692.80,亿元,A,,https://data.stats.gov.cn/dg/website/publicrelease/web/external/stream/esData,来源指标：中央财政债务余额(亿元)；年度来源，与12月累计独立
fiscal_central_debt_annual,CHN,2023,300325.50,亿元,A,,https://data.stats.gov.cn/dg/website/publicrelease/web/external/stream/esData,来源指标：中央财政债务余额(亿元)；年度来源，与12月累计独立
fiscal_central_debt_annual,CHN,2024,345723.62,亿元,A,,https://data.stats.gov.cn/dg/website/publicrelease/web/external/stream/esData,来源指标：中央财政债务余额(亿元)；年度来源，与12月累计独立
fiscal_central_debt_annual,CHN,2025,412317.68,亿元,A,,https://data.stats.gov.cn/dg/website/publicrelease/web/external/stream/esData,来源指标：中央财政债务余额(亿元)；年度来源，与12月累计独立
fiscal_expenditure_annual,CHN,1950,68.05,亿元,A,,https://data.stats.gov.cn/dg/website/publicrelease/web/external/stream/esData,来源指标：一般公共预算支出(亿元)；年度来源，与12月累计独立
fiscal_expenditure_annual,CHN,1951,122.07,亿元,A,,https://data.stats.gov.cn/dg/website/publicrelease/web/external/stream/esData,来源指标：一般公共预算支出(亿元)；年度来源，与12月累计独立
fiscal_expenditure_annual,CHN,1952,172.07,亿元,A,,https://data.stats.gov.cn/dg/website/publicrelease/web/external/stream/esData,来源指标：一般公共预算支出(亿元)；年度来源，与12月累计独立
fiscal_expenditure_annual,CHN,1953,219.21,亿元,A,,https://data.stats.gov.cn/dg/website/publicrelease/web/external/stream/esData,来源指标：一般公共预算支出(亿元)；年度来源，与12月累计独立
fiscal_expenditure_annual,CHN,1954,244.11,亿元,A,,https://data.stats.gov.cn/dg/website/publicrelease/web/external/stream/esData,来源指标：一般公共预算支出(亿元)；年度来源，与12月累计独立
fiscal_expenditure_annual,CHN,1955,262.73,亿元,A,,https://data.stats.gov.cn/dg/website/publicrelease/web/external/stream/esData,来源指标：一般公共预算支出(亿元)；年度来源，与12月累计独立
fiscal_expenditure_annual,CHN,1956,298.52,亿元,A,,https://data.stats.gov.cn/dg/website/publicrelease/web/external/stream/esData,来源指标：一般公共预算支出(亿元)；年度来源，与12月累计独立
fiscal_expenditure_annual,CHN,1957,295.95,亿元,A,,https://data.stats.gov.cn/dg/website/publicrelease/web/external/stream/esData,来源指标：一般公共预算支出(亿元)；年度来源，与12月累计独立
fiscal_expenditure_annual,CHN,1958,400.36,亿元,A,,https://data.stats.gov.cn/dg/website/publicrelease/web/external/stream/esData,来源指标：一般公共预算支出(亿元)；年度来源，与12月累计独立
fiscal_expenditure_annual,CHN,1959,543.17,亿元,A,,https://data.stats.gov.cn/dg/website/publicrelease/web/external/stream/esData,来源指标：一般公共预算支出(亿元)；年度来源，与12月累计独立
fiscal_expenditure_annual,CHN,1960,643.68,亿元,A,,https://data.stats.gov.cn/dg/website/publicrelease/web/external/stream/esData,来源指标：一般公共预算支出(亿元)；年度来源，与12月累计独立
fiscal_expenditure_annual,CHN,1961,356.09,亿元,A,,https://data.stats.gov.cn/dg/website/publicrelease/web/external/stream/esData,来源指标：一般公共预算支出(亿元)；年度来源，与12月累计独立
fiscal_expenditure_annual,CHN,1962,294.88,亿元,A,,https://data.stats.gov.cn/dg/website/publicrelease/web/external/stream/esData,来源指标：一般公共预算支出(亿元)；年度来源，与12月累计独立
fiscal_expenditure_annual,CHN,1963,332.05,亿元,A,,https://data.stats.gov.cn/dg/website/publicrelease/web/external/stream/esData,来源指标：一般公共预算支出(亿元)；年度来源，与12月累计独立
fiscal_expenditure_annual,CHN,1964,393.79,亿元,A,,https://data.stats.gov.cn/dg/website/publicrelease/web/external/stream/esData,来源指标：一般公共预算支出(亿元)；年度来源，与12月累计独立
fiscal_expenditure_annual,CHN,1965,459.97,亿元,A,,https://data.stats.gov.cn/dg/website/publicrelease/web/external/stream/esData,来源指标：一般公共预算支出(亿元)；年度来源，与12月累计独立
fiscal_expenditure_annual,CHN,1966,537.65,亿元,A,,https://data.stats.gov.cn/dg/website/publicrelease/web/external/stream/esData,来源指标：一般公共预算支出(亿元)；年度来源，与12月累计独立
fiscal_expenditure_annual,CHN,1967,439.84,亿元,A,,https://data.stats.gov.cn/dg/website/publicrelease/web/external/stream/esData,来源指标：一般公共预算支出(亿元)；年度来源，与12月累计独立
fiscal_expenditure_annual,CHN,1968,357.84,亿元,A,,https://data.stats.gov.cn/dg/website/publicrelease/web/external/stream/esData,来源指标：一般公共预算支出(亿元)；年度来源，与12月累计独立
fiscal_expenditure_annual,CHN,1969,525.86,亿元,A,,https://data.stats.gov.cn/dg/website/publicrelease/web/external/stream/esData,来源指标：一般公共预算支出(亿元)；年度来源，与12月累计独立
fiscal_expenditure_annual,CHN,1970,649.41,亿元,A,,https://data.stats.gov.cn/dg/website/publicrelease/web/external/stream/esData,来源指标：一般公共预算支出(亿元)；年度来源，与12月累计独立
fiscal_expenditure_annual,CHN,1971,732.17,亿元,A,,https://data.stats.gov.cn/dg/website/publicrelease/web/external/stream/esData,来源指标：一般公共预算支出(亿元)；年度来源，与12月累计独立
fiscal_expenditure_annual,CHN,1972,765.86,亿元,A,,https://data.stats.gov.cn/dg/website/publicrelease/web/external/stream/esData,来源指标：一般公共预算支出(亿元)；年度来源，与12月累计独立
fiscal_expenditure_annual,CHN,1973,808.78,亿元,A,,https://data.stats.gov.cn/dg/website/publicrelease/web/external/stream/esData,来源指标：一般公共预算支出(亿元)；年度来源，与12月累计独立
fiscal_expenditure_annual,CHN,1974,790.25,亿元,A,,https://data.stats.gov.cn/dg/website/publicrelease/web/external/stream/esData,来源指标：一般公共预算支出(亿元)；年度来源，与12月累计独立
fiscal_expenditure_annual,CHN,1975,820.88,亿元,A,,https://data.stats.gov.cn/dg/website/publicrelease/web/external/stream/esData,来源指标：一般公共预算支出(亿元)；年度来源，与12月累计独立
fiscal_expenditure_annual,CHN,1976,806.20,亿元,A,,https://data.stats.gov.cn/dg/website/publicrelease/web/external/stream/esData,来源指标：一般公共预算支出(亿元)；年度来源，与12月累计独立
fiscal_expenditure_annual,CHN,1977,843.53,亿元,A,,https://data.stats.gov.cn/dg/website/publicrelease/web/external/stream/esData,来源指标：一般公共预算支出(亿元)；年度来源，与12月累计独立
fiscal_expenditure_annual,CHN,1978,1122.09,亿元,A,,https://data.stats.gov.cn/dg/website/publicrelease/web/external/stream/esData,来源指标：一般公共预算支出(亿元)；年度来源，与12月累计独立
fiscal_expenditure_annual,CHN,1979,1281.79,亿元,A,,https://data.stats.gov.cn/dg/website/publicrelease/web/external/stream/esData,来源指标：一般公共预算支出(亿元)；年度来源，与12月累计独立
fiscal_expenditure_annual,CHN,1980,1228.83,亿元,A,,https://data.stats.gov.cn/dg/website/publicrelease/web/external/stream/esData,来源指标：一般公共预算支出(亿元)；年度来源，与12月累计独立
fiscal_expenditure_annual,CHN,1981,1138.41,亿元,A,,https://data.stats.gov.cn/dg/website/publicrelease/web/external/stream/esData,来源指标：一般公共预算支出(亿元)；年度来源，与12月累计独立
fiscal_expenditure_annual,CHN,1982,1229.98,亿元,A,,https://data.stats.gov.cn/dg/website/publicrelease/web/external/stream/esData,来源指标：一般公共预算支出(亿元)；年度来源，与12月累计独立
fiscal_expenditure_annual,CHN,1983,1409.52,亿元,A,,https://data.stats.gov.cn/dg/website/publicrelease/web/external/stream/esData,来源指标：一般公共预算支出(亿元)；年度来源，与12月累计独立
fiscal_expenditure_annual,CHN,1984,1701.02,亿元,A,,https://data.stats.gov.cn/dg/website/publicrelease/web/external/stream/esData,来源指标：一般公共预算支出(亿元)；年度来源，与12月累计独立
fiscal_expenditure_annual,CHN,1985,2004.25,亿元,A,,https://data.stats.gov.cn/dg/website/publicrelease/web/external/stream/esData,来源指标：一般公共预算支出(亿元)；年度来源，与12月累计独立
fiscal_expenditure_annual,CHN,1986,2204.91,亿元,A,,https://data.stats.gov.cn/dg/website/publicrelease/web/external/stream/esData,来源指标：一般公共预算支出(亿元)；年度来源，与12月累计独立
fiscal_expenditure_annual,CHN,1987,2262.18,亿元,A,,https://data.stats.gov.cn/dg/website/publicrelease/web/external/stream/esData,来源指标：一般公共预算支出(亿元)；年度来源，与12月累计独立
fiscal_expenditure_annual,CHN,1988,2491.21,亿元,A,,https://data.stats.gov.cn/dg/website/publicrelease/web/external/stream/esData,来源指标：一般公共预算支出(亿元)；年度来源，与12月累计独立
fiscal_expenditure_annual,CHN,1989,2823.78,亿元,A,,https://data.stats.gov.cn/dg/website/publicrelease/web/external/stream/esData,来源指标：一般公共预算支出(亿元)；年度来源，与12月累计独立
fiscal_expenditure_annual,CHN,1990,3083.59,亿元,A,,https://data.stats.gov.cn/dg/website/publicrelease/web/external/stream/esData,来源指标：一般公共预算支出(亿元)；年度来源，与12月累计独立
fiscal_expenditure_annual,CHN,1991,3386.62,亿元,A,,https://data.stats.gov.cn/dg/website/publicrelease/web/external/stream/esData,来源指标：一般公共预算支出(亿元)；年度来源，与12月累计独立
fiscal_expenditure_annual,CHN,1992,3742.20,亿元,A,,https://data.stats.gov.cn/dg/website/publicrelease/web/external/stream/esData,来源指标：一般公共预算支出(亿元)；年度来源，与12月累计独立
fiscal_expenditure_annual,CHN,1993,4642.30,亿元,A,,https://data.stats.gov.cn/dg/website/publicrelease/web/external/stream/esData,来源指标：一般公共预算支出(亿元)；年度来源，与12月累计独立
fiscal_expenditure_annual,CHN,1994,5792.62,亿元,A,,https://data.stats.gov.cn/dg/website/publicrelease/web/external/stream/esData,来源指标：一般公共预算支出(亿元)；年度来源，与12月累计独立
fiscal_expenditure_annual,CHN,1995,6823.72,亿元,A,,https://data.stats.gov.cn/dg/website/publicrelease/web/external/stream/esData,来源指标：一般公共预算支出(亿元)；年度来源，与12月累计独立
fiscal_expenditure_annual,CHN,1996,7937.55,亿元,A,,https://data.stats.gov.cn/dg/website/publicrelease/web/external/stream/esData,来源指标：一般公共预算支出(亿元)；年度来源，与12月累计独立
fiscal_expenditure_annual,CHN,1997,9233.56,亿元,A,,https://data.stats.gov.cn/dg/website/publicrelease/web/external/stream/esData,来源指标：一般公共预算支出(亿元)；年度来源，与12月累计独立
fiscal_expenditure_annual,CHN,1998,10798.18,亿元,A,,https://data.stats.gov.cn/dg/website/publicrelease/web/external/stream/esData,来源指标：一般公共预算支出(亿元)；年度来源，与12月累计独立
fiscal_expenditure_annual,CHN,1999,13187.67,亿元,A,,https://data.stats.gov.cn/dg/website/publicrelease/web/external/stream/esData,来源指标：一般公共预算支出(亿元)；年度来源，与12月累计独立
fiscal_expenditure_annual,CHN,2000,15886.50,亿元,A,,https://data.stats.gov.cn/dg/website/publicrelease/web/external/stream/esData,来源指标：一般公共预算支出(亿元)；年度来源，与12月累计独立
fiscal_expenditure_annual,CHN,2001,18902.58,亿元,A,,https://data.stats.gov.cn/dg/website/publicrelease/web/external/stream/esData,来源指标：一般公共预算支出(亿元)；年度来源，与12月累计独立
fiscal_expenditure_annual,CHN,2002,22053.15,亿元,A,,https://data.stats.gov.cn/dg/website/publicrelease/web/external/stream/esData,来源指标：一般公共预算支出(亿元)；年度来源，与12月累计独立
fiscal_expenditure_annual,CHN,2003,24649.95,亿元,A,,https://data.stats.gov.cn/dg/website/publicrelease/web/external/stream/esData,来源指标：一般公共预算支出(亿元)；年度来源，与12月累计独立
fiscal_expenditure_annual,CHN,2004,28486.89,亿元,A,,https://data.stats.gov.cn/dg/website/publicrelease/web/external/stream/esData,来源指标：一般公共预算支出(亿元)；年度来源，与12月累计独立
fiscal_expenditure_annual,CHN,2005,33930.28,亿元,A,,https://data.stats.gov.cn/dg/website/publicrelease/web/external/stream/esData,来源指标：一般公共预算支出(亿元)；年度来源，与12月累计独立
fiscal_expenditure_annual,CHN,2006,40422.73,亿元,A,,https://data.stats.gov.cn/dg/website/publicrelease/web/external/stream/esData,来源指标：一般公共预算支出(亿元)；年度来源，与12月累计独立
fiscal_expenditure_annual,CHN,2007,49781.35,亿元,A,,https://data.stats.gov.cn/dg/website/publicrelease/web/external/stream/esData,来源指标：一般公共预算支出(亿元)；年度来源，与12月累计独立
fiscal_expenditure_annual,CHN,2008,62592.66,亿元,A,,https://data.stats.gov.cn/dg/website/publicrelease/web/external/stream/esData,来源指标：一般公共预算支出(亿元)；年度来源，与12月累计独立
fiscal_expenditure_annual,CHN,2009,76299.93,亿元,A,,https://data.stats.gov.cn/dg/website/publicrelease/web/external/stream/esData,来源指标：一般公共预算支出(亿元)；年度来源，与12月累计独立
fiscal_expenditure_annual,CHN,2010,89874.16,亿元,A,,https://data.stats.gov.cn/dg/website/publicrelease/web/external/stream/esData,来源指标：一般公共预算支出(亿元)；年度来源，与12月累计独立
fiscal_expenditure_annual,CHN,2011,109247.79,亿元,A,,https://data.stats.gov.cn/dg/website/publicrelease/web/external/stream/esData,来源指标：一般公共预算支出(亿元)；年度来源，与12月累计独立
fiscal_expenditure_annual,CHN,2012,125952.97,亿元,A,,https://data.stats.gov.cn/dg/website/publicrelease/web/external/stream/esData,来源指标：一般公共预算支出(亿元)；年度来源，与12月累计独立
fiscal_expenditure_annual,CHN,2013,140212.10,亿元,A,,https://data.stats.gov.cn/dg/website/publicrelease/web/external/stream/esData,来源指标：一般公共预算支出(亿元)；年度来源，与12月累计独立
fiscal_expenditure_annual,CHN,2014,151785.56,亿元,A,,https://data.stats.gov.cn/dg/website/publicrelease/web/external/stream/esData,来源指标：一般公共预算支出(亿元)；年度来源，与12月累计独立
fiscal_expenditure_annual,CHN,2015,175877.77,亿元,A,,https://data.stats.gov.cn/dg/website/publicrelease/web/external/stream/esData,来源指标：一般公共预算支出(亿元)；年度来源，与12月累计独立
fiscal_expenditure_annual,CHN,2016,187755.21,亿元,A,,https://data.stats.gov.cn/dg/website/publicrelease/web/external/stream/esData,来源指标：一般公共预算支出(亿元)；年度来源，与12月累计独立
fiscal_expenditure_annual,CHN,2017,203085.49,亿元,A,,https://data.stats.gov.cn/dg/website/publicrelease/web/external/stream/esData,来源指标：一般公共预算支出(亿元)；年度来源，与12月累计独立
fiscal_expenditure_annual,CHN,2018,220904.13,亿元,A,,https://data.stats.gov.cn/dg/website/publicrelease/web/external/stream/esData,来源指标：一般公共预算支出(亿元)；年度来源，与12月累计独立
fiscal_expenditure_annual,CHN,2019,238858.37,亿元,A,,https://data.stats.gov.cn/dg/website/publicrelease/web/external/stream/esData,来源指标：一般公共预算支出(亿元)；年度来源，与12月累计独立
fiscal_expenditure_annual,CHN,2020,245679.00,亿元,A,,https://data.stats.gov.cn/dg/website/publicrelease/web/external/stream/esData,来源指标：一般公共预算支出(亿元)；年度来源，与12月累计独立
fiscal_expenditure_annual,CHN,2021,245673.00,亿元,A,,https://data.stats.gov.cn/dg/website/publicrelease/web/external/stream/esData,来源指标：一般公共预算支出(亿元)；年度来源，与12月累计独立
fiscal_expenditure_annual,CHN,2022,260552.10,亿元,A,,https://data.stats.gov.cn/dg/website/publicrelease/web/external/stream/esData,来源指标：一般公共预算支出(亿元)；年度来源，与12月累计独立
fiscal_expenditure_annual,CHN,2023,274622.94,亿元,A,,https://data.stats.gov.cn/dg/website/publicrelease/web/external/stream/esData,来源指标：一般公共预算支出(亿元)；年度来源，与12月累计独立
fiscal_expenditure_annual,CHN,2024,284605.57,亿元,A,,https://data.stats.gov.cn/dg/website/publicrelease/web/external/stream/esData,来源指标：一般公共预算支出(亿元)；年度来源，与12月累计独立
fiscal_expenditure_annual,CHN,2025,287395.42,亿元,A,,https://data.stats.gov.cn/dg/website/publicrelease/web/external/stream/esData,来源指标：一般公共预算支出(亿元)；年度来源，与12月累计独立
fiscal_expenditure_annual_yoy,CHN,1951,79.4,%,A,,https://data.stats.gov.cn/dg/website/publicrelease/web/external/stream/esData,来源指标：一般公共预算支出增长速度(%)；年度来源，与12月累计独立；官方增速，不从金额重算
fiscal_expenditure_annual_yoy,CHN,1952,41.0,%,A,,https://data.stats.gov.cn/dg/website/publicrelease/web/external/stream/esData,来源指标：一般公共预算支出增长速度(%)；年度来源，与12月累计独立；官方增速，不从金额重算
fiscal_expenditure_annual_yoy,CHN,1953,27.4,%,A,,https://data.stats.gov.cn/dg/website/publicrelease/web/external/stream/esData,来源指标：一般公共预算支出增长速度(%)；年度来源，与12月累计独立；官方增速，不从金额重算
fiscal_expenditure_annual_yoy,CHN,1954,11.4,%,A,,https://data.stats.gov.cn/dg/website/publicrelease/web/external/stream/esData,来源指标：一般公共预算支出增长速度(%)；年度来源，与12月累计独立；官方增速，不从金额重算
fiscal_expenditure_annual_yoy,CHN,1955,7.6,%,A,,https://data.stats.gov.cn/dg/website/publicrelease/web/external/stream/esData,来源指标：一般公共预算支出增长速度(%)；年度来源，与12月累计独立；官方增速，不从金额重算
fiscal_expenditure_annual_yoy,CHN,1956,13.6,%,A,,https://data.stats.gov.cn/dg/website/publicrelease/web/external/stream/esData,来源指标：一般公共预算支出增长速度(%)；年度来源，与12月累计独立；官方增速，不从金额重算
fiscal_expenditure_annual_yoy,CHN,1957,-0.9,%,A,,https://data.stats.gov.cn/dg/website/publicrelease/web/external/stream/esData,来源指标：一般公共预算支出增长速度(%)；年度来源，与12月累计独立；官方增速，不从金额重算
fiscal_expenditure_annual_yoy,CHN,1958,35.3,%,A,,https://data.stats.gov.cn/dg/website/publicrelease/web/external/stream/esData,来源指标：一般公共预算支出增长速度(%)；年度来源，与12月累计独立；官方增速，不从金额重算
fiscal_expenditure_annual_yoy,CHN,1959,35.7,%,A,,https://data.stats.gov.cn/dg/website/publicrelease/web/external/stream/esData,来源指标：一般公共预算支出增长速度(%)；年度来源，与12月累计独立；官方增速，不从金额重算
fiscal_expenditure_annual_yoy,CHN,1960,18.5,%,A,,https://data.stats.gov.cn/dg/website/publicrelease/web/external/stream/esData,来源指标：一般公共预算支出增长速度(%)；年度来源，与12月累计独立；官方增速，不从金额重算
fiscal_expenditure_annual_yoy,CHN,1961,-44.7,%,A,,https://data.stats.gov.cn/dg/website/publicrelease/web/external/stream/esData,来源指标：一般公共预算支出增长速度(%)；年度来源，与12月累计独立；官方增速，不从金额重算
fiscal_expenditure_annual_yoy,CHN,1962,-17.2,%,A,,https://data.stats.gov.cn/dg/website/publicrelease/web/external/stream/esData,来源指标：一般公共预算支出增长速度(%)；年度来源，与12月累计独立；官方增速，不从金额重算
fiscal_expenditure_annual_yoy,CHN,1963,12.6,%,A,,https://data.stats.gov.cn/dg/website/publicrelease/web/external/stream/esData,来源指标：一般公共预算支出增长速度(%)；年度来源，与12月累计独立；官方增速，不从金额重算
fiscal_expenditure_annual_yoy,CHN,1964,18.6,%,A,,https://data.stats.gov.cn/dg/website/publicrelease/web/external/stream/esData,来源指标：一般公共预算支出增长速度(%)；年度来源，与12月累计独立；官方增速，不从金额重算
fiscal_expenditure_annual_yoy,CHN,1965,16.8,%,A,,https://data.stats.gov.cn/dg/website/publicrelease/web/external/stream/esData,来源指标：一般公共预算支出增长速度(%)；年度来源，与12月累计独立；官方增速，不从金额重算
fiscal_expenditure_annual_yoy,CHN,1966,16.9,%,A,,https://data.stats.gov.cn/dg/website/publicrelease/web/external/stream/esData,来源指标：一般公共预算支出增长速度(%)；年度来源，与12月累计独立；官方增速，不从金额重算
fiscal_expenditure_annual_yoy,CHN,1967,-18.2,%,A,,https://data.stats.gov.cn/dg/website/publicrelease/web/external/stream/esData,来源指标：一般公共预算支出增长速度(%)；年度来源，与12月累计独立；官方增速，不从金额重算
fiscal_expenditure_annual_yoy,CHN,1968,-18.6,%,A,,https://data.stats.gov.cn/dg/website/publicrelease/web/external/stream/esData,来源指标：一般公共预算支出增长速度(%)；年度来源，与12月累计独立；官方增速，不从金额重算
fiscal_expenditure_annual_yoy,CHN,1969,47.0,%,A,,https://data.stats.gov.cn/dg/website/publicrelease/web/external/stream/esData,来源指标：一般公共预算支出增长速度(%)；年度来源，与12月累计独立；官方增速，不从金额重算
fiscal_expenditure_annual_yoy,CHN,1970,23.5,%,A,,https://data.stats.gov.cn/dg/website/publicrelease/web/external/stream/esData,来源指标：一般公共预算支出增长速度(%)；年度来源，与12月累计独立；官方增速，不从金额重算
fiscal_expenditure_annual_yoy,CHN,1971,12.7,%,A,,https://data.stats.gov.cn/dg/website/publicrelease/web/external/stream/esData,来源指标：一般公共预算支出增长速度(%)；年度来源，与12月累计独立；官方增速，不从金额重算
fiscal_expenditure_annual_yoy,CHN,1972,4.6,%,A,,https://data.stats.gov.cn/dg/website/publicrelease/web/external/stream/esData,来源指标：一般公共预算支出增长速度(%)；年度来源，与12月累计独立；官方增速，不从金额重算
fiscal_expenditure_annual_yoy,CHN,1973,5.6,%,A,,https://data.stats.gov.cn/dg/website/publicrelease/web/external/stream/esData,来源指标：一般公共预算支出增长速度(%)；年度来源，与12月累计独立；官方增速，不从金额重算
fiscal_expenditure_annual_yoy,CHN,1974,-2.3,%,A,,https://data.stats.gov.cn/dg/website/publicrelease/web/external/stream/esData,来源指标：一般公共预算支出增长速度(%)；年度来源，与12月累计独立；官方增速，不从金额重算
fiscal_expenditure_annual_yoy,CHN,1975,3.8,%,A,,https://data.stats.gov.cn/dg/website/publicrelease/web/external/stream/esData,来源指标：一般公共预算支出增长速度(%)；年度来源，与12月累计独立；官方增速，不从金额重算
fiscal_expenditure_annual_yoy,CHN,1976,-1.8,%,A,,https://data.stats.gov.cn/dg/website/publicrelease/web/external/stream/esData,来源指标：一般公共预算支出增长速度(%)；年度来源，与12月累计独立；官方增速，不从金额重算
fiscal_expenditure_annual_yoy,CHN,1977,4.6,%,A,,https://data.stats.gov.cn/dg/website/publicrelease/web/external/stream/esData,来源指标：一般公共预算支出增长速度(%)；年度来源，与12月累计独立；官方增速，不从金额重算
fiscal_expenditure_annual_yoy,CHN,1978,33.0,%,A,,https://data.stats.gov.cn/dg/website/publicrelease/web/external/stream/esData,来源指标：一般公共预算支出增长速度(%)；年度来源，与12月累计独立；官方增速，不从金额重算
fiscal_expenditure_annual_yoy,CHN,1979,14.2,%,A,,https://data.stats.gov.cn/dg/website/publicrelease/web/external/stream/esData,来源指标：一般公共预算支出增长速度(%)；年度来源，与12月累计独立；官方增速，不从金额重算
fiscal_expenditure_annual_yoy,CHN,1980,-4.1,%,A,,https://data.stats.gov.cn/dg/website/publicrelease/web/external/stream/esData,来源指标：一般公共预算支出增长速度(%)；年度来源，与12月累计独立；官方增速，不从金额重算
fiscal_expenditure_annual_yoy,CHN,1981,-7.5,%,A,,https://data.stats.gov.cn/dg/website/publicrelease/web/external/stream/esData,来源指标：一般公共预算支出增长速度(%)；年度来源，与12月累计独立；官方增速，不从金额重算
fiscal_expenditure_annual_yoy,CHN,1982,8.0,%,A,,https://data.stats.gov.cn/dg/website/publicrelease/web/external/stream/esData,来源指标：一般公共预算支出增长速度(%)；年度来源，与12月累计独立；官方增速，不从金额重算
fiscal_expenditure_annual_yoy,CHN,1983,14.6,%,A,,https://data.stats.gov.cn/dg/website/publicrelease/web/external/stream/esData,来源指标：一般公共预算支出增长速度(%)；年度来源，与12月累计独立；官方增速，不从金额重算
fiscal_expenditure_annual_yoy,CHN,1984,20.7,%,A,,https://data.stats.gov.cn/dg/website/publicrelease/web/external/stream/esData,来源指标：一般公共预算支出增长速度(%)；年度来源，与12月累计独立；官方增速，不从金额重算
fiscal_expenditure_annual_yoy,CHN,1985,17.8,%,A,,https://data.stats.gov.cn/dg/website/publicrelease/web/external/stream/esData,来源指标：一般公共预算支出增长速度(%)；年度来源，与12月累计独立；官方增速，不从金额重算
fiscal_expenditure_annual_yoy,CHN,1986,10.0,%,A,,https://data.stats.gov.cn/dg/website/publicrelease/web/external/stream/esData,来源指标：一般公共预算支出增长速度(%)；年度来源，与12月累计独立；官方增速，不从金额重算
fiscal_expenditure_annual_yoy,CHN,1987,2.6,%,A,,https://data.stats.gov.cn/dg/website/publicrelease/web/external/stream/esData,来源指标：一般公共预算支出增长速度(%)；年度来源，与12月累计独立；官方增速，不从金额重算
fiscal_expenditure_annual_yoy,CHN,1988,10.1,%,A,,https://data.stats.gov.cn/dg/website/publicrelease/web/external/stream/esData,来源指标：一般公共预算支出增长速度(%)；年度来源，与12月累计独立；官方增速，不从金额重算
fiscal_expenditure_annual_yoy,CHN,1989,13.3,%,A,,https://data.stats.gov.cn/dg/website/publicrelease/web/external/stream/esData,来源指标：一般公共预算支出增长速度(%)；年度来源，与12月累计独立；官方增速，不从金额重算
fiscal_expenditure_annual_yoy,CHN,1990,9.2,%,A,,https://data.stats.gov.cn/dg/website/publicrelease/web/external/stream/esData,来源指标：一般公共预算支出增长速度(%)；年度来源，与12月累计独立；官方增速，不从金额重算
fiscal_expenditure_annual_yoy,CHN,1991,9.8,%,A,,https://data.stats.gov.cn/dg/website/publicrelease/web/external/stream/esData,来源指标：一般公共预算支出增长速度(%)；年度来源，与12月累计独立；官方增速，不从金额重算
fiscal_expenditure_annual_yoy,CHN,1992,10.5,%,A,,https://data.stats.gov.cn/dg/website/publicrelease/web/external/stream/esData,来源指标：一般公共预算支出增长速度(%)；年度来源，与12月累计独立；官方增速，不从金额重算
fiscal_expenditure_annual_yoy,CHN,1993,24.1,%,A,,https://data.stats.gov.cn/dg/website/publicrelease/web/external/stream/esData,来源指标：一般公共预算支出增长速度(%)；年度来源，与12月累计独立；官方增速，不从金额重算
fiscal_expenditure_annual_yoy,CHN,1994,24.8,%,A,,https://data.stats.gov.cn/dg/website/publicrelease/web/external/stream/esData,来源指标：一般公共预算支出增长速度(%)；年度来源，与12月累计独立；官方增速，不从金额重算
fiscal_expenditure_annual_yoy,CHN,1995,17.8,%,A,,https://data.stats.gov.cn/dg/website/publicrelease/web/external/stream/esData,来源指标：一般公共预算支出增长速度(%)；年度来源，与12月累计独立；官方增速，不从金额重算
fiscal_expenditure_annual_yoy,CHN,1996,16.3,%,A,,https://data.stats.gov.cn/dg/website/publicrelease/web/external/stream/esData,来源指标：一般公共预算支出增长速度(%)；年度来源，与12月累计独立；官方增速，不从金额重算
fiscal_expenditure_annual_yoy,CHN,1997,16.3,%,A,,https://data.stats.gov.cn/dg/website/publicrelease/web/external/stream/esData,来源指标：一般公共预算支出增长速度(%)；年度来源，与12月累计独立；官方增速，不从金额重算
fiscal_expenditure_annual_yoy,CHN,1998,16.9,%,A,,https://data.stats.gov.cn/dg/website/publicrelease/web/external/stream/esData,来源指标：一般公共预算支出增长速度(%)；年度来源，与12月累计独立；官方增速，不从金额重算
fiscal_expenditure_annual_yoy,CHN,1999,22.1,%,A,,https://data.stats.gov.cn/dg/website/publicrelease/web/external/stream/esData,来源指标：一般公共预算支出增长速度(%)；年度来源，与12月累计独立；官方增速，不从金额重算
fiscal_expenditure_annual_yoy,CHN,2000,20.5,%,A,,https://data.stats.gov.cn/dg/website/publicrelease/web/external/stream/esData,来源指标：一般公共预算支出增长速度(%)；年度来源，与12月累计独立；官方增速，不从金额重算
fiscal_expenditure_annual_yoy,CHN,2001,19.0,%,A,,https://data.stats.gov.cn/dg/website/publicrelease/web/external/stream/esData,来源指标：一般公共预算支出增长速度(%)；年度来源，与12月累计独立；官方增速，不从金额重算
fiscal_expenditure_annual_yoy,CHN,2002,16.7,%,A,,https://data.stats.gov.cn/dg/website/publicrelease/web/external/stream/esData,来源指标：一般公共预算支出增长速度(%)；年度来源，与12月累计独立；官方增速，不从金额重算
fiscal_expenditure_annual_yoy,CHN,2003,11.8,%,A,,https://data.stats.gov.cn/dg/website/publicrelease/web/external/stream/esData,来源指标：一般公共预算支出增长速度(%)；年度来源，与12月累计独立；官方增速，不从金额重算
fiscal_expenditure_annual_yoy,CHN,2004,15.6,%,A,,https://data.stats.gov.cn/dg/website/publicrelease/web/external/stream/esData,来源指标：一般公共预算支出增长速度(%)；年度来源，与12月累计独立；官方增速，不从金额重算
fiscal_expenditure_annual_yoy,CHN,2005,19.1,%,A,,https://data.stats.gov.cn/dg/website/publicrelease/web/external/stream/esData,来源指标：一般公共预算支出增长速度(%)；年度来源，与12月累计独立；官方增速，不从金额重算
fiscal_expenditure_annual_yoy,CHN,2006,19.1,%,A,,https://data.stats.gov.cn/dg/website/publicrelease/web/external/stream/esData,来源指标：一般公共预算支出增长速度(%)；年度来源，与12月累计独立；官方增速，不从金额重算
fiscal_expenditure_annual_yoy,CHN,2007,23.2,%,A,,https://data.stats.gov.cn/dg/website/publicrelease/web/external/stream/esData,来源指标：一般公共预算支出增长速度(%)；年度来源，与12月累计独立；官方增速，不从金额重算
fiscal_expenditure_annual_yoy,CHN,2008,25.7,%,A,,https://data.stats.gov.cn/dg/website/publicrelease/web/external/stream/esData,来源指标：一般公共预算支出增长速度(%)；年度来源，与12月累计独立；官方增速，不从金额重算
fiscal_expenditure_annual_yoy,CHN,2009,21.9,%,A,,https://data.stats.gov.cn/dg/website/publicrelease/web/external/stream/esData,来源指标：一般公共预算支出增长速度(%)；年度来源，与12月累计独立；官方增速，不从金额重算
fiscal_expenditure_annual_yoy,CHN,2010,17.8,%,A,,https://data.stats.gov.cn/dg/website/publicrelease/web/external/stream/esData,来源指标：一般公共预算支出增长速度(%)；年度来源，与12月累计独立；官方增速，不从金额重算
fiscal_expenditure_annual_yoy,CHN,2011,21.6,%,A,,https://data.stats.gov.cn/dg/website/publicrelease/web/external/stream/esData,来源指标：一般公共预算支出增长速度(%)；年度来源，与12月累计独立；官方增速，不从金额重算
fiscal_expenditure_annual_yoy,CHN,2012,15.3,%,A,,https://data.stats.gov.cn/dg/website/publicrelease/web/external/stream/esData,来源指标：一般公共预算支出增长速度(%)；年度来源，与12月累计独立；官方增速，不从金额重算
fiscal_expenditure_annual_yoy,CHN,2013,11.3,%,A,,https://data.stats.gov.cn/dg/website/publicrelease/web/external/stream/esData,来源指标：一般公共预算支出增长速度(%)；年度来源，与12月累计独立；官方增速，不从金额重算
fiscal_expenditure_annual_yoy,CHN,2014,8.3,%,A,,https://data.stats.gov.cn/dg/website/publicrelease/web/external/stream/esData,来源指标：一般公共预算支出增长速度(%)；年度来源，与12月累计独立；官方增速，不从金额重算
fiscal_expenditure_annual_yoy,CHN,2015,13.2,%,A,,https://data.stats.gov.cn/dg/website/publicrelease/web/external/stream/esData,来源指标：一般公共预算支出增长速度(%)；年度来源，与12月累计独立；官方增速，不从金额重算
fiscal_expenditure_annual_yoy,CHN,2016,6.3,%,A,,https://data.stats.gov.cn/dg/website/publicrelease/web/external/stream/esData,来源指标：一般公共预算支出增长速度(%)；年度来源，与12月累计独立；官方增速，不从金额重算
fiscal_expenditure_annual_yoy,CHN,2017,7.6,%,A,,https://data.stats.gov.cn/dg/website/publicrelease/web/external/stream/esData,来源指标：一般公共预算支出增长速度(%)；年度来源，与12月累计独立；官方增速，不从金额重算
fiscal_expenditure_annual_yoy,CHN,2018,8.7,%,A,,https://data.stats.gov.cn/dg/website/publicrelease/web/external/stream/esData,来源指标：一般公共预算支出增长速度(%)；年度来源，与12月累计独立；官方增速，不从金额重算
fiscal_expenditure_annual_yoy,CHN,2019,8.1,%,A,,https://data.stats.gov.cn/dg/website/publicrelease/web/external/stream/esData,来源指标：一般公共预算支出增长速度(%)；年度来源，与12月累计独立；官方增速，不从金额重算
fiscal_expenditure_annual_yoy,CHN,2020,2.9,%,A,,https://data.stats.gov.cn/dg/website/publicrelease/web/external/stream/esData,来源指标：一般公共预算支出增长速度(%)；年度来源，与12月累计独立；官方增速，不从金额重算
fiscal_expenditure_annual_yoy,CHN,2021,0.0,%,A,,https://data.stats.gov.cn/dg/website/publicrelease/web/external/stream/esData,来源指标：一般公共预算支出增长速度(%)；年度来源，与12月累计独立；官方增速，不从金额重算
fiscal_expenditure_annual_yoy,CHN,2022,6.1,%,A,,https://data.stats.gov.cn/dg/website/publicrelease/web/external/stream/esData,来源指标：一般公共预算支出增长速度(%)；年度来源，与12月累计独立；官方增速，不从金额重算
fiscal_expenditure_annual_yoy,CHN,2023,5.4,%,A,,https://data.stats.gov.cn/dg/website/publicrelease/web/external/stream/esData,来源指标：一般公共预算支出增长速度(%)；年度来源，与12月累计独立；官方增速，不从金额重算
fiscal_expenditure_annual_yoy,CHN,2024,3.6,%,A,,https://data.stats.gov.cn/dg/website/publicrelease/web/external/stream/esData,来源指标：一般公共预算支出增长速度(%)；年度来源，与12月累计独立；官方增速，不从金额重算
fiscal_expenditure_annual_yoy,CHN,2025,1.0,%,A,,https://data.stats.gov.cn/dg/website/publicrelease/web/external/stream/esData,来源指标：一般公共预算支出增长速度(%)；年度来源，与12月累计独立；官方增速，不从金额重算
fiscal_expenditure_ytd,CHN,1998-01,507.4,亿元,M,,https://data.stats.gov.cn/dg/website/publicrelease/web/external/stream/esData,来源指标：国家财政支出(不含债务还本)累计值(亿元)；年内累计；早年真实1月值保留；不是单月
fiscal_expenditure_ytd,CHN,1998-02,456.9,亿元,M,,https://data.stats.gov.cn/dg/website/publicrelease/web/external/stream/esData,来源指标：国家财政支出(不含债务还本)累计值(亿元)；年内累计；早年真实1月值保留；不是单月
fiscal_expenditure_ytd,CHN,1998-03,602.1,亿元,M,,https://data.stats.gov.cn/dg/website/publicrelease/web/external/stream/esData,来源指标：国家财政支出(不含债务还本)累计值(亿元)；年内累计；早年真实1月值保留；不是单月
fiscal_expenditure_ytd,CHN,1998-04,679.1,亿元,M,,https://data.stats.gov.cn/dg/website/publicrelease/web/external/stream/esData,来源指标：国家财政支出(不含债务还本)累计值(亿元)；年内累计；早年真实1月值保留；不是单月
fiscal_expenditure_ytd,CHN,1998-05,772.3,亿元,M,,https://data.stats.gov.cn/dg/website/publicrelease/web/external/stream/esData,来源指标：国家财政支出(不含债务还本)累计值(亿元)；年内累计；早年真实1月值保留；不是单月
fiscal_expenditure_ytd,CHN,1998-06,990.9,亿元,M,,https://data.stats.gov.cn/dg/website/publicrelease/web/external/stream/esData,来源指标：国家财政支出(不含债务还本)累计值(亿元)；年内累计；早年真实1月值保留；不是单月
fiscal_expenditure_ytd,CHN,1998-07,804.4,亿元,M,,https://data.stats.gov.cn/dg/website/publicrelease/web/external/stream/esData,来源指标：国家财政支出(不含债务还本)累计值(亿元)；年内累计；早年真实1月值保留；不是单月
fiscal_expenditure_ytd,CHN,1998-08,803.8,亿元,M,,https://data.stats.gov.cn/dg/website/publicrelease/web/external/stream/esData,来源指标：国家财政支出(不含债务还本)累计值(亿元)；年内累计；早年真实1月值保留；不是单月
fiscal_expenditure_ytd,CHN,1998-09,976.6,亿元,M,,https://data.stats.gov.cn/dg/website/publicrelease/web/external/stream/esData,来源指标：国家财政支出(不含债务还本)累计值(亿元)；年内累计；早年真实1月值保留；不是单月
fiscal_expenditure_ytd,CHN,1998-10,870.6,亿元,M,,https://data.stats.gov.cn/dg/website/publicrelease/web/external/stream/esData,来源指标：国家财政支出(不含债务还本)累计值(亿元)；年内累计；早年真实1月值保留；不是单月
fiscal_expenditure_ytd,CHN,1998-11,1045.3,亿元,M,,https://data.stats.gov.cn/dg/website/publicrelease/web/external/stream/esData,来源指标：国家财政支出(不含债务还本)累计值(亿元)；年内累计；早年真实1月值保留；不是单月
fiscal_expenditure_ytd,CHN,1999-01,553.6,亿元,M,,https://data.stats.gov.cn/dg/website/publicrelease/web/external/stream/esData,来源指标：国家财政支出(不含债务还本)累计值(亿元)；年内累计；早年真实1月值保留；不是单月
fiscal_expenditure_ytd,CHN,1999-02,529.8,亿元,M,,https://data.stats.gov.cn/dg/website/publicrelease/web/external/stream/esData,来源指标：国家财政支出(不含债务还本)累计值(亿元)；年内累计；早年真实1月值保留；不是单月
fiscal_expenditure_ytd,CHN,1999-03,756.9,亿元,M,,https://data.stats.gov.cn/dg/website/publicrelease/web/external/stream/esData,来源指标：国家财政支出(不含债务还本)累计值(亿元)；年内累计；早年真实1月值保留；不是单月
fiscal_expenditure_ytd,CHN,1999-04,794.8,亿元,M,,https://data.stats.gov.cn/dg/website/publicrelease/web/external/stream/esData,来源指标：国家财政支出(不含债务还本)累计值(亿元)；年内累计；早年真实1月值保留；不是单月
fiscal_expenditure_ytd,CHN,1999-05,890.6,亿元,M,,https://data.stats.gov.cn/dg/website/publicrelease/web/external/stream/esData,来源指标：国家财政支出(不含债务还本)累计值(亿元)；年内累计；早年真实1月值保留；不是单月
fiscal_expenditure_ytd,CHN,1999-06,1118.9,亿元,M,,https://data.stats.gov.cn/dg/website/publicrelease/web/external/stream/esData,来源指标：国家财政支出(不含债务还本)累计值(亿元)；年内累计；早年真实1月值保留；不是单月
fiscal_expenditure_ytd,CHN,1999-07,957.6,亿元,M,,https://data.stats.gov.cn/dg/website/publicrelease/web/external/stream/esData,来源指标：国家财政支出(不含债务还本)累计值(亿元)；年内累计；早年真实1月值保留；不是单月
fiscal_expenditure_ytd,CHN,1999-08,840.0,亿元,M,,https://data.stats.gov.cn/dg/website/publicrelease/web/external/stream/esData,来源指标：国家财政支出(不含债务还本)累计值(亿元)；年内累计；早年真实1月值保留；不是单月
fiscal_expenditure_ytd,CHN,1999-09,1275.6,亿元,M,,https://data.stats.gov.cn/dg/website/publicrelease/web/external/stream/esData,来源指标：国家财政支出(不含债务还本)累计值(亿元)；年内累计；早年真实1月值保留；不是单月
fiscal_expenditure_ytd,CHN,1999-10,1035.7,亿元,M,,https://data.stats.gov.cn/dg/website/publicrelease/web/external/stream/esData,来源指标：国家财政支出(不含债务还本)累计值(亿元)；年内累计；早年真实1月值保留；不是单月
fiscal_expenditure_ytd,CHN,1999-11,1118.3,亿元,M,,https://data.stats.gov.cn/dg/website/publicrelease/web/external/stream/esData,来源指标：国家财政支出(不含债务还本)累计值(亿元)；年内累计；早年真实1月值保留；不是单月
fiscal_expenditure_ytd,CHN,2000-01,776.6,亿元,M,,https://data.stats.gov.cn/dg/website/publicrelease/web/external/stream/esData,来源指标：国家财政支出(不含债务还本)累计值(亿元)；年内累计；早年真实1月值保留；不是单月
fiscal_expenditure_ytd,CHN,2000-02,718.2,亿元,M,,https://data.stats.gov.cn/dg/website/publicrelease/web/external/stream/esData,来源指标：国家财政支出(不含债务还本)累计值(亿元)；年内累计；早年真实1月值保留；不是单月
fiscal_expenditure_ytd,CHN,2000-03,878.7,亿元,M,,https://data.stats.gov.cn/dg/website/publicrelease/web/external/stream/esData,来源指标：国家财政支出(不含债务还本)累计值(亿元)；年内累计；早年真实1月值保留；不是单月
fiscal_expenditure_ytd,CHN,2000-04,1087.3,亿元,M,,https://data.stats.gov.cn/dg/website/publicrelease/web/external/stream/esData,来源指标：国家财政支出(不含债务还本)累计值(亿元)；年内累计；早年真实1月值保留；不是单月
fiscal_expenditure_ytd,CHN,2000-05,1022.2,亿元,M,,https://data.stats.gov.cn/dg/website/publicrelease/web/external/stream/esData,来源指标：国家财政支出(不含债务还本)累计值(亿元)；年内累计；早年真实1月值保留；不是单月
fiscal_expenditure_ytd,CHN,2000-06,1352.4,亿元,M,,https://data.stats.gov.cn/dg/website/publicrelease/web/external/stream/esData,来源指标：国家财政支出(不含债务还本)累计值(亿元)；年内累计；早年真实1月值保留；不是单月
fiscal_expenditure_ytd,CHN,2000-07,1048.5,亿元,M,,https://data.stats.gov.cn/dg/website/publicrelease/web/external/stream/esData,来源指标：国家财政支出(不含债务还本)累计值(亿元)；年内累计；早年真实1月值保留；不是单月
fiscal_expenditure_ytd,CHN,2000-08,1287.7,亿元,M,,https://data.stats.gov.cn/dg/website/publicrelease/web/external/stream/esData,来源指标：国家财政支出(不含债务还本)累计值(亿元)；年内累计；早年真实1月值保留；不是单月
fiscal_expenditure_ytd,CHN,2000-09,1278.3,亿元,M,,https://data.stats.gov.cn/dg/website/publicrelease/web/external/stream/esData,来源指标：国家财政支出(不含债务还本)累计值(亿元)；年内累计；早年真实1月值保留；不是单月
fiscal_expenditure_ytd,CHN,2000-10,1080.9,亿元,M,,https://data.stats.gov.cn/dg/website/publicrelease/web/external/stream/esData,来源指标：国家财政支出(不含债务还本)累计值(亿元)；年内累计；早年真实1月值保留；不是单月
fiscal_expenditure_ytd,CHN,2000-11,1375.6,亿元,M,,https://data.stats.gov.cn/dg/website/publicrelease/web/external/stream/esData,来源指标：国家财政支出(不含债务还本)累计值(亿元)；年内累计；早年真实1月值保留；不是单月
fiscal_expenditure_ytd,CHN,2001-01,827.3,亿元,M,,https://data.stats.gov.cn/dg/website/publicrelease/web/external/stream/esData,来源指标：国家财政支出(不含债务还本)累计值(亿元)；年内累计；早年真实1月值保留；不是单月
fiscal_expenditure_ytd,CHN,2001-02,950.8,亿元,M,,https://data.stats.gov.cn/dg/website/publicrelease/web/external/stream/esData,来源指标：国家财政支出(不含债务还本)累计值(亿元)；年内累计；早年真实1月值保留；不是单月
fiscal_expenditure_ytd,CHN,2001-03,1054.9,亿元,M,,https://data.stats.gov.cn/dg/website/publicrelease/web/external/stream/esData,来源指标：国家财政支出(不含债务还本)累计值(亿元)；年内累计；早年真实1月值保留；不是单月
fiscal_expenditure_ytd,CHN,2001-04,1181.3,亿元,M,,https://data.stats.gov.cn/dg/website/publicrelease/web/external/stream/esData,来源指标：国家财政支出(不含债务还本)累计值(亿元)；年内累计；早年真实1月值保留；不是单月
fiscal_expenditure_ytd,CHN,2001-05,1310.0,亿元,M,,https://data.stats.gov.cn/dg/website/publicrelease/web/external/stream/esData,来源指标：国家财政支出(不含债务还本)累计值(亿元)；年内累计；早年真实1月值保留；不是单月
fiscal_expenditure_ytd,CHN,2001-06,1720.4,亿元,M,,https://data.stats.gov.cn/dg/website/publicrelease/web/external/stream/esData,来源指标：国家财政支出(不含债务还本)累计值(亿元)；年内累计；早年真实1月值保留；不是单月
fiscal_expenditure_ytd,CHN,2001-07,1363.8,亿元,M,,https://data.stats.gov.cn/dg/website/publicrelease/web/external/stream/esData,来源指标：国家财政支出(不含债务还本)累计值(亿元)；年内累计；早年真实1月值保留；不是单月
fiscal_expenditure_ytd,CHN,2001-08,1467.2,亿元,M,,https://data.stats.gov.cn/dg/website/publicrelease/web/external/stream/esData,来源指标：国家财政支出(不含债务还本)累计值(亿元)；年内累计；早年真实1月值保留；不是单月
fiscal_expenditure_ytd,CHN,2001-09,1603.9,亿元,M,,https://data.stats.gov.cn/dg/website/publicrelease/web/external/stream/esData,来源指标：国家财政支出(不含债务还本)累计值(亿元)；年内累计；早年真实1月值保留；不是单月
fiscal_expenditure_ytd,CHN,2001-10,1223.5,亿元,M,,https://data.stats.gov.cn/dg/website/publicrelease/web/external/stream/esData,来源指标：国家财政支出(不含债务还本)累计值(亿元)；年内累计；早年真实1月值保留；不是单月
fiscal_expenditure_ytd,CHN,2001-11,1801.4,亿元,M,,https://data.stats.gov.cn/dg/website/publicrelease/web/external/stream/esData,来源指标：国家财政支出(不含债务还本)累计值(亿元)；年内累计；早年真实1月值保留；不是单月
fiscal_expenditure_ytd,CHN,2002-01,1040.6,亿元,M,,https://data.stats.gov.cn/dg/website/publicrelease/web/external/stream/esData,来源指标：国家财政支出(不含债务还本)累计值(亿元)；年内累计；早年真实1月值保留；不是单月
fiscal_expenditure_ytd,CHN,2002-02,1124.2,亿元,M,,https://data.stats.gov.cn/dg/website/publicrelease/web/external/stream/esData,来源指标：国家财政支出(不含债务还本)累计值(亿元)；年内累计；早年真实1月值保留；不是单月
fiscal_expenditure_ytd,CHN,2002-03,1346.6,亿元,M,,https://data.stats.gov.cn/dg/website/publicrelease/web/external/stream/esData,来源指标：国家财政支出(不含债务还本)累计值(亿元)；年内累计；早年真实1月值保留；不是单月
fiscal_expenditure_ytd,CHN,2002-04,1488.1,亿元,M,,https://data.stats.gov.cn/dg/website/publicrelease/web/external/stream/esData,来源指标：国家财政支出(不含债务还本)累计值(亿元)；年内累计；早年真实1月值保留；不是单月
fiscal_expenditure_ytd,CHN,2002-05,1335.0,亿元,M,,https://data.stats.gov.cn/dg/website/publicrelease/web/external/stream/esData,来源指标：国家财政支出(不含债务还本)累计值(亿元)；年内累计；早年真实1月值保留；不是单月
fiscal_expenditure_ytd,CHN,2002-06,1963.0,亿元,M,,https://data.stats.gov.cn/dg/website/publicrelease/web/external/stream/esData,来源指标：国家财政支出(不含债务还本)累计值(亿元)；年内累计；早年真实1月值保留；不是单月
fiscal_expenditure_ytd,CHN,2002-07,1682.2,亿元,M,,https://data.stats.gov.cn/dg/website/publicrelease/web/external/stream/esData,来源指标：国家财政支出(不含债务还本)累计值(亿元)；年内累计；早年真实1月值保留；不是单月
fiscal_expenditure_ytd,CHN,2002-08,1607.5,亿元,M,,https://data.stats.gov.cn/dg/website/publicrelease/web/external/stream/esData,来源指标：国家财政支出(不含债务还本)累计值(亿元)；年内累计；早年真实1月值保留；不是单月
fiscal_expenditure_ytd,CHN,2002-09,1910.5,亿元,M,,https://data.stats.gov.cn/dg/website/publicrelease/web/external/stream/esData,来源指标：国家财政支出(不含债务还本)累计值(亿元)；年内累计；早年真实1月值保留；不是单月
fiscal_expenditure_ytd,CHN,2002-10,1513.9,亿元,M,,https://data.stats.gov.cn/dg/website/publicrelease/web/external/stream/esData,来源指标：国家财政支出(不含债务还本)累计值(亿元)；年内累计；早年真实1月值保留；不是单月
fiscal_expenditure_ytd,CHN,2002-11,1900.0,亿元,M,,https://data.stats.gov.cn/dg/website/publicrelease/web/external/stream/esData,来源指标：国家财政支出(不含债务还本)累计值(亿元)；年内累计；早年真实1月值保留；不是单月
fiscal_expenditure_ytd,CHN,2003-01,1295.3,亿元,M,,https://data.stats.gov.cn/dg/website/publicrelease/web/external/stream/esData,来源指标：国家财政支出(不含债务还本)累计值(亿元)；年内累计；早年真实1月值保留；不是单月
fiscal_expenditure_ytd,CHN,2003-02,1097.1,亿元,M,,https://data.stats.gov.cn/dg/website/publicrelease/web/external/stream/esData,来源指标：国家财政支出(不含债务还本)累计值(亿元)；年内累计；早年真实1月值保留；不是单月
fiscal_expenditure_ytd,CHN,2003-03,1500.0,亿元,M,,https://data.stats.gov.cn/dg/website/publicrelease/web/external/stream/esData,来源指标：国家财政支出(不含债务还本)累计值(亿元)；年内累计；早年真实1月值保留；不是单月
fiscal_expenditure_ytd,CHN,2003-04,1734.5,亿元,M,,https://data.stats.gov.cn/dg/website/publicrelease/web/external/stream/esData,来源指标：国家财政支出(不含债务还本)累计值(亿元)；年内累计；早年真实1月值保留；不是单月
fiscal_expenditure_ytd,CHN,2003-05,1688.7,亿元,M,,https://data.stats.gov.cn/dg/website/publicrelease/web/external/stream/esData,来源指标：国家财政支出(不含债务还本)累计值(亿元)；年内累计；早年真实1月值保留；不是单月
fiscal_expenditure_ytd,CHN,2003-06,2350.3,亿元,M,,https://data.stats.gov.cn/dg/website/publicrelease/web/external/stream/esData,来源指标：国家财政支出(不含债务还本)累计值(亿元)；年内累计；早年真实1月值保留；不是单月
fiscal_expenditure_ytd,CHN,2003-07,1815.6,亿元,M,,https://data.stats.gov.cn/dg/website/publicrelease/web/external/stream/esData,来源指标：国家财政支出(不含债务还本)累计值(亿元)；年内累计；早年真实1月值保留；不是单月
fiscal_expenditure_ytd,CHN,2003-08,1703.7,亿元,M,,https://data.stats.gov.cn/dg/website/publicrelease/web/external/stream/esData,来源指标：国家财政支出(不含债务还本)累计值(亿元)；年内累计；早年真实1月值保留；不是单月
fiscal_expenditure_ytd,CHN,2003-09,2079.8,亿元,M,,https://data.stats.gov.cn/dg/website/publicrelease/web/external/stream/esData,来源指标：国家财政支出(不含债务还本)累计值(亿元)；年内累计；早年真实1月值保留；不是单月
fiscal_expenditure_ytd,CHN,2003-10,1683.0,亿元,M,,https://data.stats.gov.cn/dg/website/publicrelease/web/external/stream/esData,来源指标：国家财政支出(不含债务还本)累计值(亿元)；年内累计；早年真实1月值保留；不是单月
fiscal_expenditure_ytd,CHN,2003-11,1984.1,亿元,M,,https://data.stats.gov.cn/dg/website/publicrelease/web/external/stream/esData,来源指标：国家财政支出(不含债务还本)累计值(亿元)；年内累计；早年真实1月值保留；不是单月
fiscal_expenditure_ytd,CHN,2004-01,1368.6,亿元,M,,https://data.stats.gov.cn/dg/website/publicrelease/web/external/stream/esData,来源指标：国家财政支出(不含债务还本)累计值(亿元)；年内累计；早年真实1月值保留；不是单月
fiscal_expenditure_ytd,CHN,2004-02,1362.0,亿元,M,,https://data.stats.gov.cn/dg/website/publicrelease/web/external/stream/esData,来源指标：国家财政支出(不含债务还本)累计值(亿元)；年内累计；早年真实1月值保留；不是单月
fiscal_expenditure_ytd,CHN,2004-03,1771.5,亿元,M,,https://data.stats.gov.cn/dg/website/publicrelease/web/external/stream/esData,来源指标：国家财政支出(不含债务还本)累计值(亿元)；年内累计；早年真实1月值保留；不是单月
fiscal_expenditure_ytd,CHN,2004-04,2099.7,亿元,M,,https://data.stats.gov.cn/dg/website/publicrelease/web/external/stream/esData,来源指标：国家财政支出(不含债务还本)累计值(亿元)；年内累计；早年真实1月值保留；不是单月
fiscal_expenditure_ytd,CHN,2004-05,1720.9,亿元,M,,https://data.stats.gov.cn/dg/website/publicrelease/web/external/stream/esData,来源指标：国家财政支出(不含债务还本)累计值(亿元)；年内累计；早年真实1月值保留；不是单月
fiscal_expenditure_ytd,CHN,2004-06,2480.3,亿元,M,,https://data.stats.gov.cn/dg/website/publicrelease/web/external/stream/esData,来源指标：国家财政支出(不含债务还本)累计值(亿元)；年内累计；早年真实1月值保留；不是单月
fiscal_expenditure_ytd,CHN,2004-07,1935.3,亿元,M,,https://data.stats.gov.cn/dg/website/publicrelease/web/external/stream/esData,来源指标：国家财政支出(不含债务还本)累计值(亿元)；年内累计；早年真实1月值保留；不是单月
fiscal_expenditure_ytd,CHN,2004-08,1976.5,亿元,M,,https://data.stats.gov.cn/dg/website/publicrelease/web/external/stream/esData,来源指标：国家财政支出(不含债务还本)累计值(亿元)；年内累计；早年真实1月值保留；不是单月
fiscal_expenditure_ytd,CHN,2004-09,2429.9,亿元,M,,https://data.stats.gov.cn/dg/website/publicrelease/web/external/stream/esData,来源指标：国家财政支出(不含债务还本)累计值(亿元)；年内累计；早年真实1月值保留；不是单月
fiscal_expenditure_ytd,CHN,2004-10,1917.3,亿元,M,,https://data.stats.gov.cn/dg/website/publicrelease/web/external/stream/esData,来源指标：国家财政支出(不含债务还本)累计值(亿元)；年内累计；早年真实1月值保留；不是单月
fiscal_expenditure_ytd,CHN,2004-11,2531.8,亿元,M,,https://data.stats.gov.cn/dg/website/publicrelease/web/external/stream/esData,来源指标：国家财政支出(不含债务还本)累计值(亿元)；年内累计；早年真实1月值保留；不是单月
fiscal_expenditure_ytd,CHN,2005-01,1555.6,亿元,M,,https://data.stats.gov.cn/dg/website/publicrelease/web/external/stream/esData,来源指标：国家财政支出(不含债务还本)累计值(亿元)；年内累计；早年真实1月值保留；不是单月
fiscal_expenditure_ytd,CHN,2005-02,1472.8,亿元,M,,https://data.stats.gov.cn/dg/website/publicrelease/web/external/stream/esData,来源指标：国家财政支出(不含债务还本)累计值(亿元)；年内累计；早年真实1月值保留；不是单月
fiscal_expenditure_ytd,CHN,2005-03,2180.9,亿元,M,,https://data.stats.gov.cn/dg/website/publicrelease/web/external/stream/esData,来源指标：国家财政支出(不含债务还本)累计值(亿元)；年内累计；早年真实1月值保留；不是单月
fiscal_expenditure_ytd,CHN,2005-04,2380.9,亿元,M,,https://data.stats.gov.cn/dg/website/publicrelease/web/external/stream/esData,来源指标：国家财政支出(不含债务还本)累计值(亿元)；年内累计；早年真实1月值保留；不是单月
fiscal_expenditure_ytd,CHN,2005-05,1995.1,亿元,M,,https://data.stats.gov.cn/dg/website/publicrelease/web/external/stream/esData,来源指标：国家财政支出(不含债务还本)累计值(亿元)；年内累计；早年真实1月值保留；不是单月
fiscal_expenditure_ytd,CHN,2005-06,2836.0,亿元,M,,https://data.stats.gov.cn/dg/website/publicrelease/web/external/stream/esData,来源指标：国家财政支出(不含债务还本)累计值(亿元)；年内累计；早年真实1月值保留；不是单月
fiscal_expenditure_ytd,CHN,2005-07,2239.3,亿元,M,,https://data.stats.gov.cn/dg/website/publicrelease/web/external/stream/esData,来源指标：国家财政支出(不含债务还本)累计值(亿元)；年内累计；早年真实1月值保留；不是单月
fiscal_expenditure_ytd,CHN,2005-08,2413.3,亿元,M,,https://data.stats.gov.cn/dg/website/publicrelease/web/external/stream/esData,来源指标：国家财政支出(不含债务还本)累计值(亿元)；年内累计；早年真实1月值保留；不是单月
fiscal_expenditure_ytd,CHN,2005-09,2876.0,亿元,M,,https://data.stats.gov.cn/dg/website/publicrelease/web/external/stream/esData,来源指标：国家财政支出(不含债务还本)累计值(亿元)；年内累计；早年真实1月值保留；不是单月
fiscal_expenditure_ytd,CHN,2005-10,2187.9,亿元,M,,https://data.stats.gov.cn/dg/website/publicrelease/web/external/stream/esData,来源指标：国家财政支出(不含债务还本)累计值(亿元)；年内累计；早年真实1月值保留；不是单月
fiscal_expenditure_ytd,CHN,2005-11,3188.4,亿元,M,,https://data.stats.gov.cn/dg/website/publicrelease/web/external/stream/esData,来源指标：国家财政支出(不含债务还本)累计值(亿元)；年内累计；早年真实1月值保留；不是单月
fiscal_expenditure_ytd,CHN,2006-01,2227.9,亿元,M,,https://data.stats.gov.cn/dg/website/publicrelease/web/external/stream/esData,来源指标：国家财政支出(不含债务还本)累计值(亿元)；年内累计；早年真实1月值保留；不是单月
fiscal_expenditure_ytd,CHN,2006-02,1559.7,亿元,M,,https://data.stats.gov.cn/dg/website/publicrelease/web/external/stream/esData,来源指标：国家财政支出(不含债务还本)累计值(亿元)；年内累计；早年真实1月值保留；不是单月
fiscal_expenditure_ytd,CHN,2006-03,2504.1,亿元,M,,https://data.stats.gov.cn/dg/website/publicrelease/web/external/stream/esData,来源指标：国家财政支出(不含债务还本)累计值(亿元)；年内累计；早年真实1月值保留；不是单月
fiscal_expenditure_ytd,CHN,2006-04,2728.5,亿元,M,,https://data.stats.gov.cn/dg/website/publicrelease/web/external/stream/esData,来源指标：国家财政支出(不含债务还本)累计值(亿元)；年内累计；早年真实1月值保留；不是单月
fiscal_expenditure_ytd,CHN,2006-05,2166.3,亿元,M,,https://data.stats.gov.cn/dg/website/publicrelease/web/external/stream/esData,来源指标：国家财政支出(不含债务还本)累计值(亿元)；年内累计；早年真实1月值保留；不是单月
fiscal_expenditure_ytd,CHN,2006-06,3414.6,亿元,M,,https://data.stats.gov.cn/dg/website/publicrelease/web/external/stream/esData,来源指标：国家财政支出(不含债务还本)累计值(亿元)；年内累计；早年真实1月值保留；不是单月
fiscal_expenditure_ytd,CHN,2006-07,2524.8,亿元,M,,https://data.stats.gov.cn/dg/website/publicrelease/web/external/stream/esData,来源指标：国家财政支出(不含债务还本)累计值(亿元)；年内累计；早年真实1月值保留；不是单月
fiscal_expenditure_ytd,CHN,2006-08,2604.9,亿元,M,,https://data.stats.gov.cn/dg/website/publicrelease/web/external/stream/esData,来源指标：国家财政支出(不含债务还本)累计值(亿元)；年内累计；早年真实1月值保留；不是单月
fiscal_expenditure_ytd,CHN,2006-09,3426.2,亿元,M,,https://data.stats.gov.cn/dg/website/publicrelease/web/external/stream/esData,来源指标：国家财政支出(不含债务还本)累计值(亿元)；年内累计；早年真实1月值保留；不是单月
fiscal_expenditure_ytd,CHN,2006-10,2670.6,亿元,M,,https://data.stats.gov.cn/dg/website/publicrelease/web/external/stream/esData,来源指标：国家财政支出(不含债务还本)累计值(亿元)；年内累计；早年真实1月值保留；不是单月
fiscal_expenditure_ytd,CHN,2006-11,3783.7,亿元,M,,https://data.stats.gov.cn/dg/website/publicrelease/web/external/stream/esData,来源指标：国家财政支出(不含债务还本)累计值(亿元)；年内累计；早年真实1月值保留；不是单月
fiscal_expenditure_ytd,CHN,2007-01,1870.9,亿元,M,,https://data.stats.gov.cn/dg/website/publicrelease/web/external/stream/esData,来源指标：国家财政支出(不含债务还本)累计值(亿元)；年内累计；早年真实1月值保留；不是单月
fiscal_expenditure_ytd,CHN,2007-02,2543.7,亿元,M,,https://data.stats.gov.cn/dg/website/publicrelease/web/external/stream/esData,来源指标：国家财政支出(不含债务还本)累计值(亿元)；年内累计；早年真实1月值保留；不是单月
fiscal_expenditure_ytd,CHN,2007-03,2874.2,亿元,M,,https://data.stats.gov.cn/dg/website/publicrelease/web/external/stream/esData,来源指标：国家财政支出(不含债务还本)累计值(亿元)；年内累计；早年真实1月值保留；不是单月
fiscal_expenditure_ytd,CHN,2007-04,3220.5,亿元,M,,https://data.stats.gov.cn/dg/website/publicrelease/web/external/stream/esData,来源指标：国家财政支出(不含债务还本)累计值(亿元)；年内累计；早年真实1月值保留；不是单月
fiscal_expenditure_ytd,CHN,2007-05,2922.2,亿元,M,,https://data.stats.gov.cn/dg/website/publicrelease/web/external/stream/esData,来源指标：国家财政支出(不含债务还本)累计值(亿元)；年内累计；早年真实1月值保留；不是单月
fiscal_expenditure_ytd,CHN,2007-06,4488.6,亿元,M,,https://data.stats.gov.cn/dg/website/publicrelease/web/external/stream/esData,来源指标：国家财政支出(不含债务还本)累计值(亿元)；年内累计；早年真实1月值保留；不是单月
fiscal_expenditure_ytd,CHN,2007-07,3236.6,亿元,M,,https://data.stats.gov.cn/dg/website/publicrelease/web/external/stream/esData,来源指标：国家财政支出(不含债务还本)累计值(亿元)；年内累计；早年真实1月值保留；不是单月
fiscal_expenditure_ytd,CHN,2007-08,3426.7,亿元,M,,https://data.stats.gov.cn/dg/website/publicrelease/web/external/stream/esData,来源指标：国家财政支出(不含债务还本)累计值(亿元)；年内累计；早年真实1月值保留；不是单月
fiscal_expenditure_ytd,CHN,2007-09,4433.1,亿元,M,,https://data.stats.gov.cn/dg/website/publicrelease/web/external/stream/esData,来源指标：国家财政支出(不含债务还本)累计值(亿元)；年内累计；早年真实1月值保留；不是单月
fiscal_expenditure_ytd,CHN,2007-10,3560.3,亿元,M,,https://data.stats.gov.cn/dg/website/publicrelease/web/external/stream/esData,来源指标：国家财政支出(不含债务还本)累计值(亿元)；年内累计；早年真实1月值保留；不是单月
fiscal_expenditure_ytd,CHN,2007-11,4508.2,亿元,M,,https://data.stats.gov.cn/dg/website/publicrelease/web/external/stream/esData,来源指标：国家财政支出(不含债务还本)累计值(亿元)；年内累计；早年真实1月值保留；不是单月
fiscal_expenditure_ytd,CHN,2008-01,3014.1,亿元,M,,https://data.stats.gov.cn/dg/website/publicrelease/web/external/stream/esData,来源指标：国家财政支出(不含债务还本)累计值(亿元)；年内累计；早年真实1月值保留；不是单月
fiscal_expenditure_ytd,CHN,2008-02,2682.8,亿元,M,,https://data.stats.gov.cn/dg/website/publicrelease/web/external/stream/esData,来源指标：国家财政支出(不含债务还本)累计值(亿元)；年内累计；早年真实1月值保留；不是单月
fiscal_expenditure_ytd,CHN,2008-03,3809.8,亿元,M,,https://data.stats.gov.cn/dg/website/publicrelease/web/external/stream/esData,来源指标：国家财政支出(不含债务还本)累计值(亿元)；年内累计；早年真实1月值保留；不是单月
fiscal_expenditure_ytd,CHN,2008-04,4078.4,亿元,M,,https://data.stats.gov.cn/dg/website/publicrelease/web/external/stream/esData,来源指标：国家财政支出(不含债务还本)累计值(亿元)；年内累计；早年真实1月值保留；不是单月
fiscal_expenditure_ytd,CHN,2008-05,4024.6,亿元,M,,https://data.stats.gov.cn/dg/website/publicrelease/web/external/stream/esData,来源指标：国家财政支出(不含债务还本)累计值(亿元)；年内累计；早年真实1月值保留；不是单月
fiscal_expenditure_ytd,CHN,2008-06,5272.2,亿元,M,,https://data.stats.gov.cn/dg/website/publicrelease/web/external/stream/esData,来源指标：国家财政支出(不含债务还本)累计值(亿元)；年内累计；早年真实1月值保留；不是单月
fiscal_expenditure_ytd,CHN,2008-07,4561.4,亿元,M,,https://data.stats.gov.cn/dg/website/publicrelease/web/external/stream/esData,来源指标：国家财政支出(不含债务还本)累计值(亿元)；年内累计；早年真实1月值保留；不是单月
fiscal_expenditure_ytd,CHN,2008-08,4035.7,亿元,M,,https://data.stats.gov.cn/dg/website/publicrelease/web/external/stream/esData,来源指标：国家财政支出(不含债务还本)累计值(亿元)；年内累计；早年真实1月值保留；不是单月
fiscal_expenditure_ytd,CHN,2008-09,4948.9,亿元,M,,https://data.stats.gov.cn/dg/website/publicrelease/web/external/stream/esData,来源指标：国家财政支出(不含债务还本)累计值(亿元)；年内累计；早年真实1月值保留；不是单月
fiscal_expenditure_ytd,CHN,2008-10,4143.2,亿元,M,,https://data.stats.gov.cn/dg/website/publicrelease/web/external/stream/esData,来源指标：国家财政支出(不含债务还本)累计值(亿元)；年内累计；早年真实1月值保留；不是单月
fiscal_expenditure_ytd,CHN,2008-11,5254.0,亿元,M,,https://data.stats.gov.cn/dg/website/publicrelease/web/external/stream/esData,来源指标：国家财政支出(不含债务还本)累计值(亿元)；年内累计；早年真实1月值保留；不是单月
fiscal_expenditure_ytd,CHN,2008-12,62427.03,亿元,M,2009-02-01,https://gks.mof.gov.cn/tongjishuju/200902/t20090201_110982.htm,"年内累计执行数，不是单月；原文：1-12月累计,全国财政支出执行初步统计数为62427.03亿元,同比增长25.4%。"
fiscal_expenditure_ytd,CHN,2009-01,3993.4,亿元,M,,https://data.stats.gov.cn/dg/website/publicrelease/web/external/stream/esData,来源指标：国家财政支出(不含债务还本)累计值(亿元)；年内累计；早年真实1月值保留；不是单月
fiscal_expenditure_ytd,CHN,2009-02,3810.1,亿元,M,,https://data.stats.gov.cn/dg/website/publicrelease/web/external/stream/esData,来源指标：国家财政支出(不含债务还本)累计值(亿元)；年内累计；早年真实1月值保留；不是单月
fiscal_expenditure_ytd,CHN,2009-03,5007.4,亿元,M,,https://data.stats.gov.cn/dg/website/publicrelease/web/external/stream/esData,来源指标：国家财政支出(不含债务还本)累计值(亿元)；年内累计；早年真实1月值保留；不是单月
fiscal_expenditure_ytd,CHN,2009-04,5078.1,亿元,M,,https://data.stats.gov.cn/dg/website/publicrelease/web/external/stream/esData,来源指标：国家财政支出(不含债务还本)累计值(亿元)；年内累计；早年真实1月值保留；不是单月
fiscal_expenditure_ytd,CHN,2009-05,4608.0,亿元,M,,https://data.stats.gov.cn/dg/website/publicrelease/web/external/stream/esData,来源指标：国家财政支出(不含债务还本)累计值(亿元)；年内累计；早年真实1月值保留；不是单月
fiscal_expenditure_ytd,CHN,2009-06,6405.6,亿元,M,,https://data.stats.gov.cn/dg/website/publicrelease/web/external/stream/esData,来源指标：国家财政支出(不含债务还本)累计值(亿元)；年内累计；早年真实1月值保留；不是单月
fiscal_expenditure_ytd,CHN,2009-07,4985.7,亿元,M,,https://data.stats.gov.cn/dg/website/publicrelease/web/external/stream/esData,来源指标：国家财政支出(不含债务还本)累计值(亿元)；年内累计；早年真实1月值保留；不是单月
fiscal_expenditure_ytd,CHN,2009-08,4737.1,亿元,M,,https://data.stats.gov.cn/dg/website/publicrelease/web/external/stream/esData,来源指标：国家财政支出(不含债务还本)累计值(亿元)；年内累计；早年真实1月值保留；不是单月
fiscal_expenditure_ytd,CHN,2009-09,6577.4,亿元,M,,https://data.stats.gov.cn/dg/website/publicrelease/web/external/stream/esData,来源指标：国家财政支出(不含债务还本)累计值(亿元)；年内累计；早年真实1月值保留；不是单月
fiscal_expenditure_ytd,CHN,2009-10,4683.3,亿元,M,,https://data.stats.gov.cn/dg/website/publicrelease/web/external/stream/esData,来源指标：国家财政支出(不含债务还本)累计值(亿元)；年内累计；早年真实1月值保留；不是单月
fiscal_expenditure_ytd,CHN,2009-11,6349.9,亿元,M,,https://data.stats.gov.cn/dg/website/publicrelease/web/external/stream/esData,来源指标：国家财政支出(不含债务还本)累计值(亿元)；年内累计；早年真实1月值保留；不是单月
fiscal_expenditure_ytd,CHN,2009-12,75874,亿元,M,2010-02-05,https://gks.mof.gov.cn/tongjishuju/201002/t20100205_269099.htm,"年内累计执行数，不是单月；原文：1-12月累计,全国财政支出执行初步统计数为75874亿元,比上年增加13281亿元,增长21.2%。"
fiscal_expenditure_ytd,CHN,2010-01,3465.8,亿元,M,,https://data.stats.gov.cn/dg/website/publicrelease/web/external/stream/esData,来源指标：国家财政支出(不含债务还本)累计值(亿元)；年内累计；早年真实1月值保留；不是单月
fiscal_expenditure_ytd,CHN,2010-02,4940.2,亿元,M,,https://data.stats.gov.cn/dg/website/publicrelease/web/external/stream/esData,来源指标：国家财政支出(不含债务还本)累计值(亿元)；年内累计；早年真实1月值保留；不是单月
fiscal_expenditure_ytd,CHN,2010-03,5923.9,亿元,M,,https://data.stats.gov.cn/dg/website/publicrelease/web/external/stream/esData,来源指标：国家财政支出(不含债务还本)累计值(亿元)；年内累计；早年真实1月值保留；不是单月
fiscal_expenditure_ytd,CHN,2010-04,5575.6,亿元,M,,https://data.stats.gov.cn/dg/website/publicrelease/web/external/stream/esData,来源指标：国家财政支出(不含债务还本)累计值(亿元)；年内累计；早年真实1月值保留；不是单月
fiscal_expenditure_ytd,CHN,2010-05,5786.7,亿元,M,,https://data.stats.gov.cn/dg/website/publicrelease/web/external/stream/esData,来源指标：国家财政支出(不含债务还本)累计值(亿元)；年内累计；早年真实1月值保留；不是单月
fiscal_expenditure_ytd,CHN,2010-06,8119.1,亿元,M,,https://data.stats.gov.cn/dg/website/publicrelease/web/external/stream/esData,来源指标：国家财政支出(不含债务还本)累计值(亿元)；年内累计；早年真实1月值保留；不是单月
fiscal_expenditure_ytd,CHN,2010-07,5810.9,亿元,M,,https://data.stats.gov.cn/dg/website/publicrelease/web/external/stream/esData,来源指标：国家财政支出(不含债务还本)累计值(亿元)；年内累计；早年真实1月值保留；不是单月
fiscal_expenditure_ytd,CHN,2010-08,6413.7,亿元,M,,https://data.stats.gov.cn/dg/website/publicrelease/web/external/stream/esData,来源指标：国家财政支出(不含债务还本)累计值(亿元)；年内累计；早年真实1月值保留；不是单月
fiscal_expenditure_ytd,CHN,2010-09,8469.0,亿元,M,,https://data.stats.gov.cn/dg/website/publicrelease/web/external/stream/esData,来源指标：国家财政支出(不含债务还本)累计值(亿元)；年内累计；早年真实1月值保留；不是单月
fiscal_expenditure_ytd,CHN,2010-10,6488.3,亿元,M,,https://data.stats.gov.cn/dg/website/publicrelease/web/external/stream/esData,来源指标：国家财政支出(不含债务还本)累计值(亿元)；年内累计；早年真实1月值保留；不是单月
fiscal_expenditure_ytd,CHN,2010-11,10599.6,亿元,M,,https://data.stats.gov.cn/dg/website/publicrelease/web/external/stream/esData,来源指标：国家财政支出(不含债务还本)累计值(亿元)；年内累计；早年真实1月值保留；不是单月
fiscal_expenditure_ytd,CHN,2010-12,17982.0,亿元,M,,https://data.stats.gov.cn/dg/website/publicrelease/web/external/stream/esData,来源指标：国家财政支出(不含债务还本)累计值(亿元)；年内累计；早年真实1月值保留；不是单月
fiscal_expenditure_ytd,CHN,2011-01,6408.8,亿元,M,,https://data.stats.gov.cn/dg/website/publicrelease/web/external/stream/esData,来源指标：国家财政支出(不含债务还本)累计值(亿元)；年内累计；早年真实1月值保留；不是单月
fiscal_expenditure_ytd,CHN,2011-02,4074.8,亿元,M,,https://data.stats.gov.cn/dg/website/publicrelease/web/external/stream/esData,来源指标：国家财政支出(不含债务还本)累计值(亿元)；年内累计；早年真实1月值保留；不是单月
fiscal_expenditure_ytd,CHN,2011-03,7570.0,亿元,M,,https://data.stats.gov.cn/dg/website/publicrelease/web/external/stream/esData,来源指标：国家财政支出(不含债务还本)累计值(亿元)；年内累计；早年真实1月值保留；不是单月
fiscal_expenditure_ytd,CHN,2011-04,7304.4,亿元,M,,https://data.stats.gov.cn/dg/website/publicrelease/web/external/stream/esData,来源指标：国家财政支出(不含债务还本)累计值(亿元)；年内累计；早年真实1月值保留；不是单月
fiscal_expenditure_ytd,CHN,2011-05,8268.0,亿元,M,,https://data.stats.gov.cn/dg/website/publicrelease/web/external/stream/esData,来源指标：国家财政支出(不含债务还本)累计值(亿元)；年内累计；早年真实1月值保留；不是单月
fiscal_expenditure_ytd,CHN,2011-06,10809.1,亿元,M,,https://data.stats.gov.cn/dg/website/publicrelease/web/external/stream/esData,来源指标：国家财政支出(不含债务还本)累计值(亿元)；年内累计；早年真实1月值保留；不是单月
fiscal_expenditure_ytd,CHN,2011-07,6949.9,亿元,M,,https://data.stats.gov.cn/dg/website/publicrelease/web/external/stream/esData,来源指标：国家财政支出(不含债务还本)累计值(亿元)；年内累计；早年真实1月值保留；不是单月
fiscal_expenditure_ytd,CHN,2011-08,8077.0,亿元,M,,https://data.stats.gov.cn/dg/website/publicrelease/web/external/stream/esData,来源指标：国家财政支出(不含债务还本)累计值(亿元)；年内累计；早年真实1月值保留；不是单月
fiscal_expenditure_ytd,CHN,2011-09,10018.5,亿元,M,,https://data.stats.gov.cn/dg/website/publicrelease/web/external/stream/esData,来源指标：国家财政支出(不含债务还本)累计值(亿元)；年内累计；早年真实1月值保留；不是单月
fiscal_expenditure_ytd,CHN,2011-10,8079.0,亿元,M,,https://data.stats.gov.cn/dg/website/publicrelease/web/external/stream/esData,来源指标：国家财政支出(不含债务还本)累计值(亿元)；年内累计；早年真实1月值保留；不是单月
fiscal_expenditure_ytd,CHN,2011-11,11396.2,亿元,M,,https://data.stats.gov.cn/dg/website/publicrelease/web/external/stream/esData,来源指标：国家财政支出(不含债务还本)累计值(亿元)；年内累计；早年真实1月值保留；不是单月
fiscal_expenditure_ytd,CHN,2011-12,19974.2,亿元,M,,https://data.stats.gov.cn/dg/website/publicrelease/web/external/stream/esData,来源指标：国家财政支出(不含债务还本)累计值(亿元)；年内累计；早年真实1月值保留；不是单月
fiscal_expenditure_ytd,CHN,2012-01,7026.8,亿元,M,,https://data.stats.gov.cn/dg/website/publicrelease/web/external/stream/esData,来源指标：国家财政支出(不含债务还本)累计值(亿元)；年内累计；早年真实1月值保留；不是单月
fiscal_expenditure_ytd,CHN,2012-02,6897.3,亿元,M,,https://data.stats.gov.cn/dg/website/publicrelease/web/external/stream/esData,来源指标：国家财政支出(不含债务还本)累计值(亿元)；年内累计；早年真实1月值保留；不是单月
fiscal_expenditure_ytd,CHN,2012-03,10193.9,亿元,M,,https://data.stats.gov.cn/dg/website/publicrelease/web/external/stream/esData,来源指标：国家财政支出(不含债务还本)累计值(亿元)；年内累计；早年真实1月值保留；不是单月
fiscal_expenditure_ytd,CHN,2012-04,7885.8,亿元,M,,https://data.stats.gov.cn/dg/website/publicrelease/web/external/stream/esData,来源指标：国家财政支出(不含债务还本)累计值(亿元)；年内累计；早年真实1月值保留；不是单月
fiscal_expenditure_ytd,CHN,2012-05,9165.0,亿元,M,,https://data.stats.gov.cn/dg/website/publicrelease/web/external/stream/esData,来源指标：国家财政支出(不含债务还本)累计值(亿元)；年内累计；早年真实1月值保留；不是单月
fiscal_expenditure_ytd,CHN,2012-06,12724.2,亿元,M,,https://data.stats.gov.cn/dg/website/publicrelease/web/external/stream/esData,来源指标：国家财政支出(不含债务还本)累计值(亿元)；年内累计；早年真实1月值保留；不是单月
fiscal_expenditure_ytd,CHN,2012-07,9527.7,亿元,M,,https://data.stats.gov.cn/dg/website/publicrelease/web/external/stream/esData,来源指标：国家财政支出(不含债务还本)累计值(亿元)；年内累计；早年真实1月值保留；不是单月
fiscal_expenditure_ytd,CHN,2012-08,9019.6,亿元,M,,https://data.stats.gov.cn/dg/website/publicrelease/web/external/stream/esData,来源指标：国家财政支出(不含债务还本)累计值(亿元)；年内累计；早年真实1月值保留；不是单月
fiscal_expenditure_ytd,CHN,2012-09,11679.0,亿元,M,,https://data.stats.gov.cn/dg/website/publicrelease/web/external/stream/esData,来源指标：国家财政支出(不含债务还本)累计值(亿元)；年内累计；早年真实1月值保留；不是单月
fiscal_expenditure_ytd,CHN,2012-10,8616.6,亿元,M,,https://data.stats.gov.cn/dg/website/publicrelease/web/external/stream/esData,来源指标：国家财政支出(不含债务还本)累计值(亿元)；年内累计；早年真实1月值保留；不是单月
fiscal_expenditure_ytd,CHN,2012-11,12159.7,亿元,M,,https://data.stats.gov.cn/dg/website/publicrelease/web/external/stream/esData,来源指标：国家财政支出(不含债务还本)累计值(亿元)；年内累计；早年真实1月值保留；不是单月
fiscal_expenditure_ytd,CHN,2012-12,125712.0,亿元,M,,https://data.stats.gov.cn/dg/website/publicrelease/web/external/stream/esData,来源指标：国家财政支出(不含债务还本)累计值(亿元)；年内累计；早年真实1月值保留；不是单月
fiscal_expenditure_ytd,CHN,2013-01,8367.3,亿元,M,,https://data.stats.gov.cn/dg/website/publicrelease/web/external/stream/esData,来源指标：国家财政支出(不含债务还本)累计值(亿元)；年内累计；早年真实1月值保留；不是单月
fiscal_expenditure_ytd,CHN,2013-02,7737.6,亿元,M,,https://data.stats.gov.cn/dg/website/publicrelease/web/external/stream/esData,来源指标：国家财政支出(不含债务还本)累计值(亿元)；年内累计；早年真实1月值保留；不是单月
fiscal_expenditure_ytd,CHN,2013-03,10931.9,亿元,M,,https://data.stats.gov.cn/dg/website/publicrelease/web/external/stream/esData,来源指标：国家财政支出(不含债务还本)累计值(亿元)；年内累计；早年真实1月值保留；不是单月
fiscal_expenditure_ytd,CHN,2013-04,9308.0,亿元,M,,https://data.stats.gov.cn/dg/website/publicrelease/web/external/stream/esData,来源指标：国家财政支出(不含债务还本)累计值(亿元)；年内累计；早年真实1月值保留；不是单月
fiscal_expenditure_ytd,CHN,2013-05,10265.6,亿元,M,,https://data.stats.gov.cn/dg/website/publicrelease/web/external/stream/esData,来源指标：国家财政支出(不含债务还本)累计值(亿元)；年内累计；早年真实1月值保留；不是单月
fiscal_expenditure_ytd,CHN,2013-06,13103.7,亿元,M,,https://data.stats.gov.cn/dg/website/publicrelease/web/external/stream/esData,来源指标：国家财政支出(不含债务还本)累计值(亿元)；年内累计；早年真实1月值保留；不是单月
fiscal_expenditure_ytd,CHN,2013-07,9354.5,亿元,M,,https://data.stats.gov.cn/dg/website/publicrelease/web/external/stream/esData,来源指标：国家财政支出(不含债务还本)累计值(亿元)；年内累计；早年真实1月值保留；不是单月
fiscal_expenditure_ytd,CHN,2013-08,9607.6,亿元,M,,https://data.stats.gov.cn/dg/website/publicrelease/web/external/stream/esData,来源指标：国家财政支出(不含债务还本)累计值(亿元)；年内累计；早年真实1月值保留；不是单月
fiscal_expenditure_ytd,CHN,2013-09,12586.2,亿元,M,,https://data.stats.gov.cn/dg/website/publicrelease/web/external/stream/esData,来源指标：国家财政支出(不含债务还本)累计值(亿元)；年内累计；早年真实1月值保留；不是单月
fiscal_expenditure_ytd,CHN,2013-10,10507.4,亿元,M,,https://data.stats.gov.cn/dg/website/publicrelease/web/external/stream/esData,来源指标：国家财政支出(不含债务还本)累计值(亿元)；年内累计；早年真实1月值保留；不是单月
fiscal_expenditure_ytd,CHN,2013-11,12657.5,亿元,M,,https://data.stats.gov.cn/dg/website/publicrelease/web/external/stream/esData,来源指标：国家财政支出(不含债务还本)累计值(亿元)；年内累计；早年真实1月值保留；不是单月
fiscal_expenditure_ytd,CHN,2013-12,139744.0,亿元,M,,https://data.stats.gov.cn/dg/website/publicrelease/web/external/stream/esData,来源指标：国家财政支出(不含债务还本)累计值(亿元)；年内累计；早年真实1月值保留；不是单月
fiscal_expenditure_ytd,CHN,2014-01,10153.3,亿元,M,,https://data.stats.gov.cn/dg/website/publicrelease/web/external/stream/esData,来源指标：国家财政支出(不含债务还本)累计值(亿元)；年内累计；早年真实1月值保留；不是单月
fiscal_expenditure_ytd,CHN,2014-02,6913.4,亿元,M,,https://data.stats.gov.cn/dg/website/publicrelease/web/external/stream/esData,来源指标：国家财政支出(不含债务还本)累计值(亿元)；年内累计；早年真实1月值保留；不是单月
fiscal_expenditure_ytd,CHN,2014-03,13365.8,亿元,M,,https://data.stats.gov.cn/dg/website/publicrelease/web/external/stream/esData,来源指标：国家财政支出(不含债务还本)累计值(亿元)；年内累计；早年真实1月值保留；不是单月
fiscal_expenditure_ytd,CHN,2014-04,9409.8,亿元,M,,https://data.stats.gov.cn/dg/website/publicrelease/web/external/stream/esData,来源指标：国家财政支出(不含债务还本)累计值(亿元)；年内累计；早年真实1月值保留；不是单月
fiscal_expenditure_ytd,CHN,2014-05,12789.8,亿元,M,,https://data.stats.gov.cn/dg/website/publicrelease/web/external/stream/esData,来源指标：国家财政支出(不含债务还本)累计值(亿元)；年内累计；早年真实1月值保留；不是单月
fiscal_expenditure_ytd,CHN,2014-06,16522.0,亿元,M,,https://data.stats.gov.cn/dg/website/publicrelease/web/external/stream/esData,来源指标：国家财政支出(不含债务还本)累计值(亿元)；年内累计；早年真实1月值保留；不是单月
fiscal_expenditure_ytd,CHN,2014-07,10256.2,亿元,M,,https://data.stats.gov.cn/dg/website/publicrelease/web/external/stream/esData,来源指标：国家财政支出(不含债务还本)累计值(亿元)；年内累计；早年真实1月值保留；不是单月
fiscal_expenditure_ytd,CHN,2014-08,10203.7,亿元,M,,https://data.stats.gov.cn/dg/website/publicrelease/web/external/stream/esData,来源指标：国家财政支出(不含债务还本)累计值(亿元)；年内累计；早年真实1月值保留；不是单月
fiscal_expenditure_ytd,CHN,2014-09,14025.5,亿元,M,,https://data.stats.gov.cn/dg/website/publicrelease/web/external/stream/esData,来源指标：国家财政支出(不含债务还本)累计值(亿元)；年内累计；早年真实1月值保留；不是单月
fiscal_expenditure_ytd,CHN,2014-10,9909.8,亿元,M,,https://data.stats.gov.cn/dg/website/publicrelease/web/external/stream/esData,来源指标：国家财政支出(不含债务还本)累计值(亿元)；年内累计；早年真实1月值保留；不是单月
fiscal_expenditure_ytd,CHN,2014-11,12758.6,亿元,M,,https://data.stats.gov.cn/dg/website/publicrelease/web/external/stream/esData,来源指标：国家财政支出(不含债务还本)累计值(亿元)；年内累计；早年真实1月值保留；不是单月
fiscal_expenditure_ytd,CHN,2014-12,151662.0,亿元,M,,https://data.stats.gov.cn/dg/website/publicrelease/web/external/stream/esData,来源指标：国家财政支出(不含债务还本)累计值(亿元)；年内累计；早年真实1月值保留；不是单月
fiscal_expenditure_ytd,CHN,2015-01,8136.8,亿元,M,,https://data.stats.gov.cn/dg/website/publicrelease/web/external/stream/esData,来源指标：国家财政支出(不含债务还本)累计值(亿元)；年内累计；早年真实1月值保留；不是单月
fiscal_expenditure_ytd,CHN,2015-02,10728.4,亿元,M,,https://data.stats.gov.cn/dg/website/publicrelease/web/external/stream/esData,来源指标：国家财政支出(不含债务还本)累计值(亿元)；年内累计；早年真实1月值保留；不是单月
fiscal_expenditure_ytd,CHN,2015-03,13950.1,亿元,M,,https://data.stats.gov.cn/dg/website/publicrelease/web/external/stream/esData,来源指标：国家财政支出(不含债务还本)累计值(亿元)；年内累计；早年真实1月值保留；不是单月
fiscal_expenditure_ytd,CHN,2015-04,12534.5,亿元,M,,https://data.stats.gov.cn/dg/website/publicrelease/web/external/stream/esData,来源指标：国家财政支出(不含债务还本)累计值(亿元)；年内累计；早年真实1月值保留；不是单月
fiscal_expenditure_ytd,CHN,2015-05,13124.2,亿元,M,,https://data.stats.gov.cn/dg/website/publicrelease/web/external/stream/esData,来源指标：国家财政支出(不含债务还本)累计值(亿元)；年内累计；早年真实1月值保留；不是单月
fiscal_expenditure_ytd,CHN,2015-06,18814.0,亿元,M,,https://data.stats.gov.cn/dg/website/publicrelease/web/external/stream/esData,来源指标：国家财政支出(不含债务还本)累计值(亿元)；年内累计；早年真实1月值保留；不是单月
fiscal_expenditure_ytd,CHN,2015-07,12732.4,亿元,M,,https://data.stats.gov.cn/dg/website/publicrelease/web/external/stream/esData,来源指标：国家财政支出(不含债务还本)累计值(亿元)；年内累计；早年真实1月值保留；不是单月
fiscal_expenditure_ytd,CHN,2015-08,12843.5,亿元,M,,https://data.stats.gov.cn/dg/website/publicrelease/web/external/stream/esData,来源指标：国家财政支出(不含债务还本)累计值(亿元)；年内累计；早年真实1月值保留；不是单月
fiscal_expenditure_ytd,CHN,2015-09,17798.7,亿元,M,,https://data.stats.gov.cn/dg/website/publicrelease/web/external/stream/esData,来源指标：国家财政支出(不含债务还本)累计值(亿元)；年内累计；早年真实1月值保留；不是单月
fiscal_expenditure_ytd,CHN,2015-10,13491.4,亿元,M,,https://data.stats.gov.cn/dg/website/publicrelease/web/external/stream/esData,来源指标：国家财政支出(不含债务还本)累计值(亿元)；年内累计；早年真实1月值保留；不是单月
fiscal_expenditure_ytd,CHN,2015-11,16069.4,亿元,M,,https://data.stats.gov.cn/dg/website/publicrelease/web/external/stream/esData,来源指标：国家财政支出(不含债务还本)累计值(亿元)；年内累计；早年真实1月值保留；不是单月
fiscal_expenditure_ytd,CHN,2015-12,175768.0,亿元,M,,https://data.stats.gov.cn/dg/website/publicrelease/web/external/stream/esData,来源指标：国家财政支出(不含债务还本)累计值(亿元)；年内累计；早年真实1月值保留；不是单月
fiscal_expenditure_ytd,CHN,2016-01,10134.1,亿元,M,,https://data.stats.gov.cn/dg/website/publicrelease/web/external/stream/esData,来源指标：国家财政支出(不含债务还本)累计值(亿元)；年内累计；早年真实1月值保留；不是单月
fiscal_expenditure_ytd,CHN,2016-02,11036.2,亿元,M,,https://data.stats.gov.cn/dg/website/publicrelease/web/external/stream/esData,来源指标：国家财政支出(不含债务还本)累计值(亿元)；年内累计；早年真实1月值保留；不是单月
fiscal_expenditure_ytd,CHN,2016-03,16788.0,亿元,M,,https://data.stats.gov.cn/dg/website/publicrelease/web/external/stream/esData,来源指标：国家财政支出(不含债务还本)累计值(亿元)；年内累计；早年真实1月值保留；不是单月
fiscal_expenditure_ytd,CHN,2016-04,13109.3,亿元,M,,https://data.stats.gov.cn/dg/website/publicrelease/web/external/stream/esData,来源指标：国家财政支出(不含债务还本)累计值(亿元)；年内累计；早年真实1月值保留；不是单月
fiscal_expenditure_ytd,CHN,2016-05,15460.5,亿元,M,,https://data.stats.gov.cn/dg/website/publicrelease/web/external/stream/esData,来源指标：国家财政支出(不含债务还本)累计值(亿元)；年内累计；早年真实1月值保留；不是单月
fiscal_expenditure_ytd,CHN,2016-06,22636.9,亿元,M,,https://data.stats.gov.cn/dg/website/publicrelease/web/external/stream/esData,来源指标：国家财政支出(不含债务还本)累计值(亿元)；年内累计；早年真实1月值保留；不是单月
fiscal_expenditure_ytd,CHN,2016-07,12768.3,亿元,M,,https://data.stats.gov.cn/dg/website/publicrelease/web/external/stream/esData,来源指标：国家财政支出(不含债务还本)累计值(亿元)；年内累计；早年真实1月值保留；不是单月
fiscal_expenditure_ytd,CHN,2016-08,14186.8,亿元,M,,https://data.stats.gov.cn/dg/website/publicrelease/web/external/stream/esData,来源指标：国家财政支出(不含债务还本)累计值(亿元)；年内累计；早年真实1月值保留；不是单月
fiscal_expenditure_ytd,CHN,2016-09,19836.2,亿元,M,,https://data.stats.gov.cn/dg/website/publicrelease/web/external/stream/esData,来源指标：国家财政支出(不含债务还本)累计值(亿元)；年内累计；早年真实1月值保留；不是单月
fiscal_expenditure_ytd,CHN,2016-10,11818.5,亿元,M,,https://data.stats.gov.cn/dg/website/publicrelease/web/external/stream/esData,来源指标：国家财政支出(不含债务还本)累计值(亿元)；年内累计；早年真实1月值保留；不是单月
fiscal_expenditure_ytd,CHN,2016-11,18064.0,亿元,M,,https://data.stats.gov.cn/dg/website/publicrelease/web/external/stream/esData,来源指标：国家财政支出(不含债务还本)累计值(亿元)；年内累计；早年真实1月值保留；不是单月
fiscal_expenditure_ytd,CHN,2016-12,187841,亿元,M,2017-01-23,https://gks.mof.gov.cn/tongjishuju/201701/t20170123_2526014.htm,"年内累计执行数，不是单月；原文：1-12月累计,全国一般公共预算支出187841亿元,比上年增长6.4%。"
fiscal_expenditure_ytd,CHN,2017-01,13935.4,亿元,M,,https://data.stats.gov.cn/dg/website/publicrelease/web/external/stream/esData,来源指标：国家财政支出(不含债务还本)累计值(亿元)；年内累计；早年真实1月值保留；不是单月
fiscal_expenditure_ytd,CHN,2017-02,10924.3,亿元,M,,https://data.stats.gov.cn/dg/website/publicrelease/web/external/stream/esData,来源指标：国家财政支出(不含债务还本)累计值(亿元)；年内累计；早年真实1月值保留；不是单月
fiscal_expenditure_ytd,CHN,2017-03,21057.5,亿元,M,,https://data.stats.gov.cn/dg/website/publicrelease/web/external/stream/esData,来源指标：国家财政支出(不含债务还本)累计值(亿元)；年内累计；早年真实1月值保留；不是单月
fiscal_expenditure_ytd,CHN,2017-04,13635.5,亿元,M,,https://data.stats.gov.cn/dg/website/publicrelease/web/external/stream/esData,来源指标：国家财政支出(不含债务还本)累计值(亿元)；年内累计；早年真实1月值保留；不是单月
fiscal_expenditure_ytd,CHN,2017-05,16914.8,亿元,M,,https://data.stats.gov.cn/dg/website/publicrelease/web/external/stream/esData,来源指标：国家财政支出(不含债务还本)累计值(亿元)；年内累计；早年真实1月值保留；不是单月
fiscal_expenditure_ytd,CHN,2017-06,27015.9,亿元,M,,https://data.stats.gov.cn/dg/website/publicrelease/web/external/stream/esData,来源指标：国家财政支出(不含债务还本)累计值(亿元)；年内累计；早年真实1月值保留；不是单月
fiscal_expenditure_ytd,CHN,2017-07,13496.0,亿元,M,,https://data.stats.gov.cn/dg/website/publicrelease/web/external/stream/esData,来源指标：国家财政支出(不含债务还本)累计值(亿元)；年内累计；早年真实1月值保留；不是单月
fiscal_expenditure_ytd,CHN,2017-08,14647.3,亿元,M,,https://data.stats.gov.cn/dg/website/publicrelease/web/external/stream/esData,来源指标：国家财政支出(不含债务还本)累计值(亿元)；年内累计；早年真实1月值保留；不是单月
fiscal_expenditure_ytd,CHN,2017-09,20246.4,亿元,M,,https://data.stats.gov.cn/dg/website/publicrelease/web/external/stream/esData,来源指标：国家财政支出(不含债务还本)累计值(亿元)；年内累计；早年真实1月值保留；不是单月
fiscal_expenditure_ytd,CHN,2017-10,11121.8,亿元,M,,https://data.stats.gov.cn/dg/website/publicrelease/web/external/stream/esData,来源指标：国家财政支出(不含债务还本)累计值(亿元)；年内累计；早年真实1月值保留；不是单月
fiscal_expenditure_ytd,CHN,2017-11,16565.6,亿元,M,,https://data.stats.gov.cn/dg/website/publicrelease/web/external/stream/esData,来源指标：国家财政支出(不含债务还本)累计值(亿元)；年内累计；早年真实1月值保留；不是单月
fiscal_expenditure_ytd,CHN,2017-12,203330.0,亿元,M,,https://data.stats.gov.cn/dg/website/publicrelease/web/external/stream/esData,来源指标：国家财政支出(不含债务还本)累计值(亿元)；年内累计；早年真实1月值保留；不是单月
fiscal_expenditure_ytd,CHN,2018-01,12927.6,亿元,M,,https://data.stats.gov.cn/dg/website/publicrelease/web/external/stream/esData,来源指标：国家财政支出(不含债务还本)累计值(亿元)；年内累计；早年真实1月值保留；不是单月
fiscal_expenditure_ytd,CHN,2018-02,16134.3,亿元,M,,https://data.stats.gov.cn/dg/website/publicrelease/web/external/stream/esData,来源指标：国家财政支出(不含债务还本)累计值(亿元)；年内累计；早年真实1月值保留；不是单月
fiscal_expenditure_ytd,CHN,2018-03,21935.2,亿元,M,,https://data.stats.gov.cn/dg/website/publicrelease/web/external/stream/esData,来源指标：国家财政支出(不含债务还本)累计值(亿元)；年内累计；早年真实1月值保留；不是单月
fiscal_expenditure_ytd,CHN,2018-04,14695.6,亿元,M,,https://data.stats.gov.cn/dg/website/publicrelease/web/external/stream/esData,来源指标：国家财政支出(不含债务还本)累计值(亿元)；年内累计；早年真实1月值保留；不是单月
fiscal_expenditure_ytd,CHN,2018-05,17002.7,亿元,M,,https://data.stats.gov.cn/dg/website/publicrelease/web/external/stream/esData,来源指标：国家财政支出(不含债务还本)累计值(亿元)；年内累计；早年真实1月值保留；不是单月
fiscal_expenditure_ytd,CHN,2018-06,28896.9,亿元,M,,https://data.stats.gov.cn/dg/website/publicrelease/web/external/stream/esData,来源指标：国家财政支出(不含债务还本)累计值(亿元)；年内累计；早年真实1月值保留；不是单月
fiscal_expenditure_ytd,CHN,2018-07,13944.4,亿元,M,,https://data.stats.gov.cn/dg/website/publicrelease/web/external/stream/esData,来源指标：国家财政支出(不含债务还本)累计值(亿元)；年内累计；早年真实1月值保留；不是单月
fiscal_expenditure_ytd,CHN,2018-08,15137.0,亿元,M,,https://data.stats.gov.cn/dg/website/publicrelease/web/external/stream/esData,来源指标：国家财政支出(不含债务还本)累计值(亿元)；年内累计；早年真实1月值保留；不是单月
fiscal_expenditure_ytd,CHN,2018-09,22616.0,亿元,M,,https://data.stats.gov.cn/dg/website/publicrelease/web/external/stream/esData,来源指标：国家财政支出(不含债务还本)累计值(亿元)；年内累计；早年真实1月值保留；不是单月
fiscal_expenditure_ytd,CHN,2018-10,12030.8,亿元,M,,https://data.stats.gov.cn/dg/website/publicrelease/web/external/stream/esData,来源指标：国家财政支出(不含债务还本)累计值(亿元)；年内累计；早年真实1月值保留；不是单月
fiscal_expenditure_ytd,CHN,2018-11,16431.0,亿元,M,,https://data.stats.gov.cn/dg/website/publicrelease/web/external/stream/esData,来源指标：国家财政支出(不含债务还本)累计值(亿元)；年内累计；早年真实1月值保留；不是单月
fiscal_expenditure_ytd,CHN,2018-12,220906.0,亿元,M,,https://data.stats.gov.cn/dg/website/publicrelease/web/external/stream/esData,来源指标：国家财政支出(不含债务还本)累计值(亿元)；年内累计；早年真实1月值保留；不是单月
fiscal_expenditure_ytd,CHN,2019-02,33314.0,亿元,M,,https://data.stats.gov.cn/dg/website/publicrelease/web/external/stream/esData,来源指标：国家财政支出(不含债务还本)累计值(亿元)；年内累计；早年真实1月值保留；不是单月
fiscal_expenditure_ytd,CHN,2019-03,25316.0,亿元,M,,https://data.stats.gov.cn/dg/website/publicrelease/web/external/stream/esData,来源指标：国家财政支出(不含债务还本)累计值(亿元)；年内累计；早年真实1月值保留；不是单月
fiscal_expenditure_ytd,CHN,2019-04,17038.0,亿元,M,,https://data.stats.gov.cn/dg/website/publicrelease/web/external/stream/esData,来源指标：国家财政支出(不含债务还本)累计值(亿元)；年内累计；早年真实1月值保留；不是单月
fiscal_expenditure_ytd,CHN,2019-05,17356.0,亿元,M,,https://data.stats.gov.cn/dg/website/publicrelease/web/external/stream/esData,来源指标：国家财政支出(不含债务还本)累计值(亿元)；年内累计；早年真实1月值保留；不是单月
fiscal_expenditure_ytd,CHN,2019-06,30515.0,亿元,M,,https://data.stats.gov.cn/dg/website/publicrelease/web/external/stream/esData,来源指标：国家财政支出(不含债务还本)累计值(亿元)；年内累计；早年真实1月值保留；不是单月
fiscal_expenditure_ytd,CHN,2019-07,14425.0,亿元,M,,https://data.stats.gov.cn/dg/website/publicrelease/web/external/stream/esData,来源指标：国家财政支出(不含债务还本)累计值(亿元)；年内累计；早年真实1月值保留；不是单月
fiscal_expenditure_ytd,CHN,2019-08,15106.0,亿元,M,,https://data.stats.gov.cn/dg/website/publicrelease/web/external/stream/esData,来源指标：国家财政支出(不含债务还本)累计值(亿元)；年内累计；早年真实1月值保留；不是单月
fiscal_expenditure_ytd,CHN,2019-09,25543.0,亿元,M,,https://data.stats.gov.cn/dg/website/publicrelease/web/external/stream/esData,来源指标：国家财政支出(不含债务还本)累计值(亿元)；年内累计；早年真实1月值保留；不是单月
fiscal_expenditure_ytd,CHN,2019-10,11975.0,亿元,M,,https://data.stats.gov.cn/dg/website/publicrelease/web/external/stream/esData,来源指标：国家财政支出(不含债务还本)累计值(亿元)；年内累计；早年真实1月值保留；不是单月
fiscal_expenditure_ytd,CHN,2019-11,15876.2,亿元,M,,https://data.stats.gov.cn/dg/website/publicrelease/web/external/stream/esData,来源指标：国家财政支出(不含债务还本)累计值(亿元)；年内累计；早年真实1月值保留；不是单月
fiscal_expenditure_ytd,CHN,2019-12,238874.0,亿元,M,,https://data.stats.gov.cn/dg/website/publicrelease/web/external/stream/esData,来源指标：国家财政支出(不含债务还本)累计值(亿元)；年内累计；早年真实1月值保留；不是单月
fiscal_expenditure_ytd,CHN,2020-02,13099.1,亿元,M,,https://data.stats.gov.cn/dg/website/publicrelease/web/external/stream/esData,来源指标：国家财政支出(不含债务还本)累计值(亿元)；年内累计；早年真实1月值保留；不是单月
fiscal_expenditure_ytd,CHN,2020-03,22934.2,亿元,M,,https://data.stats.gov.cn/dg/website/publicrelease/web/external/stream/esData,来源指标：国家财政支出(不含债务还本)累计值(亿元)；年内累计；早年真实1月值保留；不是单月
fiscal_expenditure_ytd,CHN,2020-04,18311.4,亿元,M,,https://data.stats.gov.cn/dg/website/publicrelease/web/external/stream/esData,来源指标：国家财政支出(不含债务还本)累计值(亿元)；年内累计；早年真实1月值保留；不是单月
fiscal_expenditure_ytd,CHN,2020-05,16685.0,亿元,M,,https://data.stats.gov.cn/dg/website/publicrelease/web/external/stream/esData,来源指标：国家财政支出(不含债务还本)累计值(亿元)；年内累计；早年真实1月值保留；不是单月
fiscal_expenditure_ytd,CHN,2020-06,26130.0,亿元,M,,https://data.stats.gov.cn/dg/website/publicrelease/web/external/stream/esData,来源指标：国家财政支出(不含债务还本)累计值(亿元)；年内累计；早年真实1月值保留；不是单月
fiscal_expenditure_ytd,CHN,2020-07,17088.0,亿元,M,,https://data.stats.gov.cn/dg/website/publicrelease/web/external/stream/esData,来源指标：国家财政支出(不含债务还本)累计值(亿元)；年内累计；早年真实1月值保留；不是单月
fiscal_expenditure_ytd,CHN,2020-08,16426.0,亿元,M,,https://data.stats.gov.cn/dg/website/publicrelease/web/external/stream/esData,来源指标：国家财政支出(不含债务还本)累计值(亿元)；年内累计；早年真实1月值保留；不是单月
fiscal_expenditure_ytd,CHN,2020-09,25260.0,亿元,M,,https://data.stats.gov.cn/dg/website/publicrelease/web/external/stream/esData,来源指标：国家财政支出(不含债务还本)累计值(亿元)；年内累计；早年真实1月值保留；不是单月
fiscal_expenditure_ytd,CHN,2020-10,14253.0,亿元,M,,https://data.stats.gov.cn/dg/website/publicrelease/web/external/stream/esData,来源指标：国家财政支出(不含债务还本)累计值(亿元)；年内累计；早年真实1月值保留；不是单月
fiscal_expenditure_ytd,CHN,2020-11,18407.0,亿元,M,,https://data.stats.gov.cn/dg/website/publicrelease/web/external/stream/esData,来源指标：国家财政支出(不含债务还本)累计值(亿元)；年内累计；早年真实1月值保留；不是单月
fiscal_expenditure_ytd,CHN,2020-12,245588.0,亿元,M,,https://data.stats.gov.cn/dg/website/publicrelease/web/external/stream/esData,来源指标：国家财政支出(不含债务还本)累计值(亿元)；年内累计；早年真实1月值保留；不是单月
fiscal_expenditure_ytd,CHN,2021-02,19719.7,亿元,M,,https://data.stats.gov.cn/dg/website/publicrelease/web/external/stream/esData,来源指标：国家财政支出(不含债务还本)累计值(亿元)；年内累计；早年真实1月值保留；不是单月
fiscal_expenditure_ytd,CHN,2021-03,58703.0,亿元,M,,https://data.stats.gov.cn/dg/website/publicrelease/web/external/stream/esData,来源指标：国家财政支出(不含债务还本)累计值(亿元)；年内累计；早年真实1月值保留；不是单月
fiscal_expenditure_ytd,CHN,2021-04,76396.0,亿元,M,,https://data.stats.gov.cn/dg/website/publicrelease/web/external/stream/esData,来源指标：国家财政支出(不含债务还本)累计值(亿元)；年内累计；早年真实1月值保留；不是单月
fiscal_expenditure_ytd,CHN,2021-05,93553.0,亿元,M,,https://data.stats.gov.cn/dg/website/publicrelease/web/external/stream/esData,来源指标：国家财政支出(不含债务还本)累计值(亿元)；年内累计；早年真实1月值保留；不是单月
fiscal_expenditure_ytd,CHN,2021-06,121676.0,亿元,M,,https://data.stats.gov.cn/dg/website/publicrelease/web/external/stream/esData,来源指标：国家财政支出(不含债务还本)累计值(亿元)；年内累计；早年真实1月值保留；不是单月
fiscal_expenditure_ytd,CHN,2021-07,137928.0,亿元,M,,https://data.stats.gov.cn/dg/website/publicrelease/web/external/stream/esData,来源指标：国家财政支出(不含债务还本)累计值(亿元)；年内累计；早年真实1月值保留；不是单月
fiscal_expenditure_ytd,CHN,2021-08,155371.0,亿元,M,,https://data.stats.gov.cn/dg/website/publicrelease/web/external/stream/esData,来源指标：国家财政支出(不含债务还本)累计值(亿元)；年内累计；早年真实1月值保留；不是单月
fiscal_expenditure_ytd,CHN,2021-09,179293.0,亿元,M,,https://data.stats.gov.cn/dg/website/publicrelease/web/external/stream/esData,来源指标：国家财政支出(不含债务还本)累计值(亿元)；年内累计；早年真实1月值保留；不是单月
fiscal_expenditure_ytd,CHN,2021-10,193961.0,亿元,M,,https://data.stats.gov.cn/dg/website/publicrelease/web/external/stream/esData,来源指标：国家财政支出(不含债务还本)累计值(亿元)；年内累计；早年真实1月值保留；不是单月
fiscal_expenditure_ytd,CHN,2021-11,213924.0,亿元,M,,https://data.stats.gov.cn/dg/website/publicrelease/web/external/stream/esData,来源指标：国家财政支出(不含债务还本)累计值(亿元)；年内累计；早年真实1月值保留；不是单月
fiscal_expenditure_ytd,CHN,2021-12,246322.0,亿元,M,,https://data.stats.gov.cn/dg/website/publicrelease/web/external/stream/esData,来源指标：国家财政支出(不含债务还本)累计值(亿元)；年内累计；早年真实1月值保留；不是单月
fiscal_expenditure_ytd,CHN,2022-02,38227.0,亿元,M,,https://data.stats.gov.cn/dg/website/publicrelease/web/external/stream/esData,来源指标：国家财政支出(不含债务还本)累计值(亿元)；年内累计；早年真实1月值保留；不是单月
fiscal_expenditure_ytd,CHN,2022-03,63587.0,亿元,M,,https://data.stats.gov.cn/dg/website/publicrelease/web/external/stream/esData,来源指标：国家财政支出(不含债务还本)累计值(亿元)；年内累计；早年真实1月值保留；不是单月
fiscal_expenditure_ytd,CHN,2022-04,80933.0,亿元,M,,https://data.stats.gov.cn/dg/website/publicrelease/web/external/stream/esData,来源指标：国家财政支出(不含债务还本)累计值(亿元)；年内累计；早年真实1月值保留；不是单月
fiscal_expenditure_ytd,CHN,2022-05,99059.0,亿元,M,,https://data.stats.gov.cn/dg/website/publicrelease/web/external/stream/esData,来源指标：国家财政支出(不含债务还本)累计值(亿元)；年内累计；早年真实1月值保留；不是单月
fiscal_expenditure_ytd,CHN,2022-06,128887.0,亿元,M,,https://data.stats.gov.cn/dg/website/publicrelease/web/external/stream/esData,来源指标：国家财政支出(不含债务还本)累计值(亿元)；年内累计；早年真实1月值保留；不是单月
fiscal_expenditure_ytd,CHN,2022-07,146751.0,亿元,M,,https://data.stats.gov.cn/dg/website/publicrelease/web/external/stream/esData,来源指标：国家财政支出(不含债务还本)累计值(亿元)；年内累计；早年真实1月值保留；不是单月
fiscal_expenditure_ytd,CHN,2022-08,165177.0,亿元,M,,https://data.stats.gov.cn/dg/website/publicrelease/web/external/stream/esData,来源指标：国家财政支出(不含债务还本)累计值(亿元)；年内累计；早年真实1月值保留；不是单月
fiscal_expenditure_ytd,CHN,2022-09,190389.0,亿元,M,,https://data.stats.gov.cn/dg/website/publicrelease/web/external/stream/esData,来源指标：国家财政支出(不含债务还本)累计值(亿元)；年内累计；早年真实1月值保留；不是单月
fiscal_expenditure_ytd,CHN,2022-10,206334.0,亿元,M,,https://data.stats.gov.cn/dg/website/publicrelease/web/external/stream/esData,来源指标：国家财政支出(不含债务还本)累计值(亿元)；年内累计；早年真实1月值保留；不是单月
fiscal_expenditure_ytd,CHN,2022-11,227255.0,亿元,M,,https://data.stats.gov.cn/dg/website/publicrelease/web/external/stream/esData,来源指标：国家财政支出(不含债务还本)累计值(亿元)；年内累计；早年真实1月值保留；不是单月
fiscal_expenditure_ytd,CHN,2022-12,260609.0,亿元,M,,https://data.stats.gov.cn/dg/website/publicrelease/web/external/stream/esData,来源指标：国家财政支出(不含债务还本)累计值(亿元)；年内累计；早年真实1月值保留；不是单月
fiscal_expenditure_ytd,CHN,2023-02,40898.0,亿元,M,,https://data.stats.gov.cn/dg/website/publicrelease/web/external/stream/esData,来源指标：国家财政支出(不含债务还本)累计值(亿元)；年内累计；早年真实1月值保留；不是单月
fiscal_expenditure_ytd,CHN,2023-03,67915.0,亿元,M,,https://data.stats.gov.cn/dg/website/publicrelease/web/external/stream/esData,来源指标：国家财政支出(不含债务还本)累计值(亿元)；年内累计；早年真实1月值保留；不是单月
fiscal_expenditure_ytd,CHN,2023-04,86418.0,亿元,M,,https://data.stats.gov.cn/dg/website/publicrelease/web/external/stream/esData,来源指标：国家财政支出(不含债务还本)累计值(亿元)；年内累计；早年真实1月值保留；不是单月
fiscal_expenditure_ytd,CHN,2023-05,104821.0,亿元,M,,https://data.stats.gov.cn/dg/website/publicrelease/web/external/stream/esData,来源指标：国家财政支出(不含债务还本)累计值(亿元)；年内累计；早年真实1月值保留；不是单月
fiscal_expenditure_ytd,CHN,2023-06,133893.0,亿元,M,,https://data.stats.gov.cn/dg/website/publicrelease/web/external/stream/esData,来源指标：国家财政支出(不含债务还本)累计值(亿元)；年内累计；早年真实1月值保留；不是单月
fiscal_expenditure_ytd,CHN,2023-07,151623.0,亿元,M,,https://data.stats.gov.cn/dg/website/publicrelease/web/external/stream/esData,来源指标：国家财政支出(不含债务还本)累计值(亿元)；年内累计；早年真实1月值保留；不是单月
fiscal_expenditure_ytd,CHN,2023-08,171382.0,亿元,M,,https://data.stats.gov.cn/dg/website/publicrelease/web/external/stream/esData,来源指标：国家财政支出(不含债务还本)累计值(亿元)；年内累计；早年真实1月值保留；不是单月
fiscal_expenditure_ytd,CHN,2023-09,197897.0,亿元,M,,https://data.stats.gov.cn/dg/website/publicrelease/web/external/stream/esData,来源指标：国家财政支出(不含债务还本)累计值(亿元)；年内累计；早年真实1月值保留；不是单月
fiscal_expenditure_ytd,CHN,2023-10,215734.0,亿元,M,,https://data.stats.gov.cn/dg/website/publicrelease/web/external/stream/esData,来源指标：国家财政支出(不含债务还本)累计值(亿元)；年内累计；早年真实1月值保留；不是单月
fiscal_expenditure_ytd,CHN,2023-11,238462.0,亿元,M,,https://data.stats.gov.cn/dg/website/publicrelease/web/external/stream/esData,来源指标：国家财政支出(不含债务还本)累计值(亿元)；年内累计；早年真实1月值保留；不是单月
fiscal_expenditure_ytd,CHN,2023-12,274574.0,亿元,M,,https://data.stats.gov.cn/dg/website/publicrelease/web/external/stream/esData,来源指标：国家财政支出(不含债务还本)累计值(亿元)；年内累计；早年真实1月值保留；不是单月
fiscal_expenditure_ytd,CHN,2024-02,43624.0,亿元,M,,https://data.stats.gov.cn/dg/website/publicrelease/web/external/stream/esData,来源指标：国家财政支出(不含债务还本)累计值(亿元)；年内累计；早年真实1月值保留；不是单月
fiscal_expenditure_ytd,CHN,2024-03,69856.0,亿元,M,,https://data.stats.gov.cn/dg/website/publicrelease/web/external/stream/esData,来源指标：国家财政支出(不含债务还本)累计值(亿元)；年内累计；早年真实1月值保留；不是单月
fiscal_expenditure_ytd,CHN,2024-04,89483.0,亿元,M,,https://data.stats.gov.cn/dg/website/publicrelease/web/external/stream/esData,来源指标：国家财政支出(不含债务还本)累计值(亿元)；年内累计；早年真实1月值保留；不是单月
fiscal_expenditure_ytd,CHN,2024-05,108359.0,亿元,M,,https://data.stats.gov.cn/dg/website/publicrelease/web/external/stream/esData,来源指标：国家财政支出(不含债务还本)累计值(亿元)；年内累计；早年真实1月值保留；不是单月
fiscal_expenditure_ytd,CHN,2024-06,136571.0,亿元,M,,https://data.stats.gov.cn/dg/website/publicrelease/web/external/stream/esData,来源指标：国家财政支出(不含债务还本)累计值(亿元)；年内累计；早年真实1月值保留；不是单月
fiscal_expenditure_ytd,CHN,2024-07,155463.0,亿元,M,,https://data.stats.gov.cn/dg/website/publicrelease/web/external/stream/esData,来源指标：国家财政支出(不含债务还本)累计值(亿元)；年内累计；早年真实1月值保留；不是单月
fiscal_expenditure_ytd,CHN,2024-08,173898.0,亿元,M,,https://data.stats.gov.cn/dg/website/publicrelease/web/external/stream/esData,来源指标：国家财政支出(不含债务还本)累计值(亿元)；年内累计；早年真实1月值保留；不是单月
fiscal_expenditure_ytd,CHN,2024-09,201779.0,亿元,M,,https://data.stats.gov.cn/dg/website/publicrelease/web/external/stream/esData,来源指标：国家财政支出(不含债务还本)累计值(亿元)；年内累计；早年真实1月值保留；不是单月
fiscal_expenditure_ytd,CHN,2024-10,221465.0,亿元,M,,https://data.stats.gov.cn/dg/website/publicrelease/web/external/stream/esData,来源指标：国家财政支出(不含债务还本)累计值(亿元)；年内累计；早年真实1月值保留；不是单月
fiscal_expenditure_ytd,CHN,2024-11,245053.0,亿元,M,,https://data.stats.gov.cn/dg/website/publicrelease/web/external/stream/esData,来源指标：国家财政支出(不含债务还本)累计值(亿元)；年内累计；早年真实1月值保留；不是单月
fiscal_expenditure_ytd,CHN,2024-12,284612.0,亿元,M,,https://data.stats.gov.cn/dg/website/publicrelease/web/external/stream/esData,来源指标：国家财政支出(不含债务还本)累计值(亿元)；年内累计；早年真实1月值保留；不是单月
fiscal_expenditure_ytd,CHN,2025-02,45096.0,亿元,M,,https://data.stats.gov.cn/dg/website/publicrelease/web/external/stream/esData,来源指标：国家财政支出(不含债务还本)累计值(亿元)；年内累计；早年真实1月值保留；不是单月
fiscal_expenditure_ytd,CHN,2025-03,72815.0,亿元,M,,https://data.stats.gov.cn/dg/website/publicrelease/web/external/stream/esData,来源指标：国家财政支出(不含债务还本)累计值(亿元)；年内累计；早年真实1月值保留；不是单月
fiscal_expenditure_ytd,CHN,2025-04,93581.0,亿元,M,,https://data.stats.gov.cn/dg/website/publicrelease/web/external/stream/esData,来源指标：国家财政支出(不含债务还本)累计值(亿元)；年内累计；早年真实1月值保留；不是单月
fiscal_expenditure_ytd,CHN,2025-05,112953.0,亿元,M,,https://data.stats.gov.cn/dg/website/publicrelease/web/external/stream/esData,来源指标：国家财政支出(不含债务还本)累计值(亿元)；年内累计；早年真实1月值保留；不是单月
fiscal_expenditure_ytd,CHN,2025-06,141271.0,亿元,M,,https://data.stats.gov.cn/dg/website/publicrelease/web/external/stream/esData,来源指标：国家财政支出(不含债务还本)累计值(亿元)；年内累计；早年真实1月值保留；不是单月
fiscal_expenditure_ytd,CHN,2025-07,160737.0,亿元,M,,https://data.stats.gov.cn/dg/website/publicrelease/web/external/stream/esData,来源指标：国家财政支出(不含债务还本)累计值(亿元)；年内累计；早年真实1月值保留；不是单月
fiscal_expenditure_ytd,CHN,2025-08,179324.0,亿元,M,,https://data.stats.gov.cn/dg/website/publicrelease/web/external/stream/esData,来源指标：国家财政支出(不含债务还本)累计值(亿元)；年内累计；早年真实1月值保留；不是单月
fiscal_expenditure_ytd,CHN,2025-09,208064.0,亿元,M,,https://data.stats.gov.cn/dg/website/publicrelease/web/external/stream/esData,来源指标：国家财政支出(不含债务还本)累计值(亿元)；年内累计；早年真实1月值保留；不是单月
fiscal_expenditure_ytd,CHN,2025-10,225825.0,亿元,M,,https://data.stats.gov.cn/dg/website/publicrelease/web/external/stream/esData,来源指标：国家财政支出(不含债务还本)累计值(亿元)；年内累计；早年真实1月值保留；不是单月
fiscal_expenditure_ytd,CHN,2025-11,248538.0,亿元,M,,https://data.stats.gov.cn/dg/website/publicrelease/web/external/stream/esData,来源指标：国家财政支出(不含债务还本)累计值(亿元)；年内累计；早年真实1月值保留；不是单月
fiscal_expenditure_ytd,CHN,2025-12,287395.0,亿元,M,,https://data.stats.gov.cn/dg/website/publicrelease/web/external/stream/esData,来源指标：国家财政支出(不含债务还本)累计值(亿元)；年内累计；早年真实1月值保留；不是单月
fiscal_expenditure_ytd,CHN,2026-02,46706.0,亿元,M,,https://data.stats.gov.cn/dg/website/publicrelease/web/external/stream/esData,来源指标：国家财政支出(不含债务还本)累计值(亿元)；年内累计；早年真实1月值保留；不是单月
fiscal_expenditure_ytd,CHN,2026-03,74706.0,亿元,M,,https://data.stats.gov.cn/dg/website/publicrelease/web/external/stream/esData,来源指标：国家财政支出(不含债务还本)累计值(亿元)；年内累计；早年真实1月值保留；不是单月
fiscal_expenditure_ytd,CHN,2026-04,94809.0,亿元,M,,https://data.stats.gov.cn/dg/website/publicrelease/web/external/stream/esData,来源指标：国家财政支出(不含债务还本)累计值(亿元)；年内累计；早年真实1月值保留；不是单月
fiscal_expenditure_ytd,CHN,2026-05,113877.0,亿元,M,,https://data.stats.gov.cn/dg/website/publicrelease/web/external/stream/esData,来源指标：国家财政支出(不含债务还本)累计值(亿元)；年内累计；早年真实1月值保留；不是单月
fiscal_expenditure_ytd,CHN,2026-06,143329.0,亿元,M,,https://data.stats.gov.cn/dg/website/publicrelease/web/external/stream/esData,来源指标：国家财政支出(不含债务还本)累计值(亿元)；年内累计；早年真实1月值保留；不是单月
fiscal_expenditure_ytd,CHN,2026-07,162889.0,亿元,M,,https://data.stats.gov.cn/dg/website/publicrelease/web/external/stream/esData,来源指标：国家财政支出(不含债务还本)累计值(亿元)；年内累计；早年真实1月值保留；不是单月
fiscal_expenditure_ytd,CHN,2026-08,181451,亿元,M,2026-09-18,https://gks.mof.gov.cn/tongjishuju/202609/t20260918_3997709.htm,"年内累计执行数，不是单月；原文：1-8月,全国一般公共预算支出181451亿元,同比增长1.2%。"
fiscal_expenditure_ytd_yoy,CHN,1998-01,3.1,%,M,,https://data.stats.gov.cn/dg/website/publicrelease/web/external/stream/esData,来源指标：国家财政支出(不含债务还本)累计增长(%)；年内累计；早年真实1月值保留；不是单月；官方增速，不从金额重算
fiscal_expenditure_ytd_yoy,CHN,1998-02,25.8,%,M,,https://data.stats.gov.cn/dg/website/publicrelease/web/external/stream/esData,来源指标：国家财政支出(不含债务还本)累计增长(%)；年内累计；早年真实1月值保留；不是单月；官方增速，不从金额重算
fiscal_expenditure_ytd_yoy,CHN,1998-03,11.6,%,M,,https://data.stats.gov.cn/dg/website/publicrelease/web/external/stream/esData,来源指标：国家财政支出(不含债务还本)累计增长(%)；年内累计；早年真实1月值保留；不是单月；官方增速，不从金额重算
fiscal_expenditure_ytd_yoy,CHN,1998-04,6.7,%,M,,https://data.stats.gov.cn/dg/website/publicrelease/web/external/stream/esData,来源指标：国家财政支出(不含债务还本)累计增长(%)；年内累计；早年真实1月值保留；不是单月；官方增速，不从金额重算
fiscal_expenditure_ytd_yoy,CHN,1998-05,19.8,%,M,,https://data.stats.gov.cn/dg/website/publicrelease/web/external/stream/esData,来源指标：国家财政支出(不含债务还本)累计增长(%)；年内累计；早年真实1月值保留；不是单月；官方增速，不从金额重算
fiscal_expenditure_ytd_yoy,CHN,1998-06,18.4,%,M,,https://data.stats.gov.cn/dg/website/publicrelease/web/external/stream/esData,来源指标：国家财政支出(不含债务还本)累计增长(%)；年内累计；早年真实1月值保留；不是单月；官方增速，不从金额重算
fiscal_expenditure_ytd_yoy,CHN,1998-07,8.3,%,M,,https://data.stats.gov.cn/dg/website/publicrelease/web/external/stream/esData,来源指标：国家财政支出(不含债务还本)累计增长(%)；年内累计；早年真实1月值保留；不是单月；官方增速，不从金额重算
fiscal_expenditure_ytd_yoy,CHN,1998-08,23.8,%,M,,https://data.stats.gov.cn/dg/website/publicrelease/web/external/stream/esData,来源指标：国家财政支出(不含债务还本)累计增长(%)；年内累计；早年真实1月值保留；不是单月；官方增速，不从金额重算
fiscal_expenditure_ytd_yoy,CHN,1998-09,37.9,%,M,,https://data.stats.gov.cn/dg/website/publicrelease/web/external/stream/esData,来源指标：国家财政支出(不含债务还本)累计增长(%)；年内累计；早年真实1月值保留；不是单月；官方增速，不从金额重算
fiscal_expenditure_ytd_yoy,CHN,1998-10,17.1,%,M,,https://data.stats.gov.cn/dg/website/publicrelease/web/external/stream/esData,来源指标：国家财政支出(不含债务还本)累计增长(%)；年内累计；早年真实1月值保留；不是单月；官方增速，不从金额重算
fiscal_expenditure_ytd_yoy,CHN,1998-11,20.4,%,M,,https://data.stats.gov.cn/dg/website/publicrelease/web/external/stream/esData,来源指标：国家财政支出(不含债务还本)累计增长(%)；年内累计；早年真实1月值保留；不是单月；官方增速，不从金额重算
fiscal_expenditure_ytd_yoy,CHN,1999-01,9.1,%,M,,https://data.stats.gov.cn/dg/website/publicrelease/web/external/stream/esData,来源指标：国家财政支出(不含债务还本)累计增长(%)；年内累计；早年真实1月值保留；不是单月；官方增速，不从金额重算
fiscal_expenditure_ytd_yoy,CHN,1999-02,15.9,%,M,,https://data.stats.gov.cn/dg/website/publicrelease/web/external/stream/esData,来源指标：国家财政支出(不含债务还本)累计增长(%)；年内累计；早年真实1月值保留；不是单月；官方增速，不从金额重算
fiscal_expenditure_ytd_yoy,CHN,1999-03,25.7,%,M,,https://data.stats.gov.cn/dg/website/publicrelease/web/external/stream/esData,来源指标：国家财政支出(不含债务还本)累计增长(%)；年内累计；早年真实1月值保留；不是单月；官方增速，不从金额重算
fiscal_expenditure_ytd_yoy,CHN,1999-04,17.0,%,M,,https://data.stats.gov.cn/dg/website/publicrelease/web/external/stream/esData,来源指标：国家财政支出(不含债务还本)累计增长(%)；年内累计；早年真实1月值保留；不是单月；官方增速，不从金额重算
fiscal_expenditure_ytd_yoy,CHN,1999-05,15.3,%,M,,https://data.stats.gov.cn/dg/website/publicrelease/web/external/stream/esData,来源指标：国家财政支出(不含债务还本)累计增长(%)；年内累计；早年真实1月值保留；不是单月；官方增速，不从金额重算
fiscal_expenditure_ytd_yoy,CHN,1999-06,12.9,%,M,,https://data.stats.gov.cn/dg/website/publicrelease/web/external/stream/esData,来源指标：国家财政支出(不含债务还本)累计增长(%)；年内累计；早年真实1月值保留；不是单月；官方增速，不从金额重算
fiscal_expenditure_ytd_yoy,CHN,1999-07,19.1,%,M,,https://data.stats.gov.cn/dg/website/publicrelease/web/external/stream/esData,来源指标：国家财政支出(不含债务还本)累计增长(%)；年内累计；早年真实1月值保留；不是单月；官方增速，不从金额重算
fiscal_expenditure_ytd_yoy,CHN,1999-08,4.5,%,M,,https://data.stats.gov.cn/dg/website/publicrelease/web/external/stream/esData,来源指标：国家财政支出(不含债务还本)累计增长(%)；年内累计；早年真实1月值保留；不是单月；官方增速，不从金额重算
fiscal_expenditure_ytd_yoy,CHN,1999-09,30.6,%,M,,https://data.stats.gov.cn/dg/website/publicrelease/web/external/stream/esData,来源指标：国家财政支出(不含债务还本)累计增长(%)；年内累计；早年真实1月值保留；不是单月；官方增速，不从金额重算
fiscal_expenditure_ytd_yoy,CHN,1999-10,19.0,%,M,,https://data.stats.gov.cn/dg/website/publicrelease/web/external/stream/esData,来源指标：国家财政支出(不含债务还本)累计增长(%)；年内累计；早年真实1月值保留；不是单月；官方增速，不从金额重算
fiscal_expenditure_ytd_yoy,CHN,1999-11,7.0,%,M,,https://data.stats.gov.cn/dg/website/publicrelease/web/external/stream/esData,来源指标：国家财政支出(不含债务还本)累计增长(%)；年内累计；早年真实1月值保留；不是单月；官方增速，不从金额重算
fiscal_expenditure_ytd_yoy,CHN,2000-01,40.3,%,M,,https://data.stats.gov.cn/dg/website/publicrelease/web/external/stream/esData,来源指标：国家财政支出(不含债务还本)累计增长(%)；年内累计；早年真实1月值保留；不是单月；官方增速，不从金额重算
fiscal_expenditure_ytd_yoy,CHN,2000-02,35.6,%,M,,https://data.stats.gov.cn/dg/website/publicrelease/web/external/stream/esData,来源指标：国家财政支出(不含债务还本)累计增长(%)；年内累计；早年真实1月值保留；不是单月；官方增速，不从金额重算
fiscal_expenditure_ytd_yoy,CHN,2000-03,16.1,%,M,,https://data.stats.gov.cn/dg/website/publicrelease/web/external/stream/esData,来源指标：国家财政支出(不含债务还本)累计增长(%)；年内累计；早年真实1月值保留；不是单月；官方增速，不从金额重算
fiscal_expenditure_ytd_yoy,CHN,2000-04,36.1,%,M,,https://data.stats.gov.cn/dg/website/publicrelease/web/external/stream/esData,来源指标：国家财政支出(不含债务还本)累计增长(%)；年内累计；早年真实1月值保留；不是单月；官方增速，不从金额重算
fiscal_expenditure_ytd_yoy,CHN,2000-05,14.8,%,M,,https://data.stats.gov.cn/dg/website/publicrelease/web/external/stream/esData,来源指标：国家财政支出(不含债务还本)累计增长(%)；年内累计；早年真实1月值保留；不是单月；官方增速，不从金额重算
fiscal_expenditure_ytd_yoy,CHN,2000-06,20.9,%,M,,https://data.stats.gov.cn/dg/website/publicrelease/web/external/stream/esData,来源指标：国家财政支出(不含债务还本)累计增长(%)；年内累计；早年真实1月值保留；不是单月；官方增速，不从金额重算
fiscal_expenditure_ytd_yoy,CHN,2000-07,9.5,%,M,,https://data.stats.gov.cn/dg/website/publicrelease/web/external/stream/esData,来源指标：国家财政支出(不含债务还本)累计增长(%)；年内累计；早年真实1月值保留；不是单月；官方增速，不从金额重算
fiscal_expenditure_ytd_yoy,CHN,2000-08,53.3,%,M,,https://data.stats.gov.cn/dg/website/publicrelease/web/external/stream/esData,来源指标：国家财政支出(不含债务还本)累计增长(%)；年内累计；早年真实1月值保留；不是单月；官方增速，不从金额重算
fiscal_expenditure_ytd_yoy,CHN,2000-09,0.2,%,M,,https://data.stats.gov.cn/dg/website/publicrelease/web/external/stream/esData,来源指标：国家财政支出(不含债务还本)累计增长(%)；年内累计；早年真实1月值保留；不是单月；官方增速，不从金额重算
fiscal_expenditure_ytd_yoy,CHN,2000-10,4.4,%,M,,https://data.stats.gov.cn/dg/website/publicrelease/web/external/stream/esData,来源指标：国家财政支出(不含债务还本)累计增长(%)；年内累计；早年真实1月值保留；不是单月；官方增速，不从金额重算
fiscal_expenditure_ytd_yoy,CHN,2000-11,23.0,%,M,,https://data.stats.gov.cn/dg/website/publicrelease/web/external/stream/esData,来源指标：国家财政支出(不含债务还本)累计增长(%)；年内累计；早年真实1月值保留；不是单月；官方增速，不从金额重算
fiscal_expenditure_ytd_yoy,CHN,2001-01,6.1,%,M,,https://data.stats.gov.cn/dg/website/publicrelease/web/external/stream/esData,来源指标：国家财政支出(不含债务还本)累计增长(%)；年内累计；早年真实1月值保留；不是单月；官方增速，不从金额重算
fiscal_expenditure_ytd_yoy,CHN,2001-02,32.4,%,M,,https://data.stats.gov.cn/dg/website/publicrelease/web/external/stream/esData,来源指标：国家财政支出(不含债务还本)累计增长(%)；年内累计；早年真实1月值保留；不是单月；官方增速，不从金额重算
fiscal_expenditure_ytd_yoy,CHN,2001-03,20.1,%,M,,https://data.stats.gov.cn/dg/website/publicrelease/web/external/stream/esData,来源指标：国家财政支出(不含债务还本)累计增长(%)；年内累计；早年真实1月值保留；不是单月；官方增速，不从金额重算
fiscal_expenditure_ytd_yoy,CHN,2001-04,8.6,%,M,,https://data.stats.gov.cn/dg/website/publicrelease/web/external/stream/esData,来源指标：国家财政支出(不含债务还本)累计增长(%)；年内累计；早年真实1月值保留；不是单月；官方增速，不从金额重算
fiscal_expenditure_ytd_yoy,CHN,2001-05,28.2,%,M,,https://data.stats.gov.cn/dg/website/publicrelease/web/external/stream/esData,来源指标：国家财政支出(不含债务还本)累计增长(%)；年内累计；早年真实1月值保留；不是单月；官方增速，不从金额重算
fiscal_expenditure_ytd_yoy,CHN,2001-06,27.2,%,M,,https://data.stats.gov.cn/dg/website/publicrelease/web/external/stream/esData,来源指标：国家财政支出(不含债务还本)累计增长(%)；年内累计；早年真实1月值保留；不是单月；官方增速，不从金额重算
fiscal_expenditure_ytd_yoy,CHN,2001-07,30.1,%,M,,https://data.stats.gov.cn/dg/website/publicrelease/web/external/stream/esData,来源指标：国家财政支出(不含债务还本)累计增长(%)；年内累计；早年真实1月值保留；不是单月；官方增速，不从金额重算
fiscal_expenditure_ytd_yoy,CHN,2001-08,13.9,%,M,,https://data.stats.gov.cn/dg/website/publicrelease/web/external/stream/esData,来源指标：国家财政支出(不含债务还本)累计增长(%)；年内累计；早年真实1月值保留；不是单月；官方增速，不从金额重算
fiscal_expenditure_ytd_yoy,CHN,2001-09,25.5,%,M,,https://data.stats.gov.cn/dg/website/publicrelease/web/external/stream/esData,来源指标：国家财政支出(不含债务还本)累计增长(%)；年内累计；早年真实1月值保留；不是单月；官方增速，不从金额重算
fiscal_expenditure_ytd_yoy,CHN,2001-10,13.2,%,M,,https://data.stats.gov.cn/dg/website/publicrelease/web/external/stream/esData,来源指标：国家财政支出(不含债务还本)累计增长(%)；年内累计；早年真实1月值保留；不是单月；官方增速，不从金额重算
fiscal_expenditure_ytd_yoy,CHN,2001-11,31.0,%,M,,https://data.stats.gov.cn/dg/website/publicrelease/web/external/stream/esData,来源指标：国家财政支出(不含债务还本)累计增长(%)；年内累计；早年真实1月值保留；不是单月；官方增速，不从金额重算
fiscal_expenditure_ytd_yoy,CHN,2002-01,25.8,%,M,,https://data.stats.gov.cn/dg/website/publicrelease/web/external/stream/esData,来源指标：国家财政支出(不含债务还本)累计增长(%)；年内累计；早年真实1月值保留；不是单月；官方增速，不从金额重算
fiscal_expenditure_ytd_yoy,CHN,2002-02,18.2,%,M,,https://data.stats.gov.cn/dg/website/publicrelease/web/external/stream/esData,来源指标：国家财政支出(不含债务还本)累计增长(%)；年内累计；早年真实1月值保留；不是单月；官方增速，不从金额重算
fiscal_expenditure_ytd_yoy,CHN,2002-03,27.7,%,M,,https://data.stats.gov.cn/dg/website/publicrelease/web/external/stream/esData,来源指标：国家财政支出(不含债务还本)累计增长(%)；年内累计；早年真实1月值保留；不是单月；官方增速，不从金额重算
fiscal_expenditure_ytd_yoy,CHN,2002-04,26.0,%,M,,https://data.stats.gov.cn/dg/website/publicrelease/web/external/stream/esData,来源指标：国家财政支出(不含债务还本)累计增长(%)；年内累计；早年真实1月值保留；不是单月；官方增速，不从金额重算
fiscal_expenditure_ytd_yoy,CHN,2002-05,1.9,%,M,,https://data.stats.gov.cn/dg/website/publicrelease/web/external/stream/esData,来源指标：国家财政支出(不含债务还本)累计增长(%)；年内累计；早年真实1月值保留；不是单月；官方增速，不从金额重算
fiscal_expenditure_ytd_yoy,CHN,2002-06,14.1,%,M,,https://data.stats.gov.cn/dg/website/publicrelease/web/external/stream/esData,来源指标：国家财政支出(不含债务还本)累计增长(%)；年内累计；早年真实1月值保留；不是单月；官方增速，不从金额重算
fiscal_expenditure_ytd_yoy,CHN,2002-07,23.3,%,M,,https://data.stats.gov.cn/dg/website/publicrelease/web/external/stream/esData,来源指标：国家财政支出(不含债务还本)累计增长(%)；年内累计；早年真实1月值保留；不是单月；官方增速，不从金额重算
fiscal_expenditure_ytd_yoy,CHN,2002-08,9.6,%,M,,https://data.stats.gov.cn/dg/website/publicrelease/web/external/stream/esData,来源指标：国家财政支出(不含债务还本)累计增长(%)；年内累计；早年真实1月值保留；不是单月；官方增速，不从金额重算
fiscal_expenditure_ytd_yoy,CHN,2002-09,19.1,%,M,,https://data.stats.gov.cn/dg/website/publicrelease/web/external/stream/esData,来源指标：国家财政支出(不含债务还本)累计增长(%)；年内累计；早年真实1月值保留；不是单月；官方增速，不从金额重算
fiscal_expenditure_ytd_yoy,CHN,2002-10,23.7,%,M,,https://data.stats.gov.cn/dg/website/publicrelease/web/external/stream/esData,来源指标：国家财政支出(不含债务还本)累计增长(%)；年内累计；早年真实1月值保留；不是单月；官方增速，不从金额重算
fiscal_expenditure_ytd_yoy,CHN,2002-11,5.5,%,M,,https://data.stats.gov.cn/dg/website/publicrelease/web/external/stream/esData,来源指标：国家财政支出(不含债务还本)累计增长(%)；年内累计；早年真实1月值保留；不是单月；官方增速，不从金额重算
fiscal_expenditure_ytd_yoy,CHN,2003-01,24.5,%,M,,https://data.stats.gov.cn/dg/website/publicrelease/web/external/stream/esData,来源指标：国家财政支出(不含债务还本)累计增长(%)；年内累计；早年真实1月值保留；不是单月；官方增速，不从金额重算
fiscal_expenditure_ytd_yoy,CHN,2003-02,-2.4,%,M,,https://data.stats.gov.cn/dg/website/publicrelease/web/external/stream/esData,来源指标：国家财政支出(不含债务还本)累计增长(%)；年内累计；早年真实1月值保留；不是单月；官方增速，不从金额重算
fiscal_expenditure_ytd_yoy,CHN,2003-03,11.4,%,M,,https://data.stats.gov.cn/dg/website/publicrelease/web/external/stream/esData,来源指标：国家财政支出(不含债务还本)累计增长(%)；年内累计；早年真实1月值保留；不是单月；官方增速，不从金额重算
fiscal_expenditure_ytd_yoy,CHN,2003-04,16.6,%,M,,https://data.stats.gov.cn/dg/website/publicrelease/web/external/stream/esData,来源指标：国家财政支出(不含债务还本)累计增长(%)；年内累计；早年真实1月值保留；不是单月；官方增速，不从金额重算
fiscal_expenditure_ytd_yoy,CHN,2003-05,26.5,%,M,,https://data.stats.gov.cn/dg/website/publicrelease/web/external/stream/esData,来源指标：国家财政支出(不含债务还本)累计增长(%)；年内累计；早年真实1月值保留；不是单月；官方增速，不从金额重算
fiscal_expenditure_ytd_yoy,CHN,2003-06,19.7,%,M,,https://data.stats.gov.cn/dg/website/publicrelease/web/external/stream/esData,来源指标：国家财政支出(不含债务还本)累计增长(%)；年内累计；早年真实1月值保留；不是单月；官方增速，不从金额重算
fiscal_expenditure_ytd_yoy,CHN,2003-07,7.9,%,M,,https://data.stats.gov.cn/dg/website/publicrelease/web/external/stream/esData,来源指标：国家财政支出(不含债务还本)累计增长(%)；年内累计；早年真实1月值保留；不是单月；官方增速，不从金额重算
fiscal_expenditure_ytd_yoy,CHN,2003-08,6.6,%,M,,https://data.stats.gov.cn/dg/website/publicrelease/web/external/stream/esData,来源指标：国家财政支出(不含债务还本)累计增长(%)；年内累计；早年真实1月值保留；不是单月；官方增速，不从金额重算
fiscal_expenditure_ytd_yoy,CHN,2003-09,8.9,%,M,,https://data.stats.gov.cn/dg/website/publicrelease/web/external/stream/esData,来源指标：国家财政支出(不含债务还本)累计增长(%)；年内累计；早年真实1月值保留；不是单月；官方增速，不从金额重算
fiscal_expenditure_ytd_yoy,CHN,2003-10,11.2,%,M,,https://data.stats.gov.cn/dg/website/publicrelease/web/external/stream/esData,来源指标：国家财政支出(不含债务还本)累计增长(%)；年内累计；早年真实1月值保留；不是单月；官方增速，不从金额重算
fiscal_expenditure_ytd_yoy,CHN,2003-11,4.4,%,M,,https://data.stats.gov.cn/dg/website/publicrelease/web/external/stream/esData,来源指标：国家财政支出(不含债务还本)累计增长(%)；年内累计；早年真实1月值保留；不是单月；官方增速，不从金额重算
fiscal_expenditure_ytd_yoy,CHN,2004-01,5.7,%,M,,https://data.stats.gov.cn/dg/website/publicrelease/web/external/stream/esData,来源指标：国家财政支出(不含债务还本)累计增长(%)；年内累计；早年真实1月值保留；不是单月；官方增速，不从金额重算
fiscal_expenditure_ytd_yoy,CHN,2004-02,24.1,%,M,,https://data.stats.gov.cn/dg/website/publicrelease/web/external/stream/esData,来源指标：国家财政支出(不含债务还本)累计增长(%)；年内累计；早年真实1月值保留；不是单月；官方增速，不从金额重算
fiscal_expenditure_ytd_yoy,CHN,2004-03,18.1,%,M,,https://data.stats.gov.cn/dg/website/publicrelease/web/external/stream/esData,来源指标：国家财政支出(不含债务还本)累计增长(%)；年内累计；早年真实1月值保留；不是单月；官方增速，不从金额重算
fiscal_expenditure_ytd_yoy,CHN,2004-04,21.1,%,M,,https://data.stats.gov.cn/dg/website/publicrelease/web/external/stream/esData,来源指标：国家财政支出(不含债务还本)累计增长(%)；年内累计；早年真实1月值保留；不是单月；官方增速，不从金额重算
fiscal_expenditure_ytd_yoy,CHN,2004-05,1.9,%,M,,https://data.stats.gov.cn/dg/website/publicrelease/web/external/stream/esData,来源指标：国家财政支出(不含债务还本)累计增长(%)；年内累计；早年真实1月值保留；不是单月；官方增速，不从金额重算
fiscal_expenditure_ytd_yoy,CHN,2004-06,5.5,%,M,,https://data.stats.gov.cn/dg/website/publicrelease/web/external/stream/esData,来源指标：国家财政支出(不含债务还本)累计增长(%)；年内累计；早年真实1月值保留；不是单月；官方增速，不从金额重算
fiscal_expenditure_ytd_yoy,CHN,2004-07,6.6,%,M,,https://data.stats.gov.cn/dg/website/publicrelease/web/external/stream/esData,来源指标：国家财政支出(不含债务还本)累计增长(%)；年内累计；早年真实1月值保留；不是单月；官方增速，不从金额重算
fiscal_expenditure_ytd_yoy,CHN,2004-08,16.0,%,M,,https://data.stats.gov.cn/dg/website/publicrelease/web/external/stream/esData,来源指标：国家财政支出(不含债务还本)累计增长(%)；年内累计；早年真实1月值保留；不是单月；官方增速，不从金额重算
fiscal_expenditure_ytd_yoy,CHN,2004-09,16.8,%,M,,https://data.stats.gov.cn/dg/website/publicrelease/web/external/stream/esData,来源指标：国家财政支出(不含债务还本)累计增长(%)；年内累计；早年真实1月值保留；不是单月；官方增速，不从金额重算
fiscal_expenditure_ytd_yoy,CHN,2004-10,13.9,%,M,,https://data.stats.gov.cn/dg/website/publicrelease/web/external/stream/esData,来源指标：国家财政支出(不含债务还本)累计增长(%)；年内累计；早年真实1月值保留；不是单月；官方增速，不从金额重算
fiscal_expenditure_ytd_yoy,CHN,2004-11,27.6,%,M,,https://data.stats.gov.cn/dg/website/publicrelease/web/external/stream/esData,来源指标：国家财政支出(不含债务还本)累计增长(%)；年内累计；早年真实1月值保留；不是单月；官方增速，不从金额重算
fiscal_expenditure_ytd_yoy,CHN,2005-01,13.7,%,M,,https://data.stats.gov.cn/dg/website/publicrelease/web/external/stream/esData,来源指标：国家财政支出(不含债务还本)累计增长(%)；年内累计；早年真实1月值保留；不是单月；官方增速，不从金额重算
fiscal_expenditure_ytd_yoy,CHN,2005-02,8.1,%,M,,https://data.stats.gov.cn/dg/website/publicrelease/web/external/stream/esData,来源指标：国家财政支出(不含债务还本)累计增长(%)；年内累计；早年真实1月值保留；不是单月；官方增速，不从金额重算
fiscal_expenditure_ytd_yoy,CHN,2005-03,23.1,%,M,,https://data.stats.gov.cn/dg/website/publicrelease/web/external/stream/esData,来源指标：国家财政支出(不含债务还本)累计增长(%)；年内累计；早年真实1月值保留；不是单月；官方增速，不从金额重算
fiscal_expenditure_ytd_yoy,CHN,2005-04,13.4,%,M,,https://data.stats.gov.cn/dg/website/publicrelease/web/external/stream/esData,来源指标：国家财政支出(不含债务还本)累计增长(%)；年内累计；早年真实1月值保留；不是单月；官方增速，不从金额重算
fiscal_expenditure_ytd_yoy,CHN,2005-05,15.9,%,M,,https://data.stats.gov.cn/dg/website/publicrelease/web/external/stream/esData,来源指标：国家财政支出(不含债务还本)累计增长(%)；年内累计；早年真实1月值保留；不是单月；官方增速，不从金额重算
fiscal_expenditure_ytd_yoy,CHN,2005-06,14.3,%,M,,https://data.stats.gov.cn/dg/website/publicrelease/web/external/stream/esData,来源指标：国家财政支出(不含债务还本)累计增长(%)；年内累计；早年真实1月值保留；不是单月；官方增速，不从金额重算
fiscal_expenditure_ytd_yoy,CHN,2005-07,15.7,%,M,,https://data.stats.gov.cn/dg/website/publicrelease/web/external/stream/esData,来源指标：国家财政支出(不含债务还本)累计增长(%)；年内累计；早年真实1月值保留；不是单月；官方增速，不从金额重算
fiscal_expenditure_ytd_yoy,CHN,2005-08,22.1,%,M,,https://data.stats.gov.cn/dg/website/publicrelease/web/external/stream/esData,来源指标：国家财政支出(不含债务还本)累计增长(%)；年内累计；早年真实1月值保留；不是单月；官方增速，不从金额重算
fiscal_expenditure_ytd_yoy,CHN,2005-09,18.4,%,M,,https://data.stats.gov.cn/dg/website/publicrelease/web/external/stream/esData,来源指标：国家财政支出(不含债务还本)累计增长(%)；年内累计；早年真实1月值保留；不是单月；官方增速，不从金额重算
fiscal_expenditure_ytd_yoy,CHN,2005-10,14.1,%,M,,https://data.stats.gov.cn/dg/website/publicrelease/web/external/stream/esData,来源指标：国家财政支出(不含债务还本)累计增长(%)；年内累计；早年真实1月值保留；不是单月；官方增速，不从金额重算
fiscal_expenditure_ytd_yoy,CHN,2005-11,25.9,%,M,,https://data.stats.gov.cn/dg/website/publicrelease/web/external/stream/esData,来源指标：国家财政支出(不含债务还本)累计增长(%)；年内累计；早年真实1月值保留；不是单月；官方增速，不从金额重算
fiscal_expenditure_ytd_yoy,CHN,2006-01,43.2,%,M,,https://data.stats.gov.cn/dg/website/publicrelease/web/external/stream/esData,来源指标：国家财政支出(不含债务还本)累计增长(%)；年内累计；早年真实1月值保留；不是单月；官方增速，不从金额重算
fiscal_expenditure_ytd_yoy,CHN,2006-02,5.9,%,M,,https://data.stats.gov.cn/dg/website/publicrelease/web/external/stream/esData,来源指标：国家财政支出(不含债务还本)累计增长(%)；年内累计；早年真实1月值保留；不是单月；官方增速，不从金额重算
fiscal_expenditure_ytd_yoy,CHN,2006-03,14.8,%,M,,https://data.stats.gov.cn/dg/website/publicrelease/web/external/stream/esData,来源指标：国家财政支出(不含债务还本)累计增长(%)；年内累计；早年真实1月值保留；不是单月；官方增速，不从金额重算
fiscal_expenditure_ytd_yoy,CHN,2006-04,14.6,%,M,,https://data.stats.gov.cn/dg/website/publicrelease/web/external/stream/esData,来源指标：国家财政支出(不含债务还本)累计增长(%)；年内累计；早年真实1月值保留；不是单月；官方增速，不从金额重算
fiscal_expenditure_ytd_yoy,CHN,2006-05,8.6,%,M,,https://data.stats.gov.cn/dg/website/publicrelease/web/external/stream/esData,来源指标：国家财政支出(不含债务还本)累计增长(%)；年内累计；早年真实1月值保留；不是单月；官方增速，不从金额重算
fiscal_expenditure_ytd_yoy,CHN,2006-06,20.4,%,M,,https://data.stats.gov.cn/dg/website/publicrelease/web/external/stream/esData,来源指标：国家财政支出(不含债务还本)累计增长(%)；年内累计；早年真实1月值保留；不是单月；官方增速，不从金额重算
fiscal_expenditure_ytd_yoy,CHN,2006-07,12.8,%,M,,https://data.stats.gov.cn/dg/website/publicrelease/web/external/stream/esData,来源指标：国家财政支出(不含债务还本)累计增长(%)；年内累计；早年真实1月值保留；不是单月；官方增速，不从金额重算
fiscal_expenditure_ytd_yoy,CHN,2006-08,7.9,%,M,,https://data.stats.gov.cn/dg/website/publicrelease/web/external/stream/esData,来源指标：国家财政支出(不含债务还本)累计增长(%)；年内累计；早年真实1月值保留；不是单月；官方增速，不从金额重算
fiscal_expenditure_ytd_yoy,CHN,2006-09,19.1,%,M,,https://data.stats.gov.cn/dg/website/publicrelease/web/external/stream/esData,来源指标：国家财政支出(不含债务还本)累计增长(%)；年内累计；早年真实1月值保留；不是单月；官方增速，不从金额重算
fiscal_expenditure_ytd_yoy,CHN,2006-10,22.1,%,M,,https://data.stats.gov.cn/dg/website/publicrelease/web/external/stream/esData,来源指标：国家财政支出(不含债务还本)累计增长(%)；年内累计；早年真实1月值保留；不是单月；官方增速，不从金额重算
fiscal_expenditure_ytd_yoy,CHN,2006-11,18.7,%,M,,https://data.stats.gov.cn/dg/website/publicrelease/web/external/stream/esData,来源指标：国家财政支出(不含债务还本)累计增长(%)；年内累计；早年真实1月值保留；不是单月；官方增速，不从金额重算
fiscal_expenditure_ytd_yoy,CHN,2007-01,-16.0,%,M,,https://data.stats.gov.cn/dg/website/publicrelease/web/external/stream/esData,来源指标：国家财政支出(不含债务还本)累计增长(%)；年内累计；早年真实1月值保留；不是单月；官方增速，不从金额重算
fiscal_expenditure_ytd_yoy,CHN,2007-02,63.1,%,M,,https://data.stats.gov.cn/dg/website/publicrelease/web/external/stream/esData,来源指标：国家财政支出(不含债务还本)累计增长(%)；年内累计；早年真实1月值保留；不是单月；官方增速，不从金额重算
fiscal_expenditure_ytd_yoy,CHN,2007-03,14.8,%,M,,https://data.stats.gov.cn/dg/website/publicrelease/web/external/stream/esData,来源指标：国家财政支出(不含债务还本)累计增长(%)；年内累计；早年真实1月值保留；不是单月；官方增速，不从金额重算
fiscal_expenditure_ytd_yoy,CHN,2007-04,18.0,%,M,,https://data.stats.gov.cn/dg/website/publicrelease/web/external/stream/esData,来源指标：国家财政支出(不含债务还本)累计增长(%)；年内累计；早年真实1月值保留；不是单月；官方增速，不从金额重算
fiscal_expenditure_ytd_yoy,CHN,2007-05,34.9,%,M,,https://data.stats.gov.cn/dg/website/publicrelease/web/external/stream/esData,来源指标：国家财政支出(不含债务还本)累计增长(%)；年内累计；早年真实1月值保留；不是单月；官方增速，不从金额重算
fiscal_expenditure_ytd_yoy,CHN,2007-06,31.5,%,M,,https://data.stats.gov.cn/dg/website/publicrelease/web/external/stream/esData,来源指标：国家财政支出(不含债务还本)累计增长(%)；年内累计；早年真实1月值保留；不是单月；官方增速，不从金额重算
fiscal_expenditure_ytd_yoy,CHN,2007-07,28.2,%,M,,https://data.stats.gov.cn/dg/website/publicrelease/web/external/stream/esData,来源指标：国家财政支出(不含债务还本)累计增长(%)；年内累计；早年真实1月值保留；不是单月；官方增速，不从金额重算
fiscal_expenditure_ytd_yoy,CHN,2007-08,31.5,%,M,,https://data.stats.gov.cn/dg/website/publicrelease/web/external/stream/esData,来源指标：国家财政支出(不含债务还本)累计增长(%)；年内累计；早年真实1月值保留；不是单月；官方增速，不从金额重算
fiscal_expenditure_ytd_yoy,CHN,2007-09,29.4,%,M,,https://data.stats.gov.cn/dg/website/publicrelease/web/external/stream/esData,来源指标：国家财政支出(不含债务还本)累计增长(%)；年内累计；早年真实1月值保留；不是单月；官方增速，不从金额重算
fiscal_expenditure_ytd_yoy,CHN,2007-10,33.3,%,M,,https://data.stats.gov.cn/dg/website/publicrelease/web/external/stream/esData,来源指标：国家财政支出(不含债务还本)累计增长(%)；年内累计；早年真实1月值保留；不是单月；官方增速，不从金额重算
fiscal_expenditure_ytd_yoy,CHN,2007-11,19.1,%,M,,https://data.stats.gov.cn/dg/website/publicrelease/web/external/stream/esData,来源指标：国家财政支出(不含债务还本)累计增长(%)；年内累计；早年真实1月值保留；不是单月；官方增速，不从金额重算
fiscal_expenditure_ytd_yoy,CHN,2008-01,61.1,%,M,,https://data.stats.gov.cn/dg/website/publicrelease/web/external/stream/esData,来源指标：国家财政支出(不含债务还本)累计增长(%)；年内累计；早年真实1月值保留；不是单月；官方增速，不从金额重算
fiscal_expenditure_ytd_yoy,CHN,2008-02,5.5,%,M,,https://data.stats.gov.cn/dg/website/publicrelease/web/external/stream/esData,来源指标：国家财政支出(不含债务还本)累计增长(%)；年内累计；早年真实1月值保留；不是单月；官方增速，不从金额重算
fiscal_expenditure_ytd_yoy,CHN,2008-03,32.6,%,M,,https://data.stats.gov.cn/dg/website/publicrelease/web/external/stream/esData,来源指标：国家财政支出(不含债务还本)累计增长(%)；年内累计；早年真实1月值保留；不是单月；官方增速，不从金额重算
fiscal_expenditure_ytd_yoy,CHN,2008-04,26.6,%,M,,https://data.stats.gov.cn/dg/website/publicrelease/web/external/stream/esData,来源指标：国家财政支出(不含债务还本)累计增长(%)；年内累计；早年真实1月值保留；不是单月；官方增速，不从金额重算
fiscal_expenditure_ytd_yoy,CHN,2008-05,37.7,%,M,,https://data.stats.gov.cn/dg/website/publicrelease/web/external/stream/esData,来源指标：国家财政支出(不含债务还本)累计增长(%)；年内累计；早年真实1月值保留；不是单月；官方增速，不从金额重算
fiscal_expenditure_ytd_yoy,CHN,2008-06,17.5,%,M,,https://data.stats.gov.cn/dg/website/publicrelease/web/external/stream/esData,来源指标：国家财政支出(不含债务还本)累计增长(%)；年内累计；早年真实1月值保留；不是单月；官方增速，不从金额重算
fiscal_expenditure_ytd_yoy,CHN,2008-07,40.9,%,M,,https://data.stats.gov.cn/dg/website/publicrelease/web/external/stream/esData,来源指标：国家财政支出(不含债务还本)累计增长(%)；年内累计；早年真实1月值保留；不是单月；官方增速，不从金额重算
fiscal_expenditure_ytd_yoy,CHN,2008-08,17.8,%,M,,https://data.stats.gov.cn/dg/website/publicrelease/web/external/stream/esData,来源指标：国家财政支出(不含债务还本)累计增长(%)；年内累计；早年真实1月值保留；不是单月；官方增速，不从金额重算
fiscal_expenditure_ytd_yoy,CHN,2008-09,11.6,%,M,,https://data.stats.gov.cn/dg/website/publicrelease/web/external/stream/esData,来源指标：国家财政支出(不含债务还本)累计增长(%)；年内累计；早年真实1月值保留；不是单月；官方增速，不从金额重算
fiscal_expenditure_ytd_yoy,CHN,2008-10,16.4,%,M,,https://data.stats.gov.cn/dg/website/publicrelease/web/external/stream/esData,来源指标：国家财政支出(不含债务还本)累计增长(%)；年内累计；早年真实1月值保留；不是单月；官方增速，不从金额重算
fiscal_expenditure_ytd_yoy,CHN,2008-11,16.5,%,M,,https://data.stats.gov.cn/dg/website/publicrelease/web/external/stream/esData,来源指标：国家财政支出(不含债务还本)累计增长(%)；年内累计；早年真实1月值保留；不是单月；官方增速，不从金额重算
fiscal_expenditure_ytd_yoy,CHN,2009-01,32.5,%,M,,https://data.stats.gov.cn/dg/website/publicrelease/web/external/stream/esData,来源指标：国家财政支出(不含债务还本)累计增长(%)；年内累计；早年真实1月值保留；不是单月；官方增速，不从金额重算
fiscal_expenditure_ytd_yoy,CHN,2009-02,42.0,%,M,,https://data.stats.gov.cn/dg/website/publicrelease/web/external/stream/esData,来源指标：国家财政支出(不含债务还本)累计增长(%)；年内累计；早年真实1月值保留；不是单月；官方增速，不从金额重算
fiscal_expenditure_ytd_yoy,CHN,2009-03,31.4,%,M,,https://data.stats.gov.cn/dg/website/publicrelease/web/external/stream/esData,来源指标：国家财政支出(不含债务还本)累计增长(%)；年内累计；早年真实1月值保留；不是单月；官方增速，不从金额重算
fiscal_expenditure_ytd_yoy,CHN,2009-04,24.5,%,M,,https://data.stats.gov.cn/dg/website/publicrelease/web/external/stream/esData,来源指标：国家财政支出(不含债务还本)累计增长(%)；年内累计；早年真实1月值保留；不是单月；官方增速，不从金额重算
fiscal_expenditure_ytd_yoy,CHN,2009-05,14.5,%,M,,https://data.stats.gov.cn/dg/website/publicrelease/web/external/stream/esData,来源指标：国家财政支出(不含债务还本)累计增长(%)；年内累计；早年真实1月值保留；不是单月；官方增速，不从金额重算
fiscal_expenditure_ytd_yoy,CHN,2009-06,21.5,%,M,,https://data.stats.gov.cn/dg/website/publicrelease/web/external/stream/esData,来源指标：国家财政支出(不含债务还本)累计增长(%)；年内累计；早年真实1月值保留；不是单月；官方增速，不从金额重算
fiscal_expenditure_ytd_yoy,CHN,2009-07,9.3,%,M,,https://data.stats.gov.cn/dg/website/publicrelease/web/external/stream/esData,来源指标：国家财政支出(不含债务还本)累计增长(%)；年内累计；早年真实1月值保留；不是单月；官方增速，不从金额重算
fiscal_expenditure_ytd_yoy,CHN,2009-08,17.4,%,M,,https://data.stats.gov.cn/dg/website/publicrelease/web/external/stream/esData,来源指标：国家财政支出(不含债务还本)累计增长(%)；年内累计；早年真实1月值保留；不是单月；官方增速，不从金额重算
fiscal_expenditure_ytd_yoy,CHN,2009-09,32.9,%,M,,https://data.stats.gov.cn/dg/website/publicrelease/web/external/stream/esData,来源指标：国家财政支出(不含债务还本)累计增长(%)；年内累计；早年真实1月值保留；不是单月；官方增速，不从金额重算
fiscal_expenditure_ytd_yoy,CHN,2009-10,13.0,%,M,,https://data.stats.gov.cn/dg/website/publicrelease/web/external/stream/esData,来源指标：国家财政支出(不含债务还本)累计增长(%)；年内累计；早年真实1月值保留；不是单月；官方增速，不从金额重算
fiscal_expenditure_ytd_yoy,CHN,2009-11,20.9,%,M,,https://data.stats.gov.cn/dg/website/publicrelease/web/external/stream/esData,来源指标：国家财政支出(不含债务还本)累计增长(%)；年内累计；早年真实1月值保留；不是单月；官方增速，不从金额重算
fiscal_expenditure_ytd_yoy,CHN,2010-01,-13.2,%,M,,https://data.stats.gov.cn/dg/website/publicrelease/web/external/stream/esData,来源指标：国家财政支出(不含债务还本)累计增长(%)；年内累计；早年真实1月值保留；不是单月；官方增速，不从金额重算
fiscal_expenditure_ytd_yoy,CHN,2010-02,29.7,%,M,,https://data.stats.gov.cn/dg/website/publicrelease/web/external/stream/esData,来源指标：国家财政支出(不含债务还本)累计增长(%)；年内累计；早年真实1月值保留；不是单月；官方增速，不从金额重算
fiscal_expenditure_ytd_yoy,CHN,2010-03,-1.3,%,M,,https://data.stats.gov.cn/dg/website/publicrelease/web/external/stream/esData,来源指标：国家财政支出(不含债务还本)累计增长(%)；年内累计；早年真实1月值保留；不是单月；官方增速，不从金额重算
fiscal_expenditure_ytd_yoy,CHN,2010-04,9.8,%,M,,https://data.stats.gov.cn/dg/website/publicrelease/web/external/stream/esData,来源指标：国家财政支出(不含债务还本)累计增长(%)；年内累计；早年真实1月值保留；不是单月；官方增速，不从金额重算
fiscal_expenditure_ytd_yoy,CHN,2010-05,25.6,%,M,,https://data.stats.gov.cn/dg/website/publicrelease/web/external/stream/esData,来源指标：国家财政支出(不含债务还本)累计增长(%)；年内累计；早年真实1月值保留；不是单月；官方增速，不从金额重算
fiscal_expenditure_ytd_yoy,CHN,2010-06,26.8,%,M,,https://data.stats.gov.cn/dg/website/publicrelease/web/external/stream/esData,来源指标：国家财政支出(不含债务还本)累计增长(%)；年内累计；早年真实1月值保留；不是单月；官方增速，不从金额重算
fiscal_expenditure_ytd_yoy,CHN,2010-07,16.6,%,M,,https://data.stats.gov.cn/dg/website/publicrelease/web/external/stream/esData,来源指标：国家财政支出(不含债务还本)累计增长(%)；年内累计；早年真实1月值保留；不是单月；官方增速，不从金额重算
fiscal_expenditure_ytd_yoy,CHN,2010-08,35.4,%,M,,https://data.stats.gov.cn/dg/website/publicrelease/web/external/stream/esData,来源指标：国家财政支出(不含债务还本)累计增长(%)；年内累计；早年真实1月值保留；不是单月；官方增速，不从金额重算
fiscal_expenditure_ytd_yoy,CHN,2010-09,28.8,%,M,,https://data.stats.gov.cn/dg/website/publicrelease/web/external/stream/esData,来源指标：国家财政支出(不含债务还本)累计增长(%)；年内累计；早年真实1月值保留；不是单月；官方增速，不从金额重算
fiscal_expenditure_ytd_yoy,CHN,2010-10,38.5,%,M,,https://data.stats.gov.cn/dg/website/publicrelease/web/external/stream/esData,来源指标：国家财政支出(不含债务还本)累计增长(%)；年内累计；早年真实1月值保留；不是单月；官方增速，不从金额重算
fiscal_expenditure_ytd_yoy,CHN,2010-11,66.9,%,M,,https://data.stats.gov.cn/dg/website/publicrelease/web/external/stream/esData,来源指标：国家财政支出(不含债务还本)累计增长(%)；年内累计；早年真实1月值保留；不是单月；官方增速，不从金额重算
fiscal_expenditure_ytd_yoy,CHN,2010-12,17.4,%,M,,https://data.stats.gov.cn/dg/website/publicrelease/web/external/stream/esData,来源指标：国家财政支出(不含债务还本)累计增长(%)；年内累计；早年真实1月值保留；不是单月；官方增速，不从金额重算
fiscal_expenditure_ytd_yoy,CHN,2011-01,84.9,%,M,,https://data.stats.gov.cn/dg/website/publicrelease/web/external/stream/esData,来源指标：国家财政支出(不含债务还本)累计增长(%)；年内累计；早年真实1月值保留；不是单月；官方增速，不从金额重算
fiscal_expenditure_ytd_yoy,CHN,2011-02,-17.5,%,M,,https://data.stats.gov.cn/dg/website/publicrelease/web/external/stream/esData,来源指标：国家财政支出(不含债务还本)累计增长(%)；年内累计；早年真实1月值保留；不是单月；官方增速，不从金额重算
fiscal_expenditure_ytd_yoy,CHN,2011-03,53.2,%,M,,https://data.stats.gov.cn/dg/website/publicrelease/web/external/stream/esData,来源指标：国家财政支出(不含债务还本)累计增长(%)；年内累计；早年真实1月值保留；不是单月；官方增速，不从金额重算
fiscal_expenditure_ytd_yoy,CHN,2011-04,31.0,%,M,,https://data.stats.gov.cn/dg/website/publicrelease/web/external/stream/esData,来源指标：国家财政支出(不含债务还本)累计增长(%)；年内累计；早年真实1月值保留；不是单月；官方增速，不从金额重算
fiscal_expenditure_ytd_yoy,CHN,2011-05,42.9,%,M,,https://data.stats.gov.cn/dg/website/publicrelease/web/external/stream/esData,来源指标：国家财政支出(不含债务还本)累计增长(%)；年内累计；早年真实1月值保留；不是单月；官方增速，不从金额重算
fiscal_expenditure_ytd_yoy,CHN,2011-06,33.1,%,M,,https://data.stats.gov.cn/dg/website/publicrelease/web/external/stream/esData,来源指标：国家财政支出(不含债务还本)累计增长(%)；年内累计；早年真实1月值保留；不是单月；官方增速，不从金额重算
fiscal_expenditure_ytd_yoy,CHN,2011-07,19.6,%,M,,https://data.stats.gov.cn/dg/website/publicrelease/web/external/stream/esData,来源指标：国家财政支出(不含债务还本)累计增长(%)；年内累计；早年真实1月值保留；不是单月；官方增速，不从金额重算
fiscal_expenditure_ytd_yoy,CHN,2011-08,25.9,%,M,,https://data.stats.gov.cn/dg/website/publicrelease/web/external/stream/esData,来源指标：国家财政支出(不含债务还本)累计增长(%)；年内累计；早年真实1月值保留；不是单月；官方增速，不从金额重算
fiscal_expenditure_ytd_yoy,CHN,2011-09,18.3,%,M,,https://data.stats.gov.cn/dg/website/publicrelease/web/external/stream/esData,来源指标：国家财政支出(不含债务还本)累计增长(%)；年内累计；早年真实1月值保留；不是单月；官方增速，不从金额重算
fiscal_expenditure_ytd_yoy,CHN,2011-10,24.5,%,M,,https://data.stats.gov.cn/dg/website/publicrelease/web/external/stream/esData,来源指标：国家财政支出(不含债务还本)累计增长(%)；年内累计；早年真实1月值保留；不是单月；官方增速，不从金额重算
fiscal_expenditure_ytd_yoy,CHN,2011-11,7.5,%,M,,https://data.stats.gov.cn/dg/website/publicrelease/web/external/stream/esData,来源指标：国家财政支出(不含债务还本)累计增长(%)；年内累计；早年真实1月值保留；不是单月；官方增速，不从金额重算
fiscal_expenditure_ytd_yoy,CHN,2011-12,21.2,%,M,,https://data.stats.gov.cn/dg/website/publicrelease/web/external/stream/esData,来源指标：国家财政支出(不含债务还本)累计增长(%)；年内累计；早年真实1月值保留；不是单月；官方增速，不从金额重算
fiscal_expenditure_ytd_yoy,CHN,2012-01,9.6,%,M,,https://data.stats.gov.cn/dg/website/publicrelease/web/external/stream/esData,来源指标：国家财政支出(不含债务还本)累计增长(%)；年内累计；早年真实1月值保留；不是单月；官方增速，不从金额重算
fiscal_expenditure_ytd_yoy,CHN,2012-02,69.3,%,M,,https://data.stats.gov.cn/dg/website/publicrelease/web/external/stream/esData,来源指标：国家财政支出(不含债务还本)累计增长(%)；年内累计；早年真实1月值保留；不是单月；官方增速，不从金额重算
fiscal_expenditure_ytd_yoy,CHN,2012-03,34.7,%,M,,https://data.stats.gov.cn/dg/website/publicrelease/web/external/stream/esData,来源指标：国家财政支出(不含债务还本)累计增长(%)；年内累计；早年真实1月值保留；不是单月；官方增速，不从金额重算
fiscal_expenditure_ytd_yoy,CHN,2012-04,8.0,%,M,,https://data.stats.gov.cn/dg/website/publicrelease/web/external/stream/esData,来源指标：国家财政支出(不含债务还本)累计增长(%)；年内累计；早年真实1月值保留；不是单月；官方增速，不从金额重算
fiscal_expenditure_ytd_yoy,CHN,2012-05,10.9,%,M,,https://data.stats.gov.cn/dg/website/publicrelease/web/external/stream/esData,来源指标：国家财政支出(不含债务还本)累计增长(%)；年内累计；早年真实1月值保留；不是单月；官方增速，不从金额重算
fiscal_expenditure_ytd_yoy,CHN,2012-06,17.7,%,M,,https://data.stats.gov.cn/dg/website/publicrelease/web/external/stream/esData,来源指标：国家财政支出(不含债务还本)累计增长(%)；年内累计；早年真实1月值保留；不是单月；官方增速，不从金额重算
fiscal_expenditure_ytd_yoy,CHN,2012-07,37.1,%,M,,https://data.stats.gov.cn/dg/website/publicrelease/web/external/stream/esData,来源指标：国家财政支出(不含债务还本)累计增长(%)；年内累计；早年真实1月值保留；不是单月；官方增速，不从金额重算
fiscal_expenditure_ytd_yoy,CHN,2012-08,11.7,%,M,,https://data.stats.gov.cn/dg/website/publicrelease/web/external/stream/esData,来源指标：国家财政支出(不含债务还本)累计增长(%)；年内累计；早年真实1月值保留；不是单月；官方增速，不从金额重算
fiscal_expenditure_ytd_yoy,CHN,2012-09,16.6,%,M,,https://data.stats.gov.cn/dg/website/publicrelease/web/external/stream/esData,来源指标：国家财政支出(不含债务还本)累计增长(%)；年内累计；早年真实1月值保留；不是单月；官方增速，不从金额重算
fiscal_expenditure_ytd_yoy,CHN,2012-10,6.7,%,M,,https://data.stats.gov.cn/dg/website/publicrelease/web/external/stream/esData,来源指标：国家财政支出(不含债务还本)累计增长(%)；年内累计；早年真实1月值保留；不是单月；官方增速，不从金额重算
fiscal_expenditure_ytd_yoy,CHN,2012-11,6.7,%,M,,https://data.stats.gov.cn/dg/website/publicrelease/web/external/stream/esData,来源指标：国家财政支出(不含债务还本)累计增长(%)；年内累计；早年真实1月值保留；不是单月；官方增速，不从金额重算
fiscal_expenditure_ytd_yoy,CHN,2012-12,15.1,%,M,,https://data.stats.gov.cn/dg/website/publicrelease/web/external/stream/esData,来源指标：国家财政支出(不含债务还本)累计增长(%)；年内累计；早年真实1月值保留；不是单月；官方增速，不从金额重算
fiscal_expenditure_ytd_yoy,CHN,2013-01,19.1,%,M,,https://data.stats.gov.cn/dg/website/publicrelease/web/external/stream/esData,来源指标：国家财政支出(不含债务还本)累计增长(%)；年内累计；早年真实1月值保留；不是单月；官方增速，不从金额重算
fiscal_expenditure_ytd_yoy,CHN,2013-02,15.7,%,M,,https://data.stats.gov.cn/dg/website/publicrelease/web/external/stream/esData,来源指标：国家财政支出(不含债务还本)累计增长(%)；年内累计；早年真实1月值保留；不是单月；官方增速，不从金额重算
fiscal_expenditure_ytd_yoy,CHN,2013-03,7.2,%,M,,https://data.stats.gov.cn/dg/website/publicrelease/web/external/stream/esData,来源指标：国家财政支出(不含债务还本)累计增长(%)；年内累计；早年真实1月值保留；不是单月；官方增速，不从金额重算
fiscal_expenditure_ytd_yoy,CHN,2013-04,18.0,%,M,,https://data.stats.gov.cn/dg/website/publicrelease/web/external/stream/esData,来源指标：国家财政支出(不含债务还本)累计增长(%)；年内累计；早年真实1月值保留；不是单月；官方增速，不从金额重算
fiscal_expenditure_ytd_yoy,CHN,2013-05,12.0,%,M,,https://data.stats.gov.cn/dg/website/publicrelease/web/external/stream/esData,来源指标：国家财政支出(不含债务还本)累计增长(%)；年内累计；早年真实1月值保留；不是单月；官方增速，不从金额重算
fiscal_expenditure_ytd_yoy,CHN,2013-06,3.0,%,M,,https://data.stats.gov.cn/dg/website/publicrelease/web/external/stream/esData,来源指标：国家财政支出(不含债务还本)累计增长(%)；年内累计；早年真实1月值保留；不是单月；官方增速，不从金额重算
fiscal_expenditure_ytd_yoy,CHN,2013-07,-1.8,%,M,,https://data.stats.gov.cn/dg/website/publicrelease/web/external/stream/esData,来源指标：国家财政支出(不含债务还本)累计增长(%)；年内累计；早年真实1月值保留；不是单月；官方增速，不从金额重算
fiscal_expenditure_ytd_yoy,CHN,2013-08,6.5,%,M,,https://data.stats.gov.cn/dg/website/publicrelease/web/external/stream/esData,来源指标：国家财政支出(不含债务还本)累计增长(%)；年内累计；早年真实1月值保留；不是单月；官方增速，不从金额重算
fiscal_expenditure_ytd_yoy,CHN,2013-09,8.8,%,M,,https://data.stats.gov.cn/dg/website/publicrelease/web/external/stream/esData,来源指标：国家财政支出(不含债务还本)累计增长(%)；年内累计；早年真实1月值保留；不是单月；官方增速，不从金额重算
fiscal_expenditure_ytd_yoy,CHN,2013-10,21.9,%,M,,https://data.stats.gov.cn/dg/website/publicrelease/web/external/stream/esData,来源指标：国家财政支出(不含债务还本)累计增长(%)；年内累计；早年真实1月值保留；不是单月；官方增速，不从金额重算
fiscal_expenditure_ytd_yoy,CHN,2013-11,4.1,%,M,,https://data.stats.gov.cn/dg/website/publicrelease/web/external/stream/esData,来源指标：国家财政支出(不含债务还本)累计增长(%)；年内累计；早年真实1月值保留；不是单月；官方增速，不从金额重算
fiscal_expenditure_ytd_yoy,CHN,2013-12,10.9,%,M,,https://data.stats.gov.cn/dg/website/publicrelease/web/external/stream/esData,来源指标：国家财政支出(不含债务还本)累计增长(%)；年内累计；早年真实1月值保留；不是单月；官方增速，不从金额重算
fiscal_expenditure_ytd_yoy,CHN,2014-02,-10.7,%,M,,https://data.stats.gov.cn/dg/website/publicrelease/web/external/stream/esData,来源指标：国家财政支出(不含债务还本)累计增长(%)；年内累计；早年真实1月值保留；不是单月；官方增速，不从金额重算
fiscal_expenditure_ytd_yoy,CHN,2014-03,22.3,%,M,,https://data.stats.gov.cn/dg/website/publicrelease/web/external/stream/esData,来源指标：国家财政支出(不含债务还本)累计增长(%)；年内累计；早年真实1月值保留；不是单月；官方增速，不从金额重算
fiscal_expenditure_ytd_yoy,CHN,2014-04,1.1,%,M,,https://data.stats.gov.cn/dg/website/publicrelease/web/external/stream/esData,来源指标：国家财政支出(不含债务还本)累计增长(%)；年内累计；早年真实1月值保留；不是单月；官方增速，不从金额重算
fiscal_expenditure_ytd_yoy,CHN,2014-05,24.6,%,M,,https://data.stats.gov.cn/dg/website/publicrelease/web/external/stream/esData,来源指标：国家财政支出(不含债务还本)累计增长(%)；年内累计；早年真实1月值保留；不是单月；官方增速，不从金额重算
fiscal_expenditure_ytd_yoy,CHN,2014-06,26.1,%,M,,https://data.stats.gov.cn/dg/website/publicrelease/web/external/stream/esData,来源指标：国家财政支出(不含债务还本)累计增长(%)；年内累计；早年真实1月值保留；不是单月；官方增速，不从金额重算
fiscal_expenditure_ytd_yoy,CHN,2014-07,9.6,%,M,,https://data.stats.gov.cn/dg/website/publicrelease/web/external/stream/esData,来源指标：国家财政支出(不含债务还本)累计增长(%)；年内累计；早年真实1月值保留；不是单月；官方增速，不从金额重算
fiscal_expenditure_ytd_yoy,CHN,2014-08,6.2,%,M,,https://data.stats.gov.cn/dg/website/publicrelease/web/external/stream/esData,来源指标：国家财政支出(不含债务还本)累计增长(%)；年内累计；早年真实1月值保留；不是单月；官方增速，不从金额重算
fiscal_expenditure_ytd_yoy,CHN,2014-09,9.1,%,M,,https://data.stats.gov.cn/dg/website/publicrelease/web/external/stream/esData,来源指标：国家财政支出(不含债务还本)累计增长(%)；年内累计；早年真实1月值保留；不是单月；官方增速，不从金额重算
fiscal_expenditure_ytd_yoy,CHN,2014-10,-5.7,%,M,,https://data.stats.gov.cn/dg/website/publicrelease/web/external/stream/esData,来源指标：国家财政支出(不含债务还本)累计增长(%)；年内累计；早年真实1月值保留；不是单月；官方增速，不从金额重算
fiscal_expenditure_ytd_yoy,CHN,2014-11,0.8,%,M,,https://data.stats.gov.cn/dg/website/publicrelease/web/external/stream/esData,来源指标：国家财政支出(不含债务还本)累计增长(%)；年内累计；早年真实1月值保留；不是单月；官方增速，不从金额重算
fiscal_expenditure_ytd_yoy,CHN,2014-12,8.2,%,M,,https://data.stats.gov.cn/dg/website/publicrelease/web/external/stream/esData,来源指标：国家财政支出(不含债务还本)累计增长(%)；年内累计；早年真实1月值保留；不是单月；官方增速，不从金额重算
fiscal_expenditure_ytd_yoy,CHN,2015-01,-19.9,%,M,,https://data.stats.gov.cn/dg/website/publicrelease/web/external/stream/esData,来源指标：国家财政支出(不含债务还本)累计增长(%)；年内累计；早年真实1月值保留；不是单月；官方增速，不从金额重算
fiscal_expenditure_ytd_yoy,CHN,2015-02,55.2,%,M,,https://data.stats.gov.cn/dg/website/publicrelease/web/external/stream/esData,来源指标：国家财政支出(不含债务还本)累计增长(%)；年内累计；早年真实1月值保留；不是单月；官方增速，不从金额重算
fiscal_expenditure_ytd_yoy,CHN,2015-03,4.4,%,M,,https://data.stats.gov.cn/dg/website/publicrelease/web/external/stream/esData,来源指标：国家财政支出(不含债务还本)累计增长(%)；年内累计；早年真实1月值保留；不是单月；官方增速，不从金额重算
fiscal_expenditure_ytd_yoy,CHN,2015-04,33.2,%,M,,https://data.stats.gov.cn/dg/website/publicrelease/web/external/stream/esData,来源指标：国家财政支出(不含债务还本)累计增长(%)；年内累计；早年真实1月值保留；不是单月；官方增速，不从金额重算
fiscal_expenditure_ytd_yoy,CHN,2015-05,2.6,%,M,,https://data.stats.gov.cn/dg/website/publicrelease/web/external/stream/esData,来源指标：国家财政支出(不含债务还本)累计增长(%)；年内累计；早年真实1月值保留；不是单月；官方增速，不从金额重算
fiscal_expenditure_ytd_yoy,CHN,2015-06,13.9,%,M,,https://data.stats.gov.cn/dg/website/publicrelease/web/external/stream/esData,来源指标：国家财政支出(不含债务还本)累计增长(%)；年内累计；早年真实1月值保留；不是单月；官方增速，不从金额重算
fiscal_expenditure_ytd_yoy,CHN,2015-07,24.1,%,M,,https://data.stats.gov.cn/dg/website/publicrelease/web/external/stream/esData,来源指标：国家财政支出(不含债务还本)累计增长(%)；年内累计；早年真实1月值保留；不是单月；官方增速，不从金额重算
fiscal_expenditure_ytd_yoy,CHN,2015-08,25.9,%,M,,https://data.stats.gov.cn/dg/website/publicrelease/web/external/stream/esData,来源指标：国家财政支出(不含债务还本)累计增长(%)；年内累计；早年真实1月值保留；不是单月；官方增速，不从金额重算
fiscal_expenditure_ytd_yoy,CHN,2015-09,26.9,%,M,,https://data.stats.gov.cn/dg/website/publicrelease/web/external/stream/esData,来源指标：国家财政支出(不含债务还本)累计增长(%)；年内累计；早年真实1月值保留；不是单月；官方增速，不从金额重算
fiscal_expenditure_ytd_yoy,CHN,2015-10,36.1,%,M,,https://data.stats.gov.cn/dg/website/publicrelease/web/external/stream/esData,来源指标：国家财政支出(不含债务还本)累计增长(%)；年内累计；早年真实1月值保留；不是单月；官方增速，不从金额重算
fiscal_expenditure_ytd_yoy,CHN,2015-11,25.9,%,M,,https://data.stats.gov.cn/dg/website/publicrelease/web/external/stream/esData,来源指标：国家财政支出(不含债务还本)累计增长(%)；年内累计；早年真实1月值保留；不是单月；官方增速，不从金额重算
fiscal_expenditure_ytd_yoy,CHN,2015-12,15.8,%,M,,https://data.stats.gov.cn/dg/website/publicrelease/web/external/stream/esData,来源指标：国家财政支出(不含债务还本)累计增长(%)；年内累计；早年真实1月值保留；不是单月；官方增速，不从金额重算
fiscal_expenditure_ytd_yoy,CHN,2016-01,24.3,%,M,,https://data.stats.gov.cn/dg/website/publicrelease/web/external/stream/esData,来源指标：国家财政支出(不含债务还本)累计增长(%)；年内累计；早年真实1月值保留；不是单月；官方增速，不从金额重算
fiscal_expenditure_ytd_yoy,CHN,2016-02,2.7,%,M,,https://data.stats.gov.cn/dg/website/publicrelease/web/external/stream/esData,来源指标：国家财政支出(不含债务还本)累计增长(%)；年内累计；早年真实1月值保留；不是单月；官方增速，不从金额重算
fiscal_expenditure_ytd_yoy,CHN,2016-03,20.1,%,M,,https://data.stats.gov.cn/dg/website/publicrelease/web/external/stream/esData,来源指标：国家财政支出(不含债务还本)累计增长(%)；年内累计；早年真实1月值保留；不是单月；官方增速，不从金额重算
fiscal_expenditure_ytd_yoy,CHN,2016-04,4.5,%,M,,https://data.stats.gov.cn/dg/website/publicrelease/web/external/stream/esData,来源指标：国家财政支出(不含债务还本)累计增长(%)；年内累计；早年真实1月值保留；不是单月；官方增速，不从金额重算
fiscal_expenditure_ytd_yoy,CHN,2016-05,17.6,%,M,,https://data.stats.gov.cn/dg/website/publicrelease/web/external/stream/esData,来源指标：国家财政支出(不含债务还本)累计增长(%)；年内累计；早年真实1月值保留；不是单月；官方增速，不从金额重算
fiscal_expenditure_ytd_yoy,CHN,2016-06,19.9,%,M,,https://data.stats.gov.cn/dg/website/publicrelease/web/external/stream/esData,来源指标：国家财政支出(不含债务还本)累计增长(%)；年内累计；早年真实1月值保留；不是单月；官方增速，不从金额重算
fiscal_expenditure_ytd_yoy,CHN,2016-07,0.3,%,M,,https://data.stats.gov.cn/dg/website/publicrelease/web/external/stream/esData,来源指标：国家财政支出(不含债务还本)累计增长(%)；年内累计；早年真实1月值保留；不是单月；官方增速，不从金额重算
fiscal_expenditure_ytd_yoy,CHN,2016-08,10.3,%,M,,https://data.stats.gov.cn/dg/website/publicrelease/web/external/stream/esData,来源指标：国家财政支出(不含债务还本)累计增长(%)；年内累计；早年真实1月值保留；不是单月；官方增速，不从金额重算
fiscal_expenditure_ytd_yoy,CHN,2016-09,11.3,%,M,,https://data.stats.gov.cn/dg/website/publicrelease/web/external/stream/esData,来源指标：国家财政支出(不含债务还本)累计增长(%)；年内累计；早年真实1月值保留；不是单月；官方增速，不从金额重算
fiscal_expenditure_ytd_yoy,CHN,2016-10,-12.5,%,M,,https://data.stats.gov.cn/dg/website/publicrelease/web/external/stream/esData,来源指标：国家财政支出(不含债务还本)累计增长(%)；年内累计；早年真实1月值保留；不是单月；官方增速，不从金额重算
fiscal_expenditure_ytd_yoy,CHN,2016-11,12.2,%,M,,https://data.stats.gov.cn/dg/website/publicrelease/web/external/stream/esData,来源指标：国家财政支出(不含债务还本)累计增长(%)；年内累计；早年真实1月值保留；不是单月；官方增速，不从金额重算
fiscal_expenditure_ytd_yoy,CHN,2017-01,37.5,%,M,,https://data.stats.gov.cn/dg/website/publicrelease/web/external/stream/esData,来源指标：国家财政支出(不含债务还本)累计增长(%)；年内累计；早年真实1月值保留；不是单月；官方增速，不从金额重算
fiscal_expenditure_ytd_yoy,CHN,2017-02,17.4,%,M,,https://data.stats.gov.cn/dg/website/publicrelease/web/external/stream/esData,来源指标：国家财政支出(不含债务还本)累计增长(%)；年内累计；早年真实1月值保留；不是单月；官方增速，不从金额重算
fiscal_expenditure_ytd_yoy,CHN,2017-03,25.4,%,M,,https://data.stats.gov.cn/dg/website/publicrelease/web/external/stream/esData,来源指标：国家财政支出(不含债务还本)累计增长(%)；年内累计；早年真实1月值保留；不是单月；官方增速，不从金额重算
fiscal_expenditure_ytd_yoy,CHN,2017-04,3.8,%,M,,https://data.stats.gov.cn/dg/website/publicrelease/web/external/stream/esData,来源指标：国家财政支出(不含债务还本)累计增长(%)；年内累计；早年真实1月值保留；不是单月；官方增速，不从金额重算
fiscal_expenditure_ytd_yoy,CHN,2017-05,9.2,%,M,,https://data.stats.gov.cn/dg/website/publicrelease/web/external/stream/esData,来源指标：国家财政支出(不含债务还本)累计增长(%)；年内累计；早年真实1月值保留；不是单月；官方增速，不从金额重算
fiscal_expenditure_ytd_yoy,CHN,2017-06,19.1,%,M,,https://data.stats.gov.cn/dg/website/publicrelease/web/external/stream/esData,来源指标：国家财政支出(不含债务还本)累计增长(%)；年内累计；早年真实1月值保留；不是单月；官方增速，不从金额重算
fiscal_expenditure_ytd_yoy,CHN,2017-07,5.4,%,M,,https://data.stats.gov.cn/dg/website/publicrelease/web/external/stream/esData,来源指标：国家财政支出(不含债务还本)累计增长(%)；年内累计；早年真实1月值保留；不是单月；官方增速，不从金额重算
fiscal_expenditure_ytd_yoy,CHN,2017-08,2.9,%,M,,https://data.stats.gov.cn/dg/website/publicrelease/web/external/stream/esData,来源指标：国家财政支出(不含债务还本)累计增长(%)；年内累计；早年真实1月值保留；不是单月；官方增速，不从金额重算
fiscal_expenditure_ytd_yoy,CHN,2017-09,1.7,%,M,,https://data.stats.gov.cn/dg/website/publicrelease/web/external/stream/esData,来源指标：国家财政支出(不含债务还本)累计增长(%)；年内累计；早年真实1月值保留；不是单月；官方增速，不从金额重算
fiscal_expenditure_ytd_yoy,CHN,2017-10,-8.0,%,M,,https://data.stats.gov.cn/dg/website/publicrelease/web/external/stream/esData,来源指标：国家财政支出(不含债务还本)累计增长(%)；年内累计；早年真实1月值保留；不是单月；官方增速，不从金额重算
fiscal_expenditure_ytd_yoy,CHN,2017-11,-9.1,%,M,,https://data.stats.gov.cn/dg/website/publicrelease/web/external/stream/esData,来源指标：国家财政支出(不含债务还本)累计增长(%)；年内累计；早年真实1月值保留；不是单月；官方增速，不从金额重算
fiscal_expenditure_ytd_yoy,CHN,2017-12,7.7,%,M,,https://data.stats.gov.cn/dg/website/publicrelease/web/external/stream/esData,来源指标：国家财政支出(不含债务还本)累计增长(%)；年内累计；早年真实1月值保留；不是单月；官方增速，不从金额重算
fiscal_expenditure_ytd_yoy,CHN,2018-01,-7.4,%,M,,https://data.stats.gov.cn/dg/website/publicrelease/web/external/stream/esData,来源指标：国家财政支出(不含债务还本)累计增长(%)；年内累计；早年真实1月值保留；不是单月；官方增速，不从金额重算
fiscal_expenditure_ytd_yoy,CHN,2018-02,16.7,%,M,,https://data.stats.gov.cn/dg/website/publicrelease/web/external/stream/esData,来源指标：国家财政支出(不含债务还本)累计增长(%)；年内累计；早年真实1月值保留；不是单月；官方增速，不从金额重算
fiscal_expenditure_ytd_yoy,CHN,2018-03,4.1,%,M,,https://data.stats.gov.cn/dg/website/publicrelease/web/external/stream/esData,来源指标：国家财政支出(不含债务还本)累计增长(%)；年内累计；早年真实1月值保留；不是单月；官方增速，不从金额重算
fiscal_expenditure_ytd_yoy,CHN,2018-04,8.2,%,M,,https://data.stats.gov.cn/dg/website/publicrelease/web/external/stream/esData,来源指标：国家财政支出(不含债务还本)累计增长(%)；年内累计；早年真实1月值保留；不是单月；官方增速，不从金额重算
fiscal_expenditure_ytd_yoy,CHN,2018-05,0.5,%,M,,https://data.stats.gov.cn/dg/website/publicrelease/web/external/stream/esData,来源指标：国家财政支出(不含债务还本)累计增长(%)；年内累计；早年真实1月值保留；不是单月；官方增速，不从金额重算
fiscal_expenditure_ytd_yoy,CHN,2018-06,7.0,%,M,,https://data.stats.gov.cn/dg/website/publicrelease/web/external/stream/esData,来源指标：国家财政支出(不含债务还本)累计增长(%)；年内累计；早年真实1月值保留；不是单月；官方增速，不从金额重算
fiscal_expenditure_ytd_yoy,CHN,2018-07,7.3,%,M,,https://data.stats.gov.cn/dg/website/publicrelease/web/external/stream/esData,来源指标：国家财政支出(不含债务还本)累计增长(%)；年内累计；早年真实1月值保留；不是单月；官方增速，不从金额重算
fiscal_expenditure_ytd_yoy,CHN,2018-08,6.9,%,M,,https://data.stats.gov.cn/dg/website/publicrelease/web/external/stream/esData,来源指标：国家财政支出(不含债务还本)累计增长(%)；年内累计；早年真实1月值保留；不是单月；官方增速，不从金额重算
fiscal_expenditure_ytd_yoy,CHN,2018-09,7.5,%,M,,https://data.stats.gov.cn/dg/website/publicrelease/web/external/stream/esData,来源指标：国家财政支出(不含债务还本)累计增长(%)；年内累计；早年真实1月值保留；不是单月；官方增速，不从金额重算
fiscal_expenditure_ytd_yoy,CHN,2018-10,7.6,%,M,,https://data.stats.gov.cn/dg/website/publicrelease/web/external/stream/esData,来源指标：国家财政支出(不含债务还本)累计增长(%)；年内累计；早年真实1月值保留；不是单月；官方增速，不从金额重算
fiscal_expenditure_ytd_yoy,CHN,2018-11,6.8,%,M,,https://data.stats.gov.cn/dg/website/publicrelease/web/external/stream/esData,来源指标：国家财政支出(不含债务还本)累计增长(%)；年内累计；早年真实1月值保留；不是单月；官方增速，不从金额重算
fiscal_expenditure_ytd_yoy,CHN,2018-12,8.7,%,M,,https://data.stats.gov.cn/dg/website/publicrelease/web/external/stream/esData,来源指标：国家财政支出(不含债务还本)累计增长(%)；年内累计；早年真实1月值保留；不是单月；官方增速，不从金额重算
fiscal_expenditure_ytd_yoy,CHN,2019-02,14.6,%,M,,https://data.stats.gov.cn/dg/website/publicrelease/web/external/stream/esData,来源指标：国家财政支出(不含债务还本)累计增长(%)；年内累计；早年真实1月值保留；不是单月；官方增速，不从金额重算
fiscal_expenditure_ytd_yoy,CHN,2019-03,15.0,%,M,,https://data.stats.gov.cn/dg/website/publicrelease/web/external/stream/esData,来源指标：国家财政支出(不含债务还本)累计增长(%)；年内累计；早年真实1月值保留；不是单月；官方增速，不从金额重算
fiscal_expenditure_ytd_yoy,CHN,2019-04,15.2,%,M,,https://data.stats.gov.cn/dg/website/publicrelease/web/external/stream/esData,来源指标：国家财政支出(不含债务还本)累计增长(%)；年内累计；早年真实1月值保留；不是单月；官方增速，不从金额重算
fiscal_expenditure_ytd_yoy,CHN,2019-05,12.5,%,M,,https://data.stats.gov.cn/dg/website/publicrelease/web/external/stream/esData,来源指标：国家财政支出(不含债务还本)累计增长(%)；年内累计；早年真实1月值保留；不是单月；官方增速，不从金额重算
fiscal_expenditure_ytd_yoy,CHN,2019-06,10.7,%,M,,https://data.stats.gov.cn/dg/website/publicrelease/web/external/stream/esData,来源指标：国家财政支出(不含债务还本)累计增长(%)；年内累计；早年真实1月值保留；不是单月；官方增速，不从金额重算
fiscal_expenditure_ytd_yoy,CHN,2019-07,9.9,%,M,,https://data.stats.gov.cn/dg/website/publicrelease/web/external/stream/esData,来源指标：国家财政支出(不含债务还本)累计增长(%)；年内累计；早年真实1月值保留；不是单月；官方增速，不从金额重算
fiscal_expenditure_ytd_yoy,CHN,2019-08,8.8,%,M,,https://data.stats.gov.cn/dg/website/publicrelease/web/external/stream/esData,来源指标：国家财政支出(不含债务还本)累计增长(%)；年内累计；早年真实1月值保留；不是单月；官方增速，不从金额重算
fiscal_expenditure_ytd_yoy,CHN,2019-09,9.4,%,M,,https://data.stats.gov.cn/dg/website/publicrelease/web/external/stream/esData,来源指标：国家财政支出(不含债务还本)累计增长(%)；年内累计；早年真实1月值保留；不是单月；官方增速，不从金额重算
fiscal_expenditure_ytd_yoy,CHN,2019-10,8.7,%,M,,https://data.stats.gov.cn/dg/website/publicrelease/web/external/stream/esData,来源指标：国家财政支出(不含债务还本)累计增长(%)；年内累计；早年真实1月值保留；不是单月；官方增速，不从金额重算
fiscal_expenditure_ytd_yoy,CHN,2019-11,7.7,%,M,,https://data.stats.gov.cn/dg/website/publicrelease/web/external/stream/esData,来源指标：国家财政支出(不含债务还本)累计增长(%)；年内累计；早年真实1月值保留；不是单月；官方增速，不从金额重算
fiscal_expenditure_ytd_yoy,CHN,2019-12,8.1,%,M,,https://data.stats.gov.cn/dg/website/publicrelease/web/external/stream/esData,来源指标：国家财政支出(不含债务还本)累计增长(%)；年内累计；早年真实1月值保留；不是单月；官方增速，不从金额重算
fiscal_expenditure_ytd_yoy,CHN,2020-02,-2.9,%,M,,https://data.stats.gov.cn/dg/website/publicrelease/web/external/stream/esData,来源指标：国家财政支出(不含债务还本)累计增长(%)；年内累计；早年真实1月值保留；不是单月；官方增速，不从金额重算
fiscal_expenditure_ytd_yoy,CHN,2020-03,-9.4,%,M,,https://data.stats.gov.cn/dg/website/publicrelease/web/external/stream/esData,来源指标：国家财政支出(不含债务还本)累计增长(%)；年内累计；早年真实1月值保留；不是单月；官方增速，不从金额重算
fiscal_expenditure_ytd_yoy,CHN,2020-04,-2.7,%,M,,https://data.stats.gov.cn/dg/website/publicrelease/web/external/stream/esData,来源指标：国家财政支出(不含债务还本)累计增长(%)；年内累计；早年真实1月值保留；不是单月；官方增速，不从金额重算
fiscal_expenditure_ytd_yoy,CHN,2020-05,-2.9,%,M,,https://data.stats.gov.cn/dg/website/publicrelease/web/external/stream/esData,来源指标：国家财政支出(不含债务还本)累计增长(%)；年内累计；早年真实1月值保留；不是单月；官方增速，不从金额重算
fiscal_expenditure_ytd_yoy,CHN,2020-06,-5.8,%,M,,https://data.stats.gov.cn/dg/website/publicrelease/web/external/stream/esData,来源指标：国家财政支出(不含债务还本)累计增长(%)；年内累计；早年真实1月值保留；不是单月；官方增速，不从金额重算
fiscal_expenditure_ytd_yoy,CHN,2020-07,-3.2,%,M,,https://data.stats.gov.cn/dg/website/publicrelease/web/external/stream/esData,来源指标：国家财政支出(不含债务还本)累计增长(%)；年内累计；早年真实1月值保留；不是单月；官方增速，不从金额重算
fiscal_expenditure_ytd_yoy,CHN,2020-08,-2.1,%,M,,https://data.stats.gov.cn/dg/website/publicrelease/web/external/stream/esData,来源指标：国家财政支出(不含债务还本)累计增长(%)；年内累计；早年真实1月值保留；不是单月；官方增速，不从金额重算
fiscal_expenditure_ytd_yoy,CHN,2020-09,-1.9,%,M,,https://data.stats.gov.cn/dg/website/publicrelease/web/external/stream/esData,来源指标：国家财政支出(不含债务还本)累计增长(%)；年内累计；早年真实1月值保留；不是单月；官方增速，不从金额重算
fiscal_expenditure_ytd_yoy,CHN,2020-10,-0.6,%,M,,https://data.stats.gov.cn/dg/website/publicrelease/web/external/stream/esData,来源指标：国家财政支出(不含债务还本)累计增长(%)；年内累计；早年真实1月值保留；不是单月；官方增速，不从金额重算
fiscal_expenditure_ytd_yoy,CHN,2020-11,0.7,%,M,,https://data.stats.gov.cn/dg/website/publicrelease/web/external/stream/esData,来源指标：国家财政支出(不含债务还本)累计增长(%)；年内累计；早年真实1月值保留；不是单月；官方增速，不从金额重算
fiscal_expenditure_ytd_yoy,CHN,2020-12,2.8,%,M,,https://data.stats.gov.cn/dg/website/publicrelease/web/external/stream/esData,来源指标：国家财政支出(不含债务还本)累计增长(%)；年内累计；早年真实1月值保留；不是单月；官方增速，不从金额重算
fiscal_expenditure_ytd_yoy,CHN,2021-02,10.5,%,M,,https://data.stats.gov.cn/dg/website/publicrelease/web/external/stream/esData,来源指标：国家财政支出(不含债务还本)累计增长(%)；年内累计；早年真实1月值保留；不是单月；官方增速，不从金额重算
fiscal_expenditure_ytd_yoy,CHN,2021-03,6.2,%,M,,https://data.stats.gov.cn/dg/website/publicrelease/web/external/stream/esData,来源指标：国家财政支出(不含债务还本)累计增长(%)；年内累计；早年真实1月值保留；不是单月；官方增速，不从金额重算
fiscal_expenditure_ytd_yoy,CHN,2021-04,3.8,%,M,,https://data.stats.gov.cn/dg/website/publicrelease/web/external/stream/esData,来源指标：国家财政支出(不含债务还本)累计增长(%)；年内累计；早年真实1月值保留；不是单月；官方增速，不从金额重算
fiscal_expenditure_ytd_yoy,CHN,2021-05,3.6,%,M,,https://data.stats.gov.cn/dg/website/publicrelease/web/external/stream/esData,来源指标：国家财政支出(不含债务还本)累计增长(%)；年内累计；早年真实1月值保留；不是单月；官方增速，不从金额重算
fiscal_expenditure_ytd_yoy,CHN,2021-06,4.5,%,M,,https://data.stats.gov.cn/dg/website/publicrelease/web/external/stream/esData,来源指标：国家财政支出(不含债务还本)累计增长(%)；年内累计；早年真实1月值保留；不是单月；官方增速，不从金额重算
fiscal_expenditure_ytd_yoy,CHN,2021-07,3.3,%,M,,https://data.stats.gov.cn/dg/website/publicrelease/web/external/stream/esData,来源指标：国家财政支出(不含债务还本)累计增长(%)；年内累计；早年真实1月值保留；不是单月；官方增速，不从金额重算
fiscal_expenditure_ytd_yoy,CHN,2021-08,3.6,%,M,,https://data.stats.gov.cn/dg/website/publicrelease/web/external/stream/esData,来源指标：国家财政支出(不含债务还本)累计增长(%)；年内累计；早年真实1月值保留；不是单月；官方增速，不从金额重算
fiscal_expenditure_ytd_yoy,CHN,2021-09,2.3,%,M,,https://data.stats.gov.cn/dg/website/publicrelease/web/external/stream/esData,来源指标：国家财政支出(不含债务还本)累计增长(%)；年内累计；早年真实1月值保留；不是单月；官方增速，不从金额重算
fiscal_expenditure_ytd_yoy,CHN,2021-10,2.4,%,M,,https://data.stats.gov.cn/dg/website/publicrelease/web/external/stream/esData,来源指标：国家财政支出(不含债务还本)累计增长(%)；年内累计；早年真实1月值保留；不是单月；官方增速，不从金额重算
fiscal_expenditure_ytd_yoy,CHN,2021-11,2.9,%,M,,https://data.stats.gov.cn/dg/website/publicrelease/web/external/stream/esData,来源指标：国家财政支出(不含债务还本)累计增长(%)；年内累计；早年真实1月值保留；不是单月；官方增速，不从金额重算
fiscal_expenditure_ytd_yoy,CHN,2021-12,0.3,%,M,,https://data.stats.gov.cn/dg/website/publicrelease/web/external/stream/esData,来源指标：国家财政支出(不含债务还本)累计增长(%)；年内累计；早年真实1月值保留；不是单月；官方增速，不从金额重算
fiscal_expenditure_ytd_yoy,CHN,2022-02,7.0,%,M,,https://data.stats.gov.cn/dg/website/publicrelease/web/external/stream/esData,来源指标：国家财政支出(不含债务还本)累计增长(%)；年内累计；早年真实1月值保留；不是单月；官方增速，不从金额重算
fiscal_expenditure_ytd_yoy,CHN,2022-03,8.3,%,M,,https://data.stats.gov.cn/dg/website/publicrelease/web/external/stream/esData,来源指标：国家财政支出(不含债务还本)累计增长(%)；年内累计；早年真实1月值保留；不是单月；官方增速，不从金额重算
fiscal_expenditure_ytd_yoy,CHN,2022-04,5.9,%,M,,https://data.stats.gov.cn/dg/website/publicrelease/web/external/stream/esData,来源指标：国家财政支出(不含债务还本)累计增长(%)；年内累计；早年真实1月值保留；不是单月；官方增速，不从金额重算
fiscal_expenditure_ytd_yoy,CHN,2022-05,5.9,%,M,,https://data.stats.gov.cn/dg/website/publicrelease/web/external/stream/esData,来源指标：国家财政支出(不含债务还本)累计增长(%)；年内累计；早年真实1月值保留；不是单月；官方增速，不从金额重算
fiscal_expenditure_ytd_yoy,CHN,2022-06,5.9,%,M,,https://data.stats.gov.cn/dg/website/publicrelease/web/external/stream/esData,来源指标：国家财政支出(不含债务还本)累计增长(%)；年内累计；早年真实1月值保留；不是单月；官方增速，不从金额重算
fiscal_expenditure_ytd_yoy,CHN,2022-07,6.4,%,M,,https://data.stats.gov.cn/dg/website/publicrelease/web/external/stream/esData,来源指标：国家财政支出(不含债务还本)累计增长(%)；年内累计；早年真实1月值保留；不是单月；官方增速，不从金额重算
fiscal_expenditure_ytd_yoy,CHN,2022-08,6.3,%,M,,https://data.stats.gov.cn/dg/website/publicrelease/web/external/stream/esData,来源指标：国家财政支出(不含债务还本)累计增长(%)；年内累计；早年真实1月值保留；不是单月；官方增速，不从金额重算
fiscal_expenditure_ytd_yoy,CHN,2022-09,6.2,%,M,,https://data.stats.gov.cn/dg/website/publicrelease/web/external/stream/esData,来源指标：国家财政支出(不含债务还本)累计增长(%)；年内累计；早年真实1月值保留；不是单月；官方增速，不从金额重算
fiscal_expenditure_ytd_yoy,CHN,2022-10,6.4,%,M,,https://data.stats.gov.cn/dg/website/publicrelease/web/external/stream/esData,来源指标：国家财政支出(不含债务还本)累计增长(%)；年内累计；早年真实1月值保留；不是单月；官方增速，不从金额重算
fiscal_expenditure_ytd_yoy,CHN,2022-11,6.2,%,M,,https://data.stats.gov.cn/dg/website/publicrelease/web/external/stream/esData,来源指标：国家财政支出(不含债务还本)累计增长(%)；年内累计；早年真实1月值保留；不是单月；官方增速，不从金额重算
fiscal_expenditure_ytd_yoy,CHN,2022-12,6.1,%,M,,https://data.stats.gov.cn/dg/website/publicrelease/web/external/stream/esData,来源指标：国家财政支出(不含债务还本)累计增长(%)；年内累计；早年真实1月值保留；不是单月；官方增速，不从金额重算
fiscal_expenditure_ytd_yoy,CHN,2023-02,7.0,%,M,,https://data.stats.gov.cn/dg/website/publicrelease/web/external/stream/esData,来源指标：国家财政支出(不含债务还本)累计增长(%)；年内累计；早年真实1月值保留；不是单月；官方增速，不从金额重算
fiscal_expenditure_ytd_yoy,CHN,2023-03,6.8,%,M,,https://data.stats.gov.cn/dg/website/publicrelease/web/external/stream/esData,来源指标：国家财政支出(不含债务还本)累计增长(%)；年内累计；早年真实1月值保留；不是单月；官方增速，不从金额重算
fiscal_expenditure_ytd_yoy,CHN,2023-04,6.8,%,M,,https://data.stats.gov.cn/dg/website/publicrelease/web/external/stream/esData,来源指标：国家财政支出(不含债务还本)累计增长(%)；年内累计；早年真实1月值保留；不是单月；官方增速，不从金额重算
fiscal_expenditure_ytd_yoy,CHN,2023-05,5.8,%,M,,https://data.stats.gov.cn/dg/website/publicrelease/web/external/stream/esData,来源指标：国家财政支出(不含债务还本)累计增长(%)；年内累计；早年真实1月值保留；不是单月；官方增速，不从金额重算
fiscal_expenditure_ytd_yoy,CHN,2023-06,3.9,%,M,,https://data.stats.gov.cn/dg/website/publicrelease/web/external/stream/esData,来源指标：国家财政支出(不含债务还本)累计增长(%)；年内累计；早年真实1月值保留；不是单月；官方增速，不从金额重算
fiscal_expenditure_ytd_yoy,CHN,2023-07,3.3,%,M,,https://data.stats.gov.cn/dg/website/publicrelease/web/external/stream/esData,来源指标：国家财政支出(不含债务还本)累计增长(%)；年内累计；早年真实1月值保留；不是单月；官方增速，不从金额重算
fiscal_expenditure_ytd_yoy,CHN,2023-08,3.8,%,M,,https://data.stats.gov.cn/dg/website/publicrelease/web/external/stream/esData,来源指标：国家财政支出(不含债务还本)累计增长(%)；年内累计；早年真实1月值保留；不是单月；官方增速，不从金额重算
fiscal_expenditure_ytd_yoy,CHN,2023-09,3.9,%,M,,https://data.stats.gov.cn/dg/website/publicrelease/web/external/stream/esData,来源指标：国家财政支出(不含债务还本)累计增长(%)；年内累计；早年真实1月值保留；不是单月；官方增速，不从金额重算
fiscal_expenditure_ytd_yoy,CHN,2023-10,4.6,%,M,,https://data.stats.gov.cn/dg/website/publicrelease/web/external/stream/esData,来源指标：国家财政支出(不含债务还本)累计增长(%)；年内累计；早年真实1月值保留；不是单月；官方增速，不从金额重算
fiscal_expenditure_ytd_yoy,CHN,2023-11,4.9,%,M,,https://data.stats.gov.cn/dg/website/publicrelease/web/external/stream/esData,来源指标：国家财政支出(不含债务还本)累计增长(%)；年内累计；早年真实1月值保留；不是单月；官方增速，不从金额重算
fiscal_expenditure_ytd_yoy,CHN,2023-12,5.4,%,M,,https://data.stats.gov.cn/dg/website/publicrelease/web/external/stream/esData,来源指标：国家财政支出(不含债务还本)累计增长(%)；年内累计；早年真实1月值保留；不是单月；官方增速，不从金额重算
fiscal_expenditure_ytd_yoy,CHN,2024-02,6.7,%,M,,https://data.stats.gov.cn/dg/website/publicrelease/web/external/stream/esData,来源指标：国家财政支出(不含债务还本)累计增长(%)；年内累计；早年真实1月值保留；不是单月；官方增速，不从金额重算
fiscal_expenditure_ytd_yoy,CHN,2024-03,2.9,%,M,,https://data.stats.gov.cn/dg/website/publicrelease/web/external/stream/esData,来源指标：国家财政支出(不含债务还本)累计增长(%)；年内累计；早年真实1月值保留；不是单月；官方增速，不从金额重算
fiscal_expenditure_ytd_yoy,CHN,2024-04,3.5,%,M,,https://data.stats.gov.cn/dg/website/publicrelease/web/external/stream/esData,来源指标：国家财政支出(不含债务还本)累计增长(%)；年内累计；早年真实1月值保留；不是单月；官方增速，不从金额重算
fiscal_expenditure_ytd_yoy,CHN,2024-05,3.4,%,M,,https://data.stats.gov.cn/dg/website/publicrelease/web/external/stream/esData,来源指标：国家财政支出(不含债务还本)累计增长(%)；年内累计；早年真实1月值保留；不是单月；官方增速，不从金额重算
fiscal_expenditure_ytd_yoy,CHN,2024-06,2.0,%,M,,https://data.stats.gov.cn/dg/website/publicrelease/web/external/stream/esData,来源指标：国家财政支出(不含债务还本)累计增长(%)；年内累计；早年真实1月值保留；不是单月；官方增速，不从金额重算
fiscal_expenditure_ytd_yoy,CHN,2024-07,2.5,%,M,,https://data.stats.gov.cn/dg/website/publicrelease/web/external/stream/esData,来源指标：国家财政支出(不含债务还本)累计增长(%)；年内累计；早年真实1月值保留；不是单月；官方增速，不从金额重算
fiscal_expenditure_ytd_yoy,CHN,2024-08,1.5,%,M,,https://data.stats.gov.cn/dg/website/publicrelease/web/external/stream/esData,来源指标：国家财政支出(不含债务还本)累计增长(%)；年内累计；早年真实1月值保留；不是单月；官方增速，不从金额重算
fiscal_expenditure_ytd_yoy,CHN,2024-09,2.0,%,M,,https://data.stats.gov.cn/dg/website/publicrelease/web/external/stream/esData,来源指标：国家财政支出(不含债务还本)累计增长(%)；年内累计；早年真实1月值保留；不是单月；官方增速，不从金额重算
fiscal_expenditure_ytd_yoy,CHN,2024-10,2.7,%,M,,https://data.stats.gov.cn/dg/website/publicrelease/web/external/stream/esData,来源指标：国家财政支出(不含债务还本)累计增长(%)；年内累计；早年真实1月值保留；不是单月；官方增速，不从金额重算
fiscal_expenditure_ytd_yoy,CHN,2024-11,2.8,%,M,,https://data.stats.gov.cn/dg/website/publicrelease/web/external/stream/esData,来源指标：国家财政支出(不含债务还本)累计增长(%)；年内累计；早年真实1月值保留；不是单月；官方增速，不从金额重算
fiscal_expenditure_ytd_yoy,CHN,2024-12,3.6,%,M,,https://data.stats.gov.cn/dg/website/publicrelease/web/external/stream/esData,来源指标：国家财政支出(不含债务还本)累计增长(%)；年内累计；早年真实1月值保留；不是单月；官方增速，不从金额重算
fiscal_expenditure_ytd_yoy,CHN,2025-02,3.4,%,M,,https://data.stats.gov.cn/dg/website/publicrelease/web/external/stream/esData,来源指标：国家财政支出(不含债务还本)累计增长(%)；年内累计；早年真实1月值保留；不是单月；官方增速，不从金额重算
fiscal_expenditure_ytd_yoy,CHN,2025-03,4.2,%,M,,https://data.stats.gov.cn/dg/website/publicrelease/web/external/stream/esData,来源指标：国家财政支出(不含债务还本)累计增长(%)；年内累计；早年真实1月值保留；不是单月；官方增速，不从金额重算
fiscal_expenditure_ytd_yoy,CHN,2025-04,4.6,%,M,,https://data.stats.gov.cn/dg/website/publicrelease/web/external/stream/esData,来源指标：国家财政支出(不含债务还本)累计增长(%)；年内累计；早年真实1月值保留；不是单月；官方增速，不从金额重算
fiscal_expenditure_ytd_yoy,CHN,2025-05,4.2,%,M,,https://data.stats.gov.cn/dg/website/publicrelease/web/external/stream/esData,来源指标：国家财政支出(不含债务还本)累计增长(%)；年内累计；早年真实1月值保留；不是单月；官方增速，不从金额重算
fiscal_expenditure_ytd_yoy,CHN,2025-06,3.4,%,M,,https://data.stats.gov.cn/dg/website/publicrelease/web/external/stream/esData,来源指标：国家财政支出(不含债务还本)累计增长(%)；年内累计；早年真实1月值保留；不是单月；官方增速，不从金额重算
fiscal_expenditure_ytd_yoy,CHN,2025-07,3.4,%,M,,https://data.stats.gov.cn/dg/website/publicrelease/web/external/stream/esData,来源指标：国家财政支出(不含债务还本)累计增长(%)；年内累计；早年真实1月值保留；不是单月；官方增速，不从金额重算
fiscal_expenditure_ytd_yoy,CHN,2025-08,3.1,%,M,,https://data.stats.gov.cn/dg/website/publicrelease/web/external/stream/esData,来源指标：国家财政支出(不含债务还本)累计增长(%)；年内累计；早年真实1月值保留；不是单月；官方增速，不从金额重算
fiscal_expenditure_ytd_yoy,CHN,2025-09,3.1,%,M,,https://data.stats.gov.cn/dg/website/publicrelease/web/external/stream/esData,来源指标：国家财政支出(不含债务还本)累计增长(%)；年内累计；早年真实1月值保留；不是单月；官方增速，不从金额重算
fiscal_expenditure_ytd_yoy,CHN,2025-10,2.0,%,M,,https://data.stats.gov.cn/dg/website/publicrelease/web/external/stream/esData,来源指标：国家财政支出(不含债务还本)累计增长(%)；年内累计；早年真实1月值保留；不是单月；官方增速，不从金额重算
fiscal_expenditure_ytd_yoy,CHN,2025-11,1.4,%,M,,https://data.stats.gov.cn/dg/website/publicrelease/web/external/stream/esData,来源指标：国家财政支出(不含债务还本)累计增长(%)；年内累计；早年真实1月值保留；不是单月；官方增速，不从金额重算
fiscal_expenditure_ytd_yoy,CHN,2025-12,1.0,%,M,,https://data.stats.gov.cn/dg/website/publicrelease/web/external/stream/esData,来源指标：国家财政支出(不含债务还本)累计增长(%)；年内累计；早年真实1月值保留；不是单月；官方增速，不从金额重算
fiscal_expenditure_ytd_yoy,CHN,2026-02,3.6,%,M,,https://data.stats.gov.cn/dg/website/publicrelease/web/external/stream/esData,来源指标：国家财政支出(不含债务还本)累计增长(%)；年内累计；早年真实1月值保留；不是单月；官方增速，不从金额重算
fiscal_expenditure_ytd_yoy,CHN,2026-03,2.6,%,M,,https://data.stats.gov.cn/dg/website/publicrelease/web/external/stream/esData,来源指标：国家财政支出(不含债务还本)累计增长(%)；年内累计；早年真实1月值保留；不是单月；官方增速，不从金额重算
fiscal_expenditure_ytd_yoy,CHN,2026-04,1.3,%,M,,https://data.stats.gov.cn/dg/website/publicrelease/web/external/stream/esData,来源指标：国家财政支出(不含债务还本)累计增长(%)；年内累计；早年真实1月值保留；不是单月；官方增速，不从金额重算
fiscal_expenditure_ytd_yoy,CHN,2026-05,0.8,%,M,,https://data.stats.gov.cn/dg/website/publicrelease/web/external/stream/esData,来源指标：国家财政支出(不含债务还本)累计增长(%)；年内累计；早年真实1月值保留；不是单月；官方增速，不从金额重算
fiscal_expenditure_ytd_yoy,CHN,2026-06,1.5,%,M,,https://data.stats.gov.cn/dg/website/publicrelease/web/external/stream/esData,来源指标：国家财政支出(不含债务还本)累计增长(%)；年内累计；早年真实1月值保留；不是单月；官方增速，不从金额重算
fiscal_expenditure_ytd_yoy,CHN,2026-07,1.3,%,M,,https://data.stats.gov.cn/dg/website/publicrelease/web/external/stream/esData,来源指标：国家财政支出(不含债务还本)累计增长(%)；年内累计；早年真实1月值保留；不是单月；官方增速，不从金额重算
fiscal_fund_expenditure_annual,CHN,2010,33951.16,亿元,A,2011-07-20,https://yss.mof.gov.cn/2010juesuan/201107/t20110720_578408.htm,全国年度决算；采用决算数列，不是预算数；原行：全国政府性基金支出 | 19360.20 | 33951.16 | 175.4
fiscal_fund_expenditure_annual,CHN,2011,39946.61,亿元,A,2012-07-10,https://yss.mof.gov.cn/2011qgczjs/201207/t20120710_665269.htm,全国年度决算；采用决算数列，不是预算数；原行：全国政府性基金支出 | 26611.90 | 39946.61 | 150.1 | 117.7
fiscal_fund_expenditure_annual,CHN,2012,36330.87,亿元,A,2013-07-15,https://yss.mof.gov.cn/2012qhczjs/201307/t20130715_966171.htm,全国年度决算；采用决算数列，不是预算数；原行：全国政府性基金支出 | 35614.07 | 36330.87 | 102.0 | 90.9
fiscal_fund_expenditure_annual,CHN,2013,50500.86,亿元,A,2014-07-11,https://yss.mof.gov.cn/2013qgczjs/201407/t20140711_1111734.htm,全国年度决算；采用决算数列，不是预算数；原行：全国政府性基金支出 | 37537.17 | 50500.86 | 134.5 | 139.0
fiscal_fund_expenditure_annual,CHN,2014,51463.83,亿元,A,2015-07-08,https://yss.mof.gov.cn/2014czys/201507/t20150708_1269690.htm,全国年度决算；采用决算数列，不是预算数；原行：全国政府性基金支出 | 48116.19 | 51463.83 | 107.0 | 101.9
fiscal_fund_expenditure_annual,CHN,2015,42347.11,亿元,A,2016-07-20,https://yss.mof.gov.cn/2015js/201607/t20160720_2365041.htm,全国年度决算；采用决算数列，不是预算数；原行：全国政府性基金支出 | 50594.10 | 42347.11 | 83.7 | 87.3
fiscal_fund_expenditure_annual,CHN,2016,46878.32,亿元,A,2017-07-12,https://yss.mof.gov.cn/2016js/201707/t20170712_2647856.htm,全国年度决算；采用决算数列，不是预算数；原行：全国政府性基金支出 | 41421.91 | 46878.32 | 113.2 | 111.8
fiscal_fund_expenditure_annual,CHN,2017,60968.59,亿元,A,2018-07-12,https://yss.mof.gov.cn/qgczjs/201807/t20180712_2959849.htm,全国年度决算；采用决算数列，不是预算数；原行：全国政府性基金支出 | 55473.16 | 60968.59 | 109.9 | 133.3
fiscal_fund_expenditure_annual,CHN,2018,80601.62,亿元,A,2019-07-18,https://yss.mof.gov.cn/2018czjs/201907/t20190718_3303324.htm,全国年度决算；采用决算数列，不是预算数；原行：全国政府性基金支出 | 78048.98 | 80601.62 | 103.3 | 132.1
fiscal_fund_expenditure_annual,CHN,2019,91647.77,亿元,A,2020-07-31,https://yss.mof.gov.cn/2019qgczjs/202007/t20200731_3559748.htm,全国年度决算；采用决算数列，不是预算数；原行：全国政府性基金支出 | 99801.72 | 91647.77 | 91.8 | 113.7
fiscal_fund_expenditure_annual,CHN,2020,118057.98,亿元,A,2021-09-17,https://yss.mof.gov.cn/2020zyjs/202109/t20210917_3753556.htm,全国年度决算；采用决算数列，不是预算数；原行：全国政府性基金支出 | 126123.59 | 118057.98 | 93.6 | 128.8
fiscal_fund_expenditure_annual,CHN,2021,113389.90,亿元,A,2022-07-28,https://yss.mof.gov.cn/2021zyjs/202207/t20220728_3830603.htm,全国年度决算；采用决算数列，不是预算数；原行：全国政府性基金支出 | 131265.74 | 113389.90 | 86.4 | 96.0
fiscal_fund_expenditure_annual,CHN,2022,110607.51,亿元,A,2023-08-25,https://yss.mof.gov.cn/2022zyjs/202308/t20230825_3904107.htm,全国年度决算；采用决算数列，不是预算数；原行：全国政府性基金支出 | 138991.34 | 110607.51 | 79.6 | 97.5
fiscal_fund_expenditure_annual,CHN,2023,101277.84,亿元,A,2024-08-30,https://yss.mof.gov.cn/2023zyjs/202408/t20240830_3942831.htm,全国年度决算；采用决算数列，不是预算数；原行：全国政府性基金支出 | 117962.99 | 101277.84 | 85.9 | 91.6
fiscal_fund_expenditure_annual,CHN,2024,101453.73,亿元,A,2025-09-04,https://yss.mof.gov.cn/2024zyjs/202509/t20250904_3971499.htm,全国年度决算；采用决算数列，不是预算数；原行：全国政府性基金支出 | 120193.92 | 101453.73 | 84.4 | 100.2
fiscal_fund_expenditure_annual,CHN,2025,112923.10,亿元,A,2026-09-16,https://yss.mof.gov.cn/2025zyjs/202609/t20260916_3997520.htm,全国年度决算；采用决算数列，不是预算数；原行：全国政府性基金支出 | 124884.06 | 112923.10 | 90.4 | 111.3
fiscal_fund_expenditure_ytd,CHN,2012-06,13587,亿元,M,2012-07-13,https://gks.mof.gov.cn/tongjishuju/201207/t20120713_666240.htm,"年内累计执行数，不是单月；原文：部分地区按规定陆续开征了此项基金。(二)政府性基金支出情况上半年累计,全国政府性基金支出13587亿元,比去年同期减少2335亿元,下降14.7%,主要受地方土地出让收入大"
fiscal_fund_expenditure_ytd,CHN,2012-07,15651,亿元,M,2012-08-10,https://gks.mof.gov.cn/tongjishuju/201208/t20120810_674581.htm,"年内累计执行数，不是单月；原文：少5009亿元,下降27.1%。(二)政府性基金支出情况1-7月累计,全国政府性基金支出15651亿元,比去年同期减少2685亿元,下降14.6%。其中,中央本级政府性基金"
fiscal_fund_expenditure_ytd,CHN,2012-08,18114,亿元,M,2012-09-11,https://gks.mof.gov.cn/tongjishuju/201209/t20120911_682031.htm,"年内累计执行数，不是单月；原文：少5493亿元,下降26.1%。(二)政府性基金支出情况1-8月累计,全国政府性基金支出18114亿元,比去年同期减少3255亿元,下降15.2%。其中,中央本级政府性基金"
fiscal_fund_expenditure_ytd,CHN,2012-09,21189,亿元,M,2012-10-18,https://gks.mof.gov.cn/tongjishuju/201210/t20121018_688653.htm,"年内累计执行数，不是单月；原文：少5386亿元,下降23.1%。(二)政府性基金支出情况前三季度累计,全国政府性基金支出21189亿元,比去年同期减少3447亿元,下降14%。其中,中央本级政府性基金支出"
fiscal_fund_expenditure_ytd,CHN,2012-10,23331,亿元,M,2012-11-14,https://gks.mof.gov.cn/tongjishuju/201211/t20121114_694678.htm,"年内累计执行数，不是单月；原文：5561亿元,下降21.7%。(二)政府性基金支出情况1-10月累计,全国政府性基金支出23331亿元,比去年同期减少3469亿元,下降12.9%。其中,中央本级政府性基金"
fiscal_fund_expenditure_ytd,CHN,2012-11,26873,亿元,M,2012-12-11,https://gks.mof.gov.cn/tongjishuju/201212/t20121211_713211.htm,"年内累计执行数，不是单月；原文：4983亿元,下降17.5%。(二)政府性基金支出情况1-11月累计,全国政府性基金支出26873亿元,比去年同期减少3389亿元,下降11.2%。其中,中央本级政府性基金"
fiscal_fund_expenditure_ytd,CHN,2012-12,36069,亿元,M,2013-01-22,https://gks.mof.gov.cn/tongjishuju/201301/t20130122_729462.htm,"年内累计执行数，不是单月；原文：减少4656亿元,下降14%。(二)政府性基金支出情况1-12月累计,全国政府性基金支出36069亿元,比上年减少3878亿元,下降9.7%。分中央和地方看,中央政府性基金"
fiscal_fund_expenditure_ytd,CHN,2013-03,7454,亿元,M,2013-04-15,https://gks.mof.gov.cn/tongjishuju/201304/t20130415_824878.htm,"年内累计执行数，不是单月；原文：去年一季度同比下降34.6%)。(二)政府性基金支出情况1-3月累计,全国政府性基金支出7454亿元,比去年同期增加1612亿元,增长27.6%。其中,中央本级政府性基金"
fiscal_fund_expenditure_ytd,CHN,2013-06,17819,亿元,M,2013-07-15,https://gks.mof.gov.cn/tongjishuju/201307/t20130715_966250.htm,"年内累计执行数，不是单月；原文：去年上半年同比下降27.5%)。(二)政府性基金支出情况1-6月累计,全国政府性基金支出17819亿元,比去年同期增加4232亿元,增长31.1%。其中,中央本级政府性基金"
fiscal_fund_expenditure_ytd,CHN,2013-09,28299,亿元,M,2013-10-18,https://gks.mof.gov.cn/tongjishuju/201310/t20131018_1000698.htm,"年内累计执行数，不是单月；原文：6%(去年同期下降23.1%)。(二)政府性基金支出情况1-9月累计,全国政府性基金支出28299亿元,比去年同期增加7109亿元,增长33.6%。其中,中央本级政府性基金"
fiscal_fund_expenditure_ytd,CHN,2013-12,50116,亿元,M,2014-01-23,https://gks.mof.gov.cn/tongjishuju/201401/t20140123_1038541.htm,"年内累计执行数，不是单月；原文：2732亿元,增长44.6%。(二)政府性基金支出情况1-12月累计,全国政府性基金支出50116亿元,比上年增加13786亿元,增长37.9%。中央本级政府性基金支出27"
fiscal_fund_expenditure_ytd,CHN,2014-03,10018,亿元,M,2014-04-17,https://gks.mof.gov.cn/tongjishuju/201404/t20140417_1068713.htm,"年内累计执行数，不是单月；原文：802亿元,同比增长40.3%。(二)政府性基金支出情况1-3月累计,全国政府性基金支出10018亿元,比去年同期增加2563亿元,增长34.4%。其中,中央本级政府性基金"
fiscal_fund_expenditure_ytd,CHN,2014-06,22126,亿元,M,2014-07-14,https://gks.mof.gov.cn/tongjishuju/201407/t20140714_1112497.htm,"年内累计执行数，不是单月；原文：%(6月份回落至增长7.3%)。(二)政府性基金支出情况1-6月累计,全国政府性基金支出22126亿元,比去年同期增加4307亿元,增长24.2%。其中,中央本级政府性基金"
fiscal_fund_expenditure_ytd,CHN,2014-09,33238,亿元,M,2014-10-21,https://gks.mof.gov.cn/tongjishuju/201410/t20141021_1153225.htm,"年内累计执行数，不是单月；原文：.6%(9月份下降21.1%)。(二)政府性基金支出情况1-9月累计,全国政府性基金支出33238亿元,比去年同期增加4940亿元,增长17.5%。其中,中央本级政府性基金"
fiscal_fund_expenditure_ytd,CHN,2014-12,51388,亿元,M,2015-01-30,https://gks.mof.gov.cn/tongjishuju/201501/t20150130_1186487.htm,"年内累计执行数，不是单月；原文：加1340亿元,增长3.2%。(二)政府性基金支出情况1-12月累计,全国政府性基金支出51388亿元,比上年增加887亿元,增长1.8%。分中央和地方看,中央本级政府性基"
fiscal_fund_expenditure_ytd,CHN,2015-02,4493,亿元,M,2015-03-16,https://gks.mof.gov.cn/tongjishuju/201503/t20150316_1202393.htm,"年内累计执行数，不是单月；原文：少2579亿元,下降36.2%。(二)政府性基金支出情况1-2月累计,全国政府性基金支出4493亿元,比去年同期下降21%,考虑部分政府性基金转列一般公共预算影响为同口径"
fiscal_fund_expenditure_ytd,CHN,2015-03,7564,亿元,M,2015-04-16,https://gks.mof.gov.cn/tongjishuju/201504/t20150416_1217866.htm,"年内累计执行数，不是单月；原文：897亿元,下降36.1%。(二)政府性基金预算支出情况1-3月累计,全国政府性基金预算支出7564亿元,比去年同期下降24.5%;扣除部分政府性基金转列一般公共预算影响,同"
fiscal_fund_expenditure_ytd,CHN,2015-04,10355,亿元,M,2015-05-14,https://gks.mof.gov.cn/tongjishuju/201505/t20150514_1231836.htm,"年内累计执行数，不是单月；原文：572亿元,下降38.2%。(二)政府性基金预算支出情况1-4月累计,全国政府性基金预算支出10355亿元,比去年同期下降21.5%;考虑部分政府性基金转列一般公共预算影响,同"
fiscal_fund_expenditure_ytd,CHN,2015-05,13004,亿元,M,2015-06-11,https://gks.mof.gov.cn/tongjishuju/201506/t20150611_1255977.htm,"年内累计执行数，不是单月；原文：231亿元,下降40.1%。(二)政府性基金预算支出情况1-5月累计,全国政府性基金预算支出13004亿元,比去年同期下降22%;扣除部分政府性基金转列一般公共预算影响,同口径"
fiscal_fund_expenditure_ytd,CHN,2015-06,17059,亿元,M,2015-07-15,https://gks.mof.gov.cn/tongjishuju/201507/t20150715_1315558.htm,"年内累计执行数，不是单月；原文：%(6月份下降27.5%)。(二)政府性基金预算支出情况1-6月累计,全国政府性基金预算支出17059亿元,比去年同期下降22.9%,同口径下降20.3%。中央本级政府性基金预"
fiscal_fund_expenditure_ytd,CHN,2015-07,19557,亿元,M,2015-08-12,https://gks.mof.gov.cn/tongjishuju/201508/t20150812_1415683.htm,"年内累计执行数，不是单月；原文：536亿元,下降38.2%。(二)政府性基金预算支出情况1-7月累计,全国政府性基金预算支出19557亿元,比去年同期下降23.2%,同口径下降20.5%。中央本级政府性基金预"
fiscal_fund_expenditure_ytd,CHN,2015-08,22243,亿元,M,2015-09-15,https://gks.mof.gov.cn/tongjishuju/201509/t20150915_1458377.htm,"年内累计执行数，不是单月；原文：950亿元,下降38.4%。(二)政府性基金预算支出情况1-8月累计,全国政府性基金预算支出22243亿元,比去年同期下降23.1%,同口径下降20.4%。中央本级政府性基金预"
fiscal_fund_expenditure_ytd,CHN,2015-09,26499,亿元,M,2015-10-19,https://gks.mof.gov.cn/tongjishuju/201510/t20151019_1509539.htm,"年内累计执行数，不是单月；原文：7%(9月份增长3.5%)。(二)政府性基金预算支出情况1-9月累计,全国政府性基金预算支出26499亿元,比去年同期下降20.3%,同口径下降17.2%。中央本级政府性基金预"
fiscal_fund_expenditure_ytd,CHN,2015-10,28990,亿元,M,2015-11-12,https://gks.mof.gov.cn/tongjishuju/201511/t20151112_1557086.htm,"年内累计执行数，不是单月；原文：(10月份下降3.1%)。(二)政府性基金预算支出情况1-10月累计,全国政府性基金预算支出28990亿元,比去年同期下降19%,同口径下降15.7%。中央本级政府性基金预算支"
fiscal_fund_expenditure_ytd,CHN,2015-11,32934,亿元,M,2015-12-14,https://gks.mof.gov.cn/tongjishuju/201512/t20151214_1613357.htm,"年内累计执行数，不是单月；原文：(11月份增长7.4%)。(二)政府性基金预算支出情况1-11月累计,全国政府性基金预算支出32934亿元,比去年同期减少6795亿元,下降17.1%,同口径下降13.5%。中"
fiscal_fund_expenditure_ytd,CHN,2015-12,42364,亿元,M,2016-01-29,https://gks.mof.gov.cn/tongjishuju/201601/t20160129_1661457.htm,"年内累计执行数，不是单月；原文：40亿元,下降21.4%。(二)政府性基金预算支出情况1-12月累计,全国政府性基金预算支出42364亿元,比上年下降17.7%,同口径下降12.7%。分中央和地方看,中央本级"
fiscal_fund_expenditure_ytd,CHN,2016-02,3477,亿元,M,2016-03-16,https://gks.mof.gov.cn/tongjishuju/201603/t20160316_1911309.htm,"年内累计执行数，不是单月；原文：入4553亿元,与去年同期持平。(二)政府性基金支出情况1-2月累计,全国政府性基金支出3477亿元,同比下降22.1%。分中央和地方看,中央政府性基金本级支出130亿元"
fiscal_fund_expenditure_ytd,CHN,2016-03,6823,亿元,M,2016-04-15,https://gks.mof.gov.cn/tongjishuju/201604/t20160415_1951291.htm,"年内累计执行数，不是单月；原文：.7%(3月份增长16.9%)。(二)政府性基金支出情况1-3月累计,全国政府性基金支出6823亿元,同比下降9%。分中央和地方看,中央政府性基金本级支出226亿元,同比"
fiscal_fund_expenditure_ytd,CHN,2016-04,8921,亿元,M,2016-05-13,https://gks.mof.gov.cn/tongjishuju/201605/t20160513_1989015.htm,"年内累计执行数，不是单月；原文：5.8%(4月份增长5.9%)。(二)政府性基金支出情况1-4月累计,全国政府性基金支出8921亿元,同比下降13.2%。分中央和地方看,中央政府性基金本级支出239亿元"
fiscal_fund_expenditure_ytd,CHN,2016-05,11988,亿元,M,2016-06-13,https://gks.mof.gov.cn/tongjishuju/201606/t20160613_2321911.htm,"年内累计执行数，不是单月；原文：.3%(5月份增长21.4%)。(二)政府性基金支出情况1-5月累计,全国政府性基金支出11988亿元,同比下降7.1%。分中央和地方看,中央政府性基金本级支出368亿元,"
fiscal_fund_expenditure_ytd,CHN,2016-06,16640,亿元,M,2016-07-15,https://gks.mof.gov.cn/tongjishuju/201607/t20160715_2358299.htm,"年内累计执行数，不是单月；原文：4303亿元,同比增长9.7%。(二)政府性基金支出情况1-6月累计,全国政府性基金支出16640亿元,同比下降1.5%。分中央和地方看,中央政府性基金本级支出705亿元,"
fiscal_fund_expenditure_ytd,CHN,2016-07,19917,亿元,M,2016-08-12,https://gks.mof.gov.cn/tongjishuju/201608/t20160812_2386335.htm,"年内累计执行数，不是单月；原文：288亿元,同比增长12.1%。(二)政府性基金支出情况1-7月累计,全国政府性基金支出19917亿元,同比增长2.7%。分中央和地方看,中央政府性基金本级支出952亿元,"
fiscal_fund_expenditure_ytd,CHN,2016-08,23671,亿元,M,2016-09-13,https://gks.mof.gov.cn/tongjishuju/201609/t20160913_2416150.htm,"年内累计执行数，不是单月；原文：20057亿元,同比增长14%。(二)政府性基金支出情况1-8月累计,全国政府性基金支出23671亿元,同比增长7.3%。分中央和地方看,中央政府性基金本级支出1237亿元"
fiscal_fund_expenditure_ytd,CHN,2016-09,28121,亿元,M,2016-10-19,https://gks.mof.gov.cn/tongjishuju/201610/t20161019_2438319.htm,"年内累计执行数，不是单月；原文：23306亿元,同比增长14%。(二)政府性基金支出情况1-9月累计,全国政府性基金支出28121亿元,同比增长7%。分中央和地方看,中央政府性基金本级支出1471亿元,同"
fiscal_fund_expenditure_ytd,CHN,2016-10,31207,亿元,M,2016-11-14,https://gks.mof.gov.cn/tongjishuju/201611/t20161114_2457343.htm,"年内累计执行数，不是单月；原文：46亿元,同比增长15.2%。(二)政府性基金支出情况1-10月累计,全国政府性基金支出31207亿元,同比增长8.5%。分中央和地方看,中央政府性基金本级支出1892亿元"
fiscal_fund_expenditure_ytd,CHN,2016-11,35994,亿元,M,2016-12-13,https://gks.mof.gov.cn/tongjishuju/201612/t20161213_2480335.htm,"年内累计执行数，不是单月；原文：亿元,同比增长19.1%。(二)政府性基金预算支出情况1-11月累计,全国政府性基金预算支出35994亿元,同比增长10.2%。分中央和地方看,中央政府性基金预算本级支出216"
fiscal_fund_expenditure_ytd,CHN,2016-12,46852,亿元,M,2017-01-23,https://gks.mof.gov.cn/tongjishuju/201701/t20170123_2526014.htm,"年内累计执行数，不是单月；原文：57亿元,同比增长15.1%。(二)政府性基金支出情况1-12月累计,全国政府性基金支出46852亿元,比上年增长11.7%。分中央和地方看,中央政府性基金本级支出2890"
fiscal_fund_expenditure_ytd,CHN,2017-02,4298,亿元,M,2017-03-15,https://gks.mof.gov.cn/tongjishuju/201703/t20170315_2557696.htm,"年内累计执行数，不是单月；原文：196亿元,同比增长36.1%。(二)政府性基金支出情况1-2月累计,全国政府性基金支出4298亿元,比去年同期增加822亿元,增长23.6%。分中央和地方看,中央政府性"
fiscal_fund_expenditure_ytd,CHN,2017-03,8090,亿元,M,2017-04-14,https://gks.mof.gov.cn/tongjishuju/201704/t20170414_2580092.htm,"年内累计执行数，不是单月；原文：486亿元,同比增长29.9%。(二)政府性基金支出情况1-3月累计,全国政府性基金支出8090亿元,同比增长18.6%。分中央和地方看,中央政府性基金本级支出155亿元"
fiscal_fund_expenditure_ytd,CHN,2017-04,10888,亿元,M,2017-05-12,https://gks.mof.gov.cn/tongjishuju/201705/t20170512_2599552.htm,"年内累计执行数，不是单月；原文：767亿元,同比增长36.4%。(二)政府性基金支出情况1-4月累计,全国政府性基金支出10888亿元,同比增长23.7%。分中央和地方看,中央政府性基金本级支出184亿元"
fiscal_fund_expenditure_ytd,CHN,2017-05,14391,亿元,M,2017-06-12,https://gks.mof.gov.cn/tongjishuju/201706/t20170612_2620783.htm,"年内累计执行数，不是单月；原文：1亿元,同比增长32.8%。(二)政府性基金预算支出情况1-5月累计,全国政府性基金预算支出14391亿元,同比增长21.6%。分中央和地方看,中央政府性基金预算本级支出400"
fiscal_fund_expenditure_ytd,CHN,2017-06,20491,亿元,M,2017-07-14,https://gks.mof.gov.cn/tongjishuju/201707/t20170714_2649642.htm,"年内累计执行数，不是单月；原文：836亿元,同比增长34%。(二)政府性基金预算支出情况1-6月累计,全国政府性基金预算支出20491亿元,同比增长24.6%。分中央和地方看,中央政府性基金预算本级支出842"
fiscal_fund_expenditure_ytd,CHN,2017-07,24943,亿元,M,2017-08-11,https://gks.mof.gov.cn/tongjishuju/201708/t20170811_2671049.htm,"年内累计执行数，不是单月；原文：7亿元,同比增长37.3%。(二)政府性基金预算支出情况1-7月累计,全国政府性基金预算支出24943亿元,同比增长26.7%。分中央和地方看,中央政府性基金预算本级支出907"
fiscal_fund_expenditure_ytd,CHN,2017-08,30268,亿元,M,2017-09-11,https://gks.mof.gov.cn/tongjishuju/201709/t20170911_2695830.htm,"年内累计执行数，不是单月；原文：4亿元,同比增长37.3%。(二)政府性基金预算支出情况1-8月累计,全国政府性基金预算支出30268亿元,同比增长29.4%。分中央和地方看,中央政府性基金预算本级支出121"
fiscal_fund_expenditure_ytd,CHN,2017-09,36488,亿元,M,2017-10-16,https://gks.mof.gov.cn/tongjishuju/201710/t20171016_2721764.htm,"年内累计执行数，不是单月；原文：1亿元,同比增长39.4%。(二)政府性基金预算支出情况1-9月累计,全国政府性基金预算支出36488亿元,同比增长31.4%。分中央和地方看,中央政府性基金预算本级支出154"
fiscal_fund_expenditure_ytd,CHN,2017-10,40218,亿元,M,2017-11-10,https://gks.mof.gov.cn/tongjishuju/201711/t20171110_2747635.htm,"年内累计执行数，不是单月；原文：亿元,同比增长37.3%。(二)政府性基金预算支出情况1-10月累计,全国政府性基金预算支出40218亿元,同比增长31.6%。分中央和地方看,中央政府性基金预算本级支出195"
fiscal_fund_expenditure_ytd,CHN,2017-11,46188,亿元,M,2017-12-11,https://gks.mof.gov.cn/tongjishuju/201712/t20171211_2771156.htm,"年内累计执行数，不是单月；原文：元,同比增长35.3%。(二)政府性基金预算支出情况。1-11月累计,全国政府性基金预算支出46188亿元,同比增长31.2%。分中央和地方看,中央政府性基金预算本级支出227"
fiscal_fund_expenditure_ytd,CHN,2017-12,60700,亿元,M,2018-01-25,https://gks.mof.gov.cn/tongjishuju/201801/t20180125_2800116.htm,"年内累计执行数，不是单月；原文：元,同比增长40.7%。(二)政府性基金预算支出情况。1-12月累计,全国政府性基金预算支出60700亿元,同比增长32.7%。分中央和地方看,中央政府性基金预算本级支出268"
fiscal_fund_expenditure_ytd,CHN,2018-02,6828,亿元,M,2018-03-21,https://gks.mof.gov.cn/tongjishuju/201803/t20180321_2846272.htm,"年内累计执行数，不是单月；原文：亿元,同比增长38.9%。(二)政府性基金预算支出情况。1-2月累计,全国政府性基金预算支出6828亿元,同比增长60.2%。分中央和地方看,中央政府性基金预算本级支出44亿"
fiscal_fund_expenditure_ytd,CHN,2018-03,12111,亿元,M,2018-04-18,https://gks.mof.gov.cn/tongjishuju/201804/t20180418_2872296.htm,"年内累计执行数，不是单月；原文：亿元,同比增长41.8%。(二)政府性基金预算支出情况。1-3月累计,全国政府性基金预算支出12111亿元,同比增长50.7%。分中央和地方看,中央政府性基金预算本级支出155"
fiscal_fund_expenditure_ytd,CHN,2018-04,16207,亿元,M,2018-05-14,https://gks.mof.gov.cn/tongjishuju/201805/t20180514_2894051.htm,"年内累计执行数，不是单月；原文：亿元,同比增长40.7%。(二)政府性基金预算支出情况。1-4月累计,全国政府性基金预算支出16207亿元,同比增长48.9%。分中央和地方看,中央政府性基金预算本级支出183"
fiscal_fund_expenditure_ytd,CHN,2018-05,20983,亿元,M,2018-06-14,https://gks.mof.gov.cn/tongjishuju/201806/t20180614_2929000.htm,"年内累计执行数，不是单月；原文：亿元,同比增长45.9%。(二)政府性基金预算支出情况。1-5月累计,全国政府性基金预算支出20983亿元,同比增长45.8%。分中央和地方看,中央政府性基金预算本级支出322"
fiscal_fund_expenditure_ytd,CHN,2018-06,28130,亿元,M,2018-07-17,https://gks.mof.gov.cn/tongjishuju/201807/t20180717_2962605.htm,"年内累计执行数，不是单月；原文：41亿元,同比增长43%。(二)政府性基金预算支出情况。1-6月累计,全国政府性基金预算支出28130亿元,同比增长37.3%。分中央和地方看,中央政府性基金预算本级支出808"
fiscal_fund_expenditure_ytd,CHN,2018-07,33223,亿元,M,2018-08-13,https://gks.mof.gov.cn/tongjishuju/201808/t20180813_2986604.htm,"年内累计执行数，不是单月；原文：亿元,同比增长35.1%。(二)政府性基金预算支出情况。1-7月累计,全国政府性基金预算支出33223亿元,同比增长33.2%。分中央和地方看,中央政府性基金预算本级支出915"
fiscal_fund_expenditure_ytd,CHN,2018-08,40320,亿元,M,2018-09-12,https://gks.mof.gov.cn/tongjishuju/201809/t20180912_3018274.htm,"年内累计执行数，不是单月；原文：亿元,同比增长36.4%。(二)政府性基金预算支出情况。1-8月累计,全国政府性基金预算支出40320亿元,同比增长33.2%。分中央和地方看,中央政府性基金预算本级支出136"
fiscal_fund_expenditure_ytd,CHN,2018-09,49728,亿元,M,2018-10-18,https://gks.mof.gov.cn/tongjishuju/201810/t20181018_3049941.htm,"年内累计执行数，不是单月；原文：亿元,同比增长32.1%。(二)政府性基金预算支出情况。1-9月累计,全国政府性基金预算支出49728亿元,同比增长36.3%。分中央和地方看,中央政府性基金预算本级支出198"
fiscal_fund_expenditure_ytd,CHN,2018-10,55979,亿元,M,2018-11-13,https://gks.mof.gov.cn/tongjishuju/201811/t20181113_3066040.htm,"年内累计执行数，不是单月；原文：元,同比增长32.1%。(二)政府性基金预算支出情况。1-10月累计,全国政府性基金预算支出55979亿元,同比增长39.2%。其中,中央政府性基金预算本级支出2248亿元,同"
fiscal_fund_expenditure_ytd,CHN,2018-11,63825,亿元,M,2018-12-13,https://gks.mof.gov.cn/tongjishuju/201812/t20181213_3092474.htm,"年内累计执行数，不是单月；原文：元,同比增长28.9%。(二)政府性基金预算支出情况。1-11月累计,全国政府性基金预算支出63825亿元,同比增长38.2%。其中,中央政府性基金预算本级支出2376亿元,同"
fiscal_fund_expenditure_ytd,CHN,2018-12,80562,亿元,M,2019-01-23,https://gks.mof.gov.cn/tongjishuju/201901/t20190123_3131221.htm,"年内累计执行数，不是单月；原文：6亿元,同比增长25%。(二)政府性基金预算支出情况。1-12月累计,全国政府性基金预算支出80562亿元,同比增长32.1%。其中,中央政府性基金预算本级支出3089亿元,同"
fiscal_fund_expenditure_ytd,CHN,2019-02,14374,亿元,M,2019-03-18,https://gks.mof.gov.cn/tongjishuju/201903/t20190318_3195073.htm,"年内累计执行数，不是单月；原文：7亿元,同比下降5.3%。(二)政府性基金预算支出情况。1-2月累计,全国政府性基金预算支出14374亿元,同比增长1.1倍。分中央和地方看,中央政府性基金预算本级支出107亿"
fiscal_fund_expenditure_ytd,CHN,2019-03,18881,亿元,M,2019-04-16,https://gks.mof.gov.cn/tongjishuju/201904/t20190416_3226133.htm,"年内累计执行数，不是单月；原文：用权出让收入下降9.5%。(二)政府性基金预算支出情况。1-3月累计,全国政府性基金预算支出18881亿元,同比增长55.9%。分中央和地方看,中央政府性基金预算本级支出293"
fiscal_fund_expenditure_ytd,CHN,2019-04,22421,亿元,M,2019-05-13,https://gks.mof.gov.cn/tongjishuju/201905/t20190513_3256526.htm,"年内累计执行数，不是单月；原文：用权出让收入下降7.6%。(二)政府性基金预算支出情况。1-4月累计,全国政府性基金预算支出22421亿元,同比增长38.3%。分中央和地方看,中央政府性基金预算本级支出365"
fiscal_fund_expenditure_ytd,CHN,2019-05,27857,亿元,M,2019-06-14,https://gks.mof.gov.cn/tongjishuju/201906/t20190614_3277502.htm,"年内累计执行数，不是单月；原文：地使用权出让收入下降6%。(二)政府性基金预算支出情况。1-5月累计,全国政府性基金预算支出27857亿元,同比增长32.8%。分中央和地方看,中央政府性基金预算本级支出542"
fiscal_fund_expenditure_ytd,CHN,2019-06,37150,亿元,M,2019-07-16,https://gks.mof.gov.cn/tongjishuju/201907/t20190716_3301309.htm,"年内累计执行数，不是单月；原文：用权出让收入下降0.8%。(二)政府性基金预算支出情况。1-6月累计,全国政府性基金预算支出37150亿元,同比增长32.1%。分中央和地方看,中央政府性基金预算本级支出874"
fiscal_fund_expenditure_ytd,CHN,2019-07,44446,亿元,M,2019-08-16,https://gks.mof.gov.cn/tongjishuju/201908/t20190816_3365669.htm,"年内累计执行数，不是单月；原文：出让收入同比增长3.1%。(二)政府性基金预算支出情况。1-7月累计,全国政府性基金预算支出44446亿元,同比增长33.8%。分中央和地方看,中央政府性基金预算本级支出130"
fiscal_fund_expenditure_ytd,CHN,2019-08,52745,亿元,M,2019-09-17,https://gks.mof.gov.cn/tongjishuju/201909/t20190917_3387489.htm,"年内累计执行数，不是单月；原文：出让收入同比增长4.2%。(二)政府性基金预算支出情况。1-8月累计,全国政府性基金预算支出52745亿元,同比增长30.8%。分中央和地方看,中央政府性基金预算本级支出161"
fiscal_fund_expenditure_ytd,CHN,2019-09,61768,亿元,M,2019-10-17,https://gks.mof.gov.cn/tongjishuju/201910/t20191017_3404670.htm,"年内累计执行数，不是单月；原文：出让收入同比增长5.8%。(二)政府性基金预算支出情况。1-9月累计,全国政府性基金预算支出61768亿元,同比增长24.2%。分中央和地方看,中央政府性基金预算本级支出183"
fiscal_fund_expenditure_ytd,CHN,2019-10,68647,亿元,M,2019-11-19,https://gks.mof.gov.cn/tongjishuju/201911/t20191119_3425243.htm,"年内累计执行数，不是单月；原文：让收入同比增长6.9%。(二)政府性基金预算支出情况。1—10月累计,全国政府性基金预算支出68647亿元,同比增长22.6%。分中央和地方看,中央政府性基金预算本级支出202"
fiscal_fund_expenditure_ytd,CHN,2019-11,75976,亿元,M,2019-12-17,https://gks.mof.gov.cn/tongjishuju/201912/t20191217_3443437.htm,"年内累计执行数，不是单月；原文：让收入同比增长8.1%。(二)政府性基金预算支出情况。1-11月累计,全国政府性基金预算支出75976亿元,同比增长19%。分中央和地方看,中央政府性基金预算本级支出2312亿"
fiscal_fund_expenditure_ytd,CHN,2019-12,91365,亿元,M,2020-02-10,https://gks.mof.gov.cn/tongjishuju/202002/t20200210_3467695.htm,"年内累计执行数，不是单月；原文：用权出让收入增长11.4%。(二)政府性基金预算支出情况。2019年,全国政府性基金预算支出91365亿元,同比增长13.4%。分中央和地方看,中央政府性基金预算本级支出311"
fiscal_fund_expenditure_ytd,CHN,2020-02,12879,亿元,M,2020-03-24,https://gks.mof.gov.cn/tongjishuju/202003/t20200324_3487618.htm,"年内累计执行数，不是单月；原文：亿元,同比下降16.4%。(二)政府性基金预算支出情况。1-2月累计,全国政府性基金预算支出12879亿元,同比下降10.4%。分中央和地方看,中央政府性基金预算本级支出106"
fiscal_fund_expenditure_ytd,CHN,2020-03,19749,亿元,M,2020-04-20,https://gks.mof.gov.cn/tongjishuju/202004/t20200420_3501077.htm,"年内累计执行数，不是单月；原文：7亿元,同比下降7.9%。(二)政府性基金预算支出情况。1-3月累计,全国政府性基金预算支出19749亿元,同比增长4.6%。分中央和地方看,中央政府性基金预算本级支出194亿"
fiscal_fund_expenditure_ytd,CHN,2020-04,25766,亿元,M,2020-05-18,https://gks.mof.gov.cn/tongjishuju/202005/t20200518_3515422.htm,"年内累计执行数，不是单月；原文：9亿元,同比下降4.5%。(二)政府性基金预算支出情况。1-4月累计,全国政府性基金预算支出25766亿元(含用地方政府专项债券收入安排的支出),同比增长14.9%。分中央和地"
fiscal_fund_expenditure_ytd,CHN,2020-05,31856,亿元,M,2020-06-18,https://gks.mof.gov.cn/tongjishuju/202006/t20200618_3534764.htm,"年内累计执行数，不是单月；原文：1亿元,同比增长0.9%。(二)政府性基金预算支出情况。1-5月累计,全国政府性基金预算支出31856亿元,同比增长14.4%。分中央和地方看,中央政府性基金预算本级支出346"
fiscal_fund_expenditure_ytd,CHN,2020-06,45212,亿元,M,2020-07-17,https://gks.mof.gov.cn/tongjishuju/202007/t20200717_3551313.htm,"年内累计执行数，不是单月；原文：9亿元,同比增长5.2%。(二)政府性基金预算支出情况。1-6月累计,全国政府性基金预算支出45212亿元,同比增长21.7%。分中央和地方看,中央政府性基金预算本级支出630"
fiscal_fund_expenditure_ytd,CHN,2020-07,52985,亿元,M,2020-08-19,https://gks.mof.gov.cn/tongjishuju/202008/t20200819_3571405.htm,"年内累计执行数，不是单月；原文：1亿元,同比增长7.9%。(二)政府性基金预算支出情况。1-7月累计,全国政府性基金预算支出52985亿元,同比增长19.2%。分中央和地方看,中央政府性基金预算本级支出758"
fiscal_fund_expenditure_ytd,CHN,2020-08,63889,亿元,M,2020-09-19,https://gks.mof.gov.cn/tongjishuju/202009/t20200918_3591124.htm,"年内累计执行数，不是单月；原文：017亿元,同比增长9%。(二)政府性基金预算支出情况。1-8月累计,全国政府性基金预算支出63889亿元,同比增长21.1%。分中央和地方看,中央政府性基金预算本级支出151"
fiscal_fund_expenditure_ytd,CHN,2020-09,78218,亿元,M,2020-10-21,https://gks.mof.gov.cn/tongjishuju/202010/t20201021_3608237.htm,"年内累计执行数，不是单月；原文：亿元,同比增长10.3%。(二)政府性基金预算支出情况。1-9月累计,全国政府性基金预算支出78218亿元,同比增长26.6%。分中央和地方看,中央政府性基金预算本级支出174"
fiscal_fund_expenditure_ytd,CHN,2020-10,85619,亿元,M,2020-11-18,https://gks.mof.gov.cn/tongjishuju/202011/t20201118_3625212.htm,"年内累计执行数，不是单月；原文：元,同比增长10.1%。(二)政府性基金预算支出情况。1-10月累计,全国政府性基金预算支出85619亿元,同比增长24.7%。分中央和地方看,中央政府性基金预算本级支出192"
fiscal_fund_expenditure_ytd,CHN,2020-11,95553,亿元,M,2020-12-15,https://gks.mof.gov.cn/tongjishuju/202012/t20201215_3634732.htm,"年内累计执行数，不是单月；原文：元,同比增长12.9%。(二)政府性基金预算支出情况。1-11月累计,全国政府性基金预算支出95553亿元,同比增长25.8%。分中央和地方看,中央政府性基金预算本级支出220"
fiscal_fund_expenditure_ytd,CHN,2020-12,117999,亿元,M,2021-01-28,https://gks.mof.gov.cn/tongjishuju/202101/t20210128_3650522.htm,"年内累计执行数，不是单月；原文：2亿元,同比增长15.9%。(二)政府性基金预算支出情况。2020年,全国政府性基金预算支出117999亿元,同比增长28.8%。分中央和地方看,中央政府性基金预算本级支出271"
fiscal_fund_expenditure_ytd,CHN,2021-02,10977,亿元,M,2021-03-18,https://gks.mof.gov.cn/tongjishuju/202103/t20210318_3672268.htm,"年内累计执行数，不是单月；原文：亿元,同比增长67.1%。(二)政府性基金预算支出情况。1-2月累计,全国政府性基金预算支出10977亿元,同比下降14.8%。分中央和地方看,中央政府性基金预算本级支出46亿"
fiscal_fund_expenditure_ytd,CHN,2021-03,17331,亿元,M,2021-04-21,https://gks.mof.gov.cn/tongjishuju/202104/t20210421_3689433.htm,"年内累计执行数，不是单月；原文：亿元,同比增长48.1%。(二)政府性基金预算支出情况。1-3月累计,全国政府性基金预算支出17331亿元,同比下降12.2%。分中央和地方看,中央政府性基金预算本级支出176"
fiscal_fund_expenditure_ytd,CHN,2021-04,23289,亿元,M,2021-05-21,https://gks.mof.gov.cn/tongjishuju/202105/t20210521_3706159.htm,"年内累计执行数，不是单月；原文：83亿元,同比增长35%。(二)政府性基金预算支出情况。1-4月累计,全国政府性基金预算支出23289亿元,同比下降9.6%。分中央和地方看,中央政府性基金预算本级支出225亿"
fiscal_fund_expenditure_ytd,CHN,2021-05,29614,亿元,M,2021-06-17,https://gks.mof.gov.cn/tongjishuju/202106/t20210617_3720863.htm,"年内累计执行数，不是单月；原文：亿元,同比增长23.9%。(二)政府性基金预算支出情况。1-5月累计,全国政府性基金预算支出29614亿元,同比下降7%。分中央和地方看,中央政府性基金预算本级支出501亿元,"
fiscal_fund_expenditure_ytd,CHN,2021-06,41699,亿元,M,2021-07-20,https://gks.mof.gov.cn/tongjishuju/202107/t20210720_3739108.htm,"年内累计执行数，不是单月；原文：亿元,同比增长22.4%。(二)政府性基金预算支出情况。1-6月累计,全国政府性基金预算支出41699亿元,同比下降7.8%。分中央和地方看,中央政府性基金预算本级支出972亿"
fiscal_fund_expenditure_ytd,CHN,2021-07,49366,亿元,M,2021-08-20,https://gks.mof.gov.cn/tongjishuju/202108/t20210819_3746445.htm,"年内累计执行数，不是单月；原文：07亿元,同比增长18%。(二)政府性基金预算支出情况。1-7月累计,全国政府性基金预算支出49366亿元,同比下降6.8%。分中央和地方看,中央政府性基金预算本级支出1244"
fiscal_fund_expenditure_ytd,CHN,2021-08,59213,亿元,M,2021-09-17,https://gks.mof.gov.cn/tongjishuju/202109/t20210917_3753521.htm,"年内累计执行数，不是单月；原文：亿元,同比增长12.1%。(二)政府性基金预算支出情况。1-8月累计,全国政府性基金预算支出59213亿元,同比下降7.3%。分中央和地方看,中央政府性基金预算本级支出1603"
fiscal_fund_expenditure_ytd,CHN,2021-09,71373,亿元,M,2021-10-22,https://gks.mof.gov.cn/tongjishuju/202110/t20211022_3760014.htm,"年内累计执行数，不是单月；原文：4亿元,同比增长8.7%。(二)政府性基金预算支出情况。1-9月累计,全国政府性基金预算支出71373亿元,同比下降8.8%。分中央和地方看,中央政府性基金预算本级支出2072"
fiscal_fund_expenditure_ytd,CHN,2021-10,78155,亿元,M,2021-11-19,https://gks.mof.gov.cn/tongjishuju/202111/t20211119_3767219.htm,"年内累计执行数，不是单月；原文：亿元,同比增长6.1%。(二)政府性基金预算支出情况。1-10月累计,全国政府性基金预算支出78155亿元,同比下降8.7%。分中央和地方看,中央政府性基金预算本级支出2189"
fiscal_fund_expenditure_ytd,CHN,2021-11,90998,亿元,M,2021-12-17,https://gks.mof.gov.cn/tongjishuju/202112/t20211217_3775786.htm,"年内累计执行数，不是单月；原文：亿元,同比增长3.8%。(二)政府性基金预算支出情况。1-11月累计,全国政府性基金预算支出90998亿元,同比下降4.8%。分中央和地方看,中央政府性基金预算本级支出2526"
fiscal_fund_expenditure_ytd,CHN,2021-12,113661,亿元,M,2022-01-29,https://gks.mof.gov.cn/tongjishuju/202201/t20220128_3785692.htm,"年内累计执行数，不是单月；原文：51亿元,同比增长3.5%。(二)政府性基金预算支出情况。2021年,全国政府性基金预算支出113661亿元,同比下降3.7%。分中央和地方看,中央政府性基金预算本级支出3201"
fiscal_fund_expenditure_ytd,CHN,2022-02,14042,亿元,M,2022-03-18,https://gks.mof.gov.cn/tongjishuju/202203/t20220318_3796233.htm,"年内累计执行数，不是单月；原文：亿元,同比下降29.5%。(二)政府性基金预算支出情况。1-2月累计,全国政府性基金预算支出14042亿元,同比增长27.9%。分中央和地方看,中央政府性基金预算本级支出143"
fiscal_fund_expenditure_ytd,CHN,2022-03,24787,亿元,M,2022-04-20,https://gks.mof.gov.cn/tongjishuju/202204/t20220420_3804357.htm,"年内累计执行数，不是单月；原文：958亿元,同比下降27.4%。(二)政府性基金预算支出情况。一季度,全国政府性基金预算支出24787亿元,同比增长43%。分中央和地方看,中央政府性基金预算本级支出253亿元"
fiscal_fund_expenditure_ytd,CHN,2022-04,31488,亿元,M,2022-05-17,https://gks.mof.gov.cn/tongjishuju/202205/t20220517_3810958.htm,"年内累计执行数，不是单月；原文：比上年同期下降29.8%。(二)政府性基金预算支出情况。1-4月累计,全国政府性基金预算支出31488亿元,比上年同期增长35.2%。分中央和地方看,中央政府性基金预算本级支出"
fiscal_fund_expenditure_ytd,CHN,2022-05,39329,亿元,M,2022-06-16,https://gks.mof.gov.cn/tongjishuju/202206/t20220616_3818568.htm,"年内累计执行数，不是单月；原文：比上年同期下降28.7%。(二)政府性基金预算支出情况。1-5月累计,全国政府性基金预算支出39329亿元,比上年同期增长32.8%。分中央和地方看,中央政府性基金预算本级支出"
fiscal_fund_expenditure_ytd,CHN,2022-06,54826,亿元,M,2022-07-14,https://gks.mof.gov.cn/tongjishuju/202207/t20220714_3827010.htm,"年内累计执行数，不是单月；原文：亿元,比上年同期下降31.4%。(二)政府性基金预算支出情况。上半年,全国政府性基金预算支出54826亿元,比上年同期增长31.5%。分中央和地方看,中央政府性基金预算本级支出"
fiscal_fund_expenditure_ytd,CHN,2022-07,64062,亿元,M,2022-08-17,https://gks.mof.gov.cn/tongjishuju/202208/t20220817_3834300.htm,"年内累计执行数，不是单月；原文：比上年同期下降31.7%。(二)政府性基金预算支出情况。1-7月累计,全国政府性基金预算支出64062亿元,比上年同期增长29.8%。分中央和地方看,中央政府性基金预算本级支出"
fiscal_fund_expenditure_ytd,CHN,2022-08,73040,亿元,M,2022-09-16,https://gks.mof.gov.cn/tongjishuju/202209/t20220916_3840932.htm,"年内累计执行数，不是单月；原文：比上年同期下降28.5%。(二)政府性基金预算支出情况。1-8月累计,全国政府性基金预算支出73040亿元,比上年同期增长23.4%。分中央和地方看,中央政府性基金预算本级支出"
fiscal_fund_expenditure_ytd,CHN,2022-09,80294,亿元,M,2022-10-25,https://gks.mof.gov.cn/tongjishuju/202210/t20221025_3847842.htm,"年内累计执行数，不是单月；原文：比上年同期下降28.3%。(二)政府性基金预算支出情况。1-9月累计,全国政府性基金预算支出80294亿元,比上年同期增长12.5%。分中央和地方看,中央政府性基金预算本级支出"
fiscal_fund_expenditure_ytd,CHN,2022-10,85845,亿元,M,2022-11-17,https://gks.mof.gov.cn/tongjishuju/202211/t20221116_3851724.htm,"年内累计执行数，不是单月；原文：上年同期下降25.9%。(二)政府性基金预算支出情况。1-10月累计,全国政府性基金预算支出85845亿元,比上年同期增长9.8%。分中央和地方看,中央政府性基金预算本级支出3"
fiscal_fund_expenditure_ytd,CHN,2022-11,95961,亿元,M,2022-12-20,https://gks.mof.gov.cn/tongjishuju/202212/t20221220_3858837.htm,"年内累计执行数，不是单月；原文：上年同期下降24.4%。(二)政府性基金预算支出情况。1-11月累计,全国政府性基金预算支出95961亿元,比上年同期增长5.5%。分中央和地方看,中央政府性基金预算本级支出4"
fiscal_fund_expenditure_ytd,CHN,2022-12,110583,亿元,M,2023-01-30,https://gks.mof.gov.cn/tongjishuju/202301/t20230130_3864368.htm,"年内累计执行数，不是单月；原文：亿元,比上年下降23.3%。(二)政府性基金预算支出情况。2022年,全国政府性基金预算支出110583亿元,比上年下降2.5%。分中央和地方看,中央政府性基金预算本级支出554"
fiscal_fund_expenditure_ytd,CHN,2023-02,12493,亿元,M,2023-03-17,https://gks.mof.gov.cn/tongjishuju/202303/t20230317_3873328.htm,"年内累计执行数，不是单月；原文：27亿元,同比下降29%。(二)政府性基金预算支出情况。1-2月累计,全国政府性基金预算支出12493亿元,同比下降11%。分中央和地方看,中央政府性基金预算本级支出171亿元"
fiscal_fund_expenditure_ytd,CHN,2023-03,21066,亿元,M,2023-04-18,https://gks.mof.gov.cn/tongjishuju/202304/t20230417_3879297.htm,"年内累计执行数，不是单月；原文：入8728亿元,同比下降27%。(二)政府性基金预算支出情况。一季度,全国政府性基金预算支出21066亿元,同比下降15%。分中央和地方看,中央政府性基金预算本级支出250亿元"
fiscal_fund_expenditure_ytd,CHN,2023-04,27928,亿元,M,2023-05-18,https://gks.mof.gov.cn/tongjishuju/202305/t20230518_3885232.htm,"年内累计执行数，不是单月；原文：亿元,同比下降21.7%。(二)政府性基金预算支出情况。1-4月累计,全国政府性基金预算支出27928亿元,同比下降11.3%。分中央和地方看,中央政府性基金预算本级支出329"
fiscal_fund_expenditure_ytd,CHN,2023-05,34343,亿元,M,2023-06-16,https://gks.mof.gov.cn/tongjishuju/202306/t20230616_3891062.htm,"年内累计执行数，不是单月；原文：93亿元,同比下降20%。(二)政府性基金预算支出情况。1-5月累计,全国政府性基金预算支出34343亿元,同比下降12.7%。分中央和地方看,中央政府性基金预算本级支出503"
fiscal_fund_expenditure_ytd,CHN,2023-06,43222,亿元,M,2023-07-19,https://gks.mof.gov.cn/tongjishuju/202307/t20230719_3897130.htm,"年内累计执行数，不是单月；原文：687亿元,同比下降20.9%。(二)政府性基金预算支出情况。上半年,全国政府性基金预算支出43222亿元,同比下降21.2%。分中央和地方看,中央政府性基金预算本级支出749"
fiscal_fund_expenditure_ytd,CHN,2023-07,49147,亿元,M,2023-08-21,https://gks.mof.gov.cn/tongjishuju/202308/t20230821_3903162.htm,"年内累计执行数，不是单月；原文：亿元,同比下降19.1%。(二)政府性基金预算支出情况。1-7月累计,全国政府性基金预算支出49147亿元,同比下降23.3%。分中央和地方看,中央政府性基金预算本级支出896"
fiscal_fund_expenditure_ytd,CHN,2023-08,57218,亿元,M,2023-09-15,https://gks.mof.gov.cn/tongjishuju/202309/t20230915_3907507.htm,"年内累计执行数，不是单月；原文：亿元,同比下降19.6%。(二)政府性基金预算支出情况。1-8月累计,全国政府性基金预算支出57218亿元,同比下降21.7%。分中央和地方看,中央政府性基金预算本级支出152"
fiscal_fund_expenditure_ytd,CHN,2023-09,66368,亿元,M,2023-10-24,https://gks.mof.gov.cn/tongjishuju/202310/t20231024_3912883.htm,"年内累计执行数，不是单月；原文：亿元,同比下降19.8%。(二)政府性基金预算支出情况。1-9月累计,全国政府性基金预算支出66368亿元,同比下降17.3%。分中央和地方看,中央政府性基金预算本级支出192"
fiscal_fund_expenditure_ytd,CHN,2023-10,72899,亿元,M,2023-11-15,https://gks.mof.gov.cn/tongjishuju/202311/t20231115_3916710.htm,"年内累计执行数，不是单月；原文：元,同比下降20.5%。(二)政府性基金预算支出情况。1-10月累计,全国政府性基金预算支出72899亿元,同比下降15.1%。分中央和地方看,中央政府性基金预算本级支出209"
fiscal_fund_expenditure_ytd,CHN,2023-11,83181,亿元,M,2023-12-15,https://gks.mof.gov.cn/tongjishuju/202312/t20231215_3922522.htm,"年内累计执行数，不是单月；原文：元,同比下降17.9%。(二)政府性基金预算支出情况。1-11月累计,全国政府性基金预算支出83181亿元,同比下降13.3%。分中央和地方看,中央政府性基金预算本级支出258"
fiscal_fund_expenditure_ytd,CHN,2023-12,101339,亿元,M,2024-02-01,https://gks.mof.gov.cn/tongjishuju/202402/t20240201_3928009.htm,"年内累计执行数，不是单月；原文：6亿元,同比下降13.2%。(二)政府性基金预算支出情况。2023年,全国政府性基金预算支出101339亿元,同比下降8.4%。分中央和地方看,中央政府性基金预算本级支出4851"
fiscal_fund_expenditure_ytd,CHN,2024-02,11223,亿元,M,2024-03-21,https://gks.mof.gov.cn/tongjishuju/202403/t20240321_3931078.htm,"年内累计执行数，不是单月；原文：5625亿元,与去年同期持平。(二)政府性基金预算支出情况。1-2月,全国政府性基金预算支出11223亿元,同比下降10.2%。分中央和地方看,中央政府性基金预算本级支出264"
fiscal_fund_expenditure_ytd,CHN,2024-03,17798,亿元,M,2024-04-22,https://gks.mof.gov.cn/tongjishuju/202404/t20240422_3933193.htm,"年内累计执行数，不是单月；原文：8147亿元,同比下降6.7%。(二)政府性基金预算支出情况。一季度,全国政府性基金预算支出17798亿元,同比下降15.5%。分中央和地方看,中央政府性基金预算本级支出345"
fiscal_fund_expenditure_ytd,CHN,2024-04,22198,亿元,M,2024-05-20,https://gks.mof.gov.cn/tongjishuju/202405/t20240517_3935136.htm,"年内累计执行数，不是单月；原文：36亿元,同比下降10.4%。(二)政府性基金预算支出情况。1-4月,全国政府性基金预算支出22198亿元,同比下降20.5%。分中央和地方看,中央政府性基金预算本级支出440"
fiscal_fund_expenditure_ytd,CHN,2024-05,27704,亿元,M,2024-06-24,https://gks.mof.gov.cn/tongjishuju/202406/t20240624_3937803.htm,"年内累计执行数，不是单月；原文：2810亿元,同比下降14%。(二)政府性基金预算支出情况。1-5月,全国政府性基金预算支出27704亿元,同比下降19.3%。分中央和地方看,中央政府性基金预算本级支出604"
fiscal_fund_expenditure_ytd,CHN,2024-06,35599,亿元,M,2024-07-22,https://gks.mof.gov.cn/tongjishuju/202407/t20240722_3939942.htm,"年内累计执行数，不是单月；原文：263亿元,同比下降18.3%。(二)政府性基金预算支出情况。上半年,全国政府性基金预算支出35599亿元,同比下降17.6%。分中央和地方看,中央政府性基金预算本级支出872"
fiscal_fund_expenditure_ytd,CHN,2024-07,41228,亿元,M,2024-08-26,https://gks.mof.gov.cn/tongjishuju/202408/t20240826_3942479.htm,"年内累计执行数，不是单月；原文：63亿元,同比下降22.3%。(二)政府性基金预算支出情况。1-7月,全国政府性基金预算支出41228亿元,同比下降16.1%。分中央和地方看,中央政府性基金预算本级支出128"
fiscal_fund_expenditure_ytd,CHN,2024-08,48171,亿元,M,2024-09-20,https://gks.mof.gov.cn/tongjishuju/202409/t20240920_3944086.htm,"年内累计执行数，不是单月；原文：18亿元,同比下降25.4%。(二)政府性基金预算支出情况。1-8月,全国政府性基金预算支出48171亿元,同比下降15.8%。分中央和地方看,中央政府性基金预算本级支出186"
fiscal_fund_expenditure_ytd,CHN,2024-09,60448,亿元,M,2024-10-25,https://gks.mof.gov.cn/tongjishuju/202410/t20241025_3946291.htm,"年内累计执行数，不是单月；原文：87亿元,同比下降24.6%。(二)政府性基金预算支出情况。1-9月,全国政府性基金预算支出60448亿元,同比下降8.9%。分中央和地方看,中央政府性基金预算本级支出2270"
fiscal_fund_expenditure_ytd,CHN,2024-10,70107,亿元,M,2024-11-18,https://gks.mof.gov.cn/tongjishuju/202411/t20241118_3947753.htm,"年内累计执行数，不是单月；原文：1亿元,同比下降22.9%。(二)政府性基金预算支出情况。1-10月,全国政府性基金预算支出70107亿元,同比下降3.8%。分中央和地方看,中央政府性基金预算本级支出2716"
fiscal_fund_expenditure_ytd,CHN,2024-11,81038,亿元,M,2024-12-16,https://gks.mof.gov.cn/tongjishuju/202412/t20241216_3949757.htm,"年内累计执行数，不是单月；原文：6亿元,同比下降22.4%。(二)政府性基金预算支出情况。1-11月,全国政府性基金预算支出81038亿元,同比下降2.6%。分中央和地方看,中央政府性基金预算本级支出3107"
fiscal_fund_expenditure_ytd,CHN,2024-12,101478,亿元,M,2025-01-24,https://gks.mof.gov.cn/tongjishuju/202501/t20250124_3955083.htm,"年内累计执行数，不是单月；原文：99亿元,比上年下降16%。(二)政府性基金预算支出情况。2024年,全国政府性基金预算支出101478亿元,比上年增长0.2%。分中央和地方看,中央政府性基金预算本级支出467"
fiscal_fund_expenditure_ytd,CHN,2025-02,11358,亿元,M,2025-03-24,https://gks.mof.gov.cn/tongjishuju/202503/t20250324_3960418.htm,"年内累计执行数，不是单月；原文：44亿元,同比下降15.7%。(二)政府性基金预算支出情况。1-2月,全国政府性基金预算支出11358亿元,同比增长1.2%。分中央和地方看,中央政府性基金预算本级支出460亿"
fiscal_fund_expenditure_ytd,CHN,2025-03,19769,亿元,M,2025-04-18,https://gks.mof.gov.cn/tongjishuju/202504/t20250418_3962244.htm,"年内累计执行数，不是单月；原文：849亿元,同比下降15.9%。(二)政府性基金预算支出情况。一季度,全国政府性基金预算支出19769亿元,同比增长11.1%。分中央和地方看,中央政府性基金预算本级支出579"
fiscal_fund_expenditure_ytd,CHN,2025-04,26136,亿元,M,2025-05-20,https://gks.mof.gov.cn/tongjishuju/202505/t20250520_3964136.htm,"年内累计执行数，不是单月；原文：40亿元,同比下降11.4%。(二)政府性基金预算支出情况。1-4月,全国政府性基金预算支出26136亿元,同比增长17.7%。分中央和地方看,中央政府性基金预算本级支出769"
fiscal_fund_expenditure_ytd,CHN,2025-05,32125,亿元,M,2025-06-20,https://gks.mof.gov.cn/tongjishuju/202506/t20250620_3966204.htm,"年内累计执行数，不是单月；原文：81亿元,同比下降11.9%。(二)政府性基金预算支出情况。1-5月,全国政府性基金预算支出32125亿元,同比增长16%。分中央和地方看,中央政府性基金预算本级支出993亿元"
fiscal_fund_expenditure_ytd,CHN,2025-06,46273,亿元,M,2025-07-25,https://gks.mof.gov.cn/tongjishuju/202507/t20250725_3968635.htm,"年内累计执行数，不是单月；原文：4271亿元,同比下降6.5%。(二)政府性基金预算支出情况。上半年,全国政府性基金预算支出46273亿元,同比增长30%。分中央和地方看,中央政府性基金预算本级支出6308亿"
fiscal_fund_expenditure_ytd,CHN,2025-07,54287,亿元,M,2025-08-19,https://gks.mof.gov.cn/tongjishuju/202508/t20250819_3970405.htm,"年内累计执行数，不是单月；原文：950亿元,同比下降4.6%。(二)政府性基金预算支出情况。1-7月,全国政府性基金预算支出54287亿元,同比增长31.7%。分中央和地方看,中央政府性基金预算本级支出710"
fiscal_fund_expenditure_ytd,CHN,2025-08,62602,亿元,M,2025-09-17,https://gks.mof.gov.cn/tongjishuju/202509/t20250917_3972555.htm,"年内累计执行数，不是单月；原文：263亿元,同比下降4.7%。(二)政府性基金预算支出情况。1-8月,全国政府性基金预算支出62602亿元,同比增长30%。分中央和地方看,中央政府性基金预算本级支出7609亿"
fiscal_fund_expenditure_ytd,CHN,2025-09,74924,亿元,M,2025-10-17,https://gks.mof.gov.cn/tongjishuju/202510/t20251017_3974400.htm,"年内累计执行数，不是单月；原文：302亿元,同比下降4.2%。(二)政府性基金预算支出情况。前三季度,全国政府性基金预算支出74924亿元,同比增长23.9%。分中央和地方看,中央政府性基金预算本级支出809"
fiscal_fund_expenditure_ytd,CHN,2025-10,80892,亿元,M,2025-11-17,https://gks.mof.gov.cn/tongjishuju/202511/t20251117_3976517.htm,"年内累计执行数，不是单月；原文：82亿元,同比下降7.4%。(二)政府性基金预算支出情况。1-10月,全国政府性基金预算支出80892亿元,同比增长15.4%。分中央和地方看,中央政府性基金预算本级支出856"
fiscal_fund_expenditure_ytd,CHN,2025-11,92124,亿元,M,2025-12-17,https://gks.mof.gov.cn/tongjishuju/202512/t20251217_3979392.htm,"年内累计执行数，不是单月；原文：9亿元,同比下降10.7%。(二)政府性基金预算支出情况。1-11月,全国政府性基金预算支出92124亿元,同比增长13.7%。分中央和地方看,中央政府性基金预算本级支出907"
fiscal_fund_expenditure_ytd,CHN,2025-12,112874,亿元,M,2026-01-30,https://gks.mof.gov.cn/tongjishuju/202601/t20260130_3982923.htm,"年内累计执行数，不是单月；原文：亿元,比上年下降14.7%。(二)政府性基金预算支出情况。2025年,全国政府性基金预算支出112874亿元,比上年增长11.3%。分中央和地方看,中央政府性基金预算本级支出10"
fiscal_fund_expenditure_ytd,CHN,2026-02,13174,亿元,M,2026-03-19,https://gks.mof.gov.cn/tongjishuju/202603/t20260319_3985695.htm,"年内累计执行数，不是单月；原文：47亿元,同比下降25.2%。(二)政府性基金预算支出情况。1-2月,全国政府性基金预算支出13174亿元,同比增长16%。分中央和地方看,中央政府性基金预算本级支出497亿元"
fiscal_fund_expenditure_ytd,CHN,2026-03,20387,亿元,M,2026-04-24,https://gks.mof.gov.cn/tongjishuju/202604/t20260424_3988324.htm,"年内累计执行数，不是单月；原文：176亿元,同比下降24.4%。(二)政府性基金预算支出情况。一季度,全国政府性基金预算支出20387亿元,同比增长3.1%。分中央和地方看,中央政府性基金预算本级支出639亿"
fiscal_fund_expenditure_ytd,CHN,2026-04,25431,亿元,M,2026-05-20,https://gks.mof.gov.cn/tongjishuju/202605/t20260515_3989956.htm,"年内累计执行数，不是单月；原文：01亿元,同比下降27.2%。(二)政府性基金预算支出情况。1-4月,全国政府性基金预算支出25431亿元,同比下降2.7%。分中央和地方看,中央政府性基金预算本级支出877亿"
fiscal_fund_expenditure_ytd,CHN,2026-05,30734,亿元,M,2026-06-22,https://gks.mof.gov.cn/tongjishuju/202606/t20260622_3992033.htm,"年内累计执行数，不是单月；原文：48亿元,同比下降28.7%。(二)政府性基金预算支出情况。1-5月,全国政府性基金预算支出30734亿元,同比下降4.3%。分中央和地方看,中央政府性基金预算本级支出1666"
fiscal_fund_expenditure_ytd,CHN,2026-06,38705,亿元,M,2026-07-22,https://gks.mof.gov.cn/tongjishuju/202607/t20260722_3993943.htm,"年内累计执行数，不是单月；原文：778亿元,同比下降31.5%。(二)政府性基金预算支出情况。上半年,全国政府性基金预算支出38705亿元,同比下降16.4%。分中央和地方看,中央政府性基金预算本级支出223"
fiscal_fund_expenditure_ytd,CHN,2026-07,45410,亿元,M,2026-08-21,https://gks.mof.gov.cn/tongjishuju/202608/t20260814_3995497.htm,"年内累计执行数，不是单月；原文：31亿元,同比下降30.8%。(二)政府性基金预算支出情况。1-7月,全国政府性基金预算支出45410亿元,同比下降16.4%。分中央和地方看,中央政府性基金预算本级支出271"
fiscal_fund_expenditure_ytd,CHN,2026-08,51948,亿元,M,2026-09-18,https://gks.mof.gov.cn/tongjishuju/202609/t20260918_3997709.htm,"年内累计执行数，不是单月；原文：53亿元,同比下降28.6%。(二)政府性基金预算支出情况。1-8月,全国政府性基金预算支出51948亿元,同比下降17%。分中央和地方看,中央政府性基金预算本级支出3175亿"
fiscal_fund_revenue_annual,CHN,2010,36785.02,亿元,A,2011-07-20,https://yss.mof.gov.cn/2010juesuan/201107/t20110720_578413.htm,全国年度决算；采用决算数列，不是预算数；原行：全国政府性基金收入 | 18704.49 | 36785.02 | 196.7
fiscal_fund_revenue_annual,CHN,2011,41363.13,亿元,A,2012-07-10,https://yss.mof.gov.cn/2011qgczjs/201207/t20120710_665274.htm,全国年度决算；采用决算数列，不是预算数；原行：全国政府性基金收入 | 25821.74 | 41363.13 | 160.2 | 112.4
fiscal_fund_revenue_annual,CHN,2012,37534.90,亿元,A,2013-07-15,https://yss.mof.gov.cn/2012qhczjs/201307/t20130715_966176.htm,全国年度决算；采用决算数列，不是预算数；原行：全国政府性基金收入 | 34796.76 | 37534.90 | 107.9 | 90.7
fiscal_fund_revenue_annual,CHN,2013,52268.75,亿元,A,2014-07-11,https://yss.mof.gov.cn/2013qgczjs/201407/t20140711_1111836.htm,全国年度决算；采用决算数列，不是预算数；原行：全国政府性基金收入 | 36756.15 | 52268.75 | 142.2 | 139.3
fiscal_fund_revenue_annual,CHN,2014,54113.65,亿元,A,2015-07-08,https://yss.mof.gov.cn/2014czys/201507/t20150708_1269709.htm,全国年度决算；采用决算数列，不是预算数；原行：全国政府性基金收入 | 47309.23 | 54113.65 | 114.4 | 103.5
fiscal_fund_revenue_annual,CHN,2015,42338.14,亿元,A,2016-07-13,https://yss.mof.gov.cn/2015js/201607/t20160713_2354922.htm,全国年度决算；采用决算数列，不是预算数；原行：全国政府性基金收入 | 48873.38 | 42338.14 | 86.6 | 84.1
fiscal_fund_revenue_annual,CHN,2016,46643.31,亿元,A,2017-07-12,https://yss.mof.gov.cn/2016js/201707/t20170712_2648021.htm,全国年度决算；采用决算数列，不是预算数；原行：全国政府性基金收入 | 37173.74 | 46643.31 | 125.5 | 112.0
fiscal_fund_revenue_annual,CHN,2017,61479.66,亿元,A,2018-07-12,https://yss.mof.gov.cn/qgczjs/201807/t20180712_2959795.htm,全国年度决算；采用决算数列，不是预算数；原行：全国政府性基金收入 | 47174.66 | 61479.66 | 130.3 | 134.9
fiscal_fund_revenue_annual,CHN,2018,75479.07,亿元,A,2019-07-18,https://yss.mof.gov.cn/2018czjs/201907/t20190718_3303321.htm,全国年度决算；采用决算数列，不是预算数；原行：全国政府性基金收入 | 64164.85 | 75479.07 | 117.6 | 122.7
fiscal_fund_revenue_annual,CHN,2019,84517.72,亿元,A,2020-07-31,https://yss.mof.gov.cn/2019qgczjs/202007/t20200731_3559743.htm,全国年度决算；采用决算数列，不是预算数；原行：全国政府性基金收入 | 77947.71 | 84517.72 | 108.4 | 112.0
fiscal_fund_revenue_annual,CHN,2020,93491.26,亿元,A,2021-09-17,https://yss.mof.gov.cn/2020zyjs/202109/t20210917_3753564.htm,全国年度决算；采用决算数列，不是预算数；原行：全国政府性基金收入 | 81446.05 | 93491.26 | 114.8 | 110.6
fiscal_fund_revenue_annual,CHN,2021,98024.17,亿元,A,2022-07-28,https://yss.mof.gov.cn/2021zyjs/202207/t20220728_3830522.htm,全国年度决算；采用决算数列，不是预算数；原行：全国政府性基金收入 | 94526.62 | 98024.17 | 103.7 | 104.8
fiscal_fund_revenue_annual,CHN,2022,77896.37,亿元,A,2023-08-25,https://yss.mof.gov.cn/2022zyjs/202308/t20230825_3904110.htm,全国年度决算；采用决算数列，不是预算数；原行：全国政府性基金收入 | 98636.67 | 77896.37 | 79.0 | 79.5
fiscal_fund_revenue_annual,CHN,2023,70706.93,亿元,A,2024-08-30,https://yss.mof.gov.cn/2023zyjs/202408/t20240830_3942833.htm,全国年度决算；采用决算数列，不是预算数；原行：全国政府性基金收入 | 78169.90 | 70706.93 | 90.5 | 90.8
fiscal_fund_revenue_annual,CHN,2024,62073.73,亿元,A,2025-09-04,https://yss.mof.gov.cn/2024zyjs/202509/t20250904_3971506.htm,全国年度决算；采用决算数列，不是预算数；原行：全国政府性基金收入 | 70802.05 | 62073.73 | 87.7 | 87.8
fiscal_fund_revenue_annual,CHN,2025,57718.02,亿元,A,2026-09-16,https://yss.mof.gov.cn/2025zyjs/202609/t20260916_3997522.htm,全国年度决算；采用决算数列，不是预算数；原行：全国政府性基金收入 | 62499.09 | 57718.02 | 92.4 | 93.0
fiscal_fund_revenue_ytd,CHN,2012-06,15191,亿元,M,2012-07-13,https://gks.mof.gov.cn/tongjishuju/201207/t20120713_666240.htm,"年内累计执行数，不是单月；原文：全国政府性基金收支情况(一)政府性基金收入情况上半年累计,全国政府性基金收入15191亿元,比去年同期减少3997亿元,下降20.8%,主要是地方土地出让收入减"
fiscal_fund_revenue_ytd,CHN,2012-07,17967,亿元,M,2012-08-10,https://gks.mof.gov.cn/tongjishuju/201208/t20120810_674581.htm,"年内累计执行数，不是单月；原文：全国政府性基金收支情况(一)政府性基金收入情况1-7月累计,全国政府性基金收入17967亿元,比去年同期减少4620亿元,下降20.5%。其中,中央政府性基金收入"
fiscal_fund_revenue_ytd,CHN,2012-08,20894,亿元,M,2012-09-11,https://gks.mof.gov.cn/tongjishuju/201209/t20120911_682031.htm,"年内累计执行数，不是单月；原文：全国政府性基金收支情况(一)政府性基金收入情况1-8月累计,全国政府性基金收入20894亿元,比去年同期减少5019亿元,下降19.4%。其中,中央政府性基金收入"
fiscal_fund_revenue_ytd,CHN,2012-09,23894,亿元,M,2012-10-18,https://gks.mof.gov.cn/tongjishuju/201210/t20121018_688653.htm,"年内累计执行数，不是单月；原文：全国政府性基金收支情况(一)政府性基金收入情况前三季度累计,全国政府性基金收入23894亿元,比去年同期减少4825亿元,下降16.8%。其中,中央政府性基金收入"
fiscal_fund_revenue_ytd,CHN,2012-10,26824,亿元,M,2012-11-14,https://gks.mof.gov.cn/tongjishuju/201211/t20121114_694678.htm,"年内累计执行数，不是单月；原文：全国政府性基金收支情况(一)政府性基金收入情况1-10月累计,全国政府性基金收入26824亿元,比去年同期减少4891亿元,下降15.4%。其中,中央政府性基金收入"
fiscal_fund_revenue_ytd,CHN,2012-11,31023,亿元,M,2012-12-11,https://gks.mof.gov.cn/tongjishuju/201212/t20121211_713211.htm,"年内累计执行数，不是单月；原文：全国政府性基金收支情况(一)政府性基金收入情况1-11月累计,全国政府性基金收入31023亿元,比去年同期减少4181亿元,下降11.9%。其中,中央政府性基金收入"
fiscal_fund_revenue_ytd,CHN,2012-12,37517,亿元,M,2013-01-22,https://gks.mof.gov.cn/tongjishuju/201301/t20130122_729462.htm,"年内累计执行数，不是单月；原文：全国政府性基金收支情况(一)政府性基金收入情况1-12月累计,全国政府性基金收入37517亿元,比上年减少3846亿元,下降9.3%。其中,中央政府性基金收入331"
fiscal_fund_revenue_ytd,CHN,2013-03,9681,亿元,M,2013-04-15,https://gks.mof.gov.cn/tongjishuju/201304/t20130415_824878.htm,"年内累计执行数，不是单月；原文：全国政府性基金收支情况(一)政府性基金收入情况1-3月累计,全国政府性基金收入9681亿元,比去年同期增加2701亿元,增长38.7%。其中,中央政府性基金收入"
fiscal_fund_revenue_ytd,CHN,2013-06,21061,亿元,M,2013-07-15,https://gks.mof.gov.cn/tongjishuju/201307/t20130715_966250.htm,"年内累计执行数，不是单月；原文：全国政府性基金收支情况(一)政府性基金收入情况1-6月累计,全国政府性基金收入21061亿元,比去年同期增加5870亿元,增长38.6%。其中,中央政府性基金收入"
fiscal_fund_revenue_ytd,CHN,2013-09,33989,亿元,M,2013-10-18,https://gks.mof.gov.cn/tongjishuju/201310/t20131018_1000698.htm,"年内累计执行数，不是单月；原文：全国政府性基金收支情况(一)政府性基金收入情况1-9月累计,全国政府性基金收入33989亿元,比去年同期增加10095亿元,增长42.2%。其中,中央政府性基金收"
fiscal_fund_revenue_ytd,CHN,2013-12,52239,亿元,M,2014-01-23,https://gks.mof.gov.cn/tongjishuju/201401/t20140123_1038541.htm,"年内累计执行数，不是单月；原文：全国政府性基金收支情况(一)政府性基金收入情况1-12月累计,全国政府性基金收入52239亿元,比上年增加14704亿元,增长39.2%。其中,中央政府性基金收入4"
fiscal_fund_revenue_ytd,CHN,2014-03,13063,亿元,M,2014-04-17,https://gks.mof.gov.cn/tongjishuju/201404/t20140417_1068713.htm,"年内累计执行数，不是单月；原文：全国政府性基金收支情况(一)政府性基金收入情况1-3月累计,全国政府性基金收入13063亿元,比去年同期增加3382亿元,增长34.9%。其中,中央政府性基金收入"
fiscal_fund_revenue_ytd,CHN,2014-06,25968,亿元,M,2014-07-14,https://gks.mof.gov.cn/tongjishuju/201407/t20140714_1112497.htm,"年内累计执行数，不是单月；原文：全国政府性基金收支情况(一)政府性基金收入情况1-6月累计,全国政府性基金收入25968亿元,比去年同期增加4907亿元,增长23.3%。其中,中央政府性基金收入"
fiscal_fund_revenue_ytd,CHN,2014-09,39109,亿元,M,2014-10-21,https://gks.mof.gov.cn/tongjishuju/201410/t20141021_1153225.htm,"年内累计执行数，不是单月；原文：全国政府性基金收支情况(一)政府性基金收入情况1-9月累计,全国政府性基金收入39109亿元,比去年同期增加5120亿元,增长15.1%。中央政府性基金收入300"
fiscal_fund_revenue_ytd,CHN,2014-12,54093,亿元,M,2015-01-30,https://gks.mof.gov.cn/tongjishuju/201501/t20150130_1186487.htm,"年内累计执行数，不是单月；原文：全国政府性基金收支情况(一)政府性基金收入情况1-12月累计,全国政府性基金收入54093亿元,比上年增加1825亿元,增长3.5%。分中央和地方看,中央政府性基金"
fiscal_fund_revenue_ytd,CHN,2015-02,5756,亿元,M,2015-03-16,https://gks.mof.gov.cn/tongjishuju/201503/t20150316_1202393.htm,"年内累计执行数，不是单月；原文：全国政府性基金收支情况(一)政府性基金收入情况1-2月累计,全国政府性基金收入5756亿元,比去年同期下降33.7%,考虑部分政府性基金转列一般公共预算影响为同"
fiscal_fund_revenue_ytd,CHN,2015-03,8719,亿元,M,2015-04-16,https://gks.mof.gov.cn/tongjishuju/201504/t20150416_1217866.htm,"年内累计执行数，不是单月；原文：全国政府性基金预算收支情况(一)政府性基金预算收入情况1-3月累计,全国政府性基金预算收入8719亿元,比去年同期下降33.3%;扣除部分政府性基金转列一般公共预算影响,同"
fiscal_fund_revenue_ytd,CHN,2015-04,11547,亿元,M,2015-05-14,https://gks.mof.gov.cn/tongjishuju/201505/t20150514_1231836.htm,"年内累计执行数，不是单月；原文：全国政府性基金预算收支情况(一)政府性基金预算收入情况1-4月累计,全国政府性基金预算收入11547亿元,比去年同期下降34.7%;考虑部分政府性基金转列一般公共预算影响,同"
fiscal_fund_revenue_ytd,CHN,2015-05,14143,亿元,M,2015-06-11,https://gks.mof.gov.cn/tongjishuju/201506/t20150611_1255977.htm,"年内累计执行数，不是单月；原文：全国政府性基金预算收支情况(一)政府性基金预算收入情况1-5月累计,全国政府性基金预算收入14143亿元,比去年同期下降35.7%;扣除部分政府性基金转列一般公共预算影响,同"
fiscal_fund_revenue_ytd,CHN,2015-06,17340,亿元,M,2015-07-15,https://gks.mof.gov.cn/tongjishuju/201507/t20150715_1315558.htm,"年内累计执行数，不是单月；原文：全国政府性基金预算收支情况(一)政府性基金预算收入情况1-6月累计,全国政府性基金预算收入17340亿元,比去年同期下降33.2%,同口径下降29.5%。中央政府性基金预算收"
fiscal_fund_revenue_ytd,CHN,2015-07,20396,亿元,M,2015-08-12,https://gks.mof.gov.cn/tongjishuju/201508/t20150812_1415683.htm,"年内累计执行数，不是单月；原文：全国政府性基金预算收支情况(一)政府性基金预算收入情况1-7月累计,全国政府性基金预算收入20396亿元,比去年同期下降33.9%,同口径下降29.9%。中央政府性基金预算收"
fiscal_fund_revenue_ytd,CHN,2015-08,23399,亿元,M,2015-09-15,https://gks.mof.gov.cn/tongjishuju/201509/t20150915_1458377.htm,"年内累计执行数，不是单月；原文：全国政府性基金预算收支情况(一)政府性基金预算收入情况1-8月累计,全国政府性基金预算收入23399亿元,比去年同期下降33.8%,同口径下降29.8%。中央政府性基金预算收"
fiscal_fund_revenue_ytd,CHN,2015-09,27166,亿元,M,2015-10-19,https://gks.mof.gov.cn/tongjishuju/201510/t20151019_1509539.htm,"年内累计执行数，不是单月；原文：全国政府性基金预算收支情况(一)政府性基金预算收入情况1-9月累计,全国政府性基金预算收入27166亿元,比去年同期下降30.5%,同口径下降26.4%。中央政府性基金预算收"
fiscal_fund_revenue_ytd,CHN,2015-10,30472,亿元,M,2015-11-12,https://gks.mof.gov.cn/tongjishuju/201511/t20151112_1557086.htm,"年内累计执行数，不是单月；原文：全国政府性基金预算收支情况(一)政府性基金预算收入情况1-10月累计,全国政府性基金预算收入30472亿元,比去年同期下降28.6%,同口径下降24.1%。中央政府性基金预算收"
fiscal_fund_revenue_ytd,CHN,2015-11,34205,亿元,M,2015-12-14,https://gks.mof.gov.cn/tongjishuju/201512/t20151214_1613357.htm,"年内累计执行数，不是单月；原文：全国政府性基金预算收支情况(一)政府性基金预算收入情况1-11月累计,全国政府性基金预算收入34205亿元,比去年同期减少12158亿元,下降26.2%,同口径下降21.4%。"
fiscal_fund_revenue_ytd,CHN,2015-12,42330,亿元,M,2016-01-29,https://gks.mof.gov.cn/tongjishuju/201601/t20160129_1661457.htm,"年内累计执行数，不是单月；原文：全国政府性基金预算收支情况(一)政府性基金预算收入情况1-12月累计,全国政府性基金预算收入42330亿元,比上年下降21.8%,同口径下降15.9%。分中央和地方看,中央政府"
fiscal_fund_revenue_ytd,CHN,2016-02,5698,亿元,M,2016-03-16,https://gks.mof.gov.cn/tongjishuju/201603/t20160316_1911309.htm,"年内累计执行数，不是单月；原文：全国政府性基金收支情况(一)政府性基金收入情况1-2月累计,全国政府性基金收入5698亿元,与去年同期基本持平。分中央和地方看,中央政府性基金收入614亿元,同"
fiscal_fund_revenue_ytd,CHN,2016-03,8997,亿元,M,2016-04-15,https://gks.mof.gov.cn/tongjishuju/201604/t20160415_1951291.htm,"年内累计执行数，不是单月；原文：全国政府性基金收支情况(一)政府性基金收入情况1-3月累计,全国政府性基金收入8997亿元,同比增长4.6%。分中央和地方看,中央政府性基金收入826亿元,同比"
fiscal_fund_revenue_ytd,CHN,2016-04,11846,亿元,M,2016-05-13,https://gks.mof.gov.cn/tongjishuju/201605/t20160513_1989015.htm,"年内累计执行数，不是单月；原文：全国政府性基金收支情况(一)政府性基金收入情况1-4月累计,全国政府性基金收入11846亿元,同比增长4.3%。分中央和地方看,中央政府性基金收入1059亿元,同"
fiscal_fund_revenue_ytd,CHN,2016-05,14768,亿元,M,2016-06-13,https://gks.mof.gov.cn/tongjishuju/201606/t20160613_2321911.htm,"年内累计执行数，不是单月；原文：全国政府性基金收支情况(一)政府性基金收入情况1-5月累计,全国政府性基金收入14768亿元,同比增长6.2%。分中央和地方看,中央政府性基金收入1457亿元,同"
fiscal_fund_revenue_ytd,CHN,2016-06,18335,亿元,M,2016-07-15,https://gks.mof.gov.cn/tongjishuju/201607/t20160715_2358299.htm,"年内累计执行数，不是单月；原文：全国政府性基金收支情况(一)政府性基金收入情况1-6月累计,全国政府性基金收入18335亿元,同比增长7.5%。分中央和地方看,中央政府性基金收入2036亿元,同"
fiscal_fund_revenue_ytd,CHN,2016-07,21968,亿元,M,2016-08-12,https://gks.mof.gov.cn/tongjishuju/201608/t20160812_2386335.htm,"年内累计执行数，不是单月；原文：全国政府性基金收支情况(一)政府性基金收入情况1-7月累计,全国政府性基金收入21968亿元,同比增长9.4%。分中央和地方看,中央政府性基金收入2288亿元,同"
fiscal_fund_revenue_ytd,CHN,2016-08,25478,亿元,M,2016-09-13,https://gks.mof.gov.cn/tongjishuju/201609/t20160913_2416150.htm,"年内累计执行数，不是单月；原文：全国政府性基金收支情况(一)政府性基金收入情况1-8月累计,全国政府性基金收入25478亿元,同比增长10.7%。分中央和地方看,中央政府性基金收入2658亿元,"
fiscal_fund_revenue_ytd,CHN,2016-09,29777,亿元,M,2016-10-19,https://gks.mof.gov.cn/tongjishuju/201610/t20161019_2438319.htm,"年内累计执行数，不是单月；原文：全国政府性基金收支情况(一)政府性基金收入情况1-9月累计,全国政府性基金收入29777亿元,同比增长11.3%。分中央和地方看,中央政府性基金收入3294亿元,"
fiscal_fund_revenue_ytd,CHN,2016-10,33685,亿元,M,2016-11-14,https://gks.mof.gov.cn/tongjishuju/201611/t20161114_2457343.htm,"年内累计执行数，不是单月；原文：全国政府性基金收支情况(一)政府性基金收入情况1-10月累计,全国政府性基金收入33685亿元,同比增长12.3%。分中央和地方看,中央政府性基金收入3576亿元,"
fiscal_fund_revenue_ytd,CHN,2016-11,38850,亿元,M,2016-12-13,https://gks.mof.gov.cn/tongjishuju/201612/t20161213_2480335.htm,"年内累计执行数，不是单月；原文：全国政府性基金预算收支情况(一)政府性基金预算收入情况1-11月累计,全国政府性基金预算收入38850亿元,同比增长15.4%。分中央和地方看,中央政府性基金预算收入3845亿"
fiscal_fund_revenue_ytd,CHN,2016-12,46619,亿元,M,2017-01-23,https://gks.mof.gov.cn/tongjishuju/201701/t20170123_2526014.htm,"年内累计执行数，不是单月；原文：全国政府性基金收支情况(一)政府性基金收入情况1-12月累计,全国政府性基金收入46619亿元,比上年增长11.9%。分中央和地方看,中央政府性基金收入4178亿元"
fiscal_fund_revenue_ytd,CHN,2017-02,7364,亿元,M,2017-03-15,https://gks.mof.gov.cn/tongjishuju/201703/t20170315_2557696.htm,"年内累计执行数，不是单月；原文：全国政府性基金收支情况(一)政府性基金收入情况1-2月累计,全国政府性基金收入7364亿元,比去年同期增加1666亿元,增长29.2%。分中央和地方看,中央政府"
fiscal_fund_revenue_ytd,CHN,2017-03,11473,亿元,M,2017-04-14,https://gks.mof.gov.cn/tongjishuju/201704/t20170414_2580092.htm,"年内累计执行数，不是单月；原文：全国政府性基金收支情况(一)政府性基金收入情况1-3月累计,全国政府性基金收入11473亿元,同比增长27.5%。分中央和地方看,中央政府性基金收入1062亿元,"
fiscal_fund_revenue_ytd,CHN,2017-04,15382,亿元,M,2017-05-12,https://gks.mof.gov.cn/tongjishuju/201705/t20170512_2599552.htm,"年内累计执行数，不是单月；原文：全国政府性基金收支情况(一)政府性基金收入情况1-4月累计,全国政府性基金收入15382亿元,同比增长32.7%。分中央和地方看,中央政府性基金收入1263亿元,"
fiscal_fund_revenue_ytd,CHN,2017-05,18512,亿元,M,2017-06-12,https://gks.mof.gov.cn/tongjishuju/201706/t20170612_2620783.htm,"年内累计执行数，不是单月；原文：全国政府性基金预算收支情况(一)政府性基金预算收入情况1-5月累计,全国政府性基金预算收入18512亿元,同比增长28%。分中央和地方看,中央政府性基金预算收入1513亿元,"
fiscal_fund_revenue_ytd,CHN,2017-06,22969,亿元,M,2017-07-14,https://gks.mof.gov.cn/tongjishuju/201707/t20170714_2649642.htm,"年内累计执行数，不是单月；原文：全国政府性基金预算收支情况(一)政府性基金预算收入情况1-6月累计,全国政府性基金预算收入22969亿元,同比增长27.8%。分中央和地方看,中央政府性基金预算收入1965亿"
fiscal_fund_revenue_ytd,CHN,2017-07,28395,亿元,M,2017-08-11,https://gks.mof.gov.cn/tongjishuju/201708/t20170811_2671049.htm,"年内累计执行数，不是单月；原文：全国政府性基金预算收支情况(一)政府性基金预算收入情况1-7月累计,全国政府性基金预算收入28395亿元,同比增长31.6%。分中央和地方看,中央政府性基金预算收入2427亿"
fiscal_fund_revenue_ytd,CHN,2017-08,32867,亿元,M,2017-09-11,https://gks.mof.gov.cn/tongjishuju/201709/t20170911_2695830.htm,"年内累计执行数，不是单月；原文：全国政府性基金预算收支情况(一)政府性基金预算收入情况1-8月累计,全国政府性基金预算收入32867亿元,同比增长31.3%。分中央和地方看,中央政府性基金预算收入2684亿"
fiscal_fund_revenue_ytd,CHN,2017-09,38545,亿元,M,2017-10-16,https://gks.mof.gov.cn/tongjishuju/201710/t20171016_2721764.htm,"年内累计执行数，不是单月；原文：全国政府性基金预算收支情况(一)政府性基金预算收入情况1-9月累计,全国政府性基金预算收入38545亿元,同比增长33.3%。分中央和地方看,中央政府性基金预算收入2980亿"
fiscal_fund_revenue_ytd,CHN,2017-10,43152,亿元,M,2017-11-10,https://gks.mof.gov.cn/tongjishuju/201711/t20171110_2747635.htm,"年内累计执行数，不是单月；原文：全国政府性基金预算收支情况(一)政府性基金预算收入情况1-10月累计,全国政府性基金预算收入43152亿元,同比增长31.6%。分中央和地方看,中央政府性基金预算收入3224亿"
fiscal_fund_revenue_ytd,CHN,2017-11,49307,亿元,M,2017-12-11,https://gks.mof.gov.cn/tongjishuju/201712/t20171211_2771156.htm,"年内累计执行数，不是单月；原文：国政府性基金预算收支情况(一)政府性基金预算收入情况。1-11月累计,全国政府性基金预算收入49307亿元,同比增长30.1%。分中央和地方看,中央政府性基金预算收入3457亿"
fiscal_fund_revenue_ytd,CHN,2017-12,61462,亿元,M,2018-01-25,https://gks.mof.gov.cn/tongjishuju/201801/t20180125_2800116.htm,"年内累计执行数，不是单月；原文：国政府性基金预算收支情况(一)政府性基金预算收入情况。1-12月累计,全国政府性基金预算收入61462亿元,同比增长34.8%。分中央和地方看,中央政府性基金预算收入3825亿"
fiscal_fund_revenue_ytd,CHN,2018-02,9671,亿元,M,2018-03-21,https://gks.mof.gov.cn/tongjishuju/201803/t20180321_2846272.htm,"年内累计执行数，不是单月；原文：全国政府性基金预算收支情况(一)政府性基金预算收入情况。1-2月累计,全国政府性基金预算收入9671亿元,同比增长33.3%。分中央和地方看,中央政府性基金预算收入583亿元"
fiscal_fund_revenue_ytd,CHN,2018-03,15253,亿元,M,2018-04-18,https://gks.mof.gov.cn/tongjishuju/201804/t20180418_2872296.htm,"年内累计执行数，不是单月；原文：全国政府性基金预算收支情况(一)政府性基金预算收入情况。1-3月累计,全国政府性基金预算收入15253亿元,同比增长34.6%。分中央和地方看,中央政府性基金预算收入945亿元"
fiscal_fund_revenue_ytd,CHN,2018-04,20559,亿元,M,2018-05-14,https://gks.mof.gov.cn/tongjishuju/201805/t20180514_2894051.htm,"年内累计执行数，不是单月；原文：全国政府性基金预算收支情况(一)政府性基金预算收入情况。1-4月累计,全国政府性基金预算收入20559亿元,同比增长33.7%。分中央和地方看,中央政府性基金预算收入1215亿"
fiscal_fund_revenue_ytd,CHN,2018-05,25722,亿元,M,2018-06-14,https://gks.mof.gov.cn/tongjishuju/201806/t20180614_2929000.htm,"年内累计执行数，不是单月；原文：全国政府性基金预算收支情况(一)政府性基金预算收入情况。1-5月累计,全国政府性基金预算收入25722亿元,同比增长39%。分中央和地方看,中央政府性基金预算收入1602亿元,"
fiscal_fund_revenue_ytd,CHN,2018-06,31237,亿元,M,2018-07-17,https://gks.mof.gov.cn/tongjishuju/201807/t20180717_2962605.htm,"年内累计执行数，不是单月；原文：全国政府性基金预算收支情况(一)政府性基金预算收入情况。1-6月累计,全国政府性基金预算收入31237亿元,同比增长36%。分中央和地方看,中央政府性基金预算收入1922亿元,"
fiscal_fund_revenue_ytd,CHN,2018-07,36680,亿元,M,2018-08-13,https://gks.mof.gov.cn/tongjishuju/201808/t20180813_2986604.htm,"年内累计执行数，不是单月；原文：全国政府性基金预算收支情况(一)政府性基金预算收入情况。1-7月累计,全国政府性基金预算收入36680亿元,同比增长29.2%。分中央和地方看,中央政府性基金预算收入2208亿"
fiscal_fund_revenue_ytd,CHN,2018-08,43228,亿元,M,2018-09-12,https://gks.mof.gov.cn/tongjishuju/201809/t20180912_3018274.htm,"年内累计执行数，不是单月；原文：全国政府性基金预算收支情况(一)政府性基金预算收入情况。1-8月累计,全国政府性基金预算收入43228亿元,同比增长31.5%。分中央和地方看,中央政府性基金预算收入2781亿"
fiscal_fund_revenue_ytd,CHN,2018-09,49348,亿元,M,2018-10-18,https://gks.mof.gov.cn/tongjishuju/201810/t20181018_3049941.htm,"年内累计执行数，不是单月；原文：全国政府性基金预算收支情况(一)政府性基金预算收入情况。1-9月累计,全国政府性基金预算收入49348亿元,同比增长28%。分中央和地方看,中央政府性基金预算收入3101亿元,"
fiscal_fund_revenue_ytd,CHN,2018-10,55399,亿元,M,2018-11-13,https://gks.mof.gov.cn/tongjishuju/201811/t20181113_3066040.htm,"年内累计执行数，不是单月；原文：国政府性基金预算收支情况(一)政府性基金预算收入情况。1-10月累计,全国政府性基金预算收入55399亿元,同比增长28.4%。其中,中央政府性基金预算收入3374亿元,同比增"
fiscal_fund_revenue_ytd,CHN,2018-11,62151,亿元,M,2018-12-13,https://gks.mof.gov.cn/tongjishuju/201812/t20181213_3092474.htm,"年内累计执行数，不是单月；原文：国政府性基金预算收支情况(一)政府性基金预算收入情况。1-11月累计,全国政府性基金预算收入62151亿元,同比增长26.1%。其中,中央政府性基金预算收入3633亿元,同比增"
fiscal_fund_revenue_ytd,CHN,2018-12,75405,亿元,M,2019-01-23,https://gks.mof.gov.cn/tongjishuju/201901/t20190123_3131221.htm,"年内累计执行数，不是单月；原文：国政府性基金预算收支情况(一)政府性基金预算收入情况。1-12月累计,全国政府性基金预算收入75405亿元,同比增长22.6%。其中,中央政府性基金预算收入4033亿元,同比增"
fiscal_fund_revenue_ytd,CHN,2019-02,9450,亿元,M,2019-03-18,https://gks.mof.gov.cn/tongjishuju/201903/t20190318_3195073.htm,"年内累计执行数，不是单月；原文：全国政府性基金预算收支情况(一)政府性基金预算收入情况。1-2月累计,全国政府性基金预算收入9450亿元,同比下降2.3%。分中央和地方看,中央政府性基金预算收入612亿元,"
fiscal_fund_revenue_ytd,CHN,2019-03,14300,亿元,M,2019-04-16,https://gks.mof.gov.cn/tongjishuju/201904/t20190416_3226133.htm,"年内累计执行数，不是单月；原文：全国政府性基金预算收支情况(一)政府性基金预算收入情况。1-3月累计,全国政府性基金预算收入14300亿元,同比下降6.2%。分中央和地方看,中央政府性基金预算收入1003亿元"
fiscal_fund_revenue_ytd,CHN,2019-04,19563,亿元,M,2019-05-13,https://gks.mof.gov.cn/tongjishuju/201905/t20190513_3256526.htm,"年内累计执行数，不是单月；原文：全国政府性基金预算收支情况(一)政府性基金预算收入情况。1-4月累计,全国政府性基金预算收入19563亿元,同比下降4.8%。分中央和地方看,中央政府性基金预算收入1261亿元"
fiscal_fund_revenue_ytd,CHN,2019-05,24744,亿元,M,2019-06-14,https://gks.mof.gov.cn/tongjishuju/201906/t20190614_3277502.htm,"年内累计执行数，不是单月；原文：全国政府性基金预算收支情况(一)政府性基金预算收入情况。1-5月累计,全国政府性基金预算收入24744亿元,同比下降3.8%。分中央和地方看,中央政府性基金预算收入1579亿元"
fiscal_fund_revenue_ytd,CHN,2019-06,31781,亿元,M,2019-07-16,https://gks.mof.gov.cn/tongjishuju/201907/t20190716_3301309.htm,"年内累计执行数，不是单月；原文：全国政府性基金预算收支情况(一)政府性基金预算收入情况。1-6月累计,全国政府性基金预算收入31781亿元,同比增长1.7%。分中央和地方看,中央政府性基金预算收入1989亿元"
fiscal_fund_revenue_ytd,CHN,2019-07,38691,亿元,M,2019-08-16,https://gks.mof.gov.cn/tongjishuju/201908/t20190816_3365669.htm,"年内累计执行数，不是单月；原文：全国政府性基金预算收支情况(一)政府性基金预算收入情况。1-7月累计,全国政府性基金预算收入38691亿元,同比增长5.5%。分中央和地方看,中央政府性基金预算收入2277亿元"
fiscal_fund_revenue_ytd,CHN,2019-08,45987,亿元,M,2019-09-17,https://gks.mof.gov.cn/tongjishuju/201909/t20190917_3387489.htm,"年内累计执行数，不是单月；原文：全国政府性基金预算收支情况(一)政府性基金预算收入情况。1-8月累计,全国政府性基金预算收入45987亿元,同比增长6.4%。分中央和地方看,中央政府性基金预算收入2813亿元"
fiscal_fund_revenue_ytd,CHN,2019-09,53163,亿元,M,2019-10-17,https://gks.mof.gov.cn/tongjishuju/201910/t20191017_3404670.htm,"年内累计执行数，不是单月；原文：全国政府性基金预算收支情况(一)政府性基金预算收入情况。1-9月累计,全国政府性基金预算收入53163亿元,同比增长7.7%。分中央和地方看,中央政府性基金预算收入3086亿元"
fiscal_fund_revenue_ytd,CHN,2019-10,60206,亿元,M,2019-11-19,https://gks.mof.gov.cn/tongjishuju/201911/t20191119_3425243.htm,"年内累计执行数，不是单月；原文：国政府性基金预算收支情况(一)政府性基金预算收入情况。1—10月累计,全国政府性基金预算收入60206亿元,同比增长8.7%。分中央和地方看,中央政府性基金预算收入3466亿元"
fiscal_fund_revenue_ytd,CHN,2019-11,68080,亿元,M,2019-12-17,https://gks.mof.gov.cn/tongjishuju/201912/t20191217_3443437.htm,"年内累计执行数，不是单月；原文：国政府性基金预算收支情况(一)政府性基金预算收入情况。1-11月累计,全国政府性基金预算收入68080亿元,同比增长9.5%。分中央和地方看,中央政府性基金预算收入3715亿元"
fiscal_fund_revenue_ytd,CHN,2019-12,84516,亿元,M,2020-02-10,https://gks.mof.gov.cn/tongjishuju/202002/t20200210_3467695.htm,"年内累计执行数，不是单月；原文：全国政府性基金预算收支情况(一)政府性基金预算收入情况。2019年,全国政府性基金预算收入84516亿元,同比增长12%。分中央和地方看,中央政府性基金预算收入4040亿元,"
fiscal_fund_revenue_ytd,CHN,2020-02,7688,亿元,M,2020-03-24,https://gks.mof.gov.cn/tongjishuju/202003/t20200324_3487618.htm,"年内累计执行数，不是单月；原文：全国政府性基金预算收支情况(一)政府性基金预算收入情况。1-2月累计,全国政府性基金预算收入7688亿元,同比下降18.6%。分中央和地方看,中央政府性基金预算收入502亿元"
fiscal_fund_revenue_ytd,CHN,2020-03,12577,亿元,M,2020-04-20,https://gks.mof.gov.cn/tongjishuju/202004/t20200420_3501077.htm,"年内累计执行数，不是单月；原文：全国政府性基金预算收支情况(一)政府性基金预算收入情况。1-3月累计,全国政府性基金预算收入12577亿元,同比下降12%。分中央和地方看,中央政府性基金预算收入696亿元,同"
fiscal_fund_revenue_ytd,CHN,2020-04,17770,亿元,M,2020-05-18,https://gks.mof.gov.cn/tongjishuju/202005/t20200518_3515422.htm,"年内累计执行数，不是单月；原文：全国政府性基金预算收支情况(一)政府性基金预算收入情况。1-4月累计,全国政府性基金预算收入17770亿元,同比下降9.2%。分中央和地方看,中央政府性基金预算收入868亿元,"
fiscal_fund_revenue_ytd,CHN,2020-05,23641,亿元,M,2020-06-18,https://gks.mof.gov.cn/tongjishuju/202006/t20200618_3534764.htm,"年内累计执行数，不是单月；原文：全国政府性基金预算收支情况(一)政府性基金预算收入情况。1-5月累计,全国政府性基金预算收入23641亿元,同比下降4.5%。分中央和地方看,中央政府性基金预算收入1199亿元"
fiscal_fund_revenue_ytd,CHN,2020-06,31479,亿元,M,2020-07-17,https://gks.mof.gov.cn/tongjishuju/202007/t20200717_3551313.htm,"年内累计执行数，不是单月；原文：全国政府性基金预算收支情况(一)政府性基金预算收入情况。1-6月累计,全国政府性基金预算收入31479亿元,同比下降1%。分中央和地方看,中央政府性基金预算收入1591亿元,同"
fiscal_fund_revenue_ytd,CHN,2020-07,39173,亿元,M,2020-08-19,https://gks.mof.gov.cn/tongjishuju/202008/t20200819_3571405.htm,"年内累计执行数，不是单月；原文：全国政府性基金预算收支情况(一)政府性基金预算收入情况。1-7月累计,全国政府性基金预算收入39173亿元,同比增长1.2%。分中央和地方看,中央政府性基金预算收入1827亿元"
fiscal_fund_revenue_ytd,CHN,2020-08,47030,亿元,M,2020-09-19,https://gks.mof.gov.cn/tongjishuju/202009/t20200918_3591124.htm,"年内累计执行数，不是单月；原文：全国政府性基金预算收支情况(一)政府性基金预算收入情况。1-8月累计,全国政府性基金预算收入47030亿元,同比增长2.3%。分中央和地方看,中央政府性基金预算收入2343亿元"
fiscal_fund_revenue_ytd,CHN,2020-09,55207,亿元,M,2020-10-21,https://gks.mof.gov.cn/tongjishuju/202010/t20201021_3608237.htm,"年内累计执行数，不是单月；原文：全国政府性基金预算收支情况(一)政府性基金预算收入情况。1-9月累计,全国政府性基金预算收入55207亿元,同比增长3.8%。分中央和地方看,中央政府性基金预算收入2633亿元"
fiscal_fund_revenue_ytd,CHN,2020-10,62645,亿元,M,2020-11-18,https://gks.mof.gov.cn/tongjishuju/202011/t20201118_3625212.htm,"年内累计执行数，不是单月；原文：国政府性基金预算收支情况(一)政府性基金预算收入情况。1-10月累计,全国政府性基金预算收入62645亿元,同比增长4.1%。分中央和地方看,中央政府性基金预算收入2919亿元"
fiscal_fund_revenue_ytd,CHN,2020-11,72672,亿元,M,2020-12-15,https://gks.mof.gov.cn/tongjishuju/202012/t20201215_3634732.htm,"年内累计执行数，不是单月；原文：国政府性基金预算收支情况(一)政府性基金预算收入情况。1-11月累计,全国政府性基金预算收入72672亿元,同比增长6.7%。分中央和地方看,中央政府性基金预算收入3164亿元"
fiscal_fund_revenue_ytd,CHN,2020-12,93489,亿元,M,2021-01-28,https://gks.mof.gov.cn/tongjishuju/202101/t20210128_3650522.htm,"年内累计执行数，不是单月；原文：全国政府性基金预算收支情况(一)政府性基金预算收入情况。2020年,全国政府性基金预算收入93489亿元,同比增长10.6%。分中央和地方看,中央政府性基金预算收入3562亿"
fiscal_fund_revenue_ytd,CHN,2021-02,12585,亿元,M,2021-03-18,https://gks.mof.gov.cn/tongjishuju/202103/t20210318_3672268.htm,"年内累计执行数，不是单月；原文：全国政府性基金预算收支情况(一)政府性基金预算收入情况。1-2月累计,全国政府性基金预算收入12585亿元,同比增长63.7%。分中央和地方看,中央政府性基金预算收入584亿元"
fiscal_fund_revenue_ytd,CHN,2021-03,18605,亿元,M,2021-04-21,https://gks.mof.gov.cn/tongjishuju/202104/t20210421_3689433.htm,"年内累计执行数，不是单月；原文：全国政府性基金预算收支情况(一)政府性基金预算收入情况。1-3月累计,全国政府性基金预算收入18605亿元,同比增长47.9%。分中央和地方看,中央政府性基金预算收入926亿元"
fiscal_fund_revenue_ytd,CHN,2021-04,24277,亿元,M,2021-05-21,https://gks.mof.gov.cn/tongjishuju/202105/t20210521_3706159.htm,"年内累计执行数，不是单月；原文：全国政府性基金预算收支情况(一)政府性基金预算收入情况。1-4月累计,全国政府性基金预算收入24277亿元,同比增长36.6%。分中央和地方看,中央政府性基金预算收入1161亿"
fiscal_fund_revenue_ytd,CHN,2021-05,29704,亿元,M,2021-06-17,https://gks.mof.gov.cn/tongjishuju/202106/t20210617_3720863.htm,"年内累计执行数，不是单月；原文：全国政府性基金预算收支情况(一)政府性基金预算收入情况。1-5月累计,全国政府性基金预算收入29704亿元,同比增长25.6%。分中央和地方看,中央政府性基金预算收入1419亿"
fiscal_fund_revenue_ytd,CHN,2021-06,39078,亿元,M,2021-07-20,https://gks.mof.gov.cn/tongjishuju/202107/t20210720_3739108.htm,"年内累计执行数，不是单月；原文：全国政府性基金预算收支情况(一)政府性基金预算收入情况。1-6月累计,全国政府性基金预算收入39078亿元,同比增长24.1%。分中央和地方看,中央政府性基金预算收入1980亿"
fiscal_fund_revenue_ytd,CHN,2021-07,46967,亿元,M,2021-08-20,https://gks.mof.gov.cn/tongjishuju/202108/t20210819_3746445.htm,"年内累计执行数，不是单月；原文：全国政府性基金预算收支情况(一)政府性基金预算收入情况。1-7月累计,全国政府性基金预算收入46967亿元,同比增长19.9%。分中央和地方看,中央政府性基金预算收入2366亿"
fiscal_fund_revenue_ytd,CHN,2021-08,53693,亿元,M,2021-09-17,https://gks.mof.gov.cn/tongjishuju/202109/t20210917_3753521.htm,"年内累计执行数，不是单月；原文：全国政府性基金预算收支情况(一)政府性基金预算收入情况。1-8月累计,全国政府性基金预算收入53693亿元,同比增长14.2%。分中央和地方看,中央政府性基金预算收入2919亿"
fiscal_fund_revenue_ytd,CHN,2021-09,61018,亿元,M,2021-10-22,https://gks.mof.gov.cn/tongjishuju/202110/t20211022_3760014.htm,"年内累计执行数，不是单月；原文：全国政府性基金预算收支情况(一)政府性基金预算收入情况。1-9月累计,全国政府性基金预算收入61018亿元,同比增长10.5%。分中央和地方看,中央政府性基金预算收入3181亿"
fiscal_fund_revenue_ytd,CHN,2021-10,67459,亿元,M,2021-11-19,https://gks.mof.gov.cn/tongjishuju/202111/t20211119_3767219.htm,"年内累计执行数，不是单月；原文：国政府性基金预算收支情况(一)政府性基金预算收入情况。1-10月累计,全国政府性基金预算收入67459亿元,同比增长7.7%。分中央和地方看,中央政府性基金预算收入3437亿元"
fiscal_fund_revenue_ytd,CHN,2021-11,76614,亿元,M,2021-12-17,https://gks.mof.gov.cn/tongjishuju/202112/t20211217_3775786.htm,"年内累计执行数，不是单月；原文：国政府性基金预算收支情况(一)政府性基金预算收入情况。1-11月累计,全国政府性基金预算收入76614亿元,同比增长5.4%。分中央和地方看,中央政府性基金预算收入3739亿元"
fiscal_fund_revenue_ytd,CHN,2021-12,98024,亿元,M,2022-01-29,https://gks.mof.gov.cn/tongjishuju/202201/t20220128_3785692.htm,"年内累计执行数，不是单月；原文：全国政府性基金预算收支情况(一)政府性基金预算收入情况。2021年,全国政府性基金预算收入98024亿元,同比增长4.8%。分中央和地方看,中央政府性基金预算收入4088亿元"
fiscal_fund_revenue_ytd,CHN,2022-02,9159,亿元,M,2022-03-18,https://gks.mof.gov.cn/tongjishuju/202203/t20220318_3796233.htm,"年内累计执行数，不是单月；原文：全国政府性基金预算收支情况(一)政府性基金预算收入情况。1-2月累计,全国政府性基金预算收入9159亿元,同比下降27.2%。分中央和地方看,中央政府性基金预算收入605亿元"
fiscal_fund_revenue_ytd,CHN,2022-03,13842,亿元,M,2022-04-20,https://gks.mof.gov.cn/tongjishuju/202204/t20220420_3804357.htm,"年内累计执行数，不是单月；原文：全国政府性基金预算收支情况(一)政府性基金预算收入情况。一季度,全国政府性基金预算收入13842亿元,同比下降25.6%。分中央和地方看,中央政府性基金预算收入853亿元"
fiscal_fund_revenue_ytd,CHN,2022-04,17565,亿元,M,2022-05-17,https://gks.mof.gov.cn/tongjishuju/202205/t20220517_3810958.htm,"年内累计执行数，不是单月；原文：全国政府性基金预算收支情况(一)政府性基金预算收入情况。1-4月累计,全国政府性基金预算收入17565亿元,比上年同期下降27.6%。分中央和地方看,中央政府性基金预算收入11"
fiscal_fund_revenue_ytd,CHN,2022-05,21948,亿元,M,2022-06-16,https://gks.mof.gov.cn/tongjishuju/202206/t20220616_3818568.htm,"年内累计执行数，不是单月；原文：全国政府性基金预算收支情况(一)政府性基金预算收入情况。1-5月累计,全国政府性基金预算收入21948亿元,比上年同期下降26.1%。分中央和地方看,中央政府性基金预算收入14"
fiscal_fund_revenue_ytd,CHN,2022-06,27968,亿元,M,2022-07-14,https://gks.mof.gov.cn/tongjishuju/202207/t20220714_3827010.htm,"年内累计执行数，不是单月；原文：全国政府性基金预算收支情况(一)政府性基金预算收入情况。上半年,全国政府性基金预算收入27968亿元,比上年同期下降28.4%。分中央和地方看,中央政府性基金预算收入18"
fiscal_fund_revenue_ytd,CHN,2022-07,33384,亿元,M,2022-08-17,https://gks.mof.gov.cn/tongjishuju/202208/t20220817_3834300.htm,"年内累计执行数，不是单月；原文：全国政府性基金预算收支情况(一)政府性基金预算收入情况。1-7月累计,全国政府性基金预算收入33384亿元,比上年同期下降28.9%。分中央和地方看,中央政府性基金预算收入21"
fiscal_fund_revenue_ytd,CHN,2022-08,39979,亿元,M,2022-09-16,https://gks.mof.gov.cn/tongjishuju/202209/t20220916_3840932.htm,"年内累计执行数，不是单月；原文：全国政府性基金预算收支情况(一)政府性基金预算收入情况。1-8月累计,全国政府性基金预算收入39979亿元,比上年同期下降25.5%。分中央和地方看,中央政府性基金预算收入27"
fiscal_fund_revenue_ytd,CHN,2022-09,45898,亿元,M,2022-10-25,https://gks.mof.gov.cn/tongjishuju/202210/t20221025_3847842.htm,"年内累计执行数，不是单月；原文：全国政府性基金预算收支情况(一)政府性基金预算收入情况。1-9月累计,全国政府性基金预算收入45898亿元,比上年同期下降24.8%。分中央和地方看,中央政府性基金预算收入33"
fiscal_fund_revenue_ytd,CHN,2022-10,52166,亿元,M,2022-11-17,https://gks.mof.gov.cn/tongjishuju/202211/t20221116_3851724.htm,"年内累计执行数，不是单月；原文：国政府性基金预算收支情况(一)政府性基金预算收入情况。1-10月累计,全国政府性基金预算收入52166亿元,比上年同期下降22.7%。分中央和地方看,中央政府性基金预算收入36"
fiscal_fund_revenue_ytd,CHN,2022-11,60161,亿元,M,2022-12-20,https://gks.mof.gov.cn/tongjishuju/202212/t20221220_3858837.htm,"年内累计执行数，不是单月；原文：国政府性基金预算收支情况(一)政府性基金预算收入情况。1-11月累计,全国政府性基金预算收入60161亿元,比上年同期下降21.5%。分中央和地方看,中央政府性基金预算收入38"
fiscal_fund_revenue_ytd,CHN,2022-12,77879,亿元,M,2023-01-30,https://gks.mof.gov.cn/tongjishuju/202301/t20230130_3864368.htm,"年内累计执行数，不是单月；原文：全国政府性基金预算收支情况(一)政府性基金预算收入情况。2022年,全国政府性基金预算收入77879亿元,比上年下降20.6%。分中央和地方看,中央政府性基金预算收入4124"
fiscal_fund_revenue_ytd,CHN,2023-02,6965,亿元,M,2023-03-17,https://gks.mof.gov.cn/tongjishuju/202303/t20230317_3873328.htm,"年内累计执行数，不是单月；原文：全国政府性基金预算收支情况(一)政府性基金预算收入情况。1-2月累计,全国政府性基金预算收入6965亿元,同比下降24%。分中央和地方看,中央政府性基金预算收入642亿元,同"
fiscal_fund_revenue_ytd,CHN,2023-03,10825,亿元,M,2023-04-18,https://gks.mof.gov.cn/tongjishuju/202304/t20230417_3879297.htm,"年内累计执行数，不是单月；原文：全国政府性基金预算收支情况(一)政府性基金预算收入情况。一季度,全国政府性基金预算收入10825亿元,同比下降21.8%。分中央和地方看,中央政府性基金预算收入905亿元"
fiscal_fund_revenue_ytd,CHN,2023-04,14601,亿元,M,2023-05-18,https://gks.mof.gov.cn/tongjishuju/202305/t20230518_3885232.htm,"年内累计执行数，不是单月；原文：全国政府性基金预算收支情况(一)政府性基金预算收入情况。1-4月累计,全国政府性基金预算收入14601亿元,同比下降16.9%。分中央和地方看,中央政府性基金预算收入1194亿"
fiscal_fund_revenue_ytd,CHN,2023-05,18657,亿元,M,2023-06-16,https://gks.mof.gov.cn/tongjishuju/202306/t20230616_3891062.htm,"年内累计执行数，不是单月；原文：全国政府性基金预算收支情况(一)政府性基金预算收入情况。1-5月累计,全国政府性基金预算收入18657亿元,同比下降15%。分中央和地方看,中央政府性基金预算收入1606亿元,"
fiscal_fund_revenue_ytd,CHN,2023-06,23506,亿元,M,2023-07-19,https://gks.mof.gov.cn/tongjishuju/202307/t20230719_3897130.htm,"年内累计执行数，不是单月；原文：全国政府性基金预算收支情况(一)政府性基金预算收入情况。上半年,全国政府性基金预算收入23506亿元,同比下降16%。分中央和地方看,中央政府性基金预算收入1912亿元,"
fiscal_fund_revenue_ytd,CHN,2023-07,28596,亿元,M,2023-08-21,https://gks.mof.gov.cn/tongjishuju/202308/t20230821_3903162.htm,"年内累计执行数，不是单月；原文：全国政府性基金预算收支情况(一)政府性基金预算收入情况。1-7月累计,全国政府性基金预算收入28596亿元,同比下降14.3%。分中央和地方看,中央政府性基金预算收入2214亿"
fiscal_fund_revenue_ytd,CHN,2023-08,33974,亿元,M,2023-09-15,https://gks.mof.gov.cn/tongjishuju/202309/t20230915_3907507.htm,"年内累计执行数，不是单月；原文：全国政府性基金预算收支情况(一)政府性基金预算收入情况。1-8月累计,全国政府性基金预算收入33974亿元,同比下降15%。分中央和地方看,中央政府性基金预算收入2727亿元,"
fiscal_fund_revenue_ytd,CHN,2023-09,38683,亿元,M,2023-10-24,https://gks.mof.gov.cn/tongjishuju/202310/t20231024_3912883.htm,"年内累计执行数，不是单月；原文：全国政府性基金预算收支情况(一)政府性基金预算收入情况。1-9月累计,全国政府性基金预算收入38683亿元,同比下降15.7%。分中央和地方看,中央政府性基金预算收入3048亿"
fiscal_fund_revenue_ytd,CHN,2023-10,43795,亿元,M,2023-11-15,https://gks.mof.gov.cn/tongjishuju/202311/t20231115_3916710.htm,"年内累计执行数，不是单月；原文：国政府性基金预算收支情况(一)政府性基金预算收入情况。1-10月累计,全国政府性基金预算收入43795亿元,同比下降16%。分中央和地方看,中央政府性基金预算收入3417亿元,"
fiscal_fund_revenue_ytd,CHN,2023-11,51884,亿元,M,2023-12-15,https://gks.mof.gov.cn/tongjishuju/202312/t20231215_3922522.htm,"年内累计执行数，不是单月；原文：国政府性基金预算收支情况(一)政府性基金预算收入情况。1-11月累计,全国政府性基金预算收入51884亿元,同比下降13.8%。分中央和地方看,中央政府性基金预算收入3705亿"
fiscal_fund_revenue_ytd,CHN,2023-12,70705,亿元,M,2024-02-01,https://gks.mof.gov.cn/tongjishuju/202402/t20240201_3928009.htm,"年内累计执行数，不是单月；原文：全国政府性基金预算收支情况(一)政府性基金预算收入情况。2023年,全国政府性基金预算收入70705亿元,同比下降9.2%。分中央和地方看,中央政府性基金预算收入4418亿元"
fiscal_fund_revenue_ytd,CHN,2024-02,7149,亿元,M,2024-03-21,https://gks.mof.gov.cn/tongjishuju/202403/t20240321_3931078.htm,"年内累计执行数，不是单月；原文：全国政府性基金预算收支情况(一)政府性基金预算收入情况。1-2月,全国政府性基金预算收入7149亿元,同比增长2.7%。分中央和地方看,中央政府性基金预算收入755亿元,"
fiscal_fund_revenue_ytd,CHN,2024-03,10394,亿元,M,2024-04-22,https://gks.mof.gov.cn/tongjishuju/202404/t20240422_3933193.htm,"年内累计执行数，不是单月；原文：全国政府性基金预算收支情况(一)政府性基金预算收入情况。一季度,全国政府性基金预算收入10394亿元,同比下降4%。分中央和地方看,中央政府性基金预算收入1024亿元,同"
fiscal_fund_revenue_ytd,CHN,2024-04,13484,亿元,M,2024-05-20,https://gks.mof.gov.cn/tongjishuju/202405/t20240517_3935136.htm,"年内累计执行数，不是单月；原文：全国政府性基金预算收支情况(一)政府性基金预算收入情况。1-4月,全国政府性基金预算收入13484亿元,同比下降7.7%。分中央和地方看,中央政府性基金预算收入1326亿元"
fiscal_fund_revenue_ytd,CHN,2024-05,16638,亿元,M,2024-06-24,https://gks.mof.gov.cn/tongjishuju/202406/t20240624_3937803.htm,"年内累计执行数，不是单月；原文：全国政府性基金预算收支情况(一)政府性基金预算收入情况。1-5月,全国政府性基金预算收入16638亿元,同比下降10.8%。分中央和地方看,中央政府性基金预算收入1764亿"
fiscal_fund_revenue_ytd,CHN,2024-06,19915,亿元,M,2024-07-22,https://gks.mof.gov.cn/tongjishuju/202407/t20240722_3939942.htm,"年内累计执行数，不是单月；原文：全国政府性基金预算收支情况(一)政府性基金预算收入情况。上半年,全国政府性基金预算收入19915亿元,同比下降15.3%。分中央和地方看,中央政府性基金预算收入2073亿"
fiscal_fund_revenue_ytd,CHN,2024-07,23295,亿元,M,2024-08-26,https://gks.mof.gov.cn/tongjishuju/202408/t20240826_3942479.htm,"年内累计执行数，不是单月；原文：全国政府性基金预算收支情况(一)政府性基金预算收入情况。1-7月,全国政府性基金预算收入23295亿元,同比下降18.5%。分中央和地方看,中央政府性基金预算收入2386亿"
fiscal_fund_revenue_ytd,CHN,2024-08,26821,亿元,M,2024-09-20,https://gks.mof.gov.cn/tongjishuju/202409/t20240920_3944086.htm,"年内累计执行数，不是单月；原文：全国政府性基金预算收支情况(一)政府性基金预算收入情况。1-8月,全国政府性基金预算收入26821亿元,同比下降21.1%。分中央和地方看,中央政府性基金预算收入2917亿"
fiscal_fund_revenue_ytd,CHN,2024-09,30861,亿元,M,2024-10-25,https://gks.mof.gov.cn/tongjishuju/202410/t20241025_3946291.htm,"年内累计执行数，不是单月；原文：全国政府性基金预算收支情况(一)政府性基金预算收入情况。1-9月,全国政府性基金预算收入30861亿元,同比下降20.2%。分中央和地方看,中央政府性基金预算收入3252亿"
fiscal_fund_revenue_ytd,CHN,2024-10,35462,亿元,M,2024-11-18,https://gks.mof.gov.cn/tongjishuju/202411/t20241118_3947753.htm,"年内累计执行数，不是单月；原文：全国政府性基金预算收支情况(一)政府性基金预算收入情况。1-10月,全国政府性基金预算收入35462亿元,同比下降19%。分中央和地方看,中央政府性基金预算收入3563亿元,"
fiscal_fund_revenue_ytd,CHN,2024-11,42348,亿元,M,2024-12-16,https://gks.mof.gov.cn/tongjishuju/202412/t20241216_3949757.htm,"年内累计执行数，不是单月；原文：全国政府性基金预算收支情况(一)政府性基金预算收入情况。1-11月,全国政府性基金预算收入42348亿元,同比下降18.4%。分中央和地方看,中央政府性基金预算收入3915亿"
fiscal_fund_revenue_ytd,CHN,2024-12,62090,亿元,M,2025-01-24,https://gks.mof.gov.cn/tongjishuju/202501/t20250124_3955083.htm,"年内累计执行数，不是单月；原文：全国政府性基金预算收支情况(一)政府性基金预算收入情况。2024年,全国政府性基金预算收入62090亿元,比上年下降12.2%。分中央和地方看,中央政府性基金预算收入4734"
fiscal_fund_revenue_ytd,CHN,2025-02,6381,亿元,M,2025-03-24,https://gks.mof.gov.cn/tongjishuju/202503/t20250324_3960418.htm,"年内累计执行数，不是单月；原文：全国政府性基金预算收支情况(一)政府性基金预算收入情况。1-2月,全国政府性基金预算收入6381亿元,同比下降10.7%。分中央和地方看,中央政府性基金预算收入808亿元"
fiscal_fund_revenue_ytd,CHN,2025-03,9247,亿元,M,2025-04-18,https://gks.mof.gov.cn/tongjishuju/202504/t20250418_3962244.htm,"年内累计执行数，不是单月；原文：全国政府性基金预算收支情况(一)政府性基金预算收入情况。一季度,全国政府性基金预算收入9247亿元,同比下降11%。分中央和地方看,中央政府性基金预算收入1086亿元,"
fiscal_fund_revenue_ytd,CHN,2025-04,12586,亿元,M,2025-05-20,https://gks.mof.gov.cn/tongjishuju/202505/t20250520_3964136.htm,"年内累计执行数，不是单月；原文：全国政府性基金预算收支情况(一)政府性基金预算收入情况。1-4月,全国政府性基金预算收入12586亿元,同比下降6.7%。分中央和地方看,中央政府性基金预算收入1400亿元"
fiscal_fund_revenue_ytd,CHN,2025-05,15483,亿元,M,2025-06-20,https://gks.mof.gov.cn/tongjishuju/202506/t20250620_3966204.htm,"年内累计执行数，不是单月；原文：全国政府性基金预算收支情况(一)政府性基金预算收入情况。1-5月,全国政府性基金预算收入15483亿元,同比下降6.9%。分中央和地方看,中央政府性基金预算收入1848亿元"
fiscal_fund_revenue_ytd,CHN,2025-06,19442,亿元,M,2025-07-25,https://gks.mof.gov.cn/tongjishuju/202507/t20250725_3968635.htm,"年内累计执行数，不是单月；原文：全国政府性基金预算收支情况(一)政府性基金预算收入情况。上半年,全国政府性基金预算收入19442亿元,同比下降2.4%。分中央和地方看,中央政府性基金预算收入2173亿元"
fiscal_fund_revenue_ytd,CHN,2025-07,23124,亿元,M,2025-08-19,https://gks.mof.gov.cn/tongjishuju/202508/t20250819_3970405.htm,"年内累计执行数，不是单月；原文：全国政府性基金预算收支情况(一)政府性基金预算收入情况。1-7月,全国政府性基金预算收入23124亿元,同比下降0.7%。分中央和地方看,中央政府性基金预算收入2596亿元"
fiscal_fund_revenue_ytd,CHN,2025-08,26449,亿元,M,2025-09-17,https://gks.mof.gov.cn/tongjishuju/202509/t20250917_3972555.htm,"年内累计执行数，不是单月；原文：全国政府性基金预算收支情况(一)政府性基金预算收入情况。1-8月,全国政府性基金预算收入26449亿元,同比下降1.4%。分中央和地方看,中央政府性基金预算收入2933亿元"
fiscal_fund_revenue_ytd,CHN,2025-09,30717,亿元,M,2025-10-17,https://gks.mof.gov.cn/tongjishuju/202510/t20251017_3974400.htm,"年内累计执行数，不是单月；原文：全国政府性基金预算收支情况(一)政府性基金预算收入情况。前三季度,全国政府性基金预算收入30717亿元,同比下降0.5%。分中央和地方看,中央政府性基金预算收入3276亿元"
fiscal_fund_revenue_ytd,CHN,2025-10,34473,亿元,M,2025-11-17,https://gks.mof.gov.cn/tongjishuju/202511/t20251117_3976517.htm,"年内累计执行数，不是单月；原文：全国政府性基金预算收支情况(一)政府性基金预算收入情况。1-10月,全国政府性基金预算收入34473亿元,同比下降2.8%。分中央和地方看,中央政府性基金预算收入3618亿元"
fiscal_fund_revenue_ytd,CHN,2025-11,40274,亿元,M,2025-12-17,https://gks.mof.gov.cn/tongjishuju/202512/t20251217_3979392.htm,"年内累计执行数，不是单月；原文：全国政府性基金预算收支情况(一)政府性基金预算收入情况。1-11月,全国政府性基金预算收入40274亿元,同比下降4.9%。分中央和地方看,中央政府性基金预算收入3938亿元"
fiscal_fund_revenue_ytd,CHN,2025-12,57704,亿元,M,2026-01-30,https://gks.mof.gov.cn/tongjishuju/202601/t20260130_3982923.htm,"年内累计执行数，不是单月；原文：全国政府性基金预算收支情况(一)政府性基金预算收入情况。2025年,全国政府性基金预算收入57704亿元,比上年下降7%。分中央和地方看,中央政府性基金预算收入5056亿元,"
fiscal_fund_revenue_ytd,CHN,2026-02,5363,亿元,M,2026-03-19,https://gks.mof.gov.cn/tongjishuju/202603/t20260319_3985695.htm,"年内累计执行数，不是单月；原文：全国政府性基金预算收支情况(一)政府性基金预算收入情况。1-2月,全国政府性基金预算收入5363亿元,同比下降16%。分中央和地方看,中央政府性基金预算收入862亿元,同"
fiscal_fund_revenue_ytd,CHN,2026-03,7751,亿元,M,2026-04-24,https://gks.mof.gov.cn/tongjishuju/202604/t20260424_3988324.htm,"年内累计执行数，不是单月；原文：全国政府性基金预算收支情况(一)政府性基金预算收入情况。一季度,全国政府性基金预算收入7751亿元,同比下降16.2%。分中央和地方看,中央政府性基金预算收入1149亿"
fiscal_fund_revenue_ytd,CHN,2026-04,10208,亿元,M,2026-05-20,https://gks.mof.gov.cn/tongjishuju/202605/t20260515_3989956.htm,"年内累计执行数，不是单月；原文：全国政府性基金预算收支情况(一)政府性基金预算收入情况。1-4月,全国政府性基金预算收入10208亿元,同比下降18.9%。分中央和地方看,中央政府性基金预算收入1491亿"
fiscal_fund_revenue_ytd,CHN,2026-05,12518,亿元,M,2026-06-22,https://gks.mof.gov.cn/tongjishuju/202606/t20260622_3992033.htm,"年内累计执行数，不是单月；原文：全国政府性基金预算收支情况(一)政府性基金预算收入情况。1-5月,全国政府性基金预算收入12518亿元,同比下降19.2%。分中央和地方看,中央政府性基金预算收入2042亿"
fiscal_fund_revenue_ytd,CHN,2026-06,15244,亿元,M,2026-07-22,https://gks.mof.gov.cn/tongjishuju/202607/t20260722_3993943.htm,"年内累计执行数，不是单月；原文：全国政府性基金预算收支情况(一)政府性基金预算收入情况。上半年,全国政府性基金预算收入15244亿元,同比下降21.6%。分中央和地方看,中央政府性基金预算收入2397亿"
fiscal_fund_revenue_ytd,CHN,2026-07,18219,亿元,M,2026-08-21,https://gks.mof.gov.cn/tongjishuju/202608/t20260814_3995497.htm,"年内累计执行数，不是单月；原文：全国政府性基金预算收支情况(一)政府性基金预算收入情况。1-7月,全国政府性基金预算收入18219亿元,同比下降21.2%。分中央和地方看,中央政府性基金预算收入2772亿"
fiscal_fund_revenue_ytd,CHN,2026-08,21419,亿元,M,2026-09-18,https://gks.mof.gov.cn/tongjishuju/202609/t20260918_3997709.htm,"年内累计执行数，不是单月；原文：全国政府性基金预算收支情况(一)政府性基金预算收入情况。1-8月,全国政府性基金预算收入21419亿元,同比下降19%。分中央和地方看,中央政府性基金预算收入3292亿元,"
fiscal_issuance_gross,CHN,2017-11,4541,亿元,M,2017-12-28,https://yss.mof.gov.cn/zhuantilanmu/dfzgl/sjtj/201712/t20171228_2790007.htm,当月发行流量；保留原报告用途类别；原文：全国发行地方政府债券4541亿元
fiscal_issuance_gross,CHN,2017-12,323,亿元,M,2018-01-17,https://yss.mof.gov.cn/zhuantilanmu/dfzgl/sjtj/201801/t20180117_2797514.htm,当月发行流量；保留原报告用途类别；原文：全国发行地方政府债券323亿元
fiscal_issuance_gross,CHN,2018-03,1910,亿元,M,2018-04-13,https://yss.mof.gov.cn/zhuantilanmu/dfzgl/sjtj/201804/t20180413_2867535.htm,当月发行流量；保留原报告用途类别；原文：全国发行地方政府债券1910亿元
fiscal_issuance_gross,CHN,2018-04,3018,亿元,M,2018-05-16,https://yss.mof.gov.cn/zhuantilanmu/dfzgl/sjtj/201805/t20180516_2898680.htm,当月发行流量；保留原报告用途类别；原文：全国发行地方政府债券3018亿元
fiscal_issuance_gross,CHN,2018-05,3553,亿元,M,2018-06-14,https://yss.mof.gov.cn/zhuantilanmu/dfzgl/sjtj/201806/t20180613_2928002.htm,当月发行流量；保留原报告用途类别；原文：全国发行地方政府债券3553亿元
fiscal_issuance_gross,CHN,2018-06,5343,亿元,M,2018-07-18,https://yss.mof.gov.cn/zhuantilanmu/dfzgl/sjtj/201807/t20180718_2967220.htm,当月发行流量；保留原报告用途类别；原文：全国发行地方政府债券5343亿元
fiscal_issuance_gross,CHN,2018-07,7570,亿元,M,2018-08-17,https://yss.mof.gov.cn/zhuantilanmu/dfzgl/sjtj/201808/t20180817_2989843.htm,当月发行流量；保留原报告用途类别；原文：全国发行地方政府债券7570亿元
fiscal_issuance_gross,CHN,2018-08,8830,亿元,M,2018-09-21,https://yss.mof.gov.cn/zhuantilanmu/dfzgl/sjtj/201809/t20180921_3024772.htm,当月发行流量；保留原报告用途类别；原文：全国发行地方政府债券8830亿元
fiscal_issuance_gross,CHN,2018-09,7485,亿元,M,2018-10-17,https://yss.mof.gov.cn/zhuantilanmu/dfzgl/sjtj/201810/t20181017_3048969.htm,当月发行流量；保留原报告用途类别；原文：全国发行地方政府债券7485亿元
fiscal_issuance_gross,CHN,2018-10,2560,亿元,M,2018-11-22,https://yss.mof.gov.cn/zhuantilanmu/dfzgl/sjtj/201811/t20181122_3073280.htm,当月发行流量；保留原报告用途类别；原文：全国发行地方政府债券2560亿元
fiscal_issuance_gross,CHN,2018-11,459,亿元,M,2018-12-20,https://yss.mof.gov.cn/zhuantilanmu/dfzgl/sjtj/201812/t20181219_3099424.htm,当月发行流量；保留原报告用途类别；原文：全国发行地方政府债券459亿元
fiscal_issuance_gross,CHN,2018-12,638,亿元,M,2019-01-23,https://yss.mof.gov.cn/zhuantilanmu/dfzgl/sjtj/201901/t20190123_3131019.htm,当月发行流量；保留原报告用途类别；原文：全国发行地方政府债券638亿元
fiscal_issuance_gross,CHN,2019-01,4180,亿元,M,2019-02-22,https://yss.mof.gov.cn/zhuantilanmu/dfzgl/sjtj/201902/t20190222_3176703.htm,当月发行流量；保留原报告用途类别；原文：全国发行地方政府债券4180亿元
fiscal_issuance_gross,CHN,2019-02,3642,亿元,M,2019-03-20,https://yss.mof.gov.cn/zhuantilanmu/dfzgl/sjtj/201903/t20190320_3199825.htm,当月发行流量；保留原报告用途类别；原文：全国发行地方政府债券3642亿元
fiscal_issuance_gross,CHN,2019-03,6245,亿元,M,2019-04-18,https://yss.mof.gov.cn/zhuantilanmu/dfzgl/sjtj/201904/t20190417_3227000.htm,当月发行流量；保留原报告用途类别；原文：全国发行地方政府债券6245亿元
fiscal_issuance_gross,CHN,2019-04,2267,亿元,M,2019-05-17,https://yss.mof.gov.cn/zhuantilanmu/dfzgl/sjtj/201905/t20190516_3259191.htm,当月发行流量；保留原报告用途类别；原文：全国发行地方政府债券2267亿元
fiscal_issuance_gross,CHN,2019-05,3043,亿元,M,2019-06-17,https://yss.mof.gov.cn/zhuantilanmu/dfzgl/sjtj/201906/t20190617_3279074.htm,当月发行流量；保留原报告用途类别；原文：全国发行地方政府债券3043亿元
fiscal_issuance_gross,CHN,2019-06,8996,亿元,M,2019-07-19,https://yss.mof.gov.cn/zhuantilanmu/dfzgl/sjtj/201907/t20190718_3302838.htm,当月发行流量；保留原报告用途类别；原文：全国发行地方政府债券8996亿元
fiscal_issuance_gross,CHN,2019-07,5559,亿元,M,2019-08-22,https://yss.mof.gov.cn/zhuantilanmu/dfzgl/sjtj/201908/t20190822_3371343.htm,当月发行流量；保留原报告用途类别；原文：全国发行地方政府债券5559亿元
fiscal_issuance_gross,CHN,2019-08,5695,亿元,M,2019-09-18,https://yss.mof.gov.cn/zhuantilanmu/dfzgl/sjtj/201909/t20190916_3386707.htm,当月发行流量；保留原报告用途类别；原文：全国发行地方政府债券5695亿元
fiscal_issuance_gross,CHN,2019-09,2196,亿元,M,2019-10-24,https://yss.mof.gov.cn/zhuantilanmu/dfzgl/sjtj/201910/t20191024_3408894.htm,当月发行流量；保留原报告用途类别；原文：全国发行地方政府债券2196亿元
fiscal_issuance_gross,CHN,2019-10,964.6,亿元,M,2019-11-27,https://yss.mof.gov.cn/zhuantilanmu/dfzgl/sjtj/201911/t20191127_3430508.htm,当月发行流量；保留原报告用途类别；原文：全国发行地方政府债券964.6亿元
fiscal_issuance_gross,CHN,2019-11,457.89,亿元,M,2019-12-26,https://yss.mof.gov.cn/zhuantilanmu/dfzgl/sjtj/201912/t20191225_3450093.htm,当月发行流量；保留原报告用途类别；原文：全国发行地方政府债券457.89亿元
fiscal_issuance_gross,CHN,2019-12,379.87,亿元,M,2020-01-22,https://yss.mof.gov.cn/zhuantilanmu/dfzgl/sjtj/202001/t20200121_3462828.htm,当月发行流量；保留原报告用途类别；原文：全国发行地方政府债券379.87亿元
fiscal_issuance_gross,CHN,2020-01,7850.64,亿元,M,2020-02-21,https://yss.mof.gov.cn/zhuantilanmu/dfzgl/sjtj/202002/t20200221_3472494.htm,当月发行流量；保留原报告用途类别；原文：全国发行地方政府债券7850.64亿元
fiscal_issuance_gross,CHN,2020-02,4379,亿元,M,2020-03-03,https://yss.mof.gov.cn/zhuantilanmu/dfzgl/sjtj/202003/t20200303_3477036.htm,当月发行流量；保留原报告用途类别；原文：全国发行地方政府债券4379亿元
fiscal_issuance_gross,CHN,2020-03,3875,亿元,M,2020-04-07,https://yss.mof.gov.cn/zhuantilanmu/dfzgl/sjtj/202004/t20200407_3494386.htm,当月发行流量；保留原报告用途类别；原文：全国发行地方政府债券3875亿元
fiscal_issuance_gross,CHN,2020-04,2868,亿元,M,2020-05-11,https://yss.mof.gov.cn/zhuantilanmu/dfzgl/sjtj/202005/t20200511_3511647.htm,当月发行流量；保留原报告用途类别；原文：全国发行地方政府债券2868亿元
fiscal_issuance_gross,CHN,2020-05,13025,亿元,M,2020-06-04,https://yss.mof.gov.cn/zhuantilanmu/dfzgl/sjtj/202006/t20200604_3526283.htm,当月发行流量；保留原报告用途类别；原文：全国发行地方政府债券13025亿元
fiscal_issuance_gross,CHN,2020-06,2867,亿元,M,2020-07-08,https://yss.mof.gov.cn/zhuantilanmu/dfzgl/sjtj/202007/t20200708_3545777.htm,当月发行流量；保留原报告用途类别；原文：全国发行地方政府债券2867亿元
fiscal_issuance_gross,CHN,2020-07,2722,亿元,M,2020-08-20,https://yss.mof.gov.cn/zhuantilanmu/dfzgl/sjtj/202008/t20200820_3572031.htm,当月发行流量；保留原报告用途类别；原文：全国发行地方政府债券2722亿元
fiscal_issuance_gross,CHN,2020-08,11997,亿元,M,2020-09-24,https://yss.mof.gov.cn/zhuantilanmu/dfzgl/sjtj/202009/t20200924_3594157.htm,当月发行流量；保留原报告用途类别；原文：全国发行地方政府债券11997亿元
fiscal_issuance_gross,CHN,2020-09,7205,亿元,M,2020-10-21,https://yss.mof.gov.cn/zhuantilanmu/dfzgl/sjtj/202010/t20201021_3607825.htm,当月发行流量；保留原报告用途类别；原文：全国发行地方政府债券7205亿元
fiscal_issuance_gross,CHN,2020-10,4429,亿元,M,2020-11-17,https://yss.mof.gov.cn/zhuantilanmu/dfzgl/sjtj/202011/t20201116_3623743.htm,当月发行流量；保留原报告用途类别；原文：全国发行地方政府债券4429亿元
fiscal_issuance_gross,CHN,2020-11,1384,亿元,M,2020-12-24,https://yss.mof.gov.cn/zhuantilanmu/dfzgl/sjtj/202012/t20201223_3636580.htm,当月发行流量；保留原报告用途类别；原文：全国发行地方政府债券1384亿元
fiscal_issuance_gross,CHN,2020-12,1836,亿元,M,2021-01-26,https://yss.mof.gov.cn/zhuantilanmu/dfzgl/sjtj/202101/t20210125_3649040.htm,当月发行流量；保留原报告用途类别；原文：全国发行地方政府债券1836亿元
fiscal_issuance_gross,CHN,2021-01,3623,亿元,M,2021-02-25,https://yss.mof.gov.cn/zhuantilanmu/dfzgl/sjtj/202102/t20210225_3662222.htm,当月发行流量；保留原报告用途类别；原文：全国发行地方政府债券3623亿元
fiscal_issuance_gross,CHN,2021-02,557,亿元,M,2021-03-31,https://yss.mof.gov.cn/zhuantilanmu/dfzgl/sjtj/202103/t20210330_3678715.htm,当月发行流量；保留原报告用途类别；原文：全国发行地方政府债券557亿元
fiscal_issuance_gross,CHN,2021-03,4771,亿元,M,2021-04-20,https://yss.mof.gov.cn/zhuantilanmu/dfzgl/sjtj/202104/t20210420_3688898.htm,当月发行流量；保留原报告用途类别；原文：全国发行地方政府债券4771亿元
fiscal_issuance_gross,CHN,2021-04,7758,亿元,M,2021-05-25,https://yss.mof.gov.cn/zhuantilanmu/dfzgl/sjtj/202105/t20210525_3707994.htm,当月发行流量；保留原报告用途类别；原文：全国发行地方政府债券7758亿元
fiscal_issuance_gross,CHN,2021-05,8753,亿元,M,2021-06-22,https://yss.mof.gov.cn/zhuantilanmu/dfzgl/sjtj/202106/t20210621_3722116.htm,当月发行流量；保留原报告用途类别；原文：全国发行地方政府债券8753亿元
fiscal_issuance_gross,CHN,2021-06,7949,亿元,M,2021-07-26,https://yss.mof.gov.cn/zhuantilanmu/dfzgl/sjtj/202107/t20210726_3740404.htm,当月发行流量；保留原报告用途类别；原文：全国发行地方政府债券7949亿元
fiscal_issuance_gross,CHN,2021-07,6568,亿元,M,2021-08-25,https://yss.mof.gov.cn/zhuantilanmu/dfzgl/sjtj/202108/t20210824_3747368.htm,当月发行流量；保留原报告用途类别；原文：全国发行地方政府债券6568亿元
fiscal_issuance_gross,CHN,2021-08,8797,亿元,M,2021-09-26,https://yss.mof.gov.cn/zhuantilanmu/dfzgl/sjtj/202109/t20210926_3755257.htm,当月发行流量；保留原报告用途类别；原文：全国发行地方政府债券8797亿元
fiscal_issuance_gross,CHN,2021-09,7378,亿元,M,2021-11-02,https://yss.mof.gov.cn/zhuantilanmu/dfzgl/sjtj/202111/t20211101_3762326.htm,当月发行流量；保留原报告用途类别；原文：全国发行地方政府债券7378亿元
fiscal_issuance_gross,CHN,2021-10,8761,亿元,M,2021-11-23,https://yss.mof.gov.cn/zhuantilanmu/dfzgl/sjtj/202111/t20211123_3767948.htm,当月发行流量；保留原报告用途类别；原文：全国发行地方政府债券8761亿元
fiscal_issuance_gross,CHN,2021-11,6804,亿元,M,2022-02-09,https://yss.mof.gov.cn/zhuantilanmu/dfzgl/sjtj/202202/t20220209_3786602.htm,当月发行流量；保留原报告用途类别；原文：全国发行地方政府债券6804亿元
fiscal_issuance_gross,CHN,2021-12,3179,亿元,M,2022-02-09,https://yss.mof.gov.cn/zhuantilanmu/dfzgl/sjtj/202202/t20220209_3786613.htm,当月发行流量；保留原报告用途类别；原文：全国发行地方政府债券3179亿元
fiscal_issuance_gross,CHN,2022-01,6989,亿元,M,2022-03-21,https://yss.mof.gov.cn/zhuantilanmu/dfzgl/sjtj/202203/t20220322_3797108.htm,当月发行流量；保留原报告用途类别；原文：全国发行地方政府债券6989亿元
fiscal_issuance_gross,CHN,2022-02,5071,亿元,M,2022-03-23,https://yss.mof.gov.cn/zhuantilanmu/dfzgl/sjtj/202203/t20220322_3797112.htm,当月发行流量；保留原报告用途类别；原文：全国发行地方政府债券5071亿元
fiscal_issuance_gross,CHN,2022-03,6187,亿元,M,2022-05-18,https://yss.mof.gov.cn/zhuantilanmu/dfzgl/sjtj/202205/t20220518_3811261.htm,当月发行流量；保留原报告用途类别；原文：全国发行地方政府债券6187亿元
fiscal_issuance_gross,CHN,2022-04,2842,亿元,M,2022-05-18,https://yss.mof.gov.cn/zhuantilanmu/dfzgl/sjtj/202205/t20220518_3811310.htm,当月发行流量；保留原报告用途类别；原文：全国发行地方政府债券2842亿元
fiscal_issuance_gross,CHN,2022-05,12077,亿元,M,2022-06-30,https://yss.mof.gov.cn/zhuantilanmu/dfzgl/sjtj/202206/t20220630_3823574.htm,当月发行流量；保留原报告用途类别；原文：全国发行地方政府债券12077亿元
fiscal_issuance_gross,CHN,2022-06,19337,亿元,M,2022-07-27,https://yss.mof.gov.cn/zhuantilanmu/dfzgl/sjtj/202207/t20220726_3829548.htm,当月发行流量；保留原报告用途类别；原文：全国发行地方政府债券19337亿元
fiscal_issuance_gross,CHN,2022-07,4063,亿元,M,2022-09-30,https://yss.mof.gov.cn/zhuantilanmu/dfzgl/sjtj/202209/t20220930_3844165.htm,当月发行流量；保留原报告用途类别；原文：全国发行地方政府债券4063亿元
fiscal_issuance_gross,CHN,2022-08,3909,亿元,M,2022-10-08,https://yss.mof.gov.cn/zhuantilanmu/dfzgl/sjtj/202209/t20220930_3844166.htm,当月发行流量；保留原报告用途类别；原文：全国发行地方政府债券3909亿元
fiscal_issuance_gross,CHN,2022-09,3011,亿元,M,2022-11-03,https://yss.mof.gov.cn/zhuantilanmu/dfzgl/sjtj/202211/t20221103_3849441.htm,当月发行流量；保留原报告用途类别；原文：全国发行地方政府债券合计3011亿元
fiscal_issuance_gross,CHN,2022-10,6807,亿元,M,2022-11-30,https://yss.mof.gov.cn/zhuantilanmu/dfzgl/sjtj/202211/t20221130_3854835.htm,当月发行流量；保留原报告用途类别；原文：全国发行地方政府债券合计6807亿元
fiscal_issuance_gross,CHN,2022-11,2469,亿元,M,2022-12-30,https://yss.mof.gov.cn/zhuantilanmu/dfzgl/sjtj/202212/t20221229_3861047.htm,当月发行流量；保留原报告用途类别；原文：全国发行地方政府债券2469亿元
fiscal_issuance_gross,CHN,2022-12,915,亿元,M,2023-01-29,https://yss.mof.gov.cn/zhuantilanmu/dfzgl/sjtj/202301/t20230128_3864087.htm,当月发行流量；保留原报告用途类别；原文：全国发行地方政府债券合计915亿元
fiscal_issuance_gross,CHN,2023-01,6435,亿元,M,2023-02-27,https://yss.mof.gov.cn/zhuantilanmu/dfzgl/sjtj/202302/t20230227_3868366.htm,当月发行流量；保留原报告用途类别；原文：全国发行地方政府债券6435亿元
fiscal_issuance_gross,CHN,2023-02,5761,亿元,M,2023-03-27,https://yss.mof.gov.cn/zhuantilanmu/dfzgl/sjtj/202303/t20230327_3874744.htm,当月发行流量；保留原报告用途类别；原文：全国发行地方政府债券合计5761亿元
fiscal_issuance_gross,CHN,2023-03,8900,亿元,M,2023-04-26,https://yss.mof.gov.cn/zhuantilanmu/dfzgl/sjtj/202304/t20230426_3881032.htm,当月发行流量；保留原报告用途类别；原文：全国发行地方政府债券8900亿元
fiscal_issuance_gross,CHN,2023-04,6728,亿元,M,2023-05-29,https://yss.mof.gov.cn/zhuantilanmu/dfzgl/sjtj/202305/t20230529_3887551.htm,当月发行流量；保留原报告用途类别；原文：全国发行地方政府债券6728亿元
fiscal_issuance_gross,CHN,2023-05,7554,亿元,M,2023-06-28,https://yss.mof.gov.cn/zhuantilanmu/dfzgl/sjtj/202306/t20230628_3893293.htm,当月发行流量；保留原报告用途类别；原文：全国发行地方政府债券合计7554亿元
fiscal_issuance_gross,CHN,2023-06,8302,亿元,M,2023-07-28,https://yss.mof.gov.cn/zhuantilanmu/dfzgl/sjtj/202307/t20230728_3899191.htm,当月发行流量；保留原报告用途类别；原文：全国发行地方政府债券8302亿元
fiscal_issuance_gross,CHN,2023-07,6191,亿元,M,2023-08-29,https://yss.mof.gov.cn/zhuantilanmu/dfzgl/sjtj/202308/t20230829_3904518.htm,当月发行流量；保留原报告用途类别；原文：全国发行地方政府债券6191亿元
fiscal_issuance_gross,CHN,2023-08,13159,亿元,M,2023-09-26,https://yss.mof.gov.cn/zhuantilanmu/dfzgl/sjtj/202309/t20230926_3909090.htm,当月发行流量；保留原报告用途类别；原文：全国发行地方政府债券13159亿元
fiscal_issuance_gross,CHN,2023-09,7751,亿元,M,2023-10-27,https://yss.mof.gov.cn/zhuantilanmu/dfzgl/sjtj/202310/t20231027_3913516.htm,当月发行流量；保留原报告用途类别；原文：全国发行地方政府债券7751亿元
fiscal_issuance_gross,CHN,2023-10,13963,亿元,M,2023-11-29,https://yss.mof.gov.cn/zhuantilanmu/dfzgl/sjtj/202311/t20231129_3918545.htm,当月发行流量；保留原报告用途类别；原文：全国发行地方政府债券13963亿元
fiscal_issuance_gross,CHN,2023-11,6672,亿元,M,2023-12-25,https://yss.mof.gov.cn/zhuantilanmu/dfzgl/sjtj/202312/t20231225_3923816.htm,当月发行流量；保留原报告用途类别；原文：全国发行地方政府债券6672亿元
fiscal_issuance_gross,CHN,2023-12,1956,亿元,M,2024-01-30,https://yss.mof.gov.cn/zhuantilanmu/dfzgl/sjtj/202401/t20240130_3927707.htm,当月发行流量；保留原报告用途类别；原文：全国发行地方政府债券1956亿元
fiscal_issuance_gross,CHN,2024-01,3845,亿元,M,2024-02-29,https://yss.mof.gov.cn/zhuantilanmu/dfzgl/sjtj/202402/t20240229_3929677.htm,当月发行流量；保留原报告用途类别；原文：全国发行地方政府债券3845亿元
fiscal_issuance_gross,CHN,2024-02,5600,亿元,M,2024-03-28,https://yss.mof.gov.cn/zhuantilanmu/dfzgl/sjtj/202403/t20240328_3931768.htm,当月发行流量；保留原报告用途类别；原文：全国发行地方政府债券5600亿元
fiscal_issuance_gross,CHN,2024-03,6295,亿元,M,2024-04-30,https://yss.mof.gov.cn/zhuantilanmu/dfzgl/sjtj/202404/t20240430_3933918.htm,当月发行流量；保留原报告用途类别；原文：全国发行地方政府债券6295亿元
fiscal_issuance_gross,CHN,2024-04,3439,亿元,M,2024-05-31,https://yss.mof.gov.cn/zhuantilanmu/dfzgl/sjtj/202405/t20240531_3936271.htm,当月发行流量；保留原报告用途类别；原文：全国发行地方政府债券3439亿元
fiscal_issuance_gross,CHN,2024-05,9036,亿元,M,2024-06-27,https://yss.mof.gov.cn/zhuantilanmu/dfzgl/sjtj/202406/t20240627_3938206.htm,当月发行流量；保留原报告用途类别；原文：全国发行地方政府债券9036亿元
fiscal_issuance_gross,CHN,2024-06,6714,亿元,M,2024-07-31,https://yss.mof.gov.cn/zhuantilanmu/dfzgl/sjtj/202407/t20240731_3940804.htm,当月发行流量；保留原报告用途类别；原文：全国发行地方政府债券6714亿元
fiscal_issuance_gross,CHN,2024-07,7108,亿元,M,2024-08-30,https://yss.mof.gov.cn/zhuantilanmu/dfzgl/sjtj/202408/t20240830_3942885.htm,当月发行流量；保留原报告用途类别；原文：全国发行地方政府债券7108亿元
fiscal_issuance_gross,CHN,2024-08,12091,亿元,M,2024-09-30,https://yss.mof.gov.cn/zhuantilanmu/dfzgl/sjtj/202409/t20240930_3944792.htm,当月发行流量；保留原报告用途类别；原文：全国发行地方政府债券12091亿元
fiscal_issuance_gross,CHN,2024-09,12893,亿元,M,2024-10-29,https://yss.mof.gov.cn/zhuantilanmu/dfzgl/sjtj/202410/t20241029_3946473.htm,当月发行流量；保留原报告用途类别；原文：全国发行地方政府债券12893亿元
fiscal_issuance_gross,CHN,2024-10,6861,亿元,M,2024-11-29,https://yss.mof.gov.cn/zhuantilanmu/dfzgl/sjtj/202411/t20241129_3948536.htm,当月发行流量；保留原报告用途类别；原文：全国发行地方政府债券6861亿元
fiscal_issuance_gross,CHN,2024-11,13141,亿元,M,2024-12-27,https://yss.mof.gov.cn/zhuantilanmu/dfzgl/sjtj/202412/t20241227_3950717.htm,当月发行流量；保留原报告用途类别；原文：全国发行地方政府债券13141亿元
fiscal_issuance_gross,CHN,2024-12,10913,亿元,M,2025-01-24,https://yss.mof.gov.cn/zhuantilanmu/dfzgl/sjtj/202501/t20250124_3955049.htm,当月发行流量；保留原报告用途类别；原文：全国发行地方政府债券10913亿元
fiscal_issuance_gross,CHN,2025-01,5575,亿元,M,2025-03-28,https://yss.mof.gov.cn/zhuantilanmu/dfzgl/sjtj/202503/t20250328_3960903.htm,当月发行流量；保留原报告用途类别；原文：全国发行地方政府债券5575亿元
fiscal_issuance_gross,CHN,2025-02,13057,亿元,M,2025-03-28,https://yss.mof.gov.cn/zhuantilanmu/dfzgl/sjtj/202503/t20250328_3960904.htm,当月发行流量；保留原报告用途类别；原文：全国发行地方政府债券13057亿元
fiscal_issuance_gross,CHN,2025-03,9788,亿元,M,2025-04-28,https://yss.mof.gov.cn/zhuantilanmu/dfzgl/sjtj/202504/t20250428_3962945.htm,当月发行流量；保留原报告用途类别；原文：全国发行地方政府债券9788亿元
fiscal_issuance_gross,CHN,2025-04,6933,亿元,M,2025-05-28,https://yss.mof.gov.cn/zhuantilanmu/dfzgl/sjtj/202505/t20250528_3964717.htm,当月发行流量；保留原报告用途类别；原文：全国发行地方政府债券6933亿元
fiscal_issuance_gross,CHN,2025-05,7795,亿元,M,2025-06-27,https://yss.mof.gov.cn/zhuantilanmu/dfzgl/sjtj/202506/t20250627_3966682.htm,当月发行流量；保留原报告用途类别；原文：全国发行地方政府债券7795亿元
fiscal_issuance_gross,CHN,2025-06,11753,亿元,M,2025-07-30,https://yss.mof.gov.cn/zhuantilanmu/dfzgl/sjtj/202507/t20250730_3968958.htm,当月发行流量；保留原报告用途类别；原文：全国发行地方政府债券11753亿元
fiscal_issuance_gross,CHN,2025-07,12135,亿元,M,2025-08-28,https://yss.mof.gov.cn/zhuantilanmu/dfzgl/sjtj/202508/t20250828_3970990.htm,当月发行流量；保留原报告用途类别；原文：全国发行地方政府债券12135亿元
fiscal_issuance_gross,CHN,2025-08,9801,亿元,M,2025-09-29,https://yss.mof.gov.cn/zhuantilanmu/dfzgl/sjtj/202509/t20250929_3973481.htm,当月发行流量；保留原报告用途类别；原文：全国发行地方政府债券9801亿元
fiscal_issuance_gross,CHN,2025-09,8619,亿元,M,2025-10-24,https://yss.mof.gov.cn/zhuantilanmu/dfzgl/sjtj/202510/t20251024_3974884.htm,当月发行流量；保留原报告用途类别；原文：全国发行地方政府债券8619亿元
fiscal_issuance_gross,CHN,2025-10,5680,亿元,M,2025-11-28,https://zwgls.mof.gov.cn/tjsj/202511/t20251128_3977820.htm,当月发行流量；保留原报告用途类别；原文：全国发行地方政府债券5680亿元
fiscal_issuance_gross,CHN,2025-11,9127,亿元,M,2025-12-30,https://zwgls.mof.gov.cn/tjsj/202512/t20251230_3980857.htm,当月发行流量；保留原报告用途类别；原文：全国发行地方政府债券9127亿元
fiscal_issuance_gross,CHN,2025-12,2837,亿元,M,2026-01-30,https://zwgls.mof.gov.cn/tjsj/202601/t20260130_3983021.htm,当月发行流量；保留原报告用途类别；原文：全国发行地方政府债券合计2837亿元
fiscal_issuance_gross,CHN,2026-01,8634,亿元,M,2026-03-09,https://zwgls.mof.gov.cn/tjsj/202603/t20260309_3984956.htm,当月发行流量；保留原报告用途类别；原文：全国发行地方政府债券合计8634亿元
fiscal_issuance_gross,CHN,2026-02,11582,亿元,M,2026-04-10,https://zwgls.mof.gov.cn/tjsj/202604/t20260410_3987362.htm,当月发行流量；保留原报告用途类别；原文：全国发行地方政府债券合计11582亿元
fiscal_issuance_gross,CHN,2026-03,10843,亿元,M,2026-05-08,https://zwgls.mof.gov.cn/tjsj/202605/t20260508_3989284.htm,当月发行流量；保留原报告用途类别；原文：全国发行地方政府债券合计10843亿元
fiscal_issuance_gross,CHN,2026-04,8113,亿元,M,2026-06-11,https://zwgls.mof.gov.cn/tjsj/202606/t20260611_3991502.htm,当月发行流量；保留原报告用途类别；原文：全国发行地方政府债券合计8113亿元
fiscal_issuance_gross,CHN,2026-05,8047,亿元,M,2026-06-24,https://zwgls.mof.gov.cn/tjsj/202606/t20260624_3992154.htm,当月发行流量；保留原报告用途类别；原文：全国发行地方政府债券合计8047亿元
fiscal_issuance_gross,CHN,2026-06,11487,亿元,M,2026-07-27,https://zwgls.mof.gov.cn/tjsj/202607/t20260727_3994357.htm,当月发行流量；保留原报告用途类别；原文：全国发行地方政府债券合计11487亿元
fiscal_issuance_gross,CHN,2026-07,7383,亿元,M,2026-09-09,https://zwgls.mof.gov.cn/tjsj/202609/t20260909_3997013.htm,当月发行流量；保留原报告用途类别；原文：全国发行地方政府债券合计7383亿元
fiscal_issuance_gross,CHN,2026-08,11945,亿元,M,2026-09-24,https://zwgls.mof.gov.cn/tjsj/202609/t20260924_3998108.htm,当月发行流量；保留原报告用途类别；原文：全国发行地方政府债券合计11945亿元
fiscal_issuance_new,CHN,2017-11,1231,亿元,M,2017-12-28,https://yss.mof.gov.cn/zhuantilanmu/dfzgl/sjtj/201712/t20171228_2790007.htm,当月发行流量；保留原报告用途类别；原文：新增债券1231亿元
fiscal_issuance_new,CHN,2017-12,126,亿元,M,2018-01-17,https://yss.mof.gov.cn/zhuantilanmu/dfzgl/sjtj/201801/t20180117_2797514.htm,当月发行流量；保留原报告用途类别；原文：新增债券126亿元
fiscal_issuance_new,CHN,2018-05,171,亿元,M,2018-06-14,https://yss.mof.gov.cn/zhuantilanmu/dfzgl/sjtj/201806/t20180613_2928002.htm,当月发行流量；保留原报告用途类别；原文：新增债券171亿元
fiscal_issuance_new,CHN,2018-06,3157,亿元,M,2018-07-18,https://yss.mof.gov.cn/zhuantilanmu/dfzgl/sjtj/201807/t20180718_2967220.htm,当月发行流量；保留原报告用途类别；原文：新增债券3157亿元
fiscal_issuance_new,CHN,2018-07,4614,亿元,M,2018-08-17,https://yss.mof.gov.cn/zhuantilanmu/dfzgl/sjtj/201808/t20180817_2989843.htm,当月发行流量；保留原报告用途类别；原文：新增债券4614亿元
fiscal_issuance_new,CHN,2018-08,5127,亿元,M,2018-09-21,https://yss.mof.gov.cn/zhuantilanmu/dfzgl/sjtj/201809/t20180921_3024772.htm,当月发行流量；保留原报告用途类别；原文：新增债券5127亿元
fiscal_issuance_new,CHN,2018-09,7044,亿元,M,2018-10-17,https://yss.mof.gov.cn/zhuantilanmu/dfzgl/sjtj/201810/t20181017_3048969.htm,当月发行流量；保留原报告用途类别；原文：新增债券7044亿元
fiscal_issuance_new,CHN,2018-10,1077,亿元,M,2018-11-22,https://yss.mof.gov.cn/zhuantilanmu/dfzgl/sjtj/201811/t20181122_3073280.htm,当月发行流量；保留原报告用途类别；原文：新增债券1077亿元
fiscal_issuance_new,CHN,2018-11,42,亿元,M,2018-12-20,https://yss.mof.gov.cn/zhuantilanmu/dfzgl/sjtj/201812/t20181219_3099424.htm,当月发行流量；保留原报告用途类别；原文：新增债券42亿元
fiscal_issuance_new,CHN,2018-12,475,亿元,M,2019-01-23,https://yss.mof.gov.cn/zhuantilanmu/dfzgl/sjtj/201901/t20190123_3131019.htm,当月发行流量；保留原报告用途类别；原文：新增债券475亿元
fiscal_issuance_new,CHN,2019-01,3688,亿元,M,2019-02-22,https://yss.mof.gov.cn/zhuantilanmu/dfzgl/sjtj/201902/t20190222_3176703.htm,当月发行流量；保留原报告用途类别；原文：新增债券3688亿元
fiscal_issuance_new,CHN,2019-02,3274,亿元,M,2019-03-20,https://yss.mof.gov.cn/zhuantilanmu/dfzgl/sjtj/201903/t20190320_3199825.htm,当月发行流量；保留原报告用途类别；原文：新增债券3274亿元
fiscal_issuance_new,CHN,2019-03,4886,亿元,M,2019-04-18,https://yss.mof.gov.cn/zhuantilanmu/dfzgl/sjtj/201904/t20190417_3227000.htm,当月发行流量；保留原报告用途类别；原文：新增债券4886亿元
fiscal_issuance_new,CHN,2019-04,1093,亿元,M,2019-05-17,https://yss.mof.gov.cn/zhuantilanmu/dfzgl/sjtj/201905/t20190516_3259191.htm,当月发行流量；保留原报告用途类别；原文：新增债券1093亿元
fiscal_issuance_new,CHN,2019-05,1657,亿元,M,2019-06-17,https://yss.mof.gov.cn/zhuantilanmu/dfzgl/sjtj/201906/t20190617_3279074.htm,当月发行流量；保留原报告用途类别；原文：新增债券1657亿元
fiscal_issuance_new,CHN,2019-06,7170,亿元,M,2019-07-19,https://yss.mof.gov.cn/zhuantilanmu/dfzgl/sjtj/201907/t20190718_3302838.htm,当月发行流量；保留原报告用途类别；原文：新增债券7170亿元
fiscal_issuance_new,CHN,2019-07,3765,亿元,M,2019-08-22,https://yss.mof.gov.cn/zhuantilanmu/dfzgl/sjtj/201908/t20190822_3371343.htm,当月发行流量；保留原报告用途类别；原文：新增债券3765亿元
fiscal_issuance_new,CHN,2019-08,3421,亿元,M,2019-09-18,https://yss.mof.gov.cn/zhuantilanmu/dfzgl/sjtj/201909/t20190916_3386707.htm,当月发行流量；保留原报告用途类别；原文：新增债券3421亿元
fiscal_issuance_new,CHN,2019-09,1416,亿元,M,2019-10-24,https://yss.mof.gov.cn/zhuantilanmu/dfzgl/sjtj/201910/t20191024_3408894.htm,当月发行流量；保留原报告用途类别；原文：新增债券1416亿元
fiscal_issuance_new,CHN,2019-10,0,亿元,M,2019-11-27,https://yss.mof.gov.cn/zhuantilanmu/dfzgl/sjtj/201911/t20191127_3430508.htm,当月发行流量；保留原报告用途类别；原文：未发行新增债券
fiscal_issuance_new,CHN,2019-11,0,亿元,M,2019-12-26,https://yss.mof.gov.cn/zhuantilanmu/dfzgl/sjtj/201912/t20191225_3450093.htm,当月发行流量；保留原报告用途类别；原文：未发行新增债券
fiscal_issuance_new,CHN,2019-12,206.66,亿元,M,2020-01-22,https://yss.mof.gov.cn/zhuantilanmu/dfzgl/sjtj/202001/t20200121_3462828.htm,当月发行流量；保留原报告用途类别；原文：新增债券206.66亿元
fiscal_issuance_new,CHN,2020-01,7850.64,亿元,M,2020-02-21,https://yss.mof.gov.cn/zhuantilanmu/dfzgl/sjtj/202002/t20200221_3472494.htm,当月发行流量；保留原报告用途类别；原文：全国发行地方政府债券7850.64亿元；全部为新增债券
fiscal_issuance_new,CHN,2020-02,4379,亿元,M,2020-03-03,https://yss.mof.gov.cn/zhuantilanmu/dfzgl/sjtj/202003/t20200303_3477036.htm,当月发行流量；保留原报告用途类别；原文：全国发行地方政府债券4379亿元；全部为新增债券
fiscal_issuance_new,CHN,2020-03,3194,亿元,M,2020-04-07,https://yss.mof.gov.cn/zhuantilanmu/dfzgl/sjtj/202004/t20200407_3494386.htm,当月发行流量；保留原报告用途类别；原文：新增债券3194亿元
fiscal_issuance_new,CHN,2020-04,1202,亿元,M,2020-05-11,https://yss.mof.gov.cn/zhuantilanmu/dfzgl/sjtj/202005/t20200511_3511647.htm,当月发行流量；保留原报告用途类别；原文：新增债券1202亿元
fiscal_issuance_new,CHN,2020-05,10398,亿元,M,2020-06-04,https://yss.mof.gov.cn/zhuantilanmu/dfzgl/sjtj/202006/t20200604_3526283.htm,当月发行流量；保留原报告用途类别；原文：新增债券10398亿元
fiscal_issuance_new,CHN,2020-06,845,亿元,M,2020-07-08,https://yss.mof.gov.cn/zhuantilanmu/dfzgl/sjtj/202007/t20200708_3545777.htm,当月发行流量；保留原报告用途类别；原文：新增债券845亿元
fiscal_issuance_new,CHN,2020-07,422,亿元,M,2020-08-20,https://yss.mof.gov.cn/zhuantilanmu/dfzgl/sjtj/202008/t20200820_3572031.htm,当月发行流量；保留原报告用途类别；原文：新增债券422亿元
fiscal_issuance_new,CHN,2020-08,9209,亿元,M,2020-09-24,https://yss.mof.gov.cn/zhuantilanmu/dfzgl/sjtj/202009/t20200924_3594157.htm,当月发行流量；保留原报告用途类别；原文：新增债券9209亿元
fiscal_issuance_new,CHN,2020-09,5546,亿元,M,2020-10-21,https://yss.mof.gov.cn/zhuantilanmu/dfzgl/sjtj/202010/t20201021_3607825.htm,当月发行流量；保留原报告用途类别；原文：新增债券5546亿元
fiscal_issuance_new,CHN,2020-10,1899,亿元,M,2020-11-17,https://yss.mof.gov.cn/zhuantilanmu/dfzgl/sjtj/202011/t20201116_3623743.htm,当月发行流量；保留原报告用途类别；原文：新增债券1899亿元
fiscal_issuance_new,CHN,2020-11,0,亿元,M,2020-12-24,https://yss.mof.gov.cn/zhuantilanmu/dfzgl/sjtj/202012/t20201223_3636580.htm,当月发行流量；保留原报告用途类别；原文：未发行新增债券
fiscal_issuance_new,CHN,2020-12,580,亿元,M,2021-01-26,https://yss.mof.gov.cn/zhuantilanmu/dfzgl/sjtj/202101/t20210125_3649040.htm,当月发行流量；保留原报告用途类别；原文：新增债券580亿元
fiscal_issuance_new,CHN,2021-03,364,亿元,M,2021-04-20,https://yss.mof.gov.cn/zhuantilanmu/dfzgl/sjtj/202104/t20210420_3688898.htm,当月发行流量；保留原报告用途类别；原文：新增债券364亿元
fiscal_issuance_new,CHN,2021-04,3399,亿元,M,2021-05-25,https://yss.mof.gov.cn/zhuantilanmu/dfzgl/sjtj/202105/t20210525_3707994.htm,当月发行流量；保留原报告用途类别；原文：新增债券3399亿元
fiscal_issuance_new,CHN,2021-05,5701,亿元,M,2021-06-22,https://yss.mof.gov.cn/zhuantilanmu/dfzgl/sjtj/202106/t20210621_3722116.htm,当月发行流量；保留原报告用途类别；原文：新增债券5701亿元
fiscal_issuance_new,CHN,2021-06,5335,亿元,M,2021-07-26,https://yss.mof.gov.cn/zhuantilanmu/dfzgl/sjtj/202107/t20210726_3740404.htm,当月发行流量；保留原报告用途类别；原文：新增债券5335亿元
fiscal_issuance_new,CHN,2021-07,4033,亿元,M,2021-08-25,https://yss.mof.gov.cn/zhuantilanmu/dfzgl/sjtj/202108/t20210824_3747368.htm,当月发行流量；保留原报告用途类别；原文：新增债券4033亿元
fiscal_issuance_new,CHN,2021-08,5930,亿元,M,2021-09-26,https://yss.mof.gov.cn/zhuantilanmu/dfzgl/sjtj/202109/t20210926_3755257.htm,当月发行流量；保留原报告用途类别；原文：新增债券5930亿元
fiscal_issuance_new,CHN,2021-09,5716,亿元,M,2021-11-02,https://yss.mof.gov.cn/zhuantilanmu/dfzgl/sjtj/202111/t20211101_3762326.htm,当月发行流量；保留原报告用途类别；原文：新增债券5716亿元
fiscal_issuance_new,CHN,2021-10,6145,亿元,M,2021-11-23,https://yss.mof.gov.cn/zhuantilanmu/dfzgl/sjtj/202111/t20211123_3767948.htm,当月发行流量；保留原报告用途类别；原文：新增债券6145亿元
fiscal_issuance_new,CHN,2021-11,5949,亿元,M,2022-02-09,https://yss.mof.gov.cn/zhuantilanmu/dfzgl/sjtj/202202/t20220209_3786602.htm,当月发行流量；保留原报告用途类别；原文：新增债券5949亿元
fiscal_issuance_new,CHN,2021-12,1136,亿元,M,2022-02-09,https://yss.mof.gov.cn/zhuantilanmu/dfzgl/sjtj/202202/t20220209_3786613.htm,当月发行流量；保留原报告用途类别；原文：新增债券1136亿元
fiscal_issuance_new,CHN,2022-01,5837,亿元,M,2022-03-21,https://yss.mof.gov.cn/zhuantilanmu/dfzgl/sjtj/202203/t20220322_3797108.htm,当月发行流量；保留原报告用途类别；原文：新增债券5837亿元
fiscal_issuance_new,CHN,2022-02,4939,亿元,M,2022-03-23,https://yss.mof.gov.cn/zhuantilanmu/dfzgl/sjtj/202203/t20220322_3797112.htm,当月发行流量；保留原报告用途类别；原文：新增债券4939亿元
fiscal_issuance_new,CHN,2022-03,4926,亿元,M,2022-05-18,https://yss.mof.gov.cn/zhuantilanmu/dfzgl/sjtj/202205/t20220518_3811261.htm,当月发行流量；保留原报告用途类别；原文：新增债券4926亿元
fiscal_issuance_new,CHN,2022-04,1208,亿元,M,2022-05-18,https://yss.mof.gov.cn/zhuantilanmu/dfzgl/sjtj/202205/t20220518_3811310.htm,当月发行流量；保留原报告用途类别；原文：新增债券1208亿元
fiscal_issuance_new,CHN,2022-05,7536,亿元,M,2022-06-30,https://yss.mof.gov.cn/zhuantilanmu/dfzgl/sjtj/202206/t20220630_3823574.htm,当月发行流量；保留原报告用途类别；原文：新增债券7536亿元
fiscal_issuance_new,CHN,2022-06,15765,亿元,M,2022-07-27,https://yss.mof.gov.cn/zhuantilanmu/dfzgl/sjtj/202207/t20220726_3829548.htm,当月发行流量；保留原报告用途类别；原文：新增债券15765亿元
fiscal_issuance_new,CHN,2022-07,1248,亿元,M,2022-09-30,https://yss.mof.gov.cn/zhuantilanmu/dfzgl/sjtj/202209/t20220930_3844165.htm,当月发行流量；保留原报告用途类别；原文：新增债券1248亿元
fiscal_issuance_new,CHN,2022-08,642,亿元,M,2022-10-08,https://yss.mof.gov.cn/zhuantilanmu/dfzgl/sjtj/202209/t20220930_3844166.htm,当月发行流量；保留原报告用途类别；原文：新增债券642亿元
fiscal_issuance_new,CHN,2022-09,322,亿元,M,2022-11-03,https://yss.mof.gov.cn/zhuantilanmu/dfzgl/sjtj/202211/t20221103_3849441.htm,当月发行流量；保留原报告用途类别；原文：新增地方政府债券322亿元
fiscal_issuance_new,CHN,2022-10,4555,亿元,M,2022-11-30,https://yss.mof.gov.cn/zhuantilanmu/dfzgl/sjtj/202211/t20221130_3854835.htm,当月发行流量；保留原报告用途类别；原文：新增地方政府债券4555亿元
fiscal_issuance_new,CHN,2022-11,491,亿元,M,2022-12-30,https://yss.mof.gov.cn/zhuantilanmu/dfzgl/sjtj/202212/t20221229_3861047.htm,当月发行流量；保留原报告用途类别；原文：新增债券491亿元
fiscal_issuance_new,CHN,2022-12,98,亿元,M,2023-01-29,https://yss.mof.gov.cn/zhuantilanmu/dfzgl/sjtj/202301/t20230128_3864087.htm,当月发行流量；保留原报告用途类别；原文：新增地方政府债券98亿元
fiscal_issuance_new,CHN,2023-01,6258,亿元,M,2023-02-27,https://yss.mof.gov.cn/zhuantilanmu/dfzgl/sjtj/202302/t20230227_3868366.htm,当月发行流量；保留原报告用途类别；原文：新增债券6258亿元
fiscal_issuance_new,CHN,2023-02,4419,亿元,M,2023-03-27,https://yss.mof.gov.cn/zhuantilanmu/dfzgl/sjtj/202303/t20230327_3874744.htm,当月发行流量；保留原报告用途类别；原文：新增地方政府债券4419亿元
fiscal_issuance_new,CHN,2023-03,6017,亿元,M,2023-04-26,https://yss.mof.gov.cn/zhuantilanmu/dfzgl/sjtj/202304/t20230426_3881032.htm,当月发行流量；保留原报告用途类别；原文：新增债券6017亿元
fiscal_issuance_new,CHN,2023-04,2825,亿元,M,2023-05-29,https://yss.mof.gov.cn/zhuantilanmu/dfzgl/sjtj/202305/t20230529_3887551.htm,当月发行流量；保留原报告用途类别；原文：新增债券2825亿元
fiscal_issuance_new,CHN,2023-05,3019,亿元,M,2023-06-28,https://yss.mof.gov.cn/zhuantilanmu/dfzgl/sjtj/202306/t20230628_3893293.htm,当月发行流量；保留原报告用途类别；原文：新增债券3019亿元
fiscal_issuance_new,CHN,2023-06,4814,亿元,M,2023-07-28,https://yss.mof.gov.cn/zhuantilanmu/dfzgl/sjtj/202307/t20230728_3899191.htm,当月发行流量；保留原报告用途类别；原文：新增债券4814亿元
fiscal_issuance_new,CHN,2023-07,2353,亿元,M,2023-08-29,https://yss.mof.gov.cn/zhuantilanmu/dfzgl/sjtj/202308/t20230829_3904518.htm,当月发行流量；保留原报告用途类别；原文：新增债券2353亿元
fiscal_issuance_new,CHN,2023-08,7143,亿元,M,2023-09-26,https://yss.mof.gov.cn/zhuantilanmu/dfzgl/sjtj/202309/t20230926_3909090.htm,当月发行流量；保留原报告用途类别；原文：新增债券7143亿元
fiscal_issuance_new,CHN,2023-09,4240,亿元,M,2023-10-27,https://yss.mof.gov.cn/zhuantilanmu/dfzgl/sjtj/202310/t20231027_3913516.htm,当月发行流量；保留原报告用途类别；原文：新增债券4240亿元
fiscal_issuance_new,CHN,2023-10,2267,亿元,M,2023-11-29,https://yss.mof.gov.cn/zhuantilanmu/dfzgl/sjtj/202311/t20231129_3918545.htm,当月发行流量；保留原报告用途类别；原文：新增债券2267亿元
fiscal_issuance_new,CHN,2023-11,2109,亿元,M,2023-12-25,https://yss.mof.gov.cn/zhuantilanmu/dfzgl/sjtj/202312/t20231225_3923816.htm,当月发行流量；保留原报告用途类别；原文：新增债券2109亿元
fiscal_issuance_new,CHN,2023-12,1106,亿元,M,2024-01-30,https://yss.mof.gov.cn/zhuantilanmu/dfzgl/sjtj/202401/t20240130_3927707.htm,当月发行流量；保留原报告用途类别；原文：新增债券1106亿元
fiscal_issuance_new,CHN,2024-01,1754,亿元,M,2024-02-29,https://yss.mof.gov.cn/zhuantilanmu/dfzgl/sjtj/202402/t20240229_3929677.htm,当月发行流量；保留原报告用途类别；原文：新增债券1754亿元
fiscal_issuance_new,CHN,2024-02,4006,亿元,M,2024-03-28,https://yss.mof.gov.cn/zhuantilanmu/dfzgl/sjtj/202403/t20240328_3931768.htm,当月发行流量；保留原报告用途类别；原文：新增债券4006亿元
fiscal_issuance_new,CHN,2024-03,2664,亿元,M,2024-04-30,https://yss.mof.gov.cn/zhuantilanmu/dfzgl/sjtj/202404/t20240430_3933918.htm,当月发行流量；保留原报告用途类别；原文：新增债券2664亿元
fiscal_issuance_new,CHN,2024-04,1285,亿元,M,2024-05-31,https://yss.mof.gov.cn/zhuantilanmu/dfzgl/sjtj/202405/t20240531_3936271.htm,当月发行流量；保留原报告用途类别；原文：新增债券1285亿元
fiscal_issuance_new,CHN,2024-05,4819,亿元,M,2024-06-27,https://yss.mof.gov.cn/zhuantilanmu/dfzgl/sjtj/202406/t20240627_3938206.htm,当月发行流量；保留原报告用途类别；原文：新增债券4819亿元
fiscal_issuance_new,CHN,2024-06,3731,亿元,M,2024-07-31,https://yss.mof.gov.cn/zhuantilanmu/dfzgl/sjtj/202407/t20240731_3940804.htm,当月发行流量；保留原报告用途类别；原文：新增债券3731亿元
fiscal_issuance_new,CHN,2024-07,3200,亿元,M,2024-08-30,https://yss.mof.gov.cn/zhuantilanmu/dfzgl/sjtj/202408/t20240830_3942885.htm,当月发行流量；保留原报告用途类别；原文：新增债券3200亿元
fiscal_issuance_new,CHN,2024-08,9474,亿元,M,2024-09-30,https://yss.mof.gov.cn/zhuantilanmu/dfzgl/sjtj/202409/t20240930_3944792.htm,当月发行流量；保留原报告用途类别；原文：新增债券9474亿元
fiscal_issuance_new,CHN,2024-09,11371,亿元,M,2024-10-29,https://yss.mof.gov.cn/zhuantilanmu/dfzgl/sjtj/202410/t20241029_3946473.htm,当月发行流量；保留原报告用途类别；原文：新增债券11371亿元
fiscal_issuance_new,CHN,2024-10,3385,亿元,M,2024-11-29,https://yss.mof.gov.cn/zhuantilanmu/dfzgl/sjtj/202411/t20241129_3948536.htm,当月发行流量；保留原报告用途类别；原文：新增债券3385亿元
fiscal_issuance_new,CHN,2024-11,1051,亿元,M,2024-12-27,https://yss.mof.gov.cn/zhuantilanmu/dfzgl/sjtj/202412/t20241227_3950717.htm,当月发行流量；保留原报告用途类别；原文：新增债券1051亿元
fiscal_issuance_new,CHN,2024-12,453,亿元,M,2025-01-24,https://yss.mof.gov.cn/zhuantilanmu/dfzgl/sjtj/202501/t20250124_3955049.htm,当月发行流量；保留原报告用途类别；原文：新增债券453亿元
fiscal_issuance_new,CHN,2025-01,3053,亿元,M,2025-03-28,https://yss.mof.gov.cn/zhuantilanmu/dfzgl/sjtj/202503/t20250328_3960903.htm,当月发行流量；保留原报告用途类别；原文：新增债券3053亿元
fiscal_issuance_new,CHN,2025-02,4966,亿元,M,2025-03-28,https://yss.mof.gov.cn/zhuantilanmu/dfzgl/sjtj/202503/t20250328_3960904.htm,当月发行流量；保留原报告用途类别；原文：新增债券4966亿元
fiscal_issuance_new,CHN,2025-03,4375,亿元,M,2025-04-28,https://yss.mof.gov.cn/zhuantilanmu/dfzgl/sjtj/202504/t20250428_3962945.htm,当月发行流量；保留原报告用途类别；原文：新增债券4375亿元
fiscal_issuance_new,CHN,2025-04,2534,亿元,M,2025-05-28,https://yss.mof.gov.cn/zhuantilanmu/dfzgl/sjtj/202505/t20250528_3964717.htm,当月发行流量；保留原报告用途类别；原文：新增债券2534亿元
fiscal_issuance_new,CHN,2025-05,4919,亿元,M,2025-06-27,https://yss.mof.gov.cn/zhuantilanmu/dfzgl/sjtj/202506/t20250627_3966682.htm,当月发行流量；保留原报告用途类别；原文：新增债券4919亿元
fiscal_issuance_new,CHN,2025-06,6281,亿元,M,2025-07-30,https://yss.mof.gov.cn/zhuantilanmu/dfzgl/sjtj/202507/t20250730_3968958.htm,当月发行流量；保留原报告用途类别；原文：新增债券6281亿元
fiscal_issuance_new,CHN,2025-07,7032,亿元,M,2025-08-28,https://yss.mof.gov.cn/zhuantilanmu/dfzgl/sjtj/202508/t20250828_3970990.htm,当月发行流量；保留原报告用途类别；原文：新增债券7032亿元
fiscal_issuance_new,CHN,2025-08,5715,亿元,M,2025-09-29,https://yss.mof.gov.cn/zhuantilanmu/dfzgl/sjtj/202509/t20250929_3973481.htm,当月发行流量；保留原报告用途类别；原文：新增债券5715亿元
fiscal_issuance_new,CHN,2025-09,4741,亿元,M,2025-10-24,https://yss.mof.gov.cn/zhuantilanmu/dfzgl/sjtj/202510/t20251024_3974884.htm,当月发行流量；保留原报告用途类别；原文：新增债券4741亿元
fiscal_issuance_new,CHN,2025-10,3132,亿元,M,2025-11-28,https://zwgls.mof.gov.cn/tjsj/202511/t20251128_3977820.htm,当月发行流量；保留原报告用途类别；原文：新增债券3132亿元
fiscal_issuance_new,CHN,2025-11,5338,亿元,M,2025-12-30,https://zwgls.mof.gov.cn/tjsj/202512/t20251230_3980857.htm,当月发行流量；保留原报告用途类别；原文：新增地方政府债券5338亿元
fiscal_issuance_new,CHN,2025-12,1732,亿元,M,2026-01-30,https://zwgls.mof.gov.cn/tjsj/202601/t20260130_3983021.htm,当月发行流量；保留原报告用途类别；原文：新增地方政府债券1732亿元
fiscal_issuance_new,CHN,2026-01,4285,亿元,M,2026-03-09,https://zwgls.mof.gov.cn/tjsj/202603/t20260309_3984956.htm,当月发行流量；保留原报告用途类别；原文：新增债券4285亿元
fiscal_issuance_new,CHN,2026-02,6061,亿元,M,2026-04-10,https://zwgls.mof.gov.cn/tjsj/202604/t20260410_3987362.htm,当月发行流量；保留原报告用途类别；原文：新增地方政府债券6061亿元
fiscal_issuance_new,CHN,2026-03,3853,亿元,M,2026-05-08,https://zwgls.mof.gov.cn/tjsj/202605/t20260508_3989284.htm,当月发行流量；保留原报告用途类别；原文：新增地方政府债券3853亿元
fiscal_issuance_new,CHN,2026-04,2286,亿元,M,2026-06-11,https://zwgls.mof.gov.cn/tjsj/202606/t20260611_3991502.htm,当月发行流量；保留原报告用途类别；原文：新增地方政府债券2286亿元
fiscal_issuance_new,CHN,2026-05,1862,亿元,M,2026-06-24,https://zwgls.mof.gov.cn/tjsj/202606/t20260624_3992154.htm,当月发行流量；保留原报告用途类别；原文：新增地方政府债券1862亿元
fiscal_issuance_new,CHN,2026-06,6128,亿元,M,2026-07-27,https://zwgls.mof.gov.cn/tjsj/202607/t20260727_3994357.htm,当月发行流量；保留原报告用途类别；原文：新增地方政府债券6128亿元
fiscal_issuance_new,CHN,2026-07,4041,亿元,M,2026-09-09,https://zwgls.mof.gov.cn/tjsj/202609/t20260909_3997013.htm,当月发行流量；保留原报告用途类别；原文：新增地方政府债券4041亿元
fiscal_issuance_new,CHN,2026-08,6440,亿元,M,2026-09-24,https://zwgls.mof.gov.cn/tjsj/202609/t20260924_3998108.htm,当月发行流量；保留原报告用途类别；原文：新增地方政府债券6440亿元
fiscal_issuance_refinancing,CHN,2020-03,681,亿元,M,2020-04-07,https://yss.mof.gov.cn/zhuantilanmu/dfzgl/sjtj/202004/t20200407_3494386.htm,当月发行流量；保留原报告用途类别；原文：再融资债券681亿元
fiscal_issuance_refinancing,CHN,2020-04,1666,亿元,M,2020-05-11,https://yss.mof.gov.cn/zhuantilanmu/dfzgl/sjtj/202005/t20200511_3511647.htm,当月发行流量；保留原报告用途类别；原文：再融资债券1666亿元
fiscal_issuance_refinancing,CHN,2020-05,2627,亿元,M,2020-06-04,https://yss.mof.gov.cn/zhuantilanmu/dfzgl/sjtj/202006/t20200604_3526283.htm,当月发行流量；保留原报告用途类别；原文：再融资债券2627亿元
fiscal_issuance_refinancing,CHN,2020-06,2022,亿元,M,2020-07-08,https://yss.mof.gov.cn/zhuantilanmu/dfzgl/sjtj/202007/t20200708_3545777.htm,当月发行流量；保留原报告用途类别；原文：再融资债券2022亿元
fiscal_issuance_refinancing,CHN,2020-07,2300,亿元,M,2020-08-20,https://yss.mof.gov.cn/zhuantilanmu/dfzgl/sjtj/202008/t20200820_3572031.htm,当月发行流量；保留原报告用途类别；原文：再融资债券2300亿元
fiscal_issuance_refinancing,CHN,2020-08,2788,亿元,M,2020-09-24,https://yss.mof.gov.cn/zhuantilanmu/dfzgl/sjtj/202009/t20200924_3594157.htm,当月发行流量；保留原报告用途类别；原文：再融资债券2788亿元
fiscal_issuance_refinancing,CHN,2020-09,1659,亿元,M,2020-10-21,https://yss.mof.gov.cn/zhuantilanmu/dfzgl/sjtj/202010/t20201021_3607825.htm,当月发行流量；保留原报告用途类别；原文：再融资债券1659亿元
fiscal_issuance_refinancing,CHN,2020-10,2530,亿元,M,2020-11-17,https://yss.mof.gov.cn/zhuantilanmu/dfzgl/sjtj/202011/t20201116_3623743.htm,当月发行流量；保留原报告用途类别；原文：再融资债券2530亿元
fiscal_issuance_refinancing,CHN,2020-11,1384,亿元,M,2020-12-24,https://yss.mof.gov.cn/zhuantilanmu/dfzgl/sjtj/202012/t20201223_3636580.htm,当月发行流量；保留原报告用途类别；原文：再融资债券1384亿元
fiscal_issuance_refinancing,CHN,2020-12,1256,亿元,M,2021-01-26,https://yss.mof.gov.cn/zhuantilanmu/dfzgl/sjtj/202101/t20210125_3649040.htm,当月发行流量；保留原报告用途类别；原文：再融资债券1256亿元
fiscal_issuance_refinancing,CHN,2021-01,3623,亿元,M,2021-02-25,https://yss.mof.gov.cn/zhuantilanmu/dfzgl/sjtj/202102/t20210225_3662222.htm,当月发行流量；保留原报告用途类别；原文：全国发行地方政府债券3623亿元；全部为再融资债券
fiscal_issuance_refinancing,CHN,2021-02,557,亿元,M,2021-03-31,https://yss.mof.gov.cn/zhuantilanmu/dfzgl/sjtj/202103/t20210330_3678715.htm,当月发行流量；保留原报告用途类别；原文：全国发行地方政府债券557亿元；全部为再融资债券
fiscal_issuance_refinancing,CHN,2021-03,4407,亿元,M,2021-04-20,https://yss.mof.gov.cn/zhuantilanmu/dfzgl/sjtj/202104/t20210420_3688898.htm,当月发行流量；保留原报告用途类别；原文：再融资债券4407亿元
fiscal_issuance_refinancing,CHN,2021-04,4359,亿元,M,2021-05-25,https://yss.mof.gov.cn/zhuantilanmu/dfzgl/sjtj/202105/t20210525_3707994.htm,当月发行流量；保留原报告用途类别；原文：再融资债券4359亿元
fiscal_issuance_refinancing,CHN,2021-05,3052,亿元,M,2021-06-22,https://yss.mof.gov.cn/zhuantilanmu/dfzgl/sjtj/202106/t20210621_3722116.htm,当月发行流量；保留原报告用途类别；原文：再融资债券3052亿元
fiscal_issuance_refinancing,CHN,2021-06,2614,亿元,M,2021-07-26,https://yss.mof.gov.cn/zhuantilanmu/dfzgl/sjtj/202107/t20210726_3740404.htm,当月发行流量；保留原报告用途类别；原文：再融资债券2614亿元
fiscal_issuance_refinancing,CHN,2021-07,2535,亿元,M,2021-08-25,https://yss.mof.gov.cn/zhuantilanmu/dfzgl/sjtj/202108/t20210824_3747368.htm,当月发行流量；保留原报告用途类别；原文：再融资债券2535亿元
fiscal_issuance_refinancing,CHN,2021-08,2867,亿元,M,2021-09-26,https://yss.mof.gov.cn/zhuantilanmu/dfzgl/sjtj/202109/t20210926_3755257.htm,当月发行流量；保留原报告用途类别；原文：再融资债券2867亿元
fiscal_issuance_refinancing,CHN,2021-09,1662,亿元,M,2021-11-02,https://yss.mof.gov.cn/zhuantilanmu/dfzgl/sjtj/202111/t20211101_3762326.htm,当月发行流量；保留原报告用途类别；原文：再融资债券1662亿元
fiscal_issuance_refinancing,CHN,2021-10,2616,亿元,M,2021-11-23,https://yss.mof.gov.cn/zhuantilanmu/dfzgl/sjtj/202111/t20211123_3767948.htm,当月发行流量；保留原报告用途类别；原文：再融资债券2616亿元
fiscal_issuance_refinancing,CHN,2021-11,855,亿元,M,2022-02-09,https://yss.mof.gov.cn/zhuantilanmu/dfzgl/sjtj/202202/t20220209_3786602.htm,当月发行流量；保留原报告用途类别；原文：再融资债券855亿元
fiscal_issuance_refinancing,CHN,2021-12,2043,亿元,M,2022-02-09,https://yss.mof.gov.cn/zhuantilanmu/dfzgl/sjtj/202202/t20220209_3786613.htm,当月发行流量；保留原报告用途类别；原文：再融资债券2043亿元
fiscal_issuance_refinancing,CHN,2022-01,1152,亿元,M,2022-03-21,https://yss.mof.gov.cn/zhuantilanmu/dfzgl/sjtj/202203/t20220322_3797108.htm,当月发行流量；保留原报告用途类别；原文：再融资债券1152亿元
fiscal_issuance_refinancing,CHN,2022-02,132,亿元,M,2022-03-23,https://yss.mof.gov.cn/zhuantilanmu/dfzgl/sjtj/202203/t20220322_3797112.htm,当月发行流量；保留原报告用途类别；原文：再融资债券132亿元
fiscal_issuance_refinancing,CHN,2022-03,1261,亿元,M,2022-05-18,https://yss.mof.gov.cn/zhuantilanmu/dfzgl/sjtj/202205/t20220518_3811261.htm,当月发行流量；保留原报告用途类别；原文：再融资债券1261亿元
fiscal_issuance_refinancing,CHN,2022-04,1634,亿元,M,2022-05-18,https://yss.mof.gov.cn/zhuantilanmu/dfzgl/sjtj/202205/t20220518_3811310.htm,当月发行流量；保留原报告用途类别；原文：再融资债券1634亿元
fiscal_issuance_refinancing,CHN,2022-05,4541,亿元,M,2022-06-30,https://yss.mof.gov.cn/zhuantilanmu/dfzgl/sjtj/202206/t20220630_3823574.htm,当月发行流量；保留原报告用途类别；原文：再融资债券4541亿元
fiscal_issuance_refinancing,CHN,2022-06,3572,亿元,M,2022-07-27,https://yss.mof.gov.cn/zhuantilanmu/dfzgl/sjtj/202207/t20220726_3829548.htm,当月发行流量；保留原报告用途类别；原文：再融资债券3572亿元
fiscal_issuance_refinancing,CHN,2022-07,2815,亿元,M,2022-09-30,https://yss.mof.gov.cn/zhuantilanmu/dfzgl/sjtj/202209/t20220930_3844165.htm,当月发行流量；保留原报告用途类别；原文：再融资债券2815亿元
fiscal_issuance_refinancing,CHN,2022-08,3267,亿元,M,2022-10-08,https://yss.mof.gov.cn/zhuantilanmu/dfzgl/sjtj/202209/t20220930_3844166.htm,当月发行流量；保留原报告用途类别；原文：再融资债券3267亿元
fiscal_issuance_refinancing,CHN,2022-09,2689,亿元,M,2022-11-03,https://yss.mof.gov.cn/zhuantilanmu/dfzgl/sjtj/202211/t20221103_3849441.htm,当月发行流量；保留原报告用途类别；原文：再融资债券2689亿元
fiscal_issuance_refinancing,CHN,2022-10,2252,亿元,M,2022-11-30,https://yss.mof.gov.cn/zhuantilanmu/dfzgl/sjtj/202211/t20221130_3854835.htm,当月发行流量；保留原报告用途类别；原文：再融资债券2252亿元
fiscal_issuance_refinancing,CHN,2022-11,1978,亿元,M,2022-12-30,https://yss.mof.gov.cn/zhuantilanmu/dfzgl/sjtj/202212/t20221229_3861047.htm,当月发行流量；保留原报告用途类别；原文：再融资债券1978亿元
fiscal_issuance_refinancing,CHN,2022-12,817,亿元,M,2023-01-29,https://yss.mof.gov.cn/zhuantilanmu/dfzgl/sjtj/202301/t20230128_3864087.htm,当月发行流量；保留原报告用途类别；原文：再融资债券817亿元
fiscal_issuance_refinancing,CHN,2023-01,177,亿元,M,2023-02-27,https://yss.mof.gov.cn/zhuantilanmu/dfzgl/sjtj/202302/t20230227_3868366.htm,当月发行流量；保留原报告用途类别；原文：再融资债券177亿元
fiscal_issuance_refinancing,CHN,2023-02,1342,亿元,M,2023-03-27,https://yss.mof.gov.cn/zhuantilanmu/dfzgl/sjtj/202303/t20230327_3874744.htm,当月发行流量；保留原报告用途类别；原文：再融资债券1342亿元
fiscal_issuance_refinancing,CHN,2023-03,2883,亿元,M,2023-04-26,https://yss.mof.gov.cn/zhuantilanmu/dfzgl/sjtj/202304/t20230426_3881032.htm,当月发行流量；保留原报告用途类别；原文：再融资债券2883亿元
fiscal_issuance_refinancing,CHN,2023-04,3903,亿元,M,2023-05-29,https://yss.mof.gov.cn/zhuantilanmu/dfzgl/sjtj/202305/t20230529_3887551.htm,当月发行流量；保留原报告用途类别；原文：再融资债券3903亿元
fiscal_issuance_refinancing,CHN,2023-05,4535,亿元,M,2023-06-28,https://yss.mof.gov.cn/zhuantilanmu/dfzgl/sjtj/202306/t20230628_3893293.htm,当月发行流量；保留原报告用途类别；原文：再融资债券4535亿元
fiscal_issuance_refinancing,CHN,2023-06,3488,亿元,M,2023-07-28,https://yss.mof.gov.cn/zhuantilanmu/dfzgl/sjtj/202307/t20230728_3899191.htm,当月发行流量；保留原报告用途类别；原文：再融资债券3488亿元
fiscal_issuance_refinancing,CHN,2023-07,3838,亿元,M,2023-08-29,https://yss.mof.gov.cn/zhuantilanmu/dfzgl/sjtj/202308/t20230829_3904518.htm,当月发行流量；保留原报告用途类别；原文：再融资债券3838亿元
fiscal_issuance_refinancing,CHN,2023-08,6016,亿元,M,2023-09-26,https://yss.mof.gov.cn/zhuantilanmu/dfzgl/sjtj/202309/t20230926_3909090.htm,当月发行流量；保留原报告用途类别；原文：再融资债券6016亿元
fiscal_issuance_refinancing,CHN,2023-09,3511,亿元,M,2023-10-27,https://yss.mof.gov.cn/zhuantilanmu/dfzgl/sjtj/202310/t20231027_3913516.htm,当月发行流量；保留原报告用途类别；原文：再融资债券3511亿元
fiscal_issuance_refinancing,CHN,2023-10,11696,亿元,M,2023-11-29,https://yss.mof.gov.cn/zhuantilanmu/dfzgl/sjtj/202311/t20231129_3918545.htm,当月发行流量；保留原报告用途类别；原文：再融资债券11696亿元
fiscal_issuance_refinancing,CHN,2023-11,4563,亿元,M,2023-12-25,https://yss.mof.gov.cn/zhuantilanmu/dfzgl/sjtj/202312/t20231225_3923816.htm,当月发行流量；保留原报告用途类别；原文：再融资债券4563亿元
fiscal_issuance_refinancing,CHN,2023-12,850,亿元,M,2024-01-30,https://yss.mof.gov.cn/zhuantilanmu/dfzgl/sjtj/202401/t20240130_3927707.htm,当月发行流量；保留原报告用途类别；原文：再融资债券850亿元
fiscal_issuance_refinancing,CHN,2024-01,2091,亿元,M,2024-02-29,https://yss.mof.gov.cn/zhuantilanmu/dfzgl/sjtj/202402/t20240229_3929677.htm,当月发行流量；保留原报告用途类别；原文：再融资债券2091亿元
fiscal_issuance_refinancing,CHN,2024-02,1594,亿元,M,2024-03-28,https://yss.mof.gov.cn/zhuantilanmu/dfzgl/sjtj/202403/t20240328_3931768.htm,当月发行流量；保留原报告用途类别；原文：再融资债券1594亿元
fiscal_issuance_refinancing,CHN,2024-03,3631,亿元,M,2024-04-30,https://yss.mof.gov.cn/zhuantilanmu/dfzgl/sjtj/202404/t20240430_3933918.htm,当月发行流量；保留原报告用途类别；原文：再融资债券3631亿元
fiscal_issuance_refinancing,CHN,2024-04,2154,亿元,M,2024-05-31,https://yss.mof.gov.cn/zhuantilanmu/dfzgl/sjtj/202405/t20240531_3936271.htm,当月发行流量；保留原报告用途类别；原文：再融资债券2154亿元
fiscal_issuance_refinancing,CHN,2024-05,4217,亿元,M,2024-06-27,https://yss.mof.gov.cn/zhuantilanmu/dfzgl/sjtj/202406/t20240627_3938206.htm,当月发行流量；保留原报告用途类别；原文：再融资债券4217亿元
fiscal_issuance_refinancing,CHN,2024-06,2983,亿元,M,2024-07-31,https://yss.mof.gov.cn/zhuantilanmu/dfzgl/sjtj/202407/t20240731_3940804.htm,当月发行流量；保留原报告用途类别；原文：再融资债券2983亿元
fiscal_issuance_refinancing,CHN,2024-07,3908,亿元,M,2024-08-30,https://yss.mof.gov.cn/zhuantilanmu/dfzgl/sjtj/202408/t20240830_3942885.htm,当月发行流量；保留原报告用途类别；原文：再融资债券3908亿元
fiscal_issuance_refinancing,CHN,2024-08,2617,亿元,M,2024-09-30,https://yss.mof.gov.cn/zhuantilanmu/dfzgl/sjtj/202409/t20240930_3944792.htm,当月发行流量；保留原报告用途类别；原文：再融资债券2617亿元
fiscal_issuance_refinancing,CHN,2024-09,1522,亿元,M,2024-10-29,https://yss.mof.gov.cn/zhuantilanmu/dfzgl/sjtj/202410/t20241029_3946473.htm,当月发行流量；保留原报告用途类别；原文：再融资债券1522亿元
fiscal_issuance_refinancing,CHN,2024-10,3476,亿元,M,2024-11-29,https://yss.mof.gov.cn/zhuantilanmu/dfzgl/sjtj/202411/t20241129_3948536.htm,当月发行流量；保留原报告用途类别；原文：再融资债券3476亿元
fiscal_issuance_refinancing,CHN,2024-11,12090,亿元,M,2024-12-27,https://yss.mof.gov.cn/zhuantilanmu/dfzgl/sjtj/202412/t20241227_3950717.htm,当月发行流量；保留原报告用途类别；原文：再融资债券12090亿元
fiscal_issuance_refinancing,CHN,2024-12,10460,亿元,M,2025-01-24,https://yss.mof.gov.cn/zhuantilanmu/dfzgl/sjtj/202501/t20250124_3955049.htm,当月发行流量；保留原报告用途类别；原文：再融资债券10460亿元
fiscal_issuance_refinancing,CHN,2025-01,2522,亿元,M,2025-03-28,https://yss.mof.gov.cn/zhuantilanmu/dfzgl/sjtj/202503/t20250328_3960903.htm,当月发行流量；保留原报告用途类别；原文：再融资债券2522亿元
fiscal_issuance_refinancing,CHN,2025-02,8091,亿元,M,2025-03-28,https://yss.mof.gov.cn/zhuantilanmu/dfzgl/sjtj/202503/t20250328_3960904.htm,当月发行流量；保留原报告用途类别；原文：再融资债券8091亿元
fiscal_issuance_refinancing,CHN,2025-03,5413,亿元,M,2025-04-28,https://yss.mof.gov.cn/zhuantilanmu/dfzgl/sjtj/202504/t20250428_3962945.htm,当月发行流量；保留原报告用途类别；原文：再融资债券5413亿元
fiscal_issuance_refinancing,CHN,2025-04,4399,亿元,M,2025-05-28,https://yss.mof.gov.cn/zhuantilanmu/dfzgl/sjtj/202505/t20250528_3964717.htm,当月发行流量；保留原报告用途类别；原文：再融资债券4399亿元
fiscal_issuance_refinancing,CHN,2025-05,2876,亿元,M,2025-06-27,https://yss.mof.gov.cn/zhuantilanmu/dfzgl/sjtj/202506/t20250627_3966682.htm,当月发行流量；保留原报告用途类别；原文：再融资债券2876亿元
fiscal_issuance_refinancing,CHN,2025-06,5472,亿元,M,2025-07-30,https://yss.mof.gov.cn/zhuantilanmu/dfzgl/sjtj/202507/t20250730_3968958.htm,当月发行流量；保留原报告用途类别；原文：再融资债券5472亿元
fiscal_issuance_refinancing,CHN,2025-07,5103,亿元,M,2025-08-28,https://yss.mof.gov.cn/zhuantilanmu/dfzgl/sjtj/202508/t20250828_3970990.htm,当月发行流量；保留原报告用途类别；原文：再融资债券5103亿元
fiscal_issuance_refinancing,CHN,2025-08,4086,亿元,M,2025-09-29,https://yss.mof.gov.cn/zhuantilanmu/dfzgl/sjtj/202509/t20250929_3973481.htm,当月发行流量；保留原报告用途类别；原文：再融资债券4086亿元
fiscal_issuance_refinancing,CHN,2025-09,3878,亿元,M,2025-10-24,https://yss.mof.gov.cn/zhuantilanmu/dfzgl/sjtj/202510/t20251024_3974884.htm,当月发行流量；保留原报告用途类别；原文：再融资债券3878亿元
fiscal_issuance_refinancing,CHN,2025-10,2548,亿元,M,2025-11-28,https://zwgls.mof.gov.cn/tjsj/202511/t20251128_3977820.htm,当月发行流量；保留原报告用途类别；原文：再融资债券2548亿元
fiscal_issuance_refinancing,CHN,2025-11,3789,亿元,M,2025-12-30,https://zwgls.mof.gov.cn/tjsj/202512/t20251230_3980857.htm,当月发行流量；保留原报告用途类别；原文：再融资债券3789亿元
fiscal_issuance_refinancing,CHN,2025-12,1105,亿元,M,2026-01-30,https://zwgls.mof.gov.cn/tjsj/202601/t20260130_3983021.htm,当月发行流量；保留原报告用途类别；原文：再融资债券1105亿元
fiscal_issuance_refinancing,CHN,2026-01,4349,亿元,M,2026-03-09,https://zwgls.mof.gov.cn/tjsj/202603/t20260309_3984956.htm,当月发行流量；保留原报告用途类别；原文：再融资债券4349亿元
fiscal_issuance_refinancing,CHN,2026-02,5521,亿元,M,2026-04-10,https://zwgls.mof.gov.cn/tjsj/202604/t20260410_3987362.htm,当月发行流量；保留原报告用途类别；原文：再融资债券5521亿元
fiscal_issuance_refinancing,CHN,2026-03,6990,亿元,M,2026-05-08,https://zwgls.mof.gov.cn/tjsj/202605/t20260508_3989284.htm,当月发行流量；保留原报告用途类别；原文：再融资债券6990亿元
fiscal_issuance_refinancing,CHN,2026-04,5827,亿元,M,2026-06-11,https://zwgls.mof.gov.cn/tjsj/202606/t20260611_3991502.htm,当月发行流量；保留原报告用途类别；原文：再融资债券5827亿元
fiscal_issuance_refinancing,CHN,2026-05,6185,亿元,M,2026-06-24,https://zwgls.mof.gov.cn/tjsj/202606/t20260624_3992154.htm,当月发行流量；保留原报告用途类别；原文：再融资债券6185亿元
fiscal_issuance_refinancing,CHN,2026-06,5359,亿元,M,2026-07-27,https://zwgls.mof.gov.cn/tjsj/202607/t20260727_3994357.htm,当月发行流量；保留原报告用途类别；原文：再融资债券5359亿元
fiscal_issuance_refinancing,CHN,2026-07,3342,亿元,M,2026-09-09,https://zwgls.mof.gov.cn/tjsj/202609/t20260909_3997013.htm,当月发行流量；保留原报告用途类别；原文：再融资债券3342亿元
fiscal_issuance_refinancing,CHN,2026-08,5505,亿元,M,2026-09-24,https://zwgls.mof.gov.cn/tjsj/202609/t20260924_3998108.htm,当月发行流量；保留原报告用途类别；原文：再融资债券5505亿元
fiscal_issuance_swap,CHN,2017-11,3310,亿元,M,2017-12-28,https://yss.mof.gov.cn/zhuantilanmu/dfzgl/sjtj/201712/t20171228_2790007.htm,当月发行流量；保留原报告用途类别；原文：置换债券3310亿元
fiscal_issuance_swap,CHN,2017-12,197,亿元,M,2018-01-17,https://yss.mof.gov.cn/zhuantilanmu/dfzgl/sjtj/201801/t20180117_2797514.htm,当月发行流量；保留原报告用途类别；原文：置换债券197亿元
fiscal_issuance_swap,CHN,2018-03,1910,亿元,M,2018-04-13,https://yss.mof.gov.cn/zhuantilanmu/dfzgl/sjtj/201804/t20180413_2867535.htm,当月发行流量；保留原报告用途类别；原文：全国发行地方政府债券1910亿元；全部是置换债券
fiscal_issuance_swap_refinancing,CHN,2018-04,3018,亿元,M,2018-05-16,https://yss.mof.gov.cn/zhuantilanmu/dfzgl/sjtj/201805/t20180516_2898680.htm,当月发行流量；保留原报告用途类别；原文：全国发行地方政府债券3018亿元；全部是置换债券或再融资债券
fiscal_issuance_swap_refinancing,CHN,2018-05,3382,亿元,M,2018-06-14,https://yss.mof.gov.cn/zhuantilanmu/dfzgl/sjtj/201806/t20180613_2928002.htm,"当月发行流量；保留原报告用途类别；原文：置换债券或再融资债券(用于偿还部分到期地方政府债券本金,下同)3382亿元"
fiscal_issuance_swap_refinancing,CHN,2018-06,2186,亿元,M,2018-07-18,https://yss.mof.gov.cn/zhuantilanmu/dfzgl/sjtj/201807/t20180718_2967220.htm,"当月发行流量；保留原报告用途类别；原文：置换债券或再融资债券(用于偿还部分到期地方政府债券本金,下同)2186亿元"
fiscal_issuance_swap_refinancing,CHN,2018-07,2956,亿元,M,2018-08-17,https://yss.mof.gov.cn/zhuantilanmu/dfzgl/sjtj/201808/t20180817_2989843.htm,"当月发行流量；保留原报告用途类别；原文：置换债券或再融资债券(用于偿还部分到期地方政府债券本金,下同)2956亿元"
fiscal_issuance_swap_refinancing,CHN,2018-08,3703,亿元,M,2018-09-21,https://yss.mof.gov.cn/zhuantilanmu/dfzgl/sjtj/201809/t20180921_3024772.htm,"当月发行流量；保留原报告用途类别；原文：置换债券和再融资债券(用于偿还部分到期地方政府债券本金,下同)3703亿元"
fiscal_issuance_swap_refinancing,CHN,2018-09,441,亿元,M,2018-10-17,https://yss.mof.gov.cn/zhuantilanmu/dfzgl/sjtj/201810/t20181017_3048969.htm,"当月发行流量；保留原报告用途类别；原文：置换债券和再融资债券(用于偿还部分到期地方政府债券本金,下同)441亿元"
fiscal_issuance_swap_refinancing,CHN,2018-10,1483,亿元,M,2018-11-22,https://yss.mof.gov.cn/zhuantilanmu/dfzgl/sjtj/201811/t20181122_3073280.htm,"当月发行流量；保留原报告用途类别；原文：置换债券和再融资债券(用于偿还部分到期地方政府债券本金,下同)1483亿元"
fiscal_issuance_swap_refinancing,CHN,2018-11,417,亿元,M,2018-12-20,https://yss.mof.gov.cn/zhuantilanmu/dfzgl/sjtj/201812/t20181219_3099424.htm,"当月发行流量；保留原报告用途类别；原文：置换债券和再融资债券(用于偿还部分到期地方政府债券本金,下同)417亿元"
fiscal_issuance_swap_refinancing,CHN,2018-12,163,亿元,M,2019-01-23,https://yss.mof.gov.cn/zhuantilanmu/dfzgl/sjtj/201901/t20190123_3131019.htm,"当月发行流量；保留原报告用途类别；原文：置换债券和再融资债券(用于偿还部分到期地方政府债券本金,下同)163亿元"
fiscal_issuance_swap_refinancing,CHN,2019-01,492,亿元,M,2019-02-22,https://yss.mof.gov.cn/zhuantilanmu/dfzgl/sjtj/201902/t20190222_3176703.htm,"当月发行流量；保留原报告用途类别；原文：置换债券和再融资债券(用于偿还部分到期地方政府债券本金,下同)492亿元"
fiscal_issuance_swap_refinancing,CHN,2019-02,368,亿元,M,2019-03-20,https://yss.mof.gov.cn/zhuantilanmu/dfzgl/sjtj/201903/t20190320_3199825.htm,"当月发行流量；保留原报告用途类别；原文：置换债券和再融资债券(用于偿还部分到期地方政府债券本金,下同)368亿元"
fiscal_issuance_swap_refinancing,CHN,2019-03,1359,亿元,M,2019-04-18,https://yss.mof.gov.cn/zhuantilanmu/dfzgl/sjtj/201904/t20190417_3227000.htm,"当月发行流量；保留原报告用途类别；原文：置换债券和再融资债券(用于偿还部分到期地方政府债券本金,下同)1359亿元"
fiscal_issuance_swap_refinancing,CHN,2019-04,1174,亿元,M,2019-05-17,https://yss.mof.gov.cn/zhuantilanmu/dfzgl/sjtj/201905/t20190516_3259191.htm,"当月发行流量；保留原报告用途类别；原文：置换债券和再融资债券(用于偿还部分到期地方政府债券本金,下同)1174亿元"
fiscal_issuance_swap_refinancing,CHN,2019-05,1386,亿元,M,2019-06-17,https://yss.mof.gov.cn/zhuantilanmu/dfzgl/sjtj/201906/t20190617_3279074.htm,"当月发行流量；保留原报告用途类别；原文：置换债券和再融资债券(用于偿还部分到期地方政府债券本金,下同)1386亿元"
fiscal_issuance_swap_refinancing,CHN,2019-06,1826,亿元,M,2019-07-19,https://yss.mof.gov.cn/zhuantilanmu/dfzgl/sjtj/201907/t20190718_3302838.htm,"当月发行流量；保留原报告用途类别；原文：置换债券和再融资债券(用于偿还部分到期地方政府债券本金,下同)1826亿元"
fiscal_issuance_swap_refinancing,CHN,2019-07,1794,亿元,M,2019-08-22,https://yss.mof.gov.cn/zhuantilanmu/dfzgl/sjtj/201908/t20190822_3371343.htm,"当月发行流量；保留原报告用途类别；原文：置换债券和再融资债券(用于偿还部分到期地方政府债券本金,下同)1794亿元"
fiscal_issuance_swap_refinancing,CHN,2019-08,2274,亿元,M,2019-09-18,https://yss.mof.gov.cn/zhuantilanmu/dfzgl/sjtj/201909/t20190916_3386707.htm,"当月发行流量；保留原报告用途类别；原文：置换债券和再融资债券(用于偿还部分到期地方政府债券本金,下同)2274亿元"
fiscal_issuance_swap_refinancing,CHN,2019-09,780,亿元,M,2019-10-24,https://yss.mof.gov.cn/zhuantilanmu/dfzgl/sjtj/201910/t20191024_3408894.htm,"当月发行流量；保留原报告用途类别；原文：置换债券和再融资债券(用于偿还部分到期地方政府债券本金,下同)780亿元"
fiscal_issuance_swap_refinancing,CHN,2019-10,964.6,亿元,M,2019-11-27,https://yss.mof.gov.cn/zhuantilanmu/dfzgl/sjtj/201911/t20191127_3430508.htm,"当月发行流量；保留原报告用途类别；原文：置换债券和再融资债券(用于偿还部分到期地方政府债券本金,下同)964.6亿元"
fiscal_issuance_swap_refinancing,CHN,2019-11,457.89,亿元,M,2019-12-26,https://yss.mof.gov.cn/zhuantilanmu/dfzgl/sjtj/201912/t20191225_3450093.htm,"当月发行流量；保留原报告用途类别；原文：置换债券和再融资债券(用于偿还部分到期地方政府债券本金,下同)457.89亿元"
fiscal_issuance_swap_refinancing,CHN,2019-12,173.21,亿元,M,2020-01-22,https://yss.mof.gov.cn/zhuantilanmu/dfzgl/sjtj/202001/t20200121_3462828.htm,"当月发行流量；保留原报告用途类别；原文：置换债券和再融资债券(用于偿还部分到期地方政府债券本金,下同)173.21亿元"
fiscal_land_fee_annual,CHN,2010,28197.70,亿元,A,2011-07-20,https://yss.mof.gov.cn/2010juesuan/201107/t20110720_578413.htm,全国年度决算；采用决算数列，不是预算数；原行：卅二、国有土地使用权出让金收入 | 12447.00 | 28197.70 | 226.5；出让金为窄口径，不替代月报土地出让收入
fiscal_land_fee_annual,CHN,2011,31140.42,亿元,A,2012-07-10,https://yss.mof.gov.cn/2011qgczjs/201207/t20120710_665274.htm,全国年度决算；采用决算数列，不是预算数；原行：廿八、国有土地使用权出让金收入 | 18260.64 | 31140.42 | 170.5 | 110.4；出让金为窄口径，不替代月报土地出让收入
fiscal_land_fee_annual,CHN,2012,26691.52,亿元,A,2013-07-15,https://yss.mof.gov.cn/2012qhczjs/201307/t20130715_966176.htm,全国年度决算；采用决算数列，不是预算数；原行：廿三、国有土地使用权出让金收入 | 25304.52 | 26691.52 | 105.5 | 85.7；出让金为窄口径，不替代月报土地出让收入
fiscal_land_fee_annual,CHN,2013,39142.03,亿元,A,2014-07-11,https://yss.mof.gov.cn/2013qgczjs/201407/t20140711_1111836.htm,全国年度决算；采用决算数列，不是预算数；原行：廿三、国有土地使用权出让金收入 | 25629.93 | 39142.03 | 152.7 | 146.6；出让金为窄口径，不替代月报土地出让收入
fiscal_land_fee_annual,CHN,2014,40479.69,亿元,A,2015-07-08,https://yss.mof.gov.cn/2014czys/201507/t20150708_1269709.htm,全国年度决算；采用决算数列，不是预算数；原行：廿三、国有土地使用权出让金收入 | 34422.38 | 40479.69 | 117.6 | 103.4；出让金为窄口径，不替代月报土地出让收入
fiscal_land_fee_annual,CHN,2015,30783.80,亿元,A,2016-07-13,https://yss.mof.gov.cn/2015js/201607/t20160713_2354922.htm,全国年度决算；采用决算数列，不是预算数；原行：十五、国有土地使用权出让金收入 | 37427.00 | 30783.80 | 82.3 | 78.6；出让金为窄口径，不替代月报土地出让收入
fiscal_land_fee_annual,CHN,2016,35639.69,亿元,A,2017-07-12,https://yss.mof.gov.cn/2016js/201707/t20170712_2648021.htm,全国年度决算；采用决算数列，不是预算数；原行：十三、国有土地使用权出让金收入 | 26722.10 | 35639.69 | 133.4 | 115.8；出让金为窄口径，不替代月报土地出让收入
fiscal_land_fee_annual,CHN,2017,49997.07,亿元,A,2018-07-12,https://yss.mof.gov.cn/qgczjs/201807/t20180712_2959795.htm,全国年度决算；采用决算数列，不是预算数；原行：十、国有土地使用权出让金收入 | 37169.84 | 49997.07 | 134.5 | 140.3；出让金为窄口径，不替代月报土地出让收入
fiscal_land_fee_annual,CHN,2018,62910.55,亿元,A,2019-07-18,https://yss.mof.gov.cn/2018czjs/201907/t20190718_3303321.htm,全国年度决算；采用决算数列，不是预算数；原行：十、国有土地使用权出让金收入 | 52532.43 | 62910.55 | 119.8 | 125.7；出让金为窄口径，不替代月报土地出让收入
fiscal_land_fee_annual,CHN,2019,70679.31,亿元,A,2020-07-31,https://yss.mof.gov.cn/2019qgczjs/202007/t20200731_3559743.htm,全国年度决算；采用决算数列，不是预算数；原行：八、国有土地使用权出让金收入 | 64767.37 | 70679.31 | 109.1 | 112.3；出让金为窄口径，不替代月报土地出让收入
fiscal_land_fee_annual,CHN,2020,82158.99,亿元,A,2021-09-17,https://yss.mof.gov.cn/2020zyjs/202109/t20210917_3753564.htm,全国年度决算；采用决算数列，不是预算数；原行：八、国有土地使用权出让金收入 | 68593.68 | 82158.99 | 119.8 | 116.2；出让金为窄口径，不替代月报土地出让收入
fiscal_land_fee_annual,CHN,2021,84977.85,亿元,A,2022-07-28,https://yss.mof.gov.cn/2021zyjs/202207/t20220728_3830522.htm,全国年度决算；采用决算数列，不是预算数；原行：七、国有土地使用权出让金收入 | 82159.24 | 84977.85 | 103.4 | 103.4；出让金为窄口径，不替代月报土地出让收入
fiscal_land_fee_annual,CHN,2022,65326.00,亿元,A,2023-08-25,https://yss.mof.gov.cn/2022zyjs/202308/t20230825_3904110.htm,全国年度决算；采用决算数列，不是预算数；原行：七、国有土地使用权出让金收入 | 84969.07 | 65326.00 | 76.9 | 76.9；出让金为窄口径，不替代月报土地出让收入
fiscal_land_fee_annual,CHN,2023,56633.68,亿元,A,2024-08-30,https://yss.mof.gov.cn/2023zyjs/202408/t20240830_3942833.htm,全国年度决算；采用决算数列，不是预算数；原行：七、国有土地使用权出让金收入 | 65341.49 | 56633.68 | 86.7 | 86.7；出让金为窄口径，不替代月报土地出让收入
fiscal_land_fee_annual,CHN,2024,47741.70,亿元,A,2025-09-04,https://yss.mof.gov.cn/2024zyjs/202509/t20250904_3971506.htm,全国年度决算；采用决算数列，不是预算数；原行：七、国有土地使用权出让金收入 | 56643.45 | 47741.70 | 84.3 | 84.3；出让金为窄口径，不替代月报土地出让收入
fiscal_land_fee_annual,CHN,2025,40623.99,亿元,A,2026-09-16,https://yss.mof.gov.cn/2025zyjs/202609/t20260916_3997522.htm,全国年度决算；采用决算数列，不是预算数；原行：七、国有土地使用权出让金收入 | 47753.80 | 40623.99 | 85.1 | 85.1；出让金为窄口径，不替代月报土地出让收入
fiscal_land_ytd,CHN,2012-06,11430,亿元,M,2012-07-13,https://gks.mof.gov.cn/tongjishuju/201207/t20120713_666240.htm,"年内累计执行数，不是单月；原文：级收入13666亿元,同比减少4142亿元,下降23.3%。主要项目:国有土地使用权出让收入11430亿元,同比减少4342亿元,下降27.5%,主要受土地出让成交额大幅下降影"
fiscal_land_ytd,CHN,2012-07,13490,亿元,M,2012-08-10,https://gks.mof.gov.cn/tongjishuju/201208/t20120810_674581.htm,"年内累计执行数，不是单月；原文：,同比减少4729亿元,下降22.6%,主要是土地出让成交额大幅下降,国有土地使用权出让收入13490亿元,同比减少5009亿元,下降27.1%。(二)政府性基金支出情况1-7"
fiscal_land_ytd,CHN,2012-08,15579,亿元,M,2012-09-11,https://gks.mof.gov.cn/tongjishuju/201209/t20120911_682031.htm,"年内累计执行数，不是单月；原文：,同比减少5225亿元,下降21.8%,主要是土地出让成交额大幅下降,国有土地使用权出让收入15579亿元,同比减少5493亿元,下降26.1%。(二)政府性基金支出情况1-8"
fiscal_land_ytd,CHN,2012-09,17936,亿元,M,2012-10-18,https://gks.mof.gov.cn/tongjishuju/201210/t20121018_688653.htm,"年内累计执行数，不是单月；原文：,同比减少5097亿元,下降19.2%,主要是土地出让成交额大幅下降,国有土地使用权出让收入17936亿元,同比减少5386亿元,下降23.1%。(二)政府性基金支出情况前三季"
fiscal_land_ytd,CHN,2012-10,20093,亿元,M,2012-11-14,https://gks.mof.gov.cn/tongjishuju/201211/t20121114_694678.htm,"年内累计执行数，不是单月；原文：,同比减少5195亿元,下降17.7%,主要是土地出让成交额大幅下降,国有土地使用权出让收入20093亿元,同比减少5561亿元,下降21.7%。(二)政府性基金支出情况1-1"
fiscal_land_ytd,CHN,2012-11,23478,亿元,M,2012-12-11,https://gks.mof.gov.cn/tongjishuju/201212/t20121211_713211.htm,"年内累计执行数，不是单月；原文：亿元,同比减少4539亿元,下降13.9%,主要是土地出让成交额下降,国有土地使用权出让收入23478亿元,同比减少4983亿元,下降17.5%。(二)政府性基金支出情况1-1"
fiscal_land_ytd,CHN,2012-12,28517,亿元,M,2013-01-22,https://gks.mof.gov.cn/tongjishuju/201301/t20130122_729462.htm,"年内累计执行数，不是单月；原文：元,比上年减少4029亿元,下降10.5%,主要是土地出让成交额下降,国有土地使用权出让收入28517亿元,比上年减少4656亿元,下降14%。(二)政府性基金支出情况1-12"
fiscal_land_ytd,CHN,2013-03,7700,亿元,M,2013-04-15,https://gks.mof.gov.cn/tongjishuju/201304/t20130415_824878.htm,"年内累计执行数，不是单月；原文：长42.9%,主要是受土地成交额增加,以及去年同期收入基数较低等影响,国有土地使用权出让收入7700亿元,同比增加2448亿元,增长46.6%(去年一季度同比下降34.6%)"
fiscal_land_ytd,CHN,2013-06,16722,亿元,M,2013-07-15,https://gks.mof.gov.cn/tongjishuju/201307/t20130715_966250.htm,"年内累计执行数，不是单月；原文：长41.9%,主要是受土地成交额增加,以及去年同期收入基数较低等影响,国有土地使用权出让收入16722亿元,同比增加5292亿元,增长46.3%(去年上半年同比下降27.5%)"
fiscal_land_ytd,CHN,2013-09,26836,亿元,M,2013-10-18,https://gks.mof.gov.cn/tongjishuju/201310/t20131018_1000698.htm,"年内累计执行数，不是单月；原文：长45.1%,主要是受土地成交额增加,以及去年同期收入基数较低等影响,国有土地使用权出让收入26836亿元,同比增加8900亿元,增长49.6%(去年同期下降23.1%)。(二"
fiscal_land_ytd,CHN,2013-12,41250,亿元,M,2014-01-23,https://gks.mof.gov.cn/tongjishuju/201401/t20140123_1038541.htm,"年内累计执行数，不是单月；原文：)48007亿元,增长40.3%。主要是土地出让合同成交价款增加较多,国有土地使用权出让收入41250亿元,比上年增加12732亿元,增长44.6%。(二)政府性基金支出情况1"
fiscal_land_ytd,CHN,2014-03,10802,亿元,M,2014-04-17,https://gks.mof.gov.cn/tongjishuju/201404/t20140417_1068713.htm,"年内累计执行数，不是单月；原文：本级)12213亿元,同比增长37.3%,主要是受土地成交额增加拉动,国有土地使用权出让收入10802亿元,同比增长40.3%。(二)政府性基金支出情况1-3月累计,全国政府性"
fiscal_land_ytd,CHN,2014-06,21129,亿元,M,2014-07-14,https://gks.mof.gov.cn/tongjishuju/201407/t20140714_1112497.htm,"年内累计执行数，不是单月；原文：%;地方政府性基金收入(本级)24197亿元,同比增长24.8%,其中国有土地使用权出让收入21129亿元,同比增长26.3%(6月份回落至增长7.3%)。(二)政府性基金支出"
fiscal_land_ytd,CHN,2014-09,31290,亿元,M,2014-10-21,https://gks.mof.gov.cn/tongjishuju/201410/t20141021_1153225.htm,"年内累计执行数，不是单月；原文：%;地方政府性基金收入(本级)36106亿元,同比增长15.6%,其中国有土地使用权出让收入31290亿元,同比增长16.6%(9月份下降21.1%)。(二)政府性基金支出情况"
fiscal_land_ytd,CHN,2014-12,42606,亿元,M,2015-01-30,https://gks.mof.gov.cn/tongjishuju/201501/t20150130_1186487.htm,"年内累计执行数，不是单月；原文：元,比上年增加1966亿元,增长4.1%。其中,受房地产市场调整影响,国有土地使用权出让收入42606亿元,同比增加1340亿元,增长3.2%。(二)政府性基金支出情况1-12"
fiscal_land_ytd,CHN,2015-02,4553,亿元,M,2015-03-16,https://gks.mof.gov.cn/tongjishuju/201503/t20150316_1202393.htm,"年内累计执行数，不是单月；原文：元,下降36.2%,同口径下降33.2%。主要是受房地产市场调整影响,国有土地使用权出让收入4553亿元,同比减少2579亿元,下降36.2%。(二)政府性基金支出情况1-2"
fiscal_land_ytd,CHN,2015-04,9016,亿元,M,2015-05-14,https://gks.mof.gov.cn/tongjishuju/201505/t20150514_1231836.htm,"年内累计执行数，不是单月；原文：性基金预算收入10444亿元,下降37%,同口径下降33.3%,主要是国有土地使用权出让收入9016亿元,同比减少5572亿元,下降38.2%。(二)政府性基金预算支出情况1"
fiscal_land_ytd,CHN,2015-05,10793,亿元,M,2015-06-11,https://gks.mof.gov.cn/tongjishuju/201506/t20150611_1255977.htm,"年内累计执行数，不是单月；原文：金预算收入12675亿元,下降38.3%,同口径下降34.8%,主要是国有土地使用权出让收入10793亿元,同比减少7231亿元,下降40.1%。(二)政府性基金预算支出情况1"
fiscal_land_ytd,CHN,2015-06,13043,亿元,M,2015-07-15,https://gks.mof.gov.cn/tongjishuju/201507/t20150715_1315558.htm,"年内累计执行数，不是单月；原文：基金预算收入15324亿元,下降36.7%,同口径下降33.1%,其中国有土地使用权出让收入13043亿元,同比减少8085亿元,下降38.3%(6月份下降27.5%)。(二)"
fiscal_land_ytd,CHN,2015-07,15425,亿元,M,2015-08-12,https://gks.mof.gov.cn/tongjishuju/201508/t20150812_1415683.htm,"年内累计执行数，不是单月；原文：基金预算收入18145亿元,下降36.6%,同口径下降32.7%,其中国有土地使用权出让收入15425亿元,同比减少9536亿元,下降38.2%。(二)政府性基金预算支出情况1"
fiscal_land_ytd,CHN,2015-08,17599,亿元,M,2015-09-15,https://gks.mof.gov.cn/tongjishuju/201509/t20150915_1458377.htm,"年内累计执行数，不是单月；原文：基金预算收入20764亿元,下降36.7%,同口径下降32.8%,其中国有土地使用权出让收入17599亿元,同比减少10950亿元,下降38.4%。(二)政府性基金预算支出情况"
fiscal_land_ytd,CHN,2015-09,20437,亿元,M,2015-10-19,https://gks.mof.gov.cn/tongjishuju/201510/t20151019_1509539.htm,"年内累计执行数，不是单月；原文：基金预算收入24041亿元,下降33.4%,同口径下降29.3%,其中国有土地使用权出让收入20437亿元,同比减少10853亿元,下降34.7%(9月份增长3.5%)。(二)"
fiscal_land_ytd,CHN,2015-10,23043,亿元,M,2015-11-12,https://gks.mof.gov.cn/tongjishuju/201511/t20151112_1557086.htm,"年内累计执行数，不是单月；原文：基金预算收入27096亿元,下降31.3%,同口径下降26.8%,其中国有土地使用权出让收入23043亿元,同比减少10936亿元,下降32.2%(10月份下降3.1%)。(二"
fiscal_land_ytd,CHN,2015-11,26020,亿元,M,2015-12-14,https://gks.mof.gov.cn/tongjishuju/201512/t20151214_1613357.htm,"年内累计执行数，不是单月；原文：元,同比减少12282亿元,下降28.7%,同口径下降23.9%,其中国有土地使用权出让收入26020亿元,同比减少10730亿元,下降29.2%(11月份增长7.4%)。(二"
fiscal_land_ytd,CHN,2015-12,32547,亿元,M,2016-01-29,https://gks.mof.gov.cn/tongjishuju/201601/t20160129_1661457.htm,"年内累计执行数，不是单月；原文：基金预算收入38218亿元,下降23.6%,同口径下降17.7%,其中国有土地使用权出让收入32547亿元,同比减少8840亿元,下降21.4%。(二)政府性基金预算支出情况1"
fiscal_land_ytd,CHN,2016-02,4553,亿元,M,2016-03-16,https://gks.mof.gov.cn/tongjishuju/201603/t20160316_1911309.htm,"年内累计执行数，不是单月；原文：长1.3%;地方政府性基金本级收入5084亿元,同比下降0.2%,其中国有土地使用权出让收入4553亿元,与去年同期持平。(二)政府性基金支出情况1-2月累计,全国政府性基金"
fiscal_land_ytd,CHN,2016-03,7300,亿元,M,2016-04-15,https://gks.mof.gov.cn/tongjishuju/201604/t20160415_1951291.htm,"年内累计执行数，不是单月；原文：降1.3%;地方政府性基金本级收入8171亿元,同比增长5.2%,其中国有土地使用权出让收入7300亿元,同比增长5.7%(3月份增长16.9%)。(二)政府性基金支出情况1"
fiscal_land_ytd,CHN,2016-04,9536,亿元,M,2016-05-13,https://gks.mof.gov.cn/tongjishuju/201605/t20160513_1989015.htm,"年内累计执行数，不是单月；原文：2.2%;地方政府性基金本级收入10787亿元,同比增长4.9%,其中国有土地使用权出让收入9536亿元,同比增长5.8%(4月份增长5.9%)。(二)政府性基金支出情况1-"
fiscal_land_ytd,CHN,2016-05,11694,亿元,M,2016-06-13,https://gks.mof.gov.cn/tongjishuju/201606/t20160613_2321911.htm,"年内累计执行数，不是单月；原文：0.7%;地方政府性基金本级收入13311亿元,同比增长6.9%,其中国有土地使用权出让收入11694亿元,同比增长8.3%(5月份增长21.4%)。(二)政府性基金支出情况1"
fiscal_land_ytd,CHN,2016-06,14303,亿元,M,2016-07-15,https://gks.mof.gov.cn/tongjishuju/201607/t20160715_2358299.htm,"年内累计执行数，不是单月；原文：增长2%;地方政府性基金本级收入16299亿元,同比增长8.2%,其中国有土地使用权出让收入14303亿元,同比增长9.7%。(二)政府性基金支出情况1-6月累计,全国政府性基"
fiscal_land_ytd,CHN,2016-07,17288,亿元,M,2016-08-12,https://gks.mof.gov.cn/tongjishuju/201608/t20160812_2386335.htm,"年内累计执行数，不是单月；原文：.6%;地方政府性基金本级收入19680亿元,同比增长10.3%,其中国有土地使用权出让收入17288亿元,同比增长12.1%。(二)政府性基金支出情况1-7月累计,全国政府性"
fiscal_land_ytd,CHN,2016-08,20057,亿元,M,2016-09-13,https://gks.mof.gov.cn/tongjishuju/201609/t20160913_2416150.htm,"年内累计执行数，不是单月；原文：.7%;地方政府性基金本级收入22820亿元,同比增长11.8%,其中国有土地使用权出让收入20057亿元,同比增长14%。(二)政府性基金支出情况1-8月累计,全国政府性基金"
fiscal_land_ytd,CHN,2016-09,23306,亿元,M,2016-10-19,https://gks.mof.gov.cn/tongjishuju/201610/t20161019_2438319.htm,"年内累计执行数，不是单月；原文：.6%;地方政府性基金本级收入26483亿元,同比增长11.9%,其中国有土地使用权出让收入23306亿元,同比增长14%。(二)政府性基金支出情况1-9月累计,全国政府性基金"
fiscal_land_ytd,CHN,2016-10,26546,亿元,M,2016-11-14,https://gks.mof.gov.cn/tongjishuju/201611/t20161114_2457343.htm,"年内累计执行数，不是单月；原文：长7.2%;地方政府性基金本级收入30109亿元,同比增长13%,其中国有土地使用权出让收入26546亿元,同比增长15.2%。(二)政府性基金支出情况1-10月累计,全国政府"
fiscal_land_ytd,CHN,2016-11,30979,亿元,M,2016-12-13,https://gks.mof.gov.cn/tongjishuju/201612/t20161213_2480335.htm,"年内累计执行数，不是单月；原文：%;地方政府性基金预算本级收入35005亿元,同比增长16.4%,其中国有土地使用权出让收入30979亿元,同比增长19.1%。(二)政府性基金预算支出情况1-11月累计,全国"
fiscal_land_ytd,CHN,2016-12,37457,亿元,M,2017-01-23,https://gks.mof.gov.cn/tongjishuju/201701/t20170123_2526014.htm,"年内累计执行数，不是单月；原文：.6%;地方政府性基金本级收入42441亿元,同比增长12.9%,其中国有土地使用权出让收入37457亿元,同比增长15.1%。(二)政府性基金支出情况1-12月累计,全国政府"
fiscal_land_ytd,CHN,2017-02,6196,亿元,M,2017-03-15,https://gks.mof.gov.cn/tongjishuju/201703/t20170315_2557696.htm,"年内累计执行数，不是单月；原文：3.8%;地方政府性基金本级收入6727亿元,同比增长32.3%,其中国有土地使用权出让收入6196亿元,同比增长36.1%。(二)政府性基金支出情况1-2月累计,全国政府性"
fiscal_land_ytd,CHN,2017-03,9486,亿元,M,2017-04-14,https://gks.mof.gov.cn/tongjishuju/201704/t20170414_2580092.htm,"年内累计执行数，不是单月；原文：.6%;地方政府性基金本级收入10411亿元,同比增长27.4%,其中国有土地使用权出让收入9486亿元,同比增长29.9%。(二)政府性基金支出情况1-3月累计,全国政府性"
fiscal_land_ytd,CHN,2017-04,12767,亿元,M,2017-05-12,https://gks.mof.gov.cn/tongjishuju/201705/t20170512_2599552.htm,"年内累计执行数，不是单月；原文：.1%;地方政府性基金本级收入14119亿元,同比增长33.1%,其中国有土地使用权出让收入12767亿元,同比增长36.4%。(二)政府性基金支出情况1-4月累计,全国政府性"
fiscal_land_ytd,CHN,2017-05,15251,亿元,M,2017-06-12,https://gks.mof.gov.cn/tongjishuju/201706/t20170612_2620783.htm,"年内累计执行数，不是单月；原文：%;地方政府性基金预算本级收入16999亿元,同比增长29.7%,其中国有土地使用权出让收入15251亿元,同比增长32.8%。(二)政府性基金预算支出情况1-5月累计,全国政"
fiscal_land_ytd,CHN,2017-06,18836,亿元,M,2017-07-14,https://gks.mof.gov.cn/tongjishuju/201707/t20170714_2649642.htm,"年内累计执行数，不是单月；原文：%;地方政府性基金预算本级收入21004亿元,同比增长30.9%,其中国有土地使用权出让收入18836亿元,同比增长34%。(二)政府性基金预算支出情况1-6月累计,全国政府性"
fiscal_land_ytd,CHN,2017-07,23357,亿元,M,2017-08-11,https://gks.mof.gov.cn/tongjishuju/201708/t20170811_2671049.htm,"年内累计执行数，不是单月；原文：%;地方政府性基金预算本级收入25968亿元,同比增长33.8%,其中国有土地使用权出让收入23357亿元,同比增长37.3%。(二)政府性基金预算支出情况1-7月累计,全国政"
fiscal_land_ytd,CHN,2017-08,27134,亿元,M,2017-09-11,https://gks.mof.gov.cn/tongjishuju/201709/t20170911_2695830.htm,"年内累计执行数，不是单月；原文：%;地方政府性基金预算本级收入30183亿元,同比增长34.1%,其中国有土地使用权出让收入27134亿元,同比增长37.3%。(二)政府性基金预算支出情况1-8月累计,全国政"
fiscal_land_ytd,CHN,2017-09,32031,亿元,M,2017-10-16,https://gks.mof.gov.cn/tongjishuju/201710/t20171016_2721764.htm,"年内累计执行数，不是单月；原文：.5%;地方政府性基金预算本级收入35565亿元,同比增长36%,其中国有土地使用权出让收入32031亿元,同比增长39.4%。(二)政府性基金预算支出情况1-9月累计,全国政"
fiscal_land_ytd,CHN,2017-10,35959,亿元,M,2017-11-10,https://gks.mof.gov.cn/tongjishuju/201711/t20171110_2747635.htm,"年内累计执行数，不是单月；原文：%;地方政府性基金预算本级收入39928亿元,同比增长34.2%,其中国有土地使用权出让收入35959亿元,同比增长37.3%。(二)政府性基金预算支出情况1-10月累计,全国"
fiscal_land_ytd,CHN,2017-11,41390,亿元,M,2017-12-11,https://gks.mof.gov.cn/tongjishuju/201712/t20171211_2771156.htm,"年内累计执行数，不是单月；原文：%;地方政府性基金预算本级收入45850亿元,同比增长32.5%,其中国有土地使用权出让收入41390亿元,同比增长35.3%。(二)政府性基金预算支出情况。1-11月累计,全"
fiscal_land_ytd,CHN,2017-12,52059,亿元,M,2018-01-25,https://gks.mof.gov.cn/tongjishuju/201801/t20180125_2800116.htm,"年内累计执行数，不是单月；原文：%;地方政府性基金预算本级收入57637亿元,同比增长37.3%,其中国有土地使用权出让收入52059亿元,同比增长40.7%。(二)政府性基金预算支出情况。1-12月累计,全"
fiscal_land_ytd,CHN,2018-02,8499,亿元,M,2018-03-21,https://gks.mof.gov.cn/tongjishuju/201803/t20180321_2846272.htm,"年内累计执行数，不是单月；原文：3%;地方政府性基金预算本级收入9088亿元,同比增长36.7%,其中国有土地使用权出让收入8499亿元,同比增长38.9%。(二)政府性基金预算支出情况。1-2月累计,全国"
fiscal_land_ytd,CHN,2018-03,13327,亿元,M,2018-04-18,https://gks.mof.gov.cn/tongjishuju/201804/t20180418_2872296.htm,"年内累计执行数，不是单月；原文：%;地方政府性基金预算本级收入14308亿元,同比增长38.6%,其中国有土地使用权出让收入13327亿元,同比增长41.8%。(二)政府性基金预算支出情况。1-3月累计,全国"
fiscal_land_ytd,CHN,2018-04,17958,亿元,M,2018-05-14,https://gks.mof.gov.cn/tongjishuju/201805/t20180514_2894051.htm,"年内累计执行数，不是单月；原文：.4%;地方政府性基金预算本级收入19344亿元,同比增长37%,其中国有土地使用权出让收入17958亿元,同比增长40.7%。(二)政府性基金预算支出情况。1-4月累计,全国"
fiscal_land_ytd,CHN,2018-05,22251,亿元,M,2018-06-14,https://gks.mof.gov.cn/tongjishuju/201806/t20180614_2929000.htm,"年内累计执行数，不是单月；原文：%;地方政府性基金预算本级收入24120亿元,同比增长41.9%,其中国有土地使用权出让收入22251亿元,同比增长45.9%。(二)政府性基金预算支出情况。1-5月累计,全国"
fiscal_land_ytd,CHN,2018-06,26941,亿元,M,2018-07-17,https://gks.mof.gov.cn/tongjishuju/201807/t20180717_2962605.htm,"年内累计执行数，不是单月；原文：%;地方政府性基金预算本级收入29315亿元,同比增长39.6%,其中国有土地使用权出让收入26941亿元,同比增长43%。(二)政府性基金预算支出情况。1-6月累计,全国政府"
fiscal_land_ytd,CHN,2018-07,31548,亿元,M,2018-08-13,https://gks.mof.gov.cn/tongjishuju/201808/t20180813_2986604.htm,"年内累计执行数，不是单月；原文：%;地方政府性基金预算本级收入34472亿元,同比增长32.8%,其中国有土地使用权出让收入31548亿元,同比增长35.1%。(二)政府性基金预算支出情况。1-7月累计,全国"
fiscal_land_ytd,CHN,2018-08,37009,亿元,M,2018-09-12,https://gks.mof.gov.cn/tongjishuju/201809/t20180912_3018274.htm,"年内累计执行数，不是单月；原文：.6%;地方政府性基金预算本级收入40447亿元,同比增长34%,其中国有土地使用权出让收入37009亿元,同比增长36.4%。(二)政府性基金预算支出情况。1-8月累计,全国"
fiscal_land_ytd,CHN,2018-09,42298,亿元,M,2018-10-18,https://gks.mof.gov.cn/tongjishuju/201810/t20181018_3049941.htm,"年内累计执行数，不是单月；原文：.1%;地方政府性基金预算本级收入46247亿元,同比增长30%,其中土地出让收入42298亿元,同比增长32.1%。(二)政府性基金预算支出情况。1-9月累计,全国"
fiscal_land_ytd,CHN,2018-10,47519,亿元,M,2018-11-13,https://gks.mof.gov.cn/tongjishuju/201811/t20181113_3066040.htm,"年内累计执行数，不是单月；原文：%;地方政府性基金预算本级收入52025亿元,同比增长30.3%,其中土地出让收入47519亿元,同比增长32.1%。(二)政府性基金预算支出情况。1-10月累计,全"
fiscal_land_ytd,CHN,2018-11,53362,亿元,M,2018-12-13,https://gks.mof.gov.cn/tongjishuju/201812/t20181213_3092474.htm,"年内累计执行数，不是单月；原文：%;地方政府性基金预算本级收入58518亿元,同比增长27.6%,其中土地出让收入53362亿元,同比增长28.9%。(二)政府性基金预算支出情况。1-11月累计,全"
fiscal_land_ytd,CHN,2018-12,65096,亿元,M,2019-01-23,https://gks.mof.gov.cn/tongjishuju/201901/t20190123_3131221.htm,"年内累计执行数，不是单月；原文：%;地方政府性基金预算本级收入71372亿元,同比增长23.8%,其中土地使用权出让收入65096亿元,同比增长25%。(二)政府性基金预算支出情况。1-12月累计,全国政"
fiscal_land_ytd,CHN,2019-02,8047,亿元,M,2019-03-18,https://gks.mof.gov.cn/tongjishuju/201903/t20190318_3195073.htm,"年内累计执行数，不是单月；原文：长5%;地方政府性基金预算本级收入8838亿元,同比下降2.8%,其中国有土地使用权出让收入8047亿元,同比下降5.3%。(二)政府性基金预算支出情况。1-2月累计,全国政"
fiscal_land_ytd,CHN,2020-02,6725,亿元,M,2020-03-24,https://gks.mof.gov.cn/tongjishuju/202003/t20200324_3487618.htm,"年内累计执行数，不是单月；原文：%;地方政府性基金预算本级收入7186亿元,同比下降18.7%,其中,国有土地使用权出让收入6725亿元,同比下降16.4%。(二)政府性基金预算支出情况。1-2月累计,全国"
fiscal_land_ytd,CHN,2020-03,11117,亿元,M,2020-04-20,https://gks.mof.gov.cn/tongjishuju/202004/t20200420_3501077.htm,"年内累计执行数，不是单月；原文：;地方政府性基金预算本级收入11881亿元,同比下降10.7%,其中,国有土地使用权出让收入11117亿元,同比下降7.9%。(二)政府性基金预算支出情况。1-3月累计,全国政"
fiscal_land_ytd,CHN,2020-04,15839,亿元,M,2020-05-18,https://gks.mof.gov.cn/tongjishuju/202005/t20200518_3515422.htm,"年内累计执行数，不是单月；原文：%;地方政府性基金预算本级收入16902亿元,同比下降7.6%,其中,国有土地使用权出让收入15839亿元,同比下降4.5%。(二)政府性基金预算支出情况。1-4月累计,全国政"
fiscal_land_ytd,CHN,2020-05,21091,亿元,M,2020-06-18,https://gks.mof.gov.cn/tongjishuju/202006/t20200618_3534764.htm,"年内累计执行数，不是单月；原文：%;地方政府性基金预算本级收入22442亿元,同比下降3.1%,其中,国有土地使用权出让收入21091亿元,同比增长0.9%。(二)政府性基金预算支出情况。1-5月累计,全国政"
fiscal_land_ytd,CHN,2020-06,28129,亿元,M,2020-07-17,https://gks.mof.gov.cn/tongjishuju/202007/t20200717_3551313.htm,"年内累计执行数，不是单月；原文：%;地方政府性基金预算本级收入29888亿元,同比增长0.3%,其中,国有土地使用权出让收入28129亿元,同比增长5.2%。(二)政府性基金预算支出情况。1-6月累计,全国政"
fiscal_land_ytd,CHN,2020-07,35101,亿元,M,2020-08-19,https://gks.mof.gov.cn/tongjishuju/202008/t20200819_3571405.htm,"年内累计执行数，不是单月；原文：%;地方政府性基金预算本级收入37346亿元,同比增长2.6%,其中,国有土地使用权出让收入35101亿元,同比增长7.9%。(二)政府性基金预算支出情况。1-7月累计,全国政"
fiscal_land_ytd,CHN,2020-08,42017,亿元,M,2020-09-19,https://gks.mof.gov.cn/tongjishuju/202009/t20200918_3591124.htm,"年内累计执行数，不是单月；原文：%;地方政府性基金预算本级收入44687亿元,同比增长3.5%,其中,国有土地使用权出让收入42017亿元,同比增长9%。(二)政府性基金预算支出情况。1-8月累计,全国政府性"
fiscal_land_ytd,CHN,2020-09,49360,亿元,M,2020-10-21,https://gks.mof.gov.cn/tongjishuju/202010/t20201021_3608237.htm,"年内累计执行数，不是单月；原文：.7%;地方政府性基金预算本级收入52574亿元,同比增长5%,其中,国有土地使用权出让收入49360亿元,同比增长10.3%。(二)政府性基金预算支出情况。1-9月累计,全国"
fiscal_land_ytd,CHN,2020-10,55965,亿元,M,2020-11-18,https://gks.mof.gov.cn/tongjishuju/202011/t20201118_3625212.htm,"年内累计执行数，不是单月；原文：%;地方政府性基金预算本级收入59726亿元,同比增长5.3%,其中,国有土地使用权出让收入55965亿元,同比增长10.1%。(二)政府性基金预算支出情况。1-10月累计,全"
fiscal_land_ytd,CHN,2020-11,65126,亿元,M,2020-12-15,https://gks.mof.gov.cn/tongjishuju/202012/t20201215_3634732.htm,"年内累计执行数，不是单月；原文：.8%;地方政府性基金预算本级收入69508亿元,同比增长8%,其中,国有土地使用权出让收入65126亿元,同比增长12.9%。(二)政府性基金预算支出情况。1-11月累计,全"
fiscal_land_ytd,CHN,2020-12,84142,亿元,M,2021-01-28,https://gks.mof.gov.cn/tongjishuju/202101/t20210128_3650522.htm,"年内累计执行数，不是单月；原文：;地方政府性基金预算本级收入89927亿元,同比增长11.7%,其中,国有土地使用权出让收入84142亿元,同比增长15.9%。(二)政府性基金预算支出情况。2020年,全国政"
fiscal_land_ytd,CHN,2021-02,11236,亿元,M,2021-03-18,https://gks.mof.gov.cn/tongjishuju/202103/t20210318_3672268.htm,"年内累计执行数，不是单月；原文：4%;地方政府性基金预算本级收入12001亿元,同比增长67%,其中,国有土地使用权出让收入11236亿元,同比增长67.1%。(二)政府性基金预算支出情况。1-2月累计,全国"
fiscal_land_ytd,CHN,2021-03,16467,亿元,M,2021-04-21,https://gks.mof.gov.cn/tongjishuju/202104/t20210421_3689433.htm,"年内累计执行数，不是单月；原文：;地方政府性基金预算本级收入17679亿元,同比增长48.8%,其中,国有土地使用权出让收入16467亿元,同比增长48.1%。(二)政府性基金预算支出情况。1-3月累计,全国"
fiscal_land_ytd,CHN,2021-04,21383,亿元,M,2021-05-21,https://gks.mof.gov.cn/tongjishuju/202105/t20210521_3706159.htm,"年内累计执行数，不是单月；原文：;地方政府性基金预算本级收入23116亿元,同比增长36.8%,其中,国有土地使用权出让收入21383亿元,同比增长35%。(二)政府性基金预算支出情况。1-4月累计,全国政府"
fiscal_land_ytd,CHN,2021-05,26123,亿元,M,2021-06-17,https://gks.mof.gov.cn/tongjishuju/202106/t20210617_3720863.htm,"年内累计执行数，不是单月；原文：3%;地方政府性基金预算本级收入28285亿元,同比增长26%,其中,国有土地使用权出让收入26123亿元,同比增长23.9%。(二)政府性基金预算支出情况。1-5月累计,全国"
fiscal_land_ytd,CHN,2021-06,34436,亿元,M,2021-07-20,https://gks.mof.gov.cn/tongjishuju/202107/t20210720_3739108.htm,"年内累计执行数，不是单月；原文：;地方政府性基金预算本级收入37098亿元,同比增长24.1%,其中,国有土地使用权出让收入34436亿元,同比增长22.4%。(二)政府性基金预算支出情况。1-6月累计,全国"
fiscal_land_ytd,CHN,2021-07,41407,亿元,M,2021-08-20,https://gks.mof.gov.cn/tongjishuju/202108/t20210819_3746445.htm,"年内累计执行数，不是单月；原文：;地方政府性基金预算本级收入44601亿元,同比增长19.4%,其中,国有土地使用权出让收入41407亿元,同比增长18%。(二)政府性基金预算支出情况。1-7月累计,全国政府"
fiscal_land_ytd,CHN,2021-08,47110,亿元,M,2021-09-17,https://gks.mof.gov.cn/tongjishuju/202109/t20210917_3753521.htm,"年内累计执行数，不是单月；原文：;地方政府性基金预算本级收入50774亿元,同比增长13.6%,其中,国有土地使用权出让收入47110亿元,同比增长12.1%。(二)政府性基金预算支出情况。1-8月累计,全国"
fiscal_land_ytd,CHN,2021-09,53634,亿元,M,2021-10-22,https://gks.mof.gov.cn/tongjishuju/202110/t20211022_3760014.htm,"年内累计执行数，不是单月；原文：8%;地方政府性基金预算本级收入57837亿元,同比增长10%,其中,国有土地使用权出让收入53634亿元,同比增长8.7%。(二)政府性基金预算支出情况。1-9月累计,全国政"
fiscal_land_ytd,CHN,2021-10,59371,亿元,M,2021-11-19,https://gks.mof.gov.cn/tongjishuju/202111/t20211119_3767219.htm,"年内累计执行数，不是单月；原文：%;地方政府性基金预算本级收入64022亿元,同比增长7.2%,其中,国有土地使用权出让收入59371亿元,同比增长6.1%。(二)政府性基金预算支出情况。1-10月累计,全国"
fiscal_land_ytd,CHN,2021-11,67625,亿元,M,2021-12-17,https://gks.mof.gov.cn/tongjishuju/202112/t20211217_3775786.htm,"年内累计执行数，不是单月；原文：%;地方政府性基金预算本级收入72875亿元,同比增长4.8%,其中,国有土地使用权出让收入67625亿元,同比增长3.8%。(二)政府性基金预算支出情况。1-11月累计,全国"
fiscal_land_ytd,CHN,2021-12,87051,亿元,M,2022-01-29,https://gks.mof.gov.cn/tongjishuju/202201/t20220128_3785692.htm,"年内累计执行数，不是单月；原文：%;地方政府性基金预算本级收入93936亿元,同比增长4.5%,其中,国有土地使用权出让收入87051亿元,同比增长3.5%。(二)政府性基金预算支出情况。2021年,全国政府"
fiscal_land_ytd,CHN,2022-02,7922,亿元,M,2022-03-18,https://gks.mof.gov.cn/tongjishuju/202203/t20220318_3796233.htm,"年内累计执行数，不是单月；原文：%;地方政府性基金预算本级收入8554亿元,同比下降28.7%,其中,国有土地使用权出让收入7922亿元,同比下降29.5%。(二)政府性基金预算支出情况。1-2月累计,全国"
fiscal_land_ytd,CHN,2022-03,11958,亿元,M,2022-04-20,https://gks.mof.gov.cn/tongjishuju/202204/t20220420_3804357.htm,"年内累计执行数，不是单月；原文：;地方政府性基金预算本级收入12989亿元,同比下降26.5%,其中,国有土地使用权出让收入11958亿元,同比下降27.4%。(二)政府性基金预算支出情况。一季度,全国政府性"
fiscal_land_ytd,CHN,2022-04,15012,亿元,M,2022-05-17,https://gks.mof.gov.cn/tongjishuju/202205/t20220517_3810958.htm,"年内累计执行数，不是单月；原文：政府性基金预算本级收入16455亿元,比上年同期下降28.8%,其中,国有土地使用权出让收入15012亿元,比上年同期下降29.8%。(二)政府性基金预算支出情况。1-4月累计"
fiscal_land_ytd,CHN,2022-05,18613,亿元,M,2022-06-16,https://gks.mof.gov.cn/tongjishuju/202206/t20220616_3818568.htm,"年内累计执行数，不是单月；原文：政府性基金预算本级收入20479亿元,比上年同期下降27.6%,其中,国有土地使用权出让收入18613亿元,比上年同期下降28.7%。(二)政府性基金预算支出情况。1-5月累计"
fiscal_land_ytd,CHN,2022-06,23622,亿元,M,2022-07-14,https://gks.mof.gov.cn/tongjishuju/202207/t20220714_3827010.htm,"年内累计执行数，不是单月；原文：政府性基金预算本级收入26070亿元,比上年同期下降29.7%,其中,国有土地使用权出让收入23622亿元,比上年同期下降31.4%。(二)政府性基金预算支出情况。上半年,全国"
fiscal_land_ytd,CHN,2022-07,28279,亿元,M,2022-08-17,https://gks.mof.gov.cn/tongjishuju/202208/t20220817_3834300.htm,"年内累计执行数，不是单月；原文：地方政府性基金预算本级收入31227亿元,比上年同期下降30%,其中,国有土地使用权出让收入28279亿元,比上年同期下降31.7%。(二)政府性基金预算支出情况。1-7月累计"
fiscal_land_ytd,CHN,2022-08,33704,亿元,M,2022-09-16,https://gks.mof.gov.cn/tongjishuju/202209/t20220916_3840932.htm,"年内累计执行数，不是单月；原文：政府性基金预算本级收入37218亿元,比上年同期下降26.8%,其中,国有土地使用权出让收入33704亿元,比上年同期下降28.5%。(二)政府性基金预算支出情况。1-8月累计"
fiscal_land_ytd,CHN,2022-09,38507,亿元,M,2022-10-25,https://gks.mof.gov.cn/tongjishuju/202210/t20221025_3847842.htm,"年内累计执行数，不是单月；原文：政府性基金预算本级收入42588亿元,比上年同期下降26.4%,其中,国有土地使用权出让收入38507亿元,比上年同期下降28.3%。(二)政府性基金预算支出情况。1-9月累计"
fiscal_land_ytd,CHN,2022-10,44027,亿元,M,2022-11-17,https://gks.mof.gov.cn/tongjishuju/202211/t20221116_3851724.htm,"年内累计执行数，不是单月；原文：政府性基金预算本级收入48537亿元,比上年同期下降24.3%,其中,国有土地使用权出让收入44027亿元,比上年同期下降25.9%。(二)政府性基金预算支出情况。1-10月累"
fiscal_land_ytd,CHN,2022-11,51174,亿元,M,2022-12-20,https://gks.mof.gov.cn/tongjishuju/202212/t20221220_3858837.htm,"年内累计执行数，不是单月；原文：政府性基金预算本级收入56307亿元,比上年同期下降22.8%,其中,国有土地使用权出让收入51174亿元,比上年同期下降24.4%。(二)政府性基金预算支出情况。1-11月累"
fiscal_land_ytd,CHN,2022-12,66854,亿元,M,2023-01-30,https://gks.mof.gov.cn/tongjishuju/202301/t20230130_3864368.htm,"年内累计执行数，不是单月；原文：地方政府性基金预算本级收入73755亿元,比上年下降21.6%,其中,国有土地使用权出让收入66854亿元,比上年下降23.3%。(二)政府性基金预算支出情况。2022年,全国"
fiscal_land_ytd,CHN,2023-02,5627,亿元,M,2023-03-17,https://gks.mof.gov.cn/tongjishuju/202303/t20230317_3873328.htm,"年内累计执行数，不是单月；原文：%;地方政府性基金预算本级收入6323亿元,同比下降26.1%,其中,国有土地使用权出让收入5627亿元,同比下降29%。(二)政府性基金预算支出情况。1-2月累计,全国政府"
fiscal_land_ytd,CHN,2023-03,8728,亿元,M,2023-04-18,https://gks.mof.gov.cn/tongjishuju/202304/t20230417_3879297.htm,"年内累计执行数，不是单月；原文：%;地方政府性基金预算本级收入9920亿元,同比下降23.6%,其中,国有土地使用权出让收入8728亿元,同比下降27%。(二)政府性基金预算支出情况。一季度,全国政府性基金"
fiscal_land_ytd,CHN,2023-04,11761,亿元,M,2023-05-18,https://gks.mof.gov.cn/tongjishuju/202305/t20230518_3885232.htm,"年内累计执行数，不是单月；原文：;地方政府性基金预算本级收入13407亿元,同比下降18.5%,其中,国有土地使用权出让收入11761亿元,同比下降21.7%。(二)政府性基金预算支出情况。1-4月累计,全国"
fiscal_land_ytd,CHN,2023-05,14893,亿元,M,2023-06-16,https://gks.mof.gov.cn/tongjishuju/202306/t20230616_3891062.htm,"年内累计执行数，不是单月；原文：;地方政府性基金预算本级收入17051亿元,同比下降16.7%,其中,国有土地使用权出让收入14893亿元,同比下降20%。(二)政府性基金预算支出情况。1-5月累计,全国政府"
fiscal_land_ytd,CHN,2023-06,18687,亿元,M,2023-07-19,https://gks.mof.gov.cn/tongjishuju/202307/t20230719_3897130.htm,"年内累计执行数，不是单月；原文：;地方政府性基金预算本级收入21594亿元,同比下降17.2%,其中,国有土地使用权出让收入18687亿元,同比下降20.9%。(二)政府性基金预算支出情况。上半年,全国政府性"
fiscal_land_ytd,CHN,2023-07,22875,亿元,M,2023-08-21,https://gks.mof.gov.cn/tongjishuju/202308/t20230821_3903162.htm,"年内累计执行数，不是单月；原文：;地方政府性基金预算本级收入26382亿元,同比下降15.5%,其中,国有土地使用权出让收入22875亿元,同比下降19.1%。(二)政府性基金预算支出情况。1-7月累计,全国"
fiscal_land_ytd,CHN,2023-08,27096,亿元,M,2023-09-15,https://gks.mof.gov.cn/tongjishuju/202309/t20230915_3907507.htm,"年内累计执行数，不是单月；原文：2%;地方政府性基金预算本级收入31247亿元,同比下降16%,其中,国有土地使用权出让收入27096亿元,同比下降19.6%。(二)政府性基金预算支出情况。1-8月累计,全国"
fiscal_land_ytd,CHN,2023-09,30875,亿元,M,2023-10-24,https://gks.mof.gov.cn/tongjishuju/202310/t20231024_3912883.htm,"年内累计执行数，不是单月；原文：;地方政府性基金预算本级收入35635亿元,同比下降16.3%,其中,国有土地使用权出让收入30875亿元,同比下降19.8%。(二)政府性基金预算支出情况。1-9月累计,全国"
fiscal_land_ytd,CHN,2023-10,34992,亿元,M,2023-11-15,https://gks.mof.gov.cn/tongjishuju/202311/t20231115_3916710.htm,"年内累计执行数，不是单月；原文：;地方政府性基金预算本级收入40378亿元,同比下降16.8%,其中,国有土地使用权出让收入34992亿元,同比下降20.5%。(二)政府性基金预算支出情况。1-10月累计,全"
fiscal_land_ytd,CHN,2023-11,42031,亿元,M,2023-12-15,https://gks.mof.gov.cn/tongjishuju/202312/t20231215_3922522.htm,"年内累计执行数，不是单月；原文：;地方政府性基金预算本级收入48179亿元,同比下降14.4%,其中,国有土地使用权出让收入42031亿元,同比下降17.9%。(二)政府性基金预算支出情况。1-11月累计,全"
fiscal_land_ytd,CHN,2023-12,57996,亿元,M,2024-02-01,https://gks.mof.gov.cn/tongjishuju/202402/t20240201_3928009.htm,"年内累计执行数，不是单月；原文：;地方政府性基金预算本级收入66287亿元,同比下降10.1%,其中,国有土地使用权出让收入57996亿元,同比下降13.2%。(二)政府性基金预算支出情况。2023年,全国政"
fiscal_land_ytd,CHN,2024-02,5625,亿元,M,2024-03-21,https://gks.mof.gov.cn/tongjishuju/202403/t20240321_3931078.htm,"年内累计执行数，不是单月；原文：5%;地方政府性基金预算本级收入6394亿元,同比增长1.1%,其中,国有土地使用权出让收入5625亿元,与去年同期持平。(二)政府性基金预算支出情况。1-2月,全国政府性基"
fiscal_land_ytd,CHN,2024-03,8147,亿元,M,2024-04-22,https://gks.mof.gov.cn/tongjishuju/202404/t20240422_3933193.htm,"年内累计执行数，不是单月；原文：2%;地方政府性基金预算本级收入9370亿元,同比下降5.6%,其中,国有土地使用权出让收入8147亿元,同比下降6.7%。(二)政府性基金预算支出情况。一季度,全国政府性基"
fiscal_land_ytd,CHN,2024-04,10536,亿元,M,2024-05-20,https://gks.mof.gov.cn/tongjishuju/202405/t20240517_3935136.htm,"年内累计执行数，不是单月；原文：%;地方政府性基金预算本级收入12158亿元,同比下降9.3%,其中,国有土地使用权出让收入10536亿元,同比下降10.4%。(二)政府性基金预算支出情况。1-4月,全国政府"
fiscal_land_ytd,CHN,2024-05,12810,亿元,M,2024-06-24,https://gks.mof.gov.cn/tongjishuju/202406/t20240624_3937803.htm,"年内累计执行数，不是单月；原文：;地方政府性基金预算本级收入14874亿元,同比下降12.8%,其中,国有土地使用权出让收入12810亿元,同比下降14%。(二)政府性基金预算支出情况。1-5月,全国政府性基"
fiscal_land_ytd,CHN,2024-06,15263,亿元,M,2024-07-22,https://gks.mof.gov.cn/tongjishuju/202407/t20240722_3939942.htm,"年内累计执行数，不是单月；原文：;地方政府性基金预算本级收入17842亿元,同比下降17.4%,其中,国有土地使用权出让收入15263亿元,同比下降18.3%。(二)政府性基金预算支出情况。上半年,全国政府性"
fiscal_land_ytd,CHN,2024-07,17763,亿元,M,2024-08-26,https://gks.mof.gov.cn/tongjishuju/202408/t20240826_3942479.htm,"年内累计执行数，不是单月；原文：;地方政府性基金预算本级收入20909亿元,同比下降20.7%,其中,国有土地使用权出让收入17763亿元,同比下降22.3%。(二)政府性基金预算支出情况。1-7月,全国政府"
fiscal_land_ytd,CHN,2024-08,20218,亿元,M,2024-09-20,https://gks.mof.gov.cn/tongjishuju/202409/t20240920_3944086.htm,"年内累计执行数，不是单月；原文：;地方政府性基金预算本级收入23904亿元,同比下降23.5%,其中,国有土地使用权出让收入20218亿元,同比下降25.4%。(二)政府性基金预算支出情况。1-8月,全国政府"
fiscal_land_ytd,CHN,2024-09,23287,亿元,M,2024-10-25,https://gks.mof.gov.cn/tongjishuju/202410/t20241025_3946291.htm,"年内累计执行数，不是单月；原文：;地方政府性基金预算本级收入27609亿元,同比下降22.5%,其中,国有土地使用权出让收入23287亿元,同比下降24.6%。(二)政府性基金预算支出情况。1-9月,全国政府"
fiscal_land_ytd,CHN,2024-10,26971,亿元,M,2024-11-18,https://gks.mof.gov.cn/tongjishuju/202411/t20241118_3947753.htm,"年内累计执行数，不是单月；原文：3%;地方政府性基金预算本级收入31899亿元,同比下降21%,其中,国有土地使用权出让收入26971亿元,同比下降22.9%。(二)政府性基金预算支出情况。1-10月,全国政"
fiscal_land_ytd,CHN,2024-11,32626,亿元,M,2024-12-16,https://gks.mof.gov.cn/tongjishuju/202412/t20241216_3949757.htm,"年内累计执行数，不是单月；原文：;地方政府性基金预算本级收入38433亿元,同比下降20.2%,其中,国有土地使用权出让收入32626亿元,同比下降22.4%。(二)政府性基金预算支出情况。1-11月,全国政"
fiscal_land_ytd,CHN,2024-12,48699,亿元,M,2025-01-24,https://gks.mof.gov.cn/tongjishuju/202501/t20250124_3955083.htm,"年内累计执行数，不是单月；原文：地方政府性基金预算本级收入57356亿元,比上年下降13.5%,其中,国有土地使用权出让收入48699亿元,比上年下降16%。(二)政府性基金预算支出情况。2024年,全国政府"
fiscal_land_ytd,CHN,2025-02,4744,亿元,M,2025-03-24,https://gks.mof.gov.cn/tongjishuju/202503/t20250324_3960418.htm,"年内累计执行数，不是单月；原文：%;地方政府性基金预算本级收入5573亿元,同比下降12.9%,其中,国有土地使用权出让收入4744亿元,同比下降15.7%。(二)政府性基金预算支出情况。1-2月,全国政府"
fiscal_land_ytd,CHN,2025-03,6849,亿元,M,2025-04-18,https://gks.mof.gov.cn/tongjishuju/202504/t20250418_3962244.htm,"年内累计执行数，不是单月；原文：%;地方政府性基金预算本级收入8161亿元,同比下降12.9%,其中,国有土地使用权出让收入6849亿元,同比下降15.9%。(二)政府性基金预算支出情况。一季度,全国政府性"
fiscal_land_ytd,CHN,2025-04,9340,亿元,M,2025-05-20,https://gks.mof.gov.cn/tongjishuju/202505/t20250520_3964136.htm,"年内累计执行数，不是单月；原文：.6%;地方政府性基金预算本级收入11186亿元,同比下降8%,其中,国有土地使用权出让收入9340亿元,同比下降11.4%。(二)政府性基金预算支出情况。1-4月,全国政府"
fiscal_land_ytd,CHN,2025-05,11281,亿元,M,2025-06-20,https://gks.mof.gov.cn/tongjishuju/202506/t20250620_3966204.htm,"年内累计执行数，不是单月；原文：%;地方政府性基金预算本级收入13635亿元,同比下降8.3%,其中,国有土地使用权出让收入11281亿元,同比下降11.9%。(二)政府性基金预算支出情况。1-5月,全国政府"
fiscal_land_ytd,CHN,2025-06,14271,亿元,M,2025-07-25,https://gks.mof.gov.cn/tongjishuju/202507/t20250725_3968635.htm,"年内累计执行数，不是单月；原文：%;地方政府性基金预算本级收入17269亿元,同比下降3.2%,其中,国有土地使用权出让收入14271亿元,同比下降6.5%。(二)政府性基金预算支出情况。上半年,全国政府性基"
fiscal_land_ytd,CHN,2025-07,16950,亿元,M,2025-08-19,https://gks.mof.gov.cn/tongjishuju/202508/t20250819_3970405.htm,"年内累计执行数，不是单月；原文：%;地方政府性基金预算本级收入20528亿元,同比下降1.8%,其中,国有土地使用权出让收入16950亿元,同比下降4.6%。(二)政府性基金预算支出情况。1-7月,全国政府性"
fiscal_land_ytd,CHN,2025-08,19263,亿元,M,2025-09-17,https://gks.mof.gov.cn/tongjishuju/202509/t20250917_3972555.htm,"年内累计执行数，不是单月；原文：%;地方政府性基金预算本级收入23516亿元,同比下降1.6%,其中,国有土地使用权出让收入19263亿元,同比下降4.7%。(二)政府性基金预算支出情况。1-8月,全国政府性"
fiscal_land_ytd,CHN,2025-09,22302,亿元,M,2025-10-17,https://gks.mof.gov.cn/tongjishuju/202510/t20251017_3974400.htm,"年内累计执行数，不是单月；原文：%;地方政府性基金预算本级收入27441亿元,同比下降0.6%,其中,国有土地使用权出让收入22302亿元,同比下降4.2%。(二)政府性基金预算支出情况。前三季度,全国政府性"
fiscal_land_ytd,CHN,2025-10,24982,亿元,M,2025-11-17,https://gks.mof.gov.cn/tongjishuju/202511/t20251117_3976517.htm,"年内累计执行数，不是单月；原文：%;地方政府性基金预算本级收入30855亿元,同比下降3.3%,其中,国有土地使用权出让收入24982亿元,同比下降7.4%。(二)政府性基金预算支出情况。1-10月,全国政府"
fiscal_land_ytd,CHN,2025-11,29119,亿元,M,2025-12-17,https://gks.mof.gov.cn/tongjishuju/202512/t20251217_3979392.htm,"年内累计执行数，不是单月；原文：%;地方政府性基金预算本级收入36336亿元,同比下降5.5%,其中,国有土地使用权出让收入29119亿元,同比下降10.7%。(二)政府性基金预算支出情况。1-11月,全国政"
fiscal_land_ytd,CHN,2025-12,41518,亿元,M,2026-01-30,https://gks.mof.gov.cn/tongjishuju/202601/t20260130_3982923.htm,"年内累计执行数，不是单月；原文：;地方政府性基金预算本级收入52648亿元,比上年下降8.2%,其中,国有土地使用权出让收入41518亿元,比上年下降14.7%。(二)政府性基金预算支出情况。2025年,全国"
fiscal_land_ytd,CHN,2026-02,3547,亿元,M,2026-03-19,https://gks.mof.gov.cn/tongjishuju/202603/t20260319_3985695.htm,"年内累计执行数，不是单月；原文：%;地方政府性基金预算本级收入4501亿元,同比下降19.2%,其中,国有土地使用权出让收入3547亿元,同比下降25.2%。(二)政府性基金预算支出情况。1-2月,全国政府"
fiscal_land_ytd,CHN,2026-03,5176,亿元,M,2026-04-24,https://gks.mof.gov.cn/tongjishuju/202604/t20260424_3988324.htm,"年内累计执行数，不是单月；原文：%;地方政府性基金预算本级收入6602亿元,同比下降19.1%,其中,国有土地使用权出让收入5176亿元,同比下降24.4%。(二)政府性基金预算支出情况。一季度,全国政府性"
fiscal_land_ytd,CHN,2026-04,6801,亿元,M,2026-05-20,https://gks.mof.gov.cn/tongjishuju/202605/t20260515_3989956.htm,"年内累计执行数，不是单月；原文：%;地方政府性基金预算本级收入8717亿元,同比下降22.1%,其中,国有土地使用权出让收入6801亿元,同比下降27.2%。(二)政府性基金预算支出情况。1-4月,全国政府"
fiscal_land_ytd,CHN,2026-05,8048,亿元,M,2026-06-22,https://gks.mof.gov.cn/tongjishuju/202606/t20260622_3992033.htm,"年内累计执行数，不是单月；原文：;地方政府性基金预算本级收入10476亿元,同比下降23.2%,其中,国有土地使用权出让收入8048亿元,同比下降28.7%。(二)政府性基金预算支出情况。1-5月,全国政府"
fiscal_land_ytd,CHN,2026-06,9778,亿元,M,2026-07-22,https://gks.mof.gov.cn/tongjishuju/202607/t20260722_3993943.htm,"年内累计执行数，不是单月；原文：;地方政府性基金预算本级收入12847亿元,同比下降25.6%,其中,国有土地使用权出让收入9778亿元,同比下降31.5%。(二)政府性基金预算支出情况。上半年,全国政府性"
fiscal_land_ytd,CHN,2026-07,11731,亿元,M,2026-08-21,https://gks.mof.gov.cn/tongjishuju/202608/t20260814_3995497.htm,"年内累计执行数，不是单月；原文：;地方政府性基金预算本级收入15447亿元,同比下降24.8%,其中,国有土地使用权出让收入11731亿元,同比下降30.8%。(二)政府性基金预算支出情况。1-7月,全国政府"
fiscal_land_ytd,CHN,2026-08,13753,亿元,M,2026-09-18,https://gks.mof.gov.cn/tongjishuju/202609/t20260918_3997709.htm,"年内累计执行数，不是单月；原文：;地方政府性基金预算本级收入18127亿元,同比下降22.9%,其中,国有土地使用权出让收入13753亿元,同比下降28.6%。(二)政府性基金预算支出情况。1-8月,全国政府"
fiscal_local_general_annual,CHN,2014,94272.40,亿元,A,2016-07-13,https://yss.mof.gov.cn/2015js/201607/t20160713_2354923.htm,年度债务决算表年末实际余额；来源年度2015；原行：一、2014年末地方政府一般债务余额实际数 |  | 94272.40
fiscal_local_general_annual,CHN,2015,92619.04,亿元,A,2017-07-13,https://yss.mof.gov.cn/2016js/201707/t20170713_2648606.htm,年度债务决算表年末实际余额；来源年度2016；原行：一、2015年末地方政府一般债务余额实际数 |  | 92619.04
fiscal_local_general_annual,CHN,2016,98312.88,亿元,A,2018-07-12,https://yss.mof.gov.cn/qgczjs/201807/t20180712_2959782.htm,年度债务决算表年末实际余额；来源年度2017；原行：一、2016年末地方政府一般债务余额实际数 |  | 98312.88
fiscal_local_general_annual,CHN,2017,103631.79,亿元,A,2019-07-18,https://yss.mof.gov.cn/2018czjs/201907/t20190718_3303319.htm,年度债务决算表年末实际余额；来源年度2018；原行：一、2017年末地方政府一般债务余额实际数 |  | 103631.79
fiscal_local_general_annual,CHN,2018,110484.51,亿元,A,2020-07-06,https://yss.mof.gov.cn/2019qgczjs/202007/t20200706_3544569.htm,年度债务决算表年末实际余额；来源年度2019；原行：一、2018年末地方政府一般债务余额实际数 |  | 110484.51
fiscal_local_general_annual,CHN,2019,118670.79,亿元,A,2021-06-29,https://yss.mof.gov.cn/2020zyjs/202106/t20210629_3727211.htm,年度债务决算表年末实际余额；来源年度2020；原行：一、2019年末地方政府一般债务余额实际数 |  | 118670.79
fiscal_local_general_annual,CHN,2020,127393.40,亿元,A,2022-07-12,https://yss.mof.gov.cn/2021zyjs/202207/t20220712_3826572.htm,年度债务决算表年末实际余额；来源年度2021；原行：一、2020年末地方政府一般债务余额 |  | 127393.40
fiscal_local_general_annual,CHN,2021,137706.81,亿元,A,2023-07-14,https://yss.mof.gov.cn/2022zyjs/202307/t20230714_3896459.htm,年度债务决算表年末实际余额；来源年度2022；原行：一、2021年末地方政府一般债务余额 |  | 137706.81
fiscal_local_general_annual,CHN,2022,143961.67,亿元,A,2024-07-16,https://yss.mof.gov.cn/2023zyjs/202407/t20240716_3939587.htm,年度债务决算表年末实际余额；来源年度2023；原行：一、2022年末地方政府一般债务余额 |  | 143961.67
fiscal_local_general_annual,CHN,2023,158685.16,亿元,A,2025-07-15,https://yss.mof.gov.cn/2024zyjs/202507/t20250715_3967883.htm,年度债务决算表年末实际余额；来源年度2024；原行：一、2023年末地方政府一般债务余额 |  | 158685.16
fiscal_local_general_annual,CHN,2024,167043.47,亿元,A,2026-07-15,https://yss.mof.gov.cn/2025zyjs/202607/t20260715_3993585.htm,年度债务决算表年末实际余额；来源年度2025；原行：一、2024年末地方政府一般债务余额 |  | 167043.47
fiscal_local_general_annual,CHN,2025,175123.66,亿元,A,2026-07-15,https://yss.mof.gov.cn/2025zyjs/202607/t20260715_3993585.htm,年度债务决算表年末实际余额；来源年度2025；原行：五、2025年末地方政府一般债务余额 |  | 175123.66
fiscal_local_general_stock,CHN,2017-11,104109,亿元,M,2017-12-28,https://yss.mof.gov.cn/zhuantilanmu/dfzgl/sjtj/201712/t20171228_2790007.htm,月末法定债务存量；原文：一般债务104109亿元
fiscal_local_general_stock,CHN,2017-12,103322,亿元,M,2018-01-17,https://yss.mof.gov.cn/zhuantilanmu/dfzgl/sjtj/201801/t20180117_2797514.htm,月末法定债务存量；原文：一般债务103322亿元
fiscal_local_general_stock,CHN,2018-03,104355,亿元,M,2018-04-13,https://yss.mof.gov.cn/zhuantilanmu/dfzgl/sjtj/201804/t20180413_2867535.htm,月末法定债务存量；原文：一般债务104355亿元
fiscal_local_general_stock,CHN,2018-04,104355,亿元,M,2018-05-16,https://yss.mof.gov.cn/zhuantilanmu/dfzgl/sjtj/201805/t20180516_2898680.htm,月末法定债务存量；原文：一般债务104355亿元
fiscal_local_general_stock,CHN,2018-05,104526,亿元,M,2018-06-14,https://yss.mof.gov.cn/zhuantilanmu/dfzgl/sjtj/201806/t20180613_2928002.htm,月末法定债务存量；原文：一般债务104526亿元
fiscal_local_general_stock,CHN,2018-06,105904,亿元,M,2018-07-18,https://yss.mof.gov.cn/zhuantilanmu/dfzgl/sjtj/201807/t20180718_2967220.htm,月末法定债务存量；原文：一般债务105904亿元
fiscal_local_general_stock,CHN,2018-07,108481,亿元,M,2018-08-17,https://yss.mof.gov.cn/zhuantilanmu/dfzgl/sjtj/201808/t20180817_2989843.htm,月末法定债务存量；原文：一般债务108481亿元
fiscal_local_general_stock,CHN,2018-08,109320,亿元,M,2018-09-21,https://yss.mof.gov.cn/zhuantilanmu/dfzgl/sjtj/201809/t20180921_3024772.htm,月末法定债务存量；原文：一般债务109320亿元
fiscal_local_general_stock,CHN,2018-09,108779,亿元,M,2018-10-17,https://yss.mof.gov.cn/zhuantilanmu/dfzgl/sjtj/201810/t20181017_3048969.htm,月末法定债务存量；原文：一般债务108779亿元
fiscal_local_general_stock,CHN,2018-10,109269,亿元,M,2018-11-22,https://yss.mof.gov.cn/zhuantilanmu/dfzgl/sjtj/201811/t20181122_3073280.htm,月末法定债务存量；原文：一般债务109269亿元
fiscal_local_general_stock,CHN,2018-11,108616,亿元,M,2018-12-20,https://yss.mof.gov.cn/zhuantilanmu/dfzgl/sjtj/201812/t20181219_3099424.htm,月末法定债务存量；原文：一般债务108616亿元
fiscal_local_general_stock,CHN,2018-12,109939,亿元,M,2019-01-23,https://yss.mof.gov.cn/zhuantilanmu/dfzgl/sjtj/201901/t20190123_3131019.htm,月末法定债务存量；原文：一般债务109939亿元
fiscal_local_general_stock,CHN,2019-01,112574,亿元,M,2019-02-22,https://yss.mof.gov.cn/zhuantilanmu/dfzgl/sjtj/201902/t20190222_3176703.htm,月末法定债务存量；原文：一般债务112574亿元
fiscal_local_general_stock,CHN,2019-02,114273,亿元,M,2019-03-20,https://yss.mof.gov.cn/zhuantilanmu/dfzgl/sjtj/201903/t20190320_3199825.htm,月末法定债务存量；原文：一般债务114273亿元
fiscal_local_general_stock,CHN,2019-03,115559,亿元,M,2019-04-18,https://yss.mof.gov.cn/zhuantilanmu/dfzgl/sjtj/201904/t20190417_3227000.htm,月末法定债务存量；原文：一般债务115559亿元
fiscal_local_general_stock,CHN,2019-04,115742,亿元,M,2019-05-17,https://yss.mof.gov.cn/zhuantilanmu/dfzgl/sjtj/201905/t20190516_3259191.htm,月末法定债务存量；原文：一般债务115742亿元
fiscal_local_general_stock,CHN,2019-05,116710,亿元,M,2019-06-17,https://yss.mof.gov.cn/zhuantilanmu/dfzgl/sjtj/201906/t20190617_3279074.htm,月末法定债务存量；原文：一般债务116710亿元
fiscal_local_general_stock,CHN,2019-06,118397,亿元,M,2019-07-19,https://yss.mof.gov.cn/zhuantilanmu/dfzgl/sjtj/201907/t20190718_3302838.htm,月末法定债务存量；原文：一般债务118397亿元
fiscal_local_general_stock,CHN,2019-07,119674,亿元,M,2019-08-22,https://yss.mof.gov.cn/zhuantilanmu/dfzgl/sjtj/201908/t20190822_3371343.htm,月末法定债务存量；原文：一般债务119674亿元
fiscal_local_general_stock,CHN,2019-08,119622,亿元,M,2019-09-18,https://yss.mof.gov.cn/zhuantilanmu/dfzgl/sjtj/201909/t20190916_3386707.htm,月末法定债务存量；原文：一般债务119622亿元
fiscal_local_general_stock,CHN,2019-09,118985,亿元,M,2019-10-24,https://yss.mof.gov.cn/zhuantilanmu/dfzgl/sjtj/201910/t20191024_3408894.htm,月末法定债务存量；原文：一般债务118985亿元
fiscal_local_general_stock,CHN,2019-10,119235,亿元,M,2019-11-27,https://yss.mof.gov.cn/zhuantilanmu/dfzgl/sjtj/201911/t20191127_3430508.htm,月末法定债务存量；原文：一般债务119235亿元
fiscal_local_general_stock,CHN,2019-11,118790,亿元,M,2019-12-26,https://yss.mof.gov.cn/zhuantilanmu/dfzgl/sjtj/201912/t20191225_3450093.htm,月末法定债务存量；原文：一般债务118790亿元
fiscal_local_general_stock,CHN,2019-12,118694,亿元,M,2020-01-22,https://yss.mof.gov.cn/zhuantilanmu/dfzgl/sjtj/202001/t20200121_3462828.htm,月末法定债务存量；原文：一般债务118694亿元
fiscal_local_general_stock,CHN,2020-01,119397,亿元,M,2020-02-21,https://yss.mof.gov.cn/zhuantilanmu/dfzgl/sjtj/202002/t20200221_3472494.htm,月末法定债务存量；原文：一般债务119397亿元
fiscal_local_general_stock,CHN,2020-02,121426,亿元,M,2020-03-03,https://yss.mof.gov.cn/zhuantilanmu/dfzgl/sjtj/202003/t20200303_3477036.htm,月末法定债务存量；原文：一般债务121426亿元
fiscal_local_general_stock,CHN,2020-03,123214,亿元,M,2020-04-07,https://yss.mof.gov.cn/zhuantilanmu/dfzgl/sjtj/202004/t20200407_3494386.htm,月末法定债务存量；原文：一般债务123214亿元
fiscal_local_general_stock,CHN,2020-04,124468,亿元,M,2020-05-11,https://yss.mof.gov.cn/zhuantilanmu/dfzgl/sjtj/202005/t20200511_3511647.htm,月末法定债务存量；原文：一般债务124468亿元
fiscal_local_general_stock,CHN,2020-05,126115,亿元,M,2020-06-04,https://yss.mof.gov.cn/zhuantilanmu/dfzgl/sjtj/202006/t20200604_3526283.htm,月末法定债务存量；原文：一般债务126115亿元
fiscal_local_general_stock,CHN,2020-06,124822,亿元,M,2020-07-08,https://yss.mof.gov.cn/zhuantilanmu/dfzgl/sjtj/202007/t20200708_3545777.htm,月末法定债务存量；原文：一般债务124822亿元
fiscal_local_general_stock,CHN,2020-07,124704,亿元,M,2020-08-20,https://yss.mof.gov.cn/zhuantilanmu/dfzgl/sjtj/202008/t20200820_3572031.htm,月末法定债务存量；原文：一般债务124704亿元
fiscal_local_general_stock,CHN,2020-08,127835,亿元,M,2020-09-24,https://yss.mof.gov.cn/zhuantilanmu/dfzgl/sjtj/202009/t20200924_3594157.htm,月末法定债务存量；原文：一般债务127835亿元
fiscal_local_general_stock,CHN,2020-09,128193,亿元,M,2020-10-21,https://yss.mof.gov.cn/zhuantilanmu/dfzgl/sjtj/202010/t20201021_3607825.htm,月末法定债务存量；原文：一般债务128193亿元
fiscal_local_general_stock,CHN,2020-10,128498,亿元,M,2020-11-17,https://yss.mof.gov.cn/zhuantilanmu/dfzgl/sjtj/202011/t20201116_3623743.htm,月末法定债务存量；原文：一般债务128498亿元
fiscal_local_general_stock,CHN,2020-11,127127,亿元,M,2020-12-24,https://yss.mof.gov.cn/zhuantilanmu/dfzgl/sjtj/202012/t20201223_3636580.htm,月末法定债务存量；原文：一般债务127127亿元
fiscal_local_general_stock,CHN,2020-12,127395,亿元,M,2021-01-26,https://yss.mof.gov.cn/zhuantilanmu/dfzgl/sjtj/202101/t20210125_3649040.htm,月末法定债务存量；原文：一般债务127395亿元
fiscal_local_general_stock,CHN,2021-01,129495,亿元,M,2021-02-25,https://yss.mof.gov.cn/zhuantilanmu/dfzgl/sjtj/202102/t20210225_3662222.htm,月末法定债务存量；原文：一般债务129495亿元
fiscal_local_general_stock,CHN,2021-02,129499,亿元,M,2021-03-31,https://yss.mof.gov.cn/zhuantilanmu/dfzgl/sjtj/202103/t20210330_3678715.htm,月末法定债务存量；原文：一般债务129499亿元
fiscal_local_general_stock,CHN,2021-03,130433,亿元,M,2021-04-20,https://yss.mof.gov.cn/zhuantilanmu/dfzgl/sjtj/202104/t20210420_3688898.htm,月末法定债务存量；原文：一般债务130433亿元
fiscal_local_general_stock,CHN,2021-04,132387,亿元,M,2021-05-25,https://yss.mof.gov.cn/zhuantilanmu/dfzgl/sjtj/202105/t20210525_3707994.htm,月末法定债务存量；原文：一般债务132387亿元
fiscal_local_general_stock,CHN,2021-05,134673,亿元,M,2021-06-22,https://yss.mof.gov.cn/zhuantilanmu/dfzgl/sjtj/202106/t20210621_3722116.htm,月末法定债务存量；原文：一般债务134673亿元
fiscal_local_general_stock,CHN,2021-06,134841,亿元,M,2021-07-26,https://yss.mof.gov.cn/zhuantilanmu/dfzgl/sjtj/202107/t20210726_3740404.htm,月末法定债务存量；原文：一般债务134841亿元
fiscal_local_general_stock,CHN,2021-07,135743,亿元,M,2021-08-25,https://yss.mof.gov.cn/zhuantilanmu/dfzgl/sjtj/202108/t20210824_3747368.htm,月末法定债务存量；原文：一般债务135743亿元
fiscal_local_general_stock,CHN,2021-08,135893,亿元,M,2021-09-26,https://yss.mof.gov.cn/zhuantilanmu/dfzgl/sjtj/202109/t20210926_3755257.htm,月末法定债务存量；原文：一般债务135893亿元
fiscal_local_general_stock,CHN,2021-09,136181,亿元,M,2021-11-02,https://yss.mof.gov.cn/zhuantilanmu/dfzgl/sjtj/202111/t20211101_3762326.htm,月末法定债务存量；原文：一般债务136181亿元
fiscal_local_general_stock,CHN,2021-10,137549,亿元,M,2021-11-23,https://yss.mof.gov.cn/zhuantilanmu/dfzgl/sjtj/202111/t20211123_3767948.htm,月末法定债务存量；原文：一般债务137549亿元
fiscal_local_general_stock,CHN,2021-11,137498,亿元,M,2022-02-09,https://yss.mof.gov.cn/zhuantilanmu/dfzgl/sjtj/202202/t20220209_3786602.htm,月末法定债务存量；原文：一般债务137498亿元
fiscal_local_general_stock,CHN,2021-12,137709,亿元,M,2022-02-09,https://yss.mof.gov.cn/zhuantilanmu/dfzgl/sjtj/202202/t20220209_3786613.htm,月末法定债务存量；原文：一般债务137709亿元
fiscal_local_general_stock,CHN,2022-01,138714,亿元,M,2022-03-21,https://yss.mof.gov.cn/zhuantilanmu/dfzgl/sjtj/202203/t20220322_3797108.htm,月末法定债务存量；原文：一般债务138714亿元
fiscal_local_general_stock,CHN,2022-02,139809,亿元,M,2022-03-23,https://yss.mof.gov.cn/zhuantilanmu/dfzgl/sjtj/202203/t20220322_3797112.htm,月末法定债务存量；原文：一般债务139809亿元
fiscal_local_general_stock,CHN,2022-03,140650,亿元,M,2022-05-18,https://yss.mof.gov.cn/zhuantilanmu/dfzgl/sjtj/202205/t20220518_3811261.htm,月末法定债务存量；原文：一般债务140650亿元
fiscal_local_general_stock,CHN,2022-04,140942,亿元,M,2022-05-18,https://yss.mof.gov.cn/zhuantilanmu/dfzgl/sjtj/202205/t20220518_3811310.htm,月末法定债务存量；原文：一般债务140942亿元
fiscal_local_general_stock,CHN,2022-05,143668,亿元,M,2022-06-30,https://yss.mof.gov.cn/zhuantilanmu/dfzgl/sjtj/202206/t20220630_3823574.htm,月末法定债务存量；原文：一般债务143668亿元
fiscal_local_general_stock,CHN,2022-06,144858,亿元,M,2022-07-27,https://yss.mof.gov.cn/zhuantilanmu/dfzgl/sjtj/202207/t20220726_3829548.htm,月末法定债务存量；原文：一般债务144858亿元
fiscal_local_general_stock,CHN,2022-07,144223,亿元,M,2022-09-30,https://yss.mof.gov.cn/zhuantilanmu/dfzgl/sjtj/202209/t20220930_3844165.htm,月末法定债务存量；原文：一般债务144223亿元
fiscal_local_general_stock,CHN,2022-08,144422,亿元,M,2022-10-08,https://yss.mof.gov.cn/zhuantilanmu/dfzgl/sjtj/202209/t20220930_3844166.htm,月末法定债务存量；原文：一般债务144422亿元
fiscal_local_general_stock,CHN,2022-09,144546,亿元,M,2022-11-03,https://yss.mof.gov.cn/zhuantilanmu/dfzgl/sjtj/202211/t20221103_3849441.htm,月末法定债务存量；原文：一般债务144546亿元
fiscal_local_general_stock,CHN,2022-10,144628,亿元,M,2022-11-30,https://yss.mof.gov.cn/zhuantilanmu/dfzgl/sjtj/202211/t20221130_3854835.htm,月末法定债务存量；原文：一般债务144628亿元
fiscal_local_general_stock,CHN,2022-11,143841,亿元,M,2022-12-30,https://yss.mof.gov.cn/zhuantilanmu/dfzgl/sjtj/202212/t20221229_3861047.htm,月末法定债务存量；原文：一般债务143841亿元
fiscal_local_general_stock,CHN,2022-12,143896,亿元,M,2023-01-29,https://yss.mof.gov.cn/zhuantilanmu/dfzgl/sjtj/202301/t20230128_3864087.htm,月末法定债务存量；原文：一般债务143896亿元
fiscal_local_general_stock,CHN,2023-01,145344,亿元,M,2023-02-27,https://yss.mof.gov.cn/zhuantilanmu/dfzgl/sjtj/202302/t20230227_3868366.htm,月末法定债务存量；原文：一般债务145344亿元
fiscal_local_general_stock,CHN,2023-02,146934,亿元,M,2023-03-27,https://yss.mof.gov.cn/zhuantilanmu/dfzgl/sjtj/202303/t20230327_3874744.htm,月末法定债务存量；原文：一般债务146934亿元
fiscal_local_general_stock,CHN,2023-03,147611,亿元,M,2023-04-26,https://yss.mof.gov.cn/zhuantilanmu/dfzgl/sjtj/202304/t20230426_3881032.htm,月末法定债务存量；原文：一般债务147611亿元
fiscal_local_general_stock,CHN,2023-04,147328,亿元,M,2023-05-29,https://yss.mof.gov.cn/zhuantilanmu/dfzgl/sjtj/202305/t20230529_3887551.htm,月末法定债务存量；原文：一般债务147328亿元
fiscal_local_general_stock,CHN,2023-05,149103,亿元,M,2023-06-28,https://yss.mof.gov.cn/zhuantilanmu/dfzgl/sjtj/202306/t20230628_3893293.htm,月末法定债务存量；原文：一般债务149103亿元
fiscal_local_general_stock,CHN,2023-06,148608,亿元,M,2023-07-28,https://yss.mof.gov.cn/zhuantilanmu/dfzgl/sjtj/202307/t20230728_3899191.htm,月末法定债务存量；原文：一般债务148608亿元
fiscal_local_general_stock,CHN,2023-07,148593,亿元,M,2023-08-29,https://yss.mof.gov.cn/zhuantilanmu/dfzgl/sjtj/202308/t20230829_3904518.htm,月末法定债务存量；原文：一般债务148593亿元
fiscal_local_general_stock,CHN,2023-08,149314,亿元,M,2023-09-26,https://yss.mof.gov.cn/zhuantilanmu/dfzgl/sjtj/202309/t20230926_3909090.htm,月末法定债务存量；原文：一般债务149314亿元
fiscal_local_general_stock,CHN,2023-09,149731,亿元,M,2023-10-27,https://yss.mof.gov.cn/zhuantilanmu/dfzgl/sjtj/202310/t20231027_3913516.htm,月末法定债务存量；原文：一般债务149731亿元
fiscal_local_general_stock,CHN,2023-10,157086,亿元,M,2023-11-29,https://yss.mof.gov.cn/zhuantilanmu/dfzgl/sjtj/202311/t20231129_3918545.htm,月末法定债务存量；原文：一般债务157086亿元
fiscal_local_general_stock,CHN,2023-11,158459,亿元,M,2023-12-25,https://yss.mof.gov.cn/zhuantilanmu/dfzgl/sjtj/202312/t20231225_3923816.htm,月末法定债务存量；原文：一般债务158459亿元
fiscal_local_general_stock,CHN,2023-12,158688,亿元,M,2024-01-30,https://yss.mof.gov.cn/zhuantilanmu/dfzgl/sjtj/202401/t20240130_3927707.htm,月末法定债务存量；原文：一般债务158688亿元
fiscal_local_general_stock,CHN,2024-01,160203,亿元,M,2024-02-29,https://yss.mof.gov.cn/zhuantilanmu/dfzgl/sjtj/202402/t20240229_3929677.htm,月末法定债务存量；原文：一般债务160203亿元
fiscal_local_general_stock,CHN,2024-02,160952,亿元,M,2024-03-28,https://yss.mof.gov.cn/zhuantilanmu/dfzgl/sjtj/202403/t20240328_3931768.htm,月末法定债务存量；原文：一般债务160952亿元
fiscal_local_general_stock,CHN,2024-03,161585,亿元,M,2024-04-30,https://yss.mof.gov.cn/zhuantilanmu/dfzgl/sjtj/202404/t20240430_3933918.htm,月末法定债务存量；原文：一般债务161585亿元
fiscal_local_general_stock,CHN,2024-04,161677,亿元,M,2024-05-31,https://yss.mof.gov.cn/zhuantilanmu/dfzgl/sjtj/202405/t20240531_3936271.htm,月末法定债务存量；原文：一般债务161677亿元
fiscal_local_general_stock,CHN,2024-05,162693,亿元,M,2024-06-27,https://yss.mof.gov.cn/zhuantilanmu/dfzgl/sjtj/202406/t20240627_3938206.htm,月末法定债务存量；原文：一般债务162693亿元
fiscal_local_general_stock,CHN,2024-06,162582,亿元,M,2024-07-31,https://yss.mof.gov.cn/zhuantilanmu/dfzgl/sjtj/202407/t20240731_3940804.htm,月末法定债务存量；原文：一般债务162582亿元
fiscal_local_general_stock,CHN,2024-07,162425,亿元,M,2024-08-30,https://yss.mof.gov.cn/zhuantilanmu/dfzgl/sjtj/202408/t20240830_3942885.htm,月末法定债务存量；原文：一般债务162425亿元
fiscal_local_general_stock,CHN,2024-08,163635,亿元,M,2024-09-30,https://yss.mof.gov.cn/zhuantilanmu/dfzgl/sjtj/202409/t20240930_3944792.htm,月末法定债务存量；原文：一般债务163635亿元
fiscal_local_general_stock,CHN,2024-09,164491,亿元,M,2024-10-29,https://yss.mof.gov.cn/zhuantilanmu/dfzgl/sjtj/202410/t20241029_3946473.htm,月末法定债务存量；原文：一般债务164491亿元
fiscal_local_general_stock,CHN,2024-10,166016,亿元,M,2024-11-29,https://yss.mof.gov.cn/zhuantilanmu/dfzgl/sjtj/202411/t20241129_3948536.htm,月末法定债务存量；原文：一般债务166016亿元
fiscal_local_general_stock,CHN,2024-11,166293,亿元,M,2024-12-27,https://yss.mof.gov.cn/zhuantilanmu/dfzgl/sjtj/202412/t20241227_3950717.htm,月末法定债务存量；原文：一般债务166293亿元
fiscal_local_general_stock,CHN,2024-12,167013,亿元,M,2025-01-24,https://yss.mof.gov.cn/zhuantilanmu/dfzgl/sjtj/202501/t20250124_3955049.htm,月末法定债务存量；原文：一般债务167013亿元
fiscal_local_general_stock,CHN,2025-01,168069,亿元,M,2025-03-28,https://yss.mof.gov.cn/zhuantilanmu/dfzgl/sjtj/202503/t20250328_3960903.htm,月末法定债务存量；原文：一般债务168069亿元
fiscal_local_general_stock,CHN,2025-02,169153,亿元,M,2025-03-28,https://yss.mof.gov.cn/zhuantilanmu/dfzgl/sjtj/202503/t20250328_3960904.htm,月末法定债务存量；原文：一般债务169153亿元
fiscal_local_general_stock,CHN,2025-03,170225,亿元,M,2025-04-28,https://yss.mof.gov.cn/zhuantilanmu/dfzgl/sjtj/202504/t20250428_3962945.htm,月末法定债务存量；原文：一般债务170225亿元
fiscal_local_general_stock,CHN,2025-04,170692,亿元,M,2025-05-28,https://yss.mof.gov.cn/zhuantilanmu/dfzgl/sjtj/202505/t20250528_3964717.htm,月末法定债务存量；原文：一般债务170692亿元
fiscal_local_general_stock,CHN,2025-05,171838,亿元,M,2025-06-27,https://yss.mof.gov.cn/zhuantilanmu/dfzgl/sjtj/202506/t20250627_3966682.htm,月末法定债务存量；原文：一般债务171838亿元
fiscal_local_general_stock,CHN,2025-06,171704,亿元,M,2025-07-30,https://yss.mof.gov.cn/zhuantilanmu/dfzgl/sjtj/202507/t20250730_3968958.htm,月末法定债务存量；原文：一般债务171704亿元
fiscal_local_general_stock,CHN,2025-07,172483,亿元,M,2025-08-28,https://yss.mof.gov.cn/zhuantilanmu/dfzgl/sjtj/202508/t20250828_3970990.htm,月末法定债务存量；原文：一般债务172483亿元
fiscal_local_general_stock,CHN,2025-08,172728,亿元,M,2025-09-29,https://yss.mof.gov.cn/zhuantilanmu/dfzgl/sjtj/202509/t20250929_3973481.htm,月末法定债务存量；原文：一般债务172728亿元
fiscal_local_general_stock,CHN,2025-09,173119,亿元,M,2025-10-24,https://yss.mof.gov.cn/zhuantilanmu/dfzgl/sjtj/202510/t20251024_3974884.htm,月末法定债务存量；原文：一般债务173119亿元
fiscal_local_general_stock,CHN,2025-10,173289,亿元,M,2025-11-28,https://zwgls.mof.gov.cn/tjsj/202511/t20251128_3977820.htm,月末法定债务存量；原文：一般债务173289亿元
fiscal_local_general_stock,CHN,2025-11,174509,亿元,M,2025-12-30,https://zwgls.mof.gov.cn/tjsj/202512/t20251230_3980857.htm,月末法定债务存量；原文：一般债务174509亿元
fiscal_local_general_stock,CHN,2025-12,175120,亿元,M,2026-01-30,https://zwgls.mof.gov.cn/tjsj/202601/t20260130_3983021.htm,月末法定债务存量；原文：一般债务175120亿元
fiscal_local_general_stock,CHN,2026-01,176238,亿元,M,2026-03-09,https://zwgls.mof.gov.cn/tjsj/202603/t20260309_3984956.htm,月末法定债务存量；原文：一般债务176238亿元
fiscal_local_general_stock,CHN,2026-02,177703,亿元,M,2026-04-10,https://zwgls.mof.gov.cn/tjsj/202604/t20260410_3987362.htm,月末法定债务存量；原文：一般债务177703亿元
fiscal_local_general_stock,CHN,2026-03,177973,亿元,M,2026-05-08,https://zwgls.mof.gov.cn/tjsj/202605/t20260508_3989284.htm,月末法定债务存量；原文：一般债务177973亿元
fiscal_local_general_stock,CHN,2026-04,177943,亿元,M,2026-06-11,https://zwgls.mof.gov.cn/tjsj/202606/t20260611_3991502.htm,月末法定债务存量；原文：一般债务177943亿元
fiscal_local_general_stock,CHN,2026-05,178881,亿元,M,2026-06-24,https://zwgls.mof.gov.cn/tjsj/202606/t20260624_3992154.htm,月末法定债务存量；原文：一般债务178881亿元
fiscal_local_general_stock,CHN,2026-06,178413,亿元,M,2026-07-27,https://zwgls.mof.gov.cn/tjsj/202607/t20260727_3994357.htm,月末法定债务存量；原文：一般债务178413亿元
fiscal_local_general_stock,CHN,2026-07,178533,亿元,M,2026-09-09,https://zwgls.mof.gov.cn/tjsj/202609/t20260909_3997013.htm,月末法定债务存量；原文：一般债务178533亿元
fiscal_local_general_stock,CHN,2026-08,179194,亿元,M,2026-09-24,https://zwgls.mof.gov.cn/tjsj/202609/t20260924_3998108.htm,月末法定债务存量；原文：一般债务179194亿元
fiscal_local_special_annual,CHN,2014,59801.90,亿元,A,2016-07-12,https://yss.mof.gov.cn/2015js/201607/t20160712_2354349.htm,年度债务决算表年末实际余额；来源年度2015；原行：一、2014年末地方政府专项债务余额实际数 |  | 59801.90
fiscal_local_special_annual,CHN,2015,54949.33,亿元,A,2017-07-12,https://yss.mof.gov.cn/2016js/201707/t20170712_2647819.htm,年度债务决算表年末实际余额；来源年度2016；原行：一、2015年末地方政府专项债务余额实际数 |  | 54949.33
fiscal_local_special_annual,CHN,2016,55244.71,亿元,A,2018-07-12,https://yss.mof.gov.cn/qgczjs/201807/t20180712_2959945.htm,年度债务决算表年末实际余额；来源年度2017；原行：一、2016年末地方政府专项债务余额实际数 |  | 55244.71
fiscal_local_special_annual,CHN,2017,61468.01,亿元,A,2019-07-18,https://yss.mof.gov.cn/2018czjs/201907/t20190718_3303329.htm,年度债务决算表年末实际余额；来源年度2018；原行：一、2017年末地方政府专项债务余额实际数 |  | 61468.01
fiscal_local_special_annual,CHN,2018,74134.16,亿元,A,2020-07-06,https://yss.mof.gov.cn/2019qgczjs/202007/t20200706_3544467.htm,年度债务决算表年末实际余额；来源年度2019；原行：一、2018年末地方政府专项债务余额实际数 |  | 74134.16
fiscal_local_special_annual,CHN,2019,94426.99,亿元,A,2021-06-29,https://yss.mof.gov.cn/2020zyjs/202106/t20210629_3727087.htm,年度债务决算表年末实际余额；来源年度2020；原行：一、2019年末地方政府专项债务余额实际数 |  | 94426.99
fiscal_local_special_annual,CHN,2020,129217.37,亿元,A,2022-07-12,https://yss.mof.gov.cn/2021zyjs/202207/t20220712_3826390.htm,年度债务决算表年末实际余额；来源年度2021；原行：一、2020年末地方政府专项债务余额 |  | 129217.37
fiscal_local_special_annual,CHN,2021,166993.68,亿元,A,2023-07-14,https://yss.mof.gov.cn/2022zyjs/202307/t20230714_3896431.htm,年度债务决算表年末实际余额；来源年度2022；原行：一、2021年末地方政府专项债务余额 |  | 166993.68
fiscal_local_special_annual,CHN,2022,206691.24,亿元,A,2024-07-16,https://yss.mof.gov.cn/2023zyjs/202407/t20240716_3939578.htm,年度债务决算表年末实际余额；来源年度2023；原行：一、2022年末地方政府专项债务余额 |  | 206691.24
fiscal_local_special_annual,CHN,2023,248685.13,亿元,A,2025-07-15,https://yss.mof.gov.cn/2024zyjs/202507/t20250715_3967875.htm,年度债务决算表年末实际余额；来源年度2024；原行：一、2023年末地方政府专项债务余额 |  |  | 248685.13
fiscal_local_special_annual,CHN,2024,308357.78,亿元,A,2026-07-15,https://yss.mof.gov.cn/2025zyjs/202607/t20260715_3993577.htm,年度债务决算表年末实际余额；来源年度2025；原行：一、2024年末地方政府专项债务余额 |  | 308357.78
fiscal_local_special_annual,CHN,2025,373108.30,亿元,A,2026-07-15,https://yss.mof.gov.cn/2025zyjs/202607/t20260715_3993577.htm,年度债务决算表年末实际余额；来源年度2025；原行：五、2025年末地方政府专项债务余额 |  | 373108.30
fiscal_local_special_stock,CHN,2017-11,61835,亿元,M,2017-12-28,https://yss.mof.gov.cn/zhuantilanmu/dfzgl/sjtj/201712/t20171228_2790007.htm,月末法定债务存量；原文：专项债务61835亿元
fiscal_local_special_stock,CHN,2017-12,61384,亿元,M,2018-01-17,https://yss.mof.gov.cn/zhuantilanmu/dfzgl/sjtj/201801/t20180117_2797514.htm,月末法定债务存量；原文：专项债务61384亿元
fiscal_local_special_stock,CHN,2018-03,61746,亿元,M,2018-04-13,https://yss.mof.gov.cn/zhuantilanmu/dfzgl/sjtj/201804/t20180413_2867535.htm,月末法定债务存量；原文：专项债务61746亿元
fiscal_local_special_stock,CHN,2018-04,61746,亿元,M,2018-05-16,https://yss.mof.gov.cn/zhuantilanmu/dfzgl/sjtj/201805/t20180516_2898680.htm,月末法定债务存量；原文：专项债务61746亿元
fiscal_local_special_stock,CHN,2018-05,61746,亿元,M,2018-06-14,https://yss.mof.gov.cn/zhuantilanmu/dfzgl/sjtj/201806/t20180613_2928002.htm,月末法定债务存量；原文：专项债务61746亿元
fiscal_local_special_stock,CHN,2018-06,62093,亿元,M,2018-07-18,https://yss.mof.gov.cn/zhuantilanmu/dfzgl/sjtj/201807/t20180718_2967220.htm,月末法定债务存量；原文：专项债务62093亿元
fiscal_local_special_stock,CHN,2018-07,63076,亿元,M,2018-08-17,https://yss.mof.gov.cn/zhuantilanmu/dfzgl/sjtj/201808/t20180817_2989843.htm,月末法定债务存量；原文：专项债务63076亿元
fiscal_local_special_stock,CHN,2018-08,67364,亿元,M,2018-09-21,https://yss.mof.gov.cn/zhuantilanmu/dfzgl/sjtj/201809/t20180921_3024772.htm,月末法定债务存量；原文：专项债务67364亿元
fiscal_local_special_stock,CHN,2018-09,73813,亿元,M,2018-10-17,https://yss.mof.gov.cn/zhuantilanmu/dfzgl/sjtj/201810/t20181017_3048969.htm,月末法定债务存量；原文：专项债务73813亿元
fiscal_local_special_stock,CHN,2018-10,74774,亿元,M,2018-11-22,https://yss.mof.gov.cn/zhuantilanmu/dfzgl/sjtj/201811/t20181122_3073280.htm,月末法定债务存量；原文：专项债务74774亿元
fiscal_local_special_stock,CHN,2018-11,74287,亿元,M,2018-12-20,https://yss.mof.gov.cn/zhuantilanmu/dfzgl/sjtj/201812/t20181219_3099424.htm,月末法定债务存量；原文：专项债务74287亿元
fiscal_local_special_stock,CHN,2018-12,73923,亿元,M,2019-01-23,https://yss.mof.gov.cn/zhuantilanmu/dfzgl/sjtj/201901/t20190123_3131019.htm,月末法定债务存量；原文：专项债务73923亿元
fiscal_local_special_stock,CHN,2019-01,75467,亿元,M,2019-02-22,https://yss.mof.gov.cn/zhuantilanmu/dfzgl/sjtj/201902/t20190222_3176703.htm,月末法定债务存量；原文：专项债务75467亿元
fiscal_local_special_stock,CHN,2019-02,77147,亿元,M,2019-03-20,https://yss.mof.gov.cn/zhuantilanmu/dfzgl/sjtj/201903/t20190320_3199825.htm,月末法定债务存量；原文：专项债务77147亿元
fiscal_local_special_stock,CHN,2019-03,80635,亿元,M,2019-04-18,https://yss.mof.gov.cn/zhuantilanmu/dfzgl/sjtj/201904/t20190417_3227000.htm,月末法定债务存量；原文：专项债务80635亿元
fiscal_local_special_stock,CHN,2019-04,81052,亿元,M,2019-05-17,https://yss.mof.gov.cn/zhuantilanmu/dfzgl/sjtj/201905/t20190516_3259191.htm,月末法定债务存量；原文：专项债务81052亿元
fiscal_local_special_stock,CHN,2019-05,82243,亿元,M,2019-06-17,https://yss.mof.gov.cn/zhuantilanmu/dfzgl/sjtj/201906/t20190617_3279074.htm,月末法定债务存量；原文：专项债务82243亿元
fiscal_local_special_stock,CHN,2019-06,87080,亿元,M,2019-07-19,https://yss.mof.gov.cn/zhuantilanmu/dfzgl/sjtj/201907/t20190718_3302838.htm,月末法定债务存量；原文：专项债务87080亿元
fiscal_local_special_stock,CHN,2019-07,90979,亿元,M,2019-08-22,https://yss.mof.gov.cn/zhuantilanmu/dfzgl/sjtj/201908/t20190822_3371343.htm,月末法定债务存量；原文：专项债务90979亿元
fiscal_local_special_stock,CHN,2019-08,94517,亿元,M,2019-09-18,https://yss.mof.gov.cn/zhuantilanmu/dfzgl/sjtj/201909/t20190916_3386707.htm,月末法定债务存量；原文：专项债务94517亿元
fiscal_local_special_stock,CHN,2019-09,95165,亿元,M,2019-10-24,https://yss.mof.gov.cn/zhuantilanmu/dfzgl/sjtj/201910/t20191024_3408894.htm,月末法定债务存量；原文：专项债务95165亿元
fiscal_local_special_stock,CHN,2019-10,94565,亿元,M,2019-11-27,https://yss.mof.gov.cn/zhuantilanmu/dfzgl/sjtj/201911/t20191127_3430508.htm,月末法定债务存量；原文：专项债务94565亿元
fiscal_local_special_stock,CHN,2019-11,94543,亿元,M,2019-12-26,https://yss.mof.gov.cn/zhuantilanmu/dfzgl/sjtj/201912/t20191225_3450093.htm,月末法定债务存量；原文：专项债务94543亿元
fiscal_local_special_stock,CHN,2019-12,94378,亿元,M,2020-01-22,https://yss.mof.gov.cn/zhuantilanmu/dfzgl/sjtj/202001/t20200121_3462828.htm,月末法定债务存量；原文：专项债务94378亿元
fiscal_local_special_stock,CHN,2020-01,101526,亿元,M,2020-02-21,https://yss.mof.gov.cn/zhuantilanmu/dfzgl/sjtj/202002/t20200221_3472494.htm,月末法定债务存量；原文：专项债务101526亿元
fiscal_local_special_stock,CHN,2020-02,103876,亿元,M,2020-03-03,https://yss.mof.gov.cn/zhuantilanmu/dfzgl/sjtj/202003/t20200303_3477036.htm,月末法定债务存量；原文：专项债务103876亿元
fiscal_local_special_stock,CHN,2020-03,105005,亿元,M,2020-04-07,https://yss.mof.gov.cn/zhuantilanmu/dfzgl/sjtj/202004/t20200407_3494386.htm,月末法定债务存量；原文：专项债务105005亿元
fiscal_local_special_stock,CHN,2020-04,105934,亿元,M,2020-05-11,https://yss.mof.gov.cn/zhuantilanmu/dfzgl/sjtj/202005/t20200511_3511647.htm,月末法定债务存量；原文：专项债务105934亿元
fiscal_local_special_stock,CHN,2020-05,115960,亿元,M,2020-06-04,https://yss.mof.gov.cn/zhuantilanmu/dfzgl/sjtj/202006/t20200604_3526283.htm,月末法定债务存量；原文：专项债务115960亿元
fiscal_local_special_stock,CHN,2020-06,116761,亿元,M,2020-07-08,https://yss.mof.gov.cn/zhuantilanmu/dfzgl/sjtj/202007/t20200708_3545777.htm,月末法定债务存量；原文：专项债务116761亿元
fiscal_local_special_stock,CHN,2020-07,116912,亿元,M,2020-08-20,https://yss.mof.gov.cn/zhuantilanmu/dfzgl/sjtj/202008/t20200820_3572031.htm,月末法定债务存量；原文：专项债务116912亿元
fiscal_local_special_stock,CHN,2020-08,123205,亿元,M,2020-09-24,https://yss.mof.gov.cn/zhuantilanmu/dfzgl/sjtj/202009/t20200924_3594157.htm,月末法定债务存量；原文：专项债务123205亿元
fiscal_local_special_stock,CHN,2020-09,127628,亿元,M,2020-10-21,https://yss.mof.gov.cn/zhuantilanmu/dfzgl/sjtj/202010/t20201021_3607825.htm,月末法定债务存量；原文：专项债务127628亿元
fiscal_local_special_stock,CHN,2020-10,129576,亿元,M,2020-11-17,https://yss.mof.gov.cn/zhuantilanmu/dfzgl/sjtj/202011/t20201116_3623743.htm,月末法定债务存量；原文：专项债务129576亿元
fiscal_local_special_stock,CHN,2020-11,128468,亿元,M,2020-12-24,https://yss.mof.gov.cn/zhuantilanmu/dfzgl/sjtj/202012/t20201223_3636580.htm,月末法定债务存量；原文：专项债务128468亿元
fiscal_local_special_stock,CHN,2020-12,129220,亿元,M,2021-01-26,https://yss.mof.gov.cn/zhuantilanmu/dfzgl/sjtj/202101/t20210125_3649040.htm,月末法定债务存量；原文：专项债务129220亿元
fiscal_local_special_stock,CHN,2021-01,130713,亿元,M,2021-02-25,https://yss.mof.gov.cn/zhuantilanmu/dfzgl/sjtj/202102/t20210225_3662222.htm,月末法定债务存量；原文：专项债务130713亿元
fiscal_local_special_stock,CHN,2021-02,130667,亿元,M,2021-03-31,https://yss.mof.gov.cn/zhuantilanmu/dfzgl/sjtj/202103/t20210330_3678715.htm,月末法定债务存量；原文：专项债务130667亿元
fiscal_local_special_stock,CHN,2021-03,131619,亿元,M,2021-04-20,https://yss.mof.gov.cn/zhuantilanmu/dfzgl/sjtj/202104/t20210420_3688898.htm,月末法定债务存量；原文：专项债务131619亿元
fiscal_local_special_stock,CHN,2021-04,133660,亿元,M,2021-05-25,https://yss.mof.gov.cn/zhuantilanmu/dfzgl/sjtj/202105/t20210525_3707994.htm,月末法定债务存量；原文：专项债务133660亿元
fiscal_local_special_stock,CHN,2021-05,137248,亿元,M,2021-06-22,https://yss.mof.gov.cn/zhuantilanmu/dfzgl/sjtj/202106/t20210621_3722116.htm,月末法定债务存量；原文：专项债务137248亿元
fiscal_local_special_stock,CHN,2021-06,141008,亿元,M,2021-07-26,https://yss.mof.gov.cn/zhuantilanmu/dfzgl/sjtj/202107/t20210726_3740404.htm,月末法定债务存量；原文：专项债务141008亿元
fiscal_local_special_stock,CHN,2021-07,144158,亿元,M,2021-08-25,https://yss.mof.gov.cn/zhuantilanmu/dfzgl/sjtj/202108/t20210824_3747368.htm,月末法定债务存量；原文：专项债务144158亿元
fiscal_local_special_stock,CHN,2021-08,148838,亿元,M,2021-09-26,https://yss.mof.gov.cn/zhuantilanmu/dfzgl/sjtj/202109/t20210926_3755257.htm,月末法定债务存量；原文：专项债务148838亿元
fiscal_local_special_stock,CHN,2021-09,153403,亿元,M,2021-11-02,https://yss.mof.gov.cn/zhuantilanmu/dfzgl/sjtj/202111/t20211101_3762326.htm,月末法定债务存量；原文：专项债务153403亿元
fiscal_local_special_stock,CHN,2021-10,159000,亿元,M,2021-11-23,https://yss.mof.gov.cn/zhuantilanmu/dfzgl/sjtj/202111/t20211123_3767948.htm,月末法定债务存量；原文：专项债务159000亿元
fiscal_local_special_stock,CHN,2021-11,164464,亿元,M,2022-02-09,https://yss.mof.gov.cn/zhuantilanmu/dfzgl/sjtj/202202/t20220209_3786602.htm,月末法定债务存量；原文：专项债务164464亿元
fiscal_local_special_stock,CHN,2021-12,166991,亿元,M,2022-02-09,https://yss.mof.gov.cn/zhuantilanmu/dfzgl/sjtj/202202/t20220209_3786613.htm,月末法定债务存量；原文：专项债务166991亿元
fiscal_local_special_stock,CHN,2022-01,172687,亿元,M,2022-03-21,https://yss.mof.gov.cn/zhuantilanmu/dfzgl/sjtj/202203/t20220322_3797108.htm,月末法定债务存量；原文：专项债务172687亿元
fiscal_local_special_stock,CHN,2022-02,176555,亿元,M,2022-03-23,https://yss.mof.gov.cn/zhuantilanmu/dfzgl/sjtj/202203/t20220322_3797112.htm,月末法定债务存量；原文：专项债务176555亿元
fiscal_local_special_stock,CHN,2022-03,180746,亿元,M,2022-05-18,https://yss.mof.gov.cn/zhuantilanmu/dfzgl/sjtj/202205/t20220518_3811261.htm,月末法定债务存量；原文：专项债务180746亿元
fiscal_local_special_stock,CHN,2022-04,181929,亿元,M,2022-05-18,https://yss.mof.gov.cn/zhuantilanmu/dfzgl/sjtj/202205/t20220518_3811310.htm,月末法定债务存量；原文：专项债务181929亿元
fiscal_local_special_stock,CHN,2022-05,188841,亿元,M,2022-06-30,https://yss.mof.gov.cn/zhuantilanmu/dfzgl/sjtj/202206/t20220630_3823574.htm,月末法定债务存量；原文：专项债务188841亿元
fiscal_local_special_stock,CHN,2022-06,202645,亿元,M,2022-07-27,https://yss.mof.gov.cn/zhuantilanmu/dfzgl/sjtj/202207/t20220726_3829548.htm,月末法定债务存量；原文：专项债务202645亿元
fiscal_local_special_stock,CHN,2022-07,202423,亿元,M,2022-09-30,https://yss.mof.gov.cn/zhuantilanmu/dfzgl/sjtj/202209/t20220930_3844165.htm,月末法定债务存量；原文：专项债务202423亿元
fiscal_local_special_stock,CHN,2022-08,203416,亿元,M,2022-10-08,https://yss.mof.gov.cn/zhuantilanmu/dfzgl/sjtj/202209/t20220930_3844166.htm,月末法定债务存量；原文：专项债务203416亿元
fiscal_local_special_stock,CHN,2022-09,202578,亿元,M,2022-11-03,https://yss.mof.gov.cn/zhuantilanmu/dfzgl/sjtj/202211/t20221103_3849441.htm,月末法定债务存量；原文：专项债务202578亿元
fiscal_local_special_stock,CHN,2022-10,207060,亿元,M,2022-11-30,https://yss.mof.gov.cn/zhuantilanmu/dfzgl/sjtj/202211/t20221130_3854835.htm,月末法定债务存量；原文：专项债务207060亿元
fiscal_local_special_stock,CHN,2022-11,206523,亿元,M,2022-12-30,https://yss.mof.gov.cn/zhuantilanmu/dfzgl/sjtj/202212/t20221229_3861047.htm,月末法定债务存量；原文：专项债务206523亿元
fiscal_local_special_stock,CHN,2022-12,206722,亿元,M,2023-01-29,https://yss.mof.gov.cn/zhuantilanmu/dfzgl/sjtj/202301/t20230128_3864087.htm,月末法定债务存量；原文：专项债务206722亿元
fiscal_local_special_stock,CHN,2023-01,211674,亿元,M,2023-02-27,https://yss.mof.gov.cn/zhuantilanmu/dfzgl/sjtj/202302/t20230227_3868366.htm,月末法定债务存量；原文：专项债务211674亿元
fiscal_local_special_stock,CHN,2023-02,215335,亿元,M,2023-03-27,https://yss.mof.gov.cn/zhuantilanmu/dfzgl/sjtj/202303/t20230327_3874744.htm,月末法定债务存量；原文：专项债务215335亿元
fiscal_local_special_stock,CHN,2023-03,220480,亿元,M,2023-04-26,https://yss.mof.gov.cn/zhuantilanmu/dfzgl/sjtj/202304/t20230426_3881032.htm,月末法定债务存量；原文：专项债务220480亿元
fiscal_local_special_stock,CHN,2023-04,223199,亿元,M,2023-05-29,https://yss.mof.gov.cn/zhuantilanmu/dfzgl/sjtj/202305/t20230529_3887551.htm,月末法定债务存量；原文：专项债务223199亿元
fiscal_local_special_stock,CHN,2023-05,226476,亿元,M,2023-06-28,https://yss.mof.gov.cn/zhuantilanmu/dfzgl/sjtj/202306/t20230628_3893293.htm,月末法定债务存量；原文：专项债务226476亿元
fiscal_local_special_stock,CHN,2023-06,229391,亿元,M,2023-07-28,https://yss.mof.gov.cn/zhuantilanmu/dfzgl/sjtj/202307/t20230728_3899191.htm,月末法定债务存量；原文：专项债务229391亿元
fiscal_local_special_stock,CHN,2023-07,231641,亿元,M,2023-08-29,https://yss.mof.gov.cn/zhuantilanmu/dfzgl/sjtj/202308/t20230829_3904518.htm,月末法定债务存量；原文：专项债务231641亿元
fiscal_local_special_stock,CHN,2023-08,238166,亿元,M,2023-09-26,https://yss.mof.gov.cn/zhuantilanmu/dfzgl/sjtj/202309/t20230926_3909090.htm,月末法定债务存量；原文：专项债务238166亿元
fiscal_local_special_stock,CHN,2023-09,239265,亿元,M,2023-10-27,https://yss.mof.gov.cn/zhuantilanmu/dfzgl/sjtj/202310/t20231027_3913516.htm,月末法定债务存量；原文：专项债务239265亿元
fiscal_local_special_stock,CHN,2023-10,243925,亿元,M,2023-11-29,https://yss.mof.gov.cn/zhuantilanmu/dfzgl/sjtj/202311/t20231129_3918545.htm,月末法定债务存量；原文：专项债务243925亿元
fiscal_local_special_stock,CHN,2023-11,247927,亿元,M,2023-12-25,https://yss.mof.gov.cn/zhuantilanmu/dfzgl/sjtj/202312/t20231225_3923816.htm,月末法定债务存量；原文：专项债务247927亿元
fiscal_local_special_stock,CHN,2023-12,248685,亿元,M,2024-01-30,https://yss.mof.gov.cn/zhuantilanmu/dfzgl/sjtj/202401/t20240130_3927707.htm,月末法定债务存量；原文：专项债务248685亿元
fiscal_local_special_stock,CHN,2024-01,249756,亿元,M,2024-02-29,https://yss.mof.gov.cn/zhuantilanmu/dfzgl/sjtj/202402/t20240229_3929677.htm,月末法定债务存量；原文：专项债务249756亿元
fiscal_local_special_stock,CHN,2024-02,253140,亿元,M,2024-03-28,https://yss.mof.gov.cn/zhuantilanmu/dfzgl/sjtj/202403/t20240328_3931768.htm,月末法定债务存量；原文：专项债务253140亿元
fiscal_local_special_stock,CHN,2024-03,255355,亿元,M,2024-04-30,https://yss.mof.gov.cn/zhuantilanmu/dfzgl/sjtj/202404/t20240430_3933918.htm,月末法定债务存量；原文：专项债务255355亿元
fiscal_local_special_stock,CHN,2024-04,255812,亿元,M,2024-05-31,https://yss.mof.gov.cn/zhuantilanmu/dfzgl/sjtj/202405/t20240531_3936271.htm,月末法定债务存量；原文：专项债务255812亿元
fiscal_local_special_stock,CHN,2024-05,261145,亿元,M,2024-06-27,https://yss.mof.gov.cn/zhuantilanmu/dfzgl/sjtj/202406/t20240627_3938206.htm,月末法定债务存量；原文：专项债务261145亿元
fiscal_local_special_stock,CHN,2024-06,263516,亿元,M,2024-07-31,https://yss.mof.gov.cn/zhuantilanmu/dfzgl/sjtj/202407/t20240731_3940804.htm,月末法定债务存量；原文：专项债务263516亿元
fiscal_local_special_stock,CHN,2024-07,265584,亿元,M,2024-08-30,https://yss.mof.gov.cn/zhuantilanmu/dfzgl/sjtj/202408/t20240830_3942885.htm,月末法定债务存量；原文：专项债务265584亿元
fiscal_local_special_stock,CHN,2024-08,272662,亿元,M,2024-09-30,https://yss.mof.gov.cn/zhuantilanmu/dfzgl/sjtj/202409/t20240930_3944792.htm,月末法定债务存量；原文：专项债务272662亿元
fiscal_local_special_stock,CHN,2024-09,282912,亿元,M,2024-10-29,https://yss.mof.gov.cn/zhuantilanmu/dfzgl/sjtj/202410/t20241029_3946473.htm,月末法定债务存量；原文：专项债务282912亿元
fiscal_local_special_stock,CHN,2024-10,287144,亿元,M,2024-11-29,https://yss.mof.gov.cn/zhuantilanmu/dfzgl/sjtj/202411/t20241129_3948536.htm,月末法定债务存量；原文：专项债务287144亿元
fiscal_local_special_stock,CHN,2024-11,298681,亿元,M,2024-12-27,https://yss.mof.gov.cn/zhuantilanmu/dfzgl/sjtj/202412/t20241227_3950717.htm,月末法定债务存量；原文：专项债务298681亿元
fiscal_local_special_stock,CHN,2024-12,308358,亿元,M,2025-01-24,https://yss.mof.gov.cn/zhuantilanmu/dfzgl/sjtj/202501/t20250124_3955049.htm,月末法定债务存量；原文：专项债务308358亿元
fiscal_local_special_stock,CHN,2025-01,312062,亿元,M,2025-03-28,https://yss.mof.gov.cn/zhuantilanmu/dfzgl/sjtj/202503/t20250328_3960903.htm,月末法定债务存量；原文：专项债务312062亿元
fiscal_local_special_stock,CHN,2025-02,323706,亿元,M,2025-03-28,https://yss.mof.gov.cn/zhuantilanmu/dfzgl/sjtj/202503/t20250328_3960904.htm,月末法定债务存量；原文：专项债务323706亿元
fiscal_local_special_stock,CHN,2025-03,331425,亿元,M,2025-04-28,https://yss.mof.gov.cn/zhuantilanmu/dfzgl/sjtj/202504/t20250428_3962945.htm,月末法定债务存量；原文：专项债务331425亿元
fiscal_local_special_stock,CHN,2025-04,336239,亿元,M,2025-05-28,https://yss.mof.gov.cn/zhuantilanmu/dfzgl/sjtj/202505/t20250528_3964717.htm,月末法定债务存量；原文：专项债务336239亿元
fiscal_local_special_stock,CHN,2025-05,340637,亿元,M,2025-06-27,https://yss.mof.gov.cn/zhuantilanmu/dfzgl/sjtj/202506/t20250627_3966682.htm,月末法定债务存量；原文：专项债务340637亿元
fiscal_local_special_stock,CHN,2025-06,347799,亿元,M,2025-07-30,https://yss.mof.gov.cn/zhuantilanmu/dfzgl/sjtj/202507/t20250730_3968958.htm,月末法定债务存量；原文：专项债务347799亿元
fiscal_local_special_stock,CHN,2025-07,355144,亿元,M,2025-08-28,https://yss.mof.gov.cn/zhuantilanmu/dfzgl/sjtj/202508/t20250828_3970990.htm,月末法定债务存量；原文：专项债务355144亿元
fiscal_local_special_stock,CHN,2025-08,359756,亿元,M,2025-09-29,https://yss.mof.gov.cn/zhuantilanmu/dfzgl/sjtj/202509/t20250929_3973481.htm,月末法定债务存量；原文：专项债务359756亿元
fiscal_local_special_stock,CHN,2025-09,363876,亿元,M,2025-10-24,https://yss.mof.gov.cn/zhuantilanmu/dfzgl/sjtj/202510/t20251024_3974884.htm,月末法定债务存量；原文：专项债务363876亿元
fiscal_local_special_stock,CHN,2025-10,366817,亿元,M,2025-11-28,https://zwgls.mof.gov.cn/tjsj/202511/t20251128_3977820.htm,月末法定债务存量；原文：专项债务366817亿元
fiscal_local_special_stock,CHN,2025-11,372088,亿元,M,2025-12-30,https://zwgls.mof.gov.cn/tjsj/202512/t20251230_3980857.htm,月末法定债务存量；原文：专项债务372088亿元
fiscal_local_special_stock,CHN,2025-12,373111,亿元,M,2026-01-30,https://zwgls.mof.gov.cn/tjsj/202601/t20260130_3983021.htm,月末法定债务存量；原文：专项债务373111亿元
fiscal_local_special_stock,CHN,2026-01,379536,亿元,M,2026-03-09,https://zwgls.mof.gov.cn/tjsj/202603/t20260309_3984956.htm,月末法定债务存量；原文：专项债务379536亿元
fiscal_local_special_stock,CHN,2026-02,388233,亿元,M,2026-04-10,https://zwgls.mof.gov.cn/tjsj/202604/t20260410_3987362.htm,月末法定债务存量；原文：专项债务388233亿元
fiscal_local_special_stock,CHN,2026-03,394614,亿元,M,2026-05-08,https://zwgls.mof.gov.cn/tjsj/202605/t20260508_3989284.htm,月末法定债务存量；原文：专项债务394614亿元
fiscal_local_special_stock,CHN,2026-04,398196,亿元,M,2026-06-11,https://zwgls.mof.gov.cn/tjsj/202606/t20260611_3991502.htm,月末法定债务存量；原文：专项债务398196亿元
fiscal_local_special_stock,CHN,2026-05,402572,亿元,M,2026-06-24,https://zwgls.mof.gov.cn/tjsj/202606/t20260624_3992154.htm,月末法定债务存量；原文：专项债务402572亿元
fiscal_local_special_stock,CHN,2026-06,409293,亿元,M,2026-07-27,https://zwgls.mof.gov.cn/tjsj/202607/t20260727_3994357.htm,月末法定债务存量；原文：专项债务409293亿元
fiscal_local_special_stock,CHN,2026-07,413878,亿元,M,2026-09-09,https://zwgls.mof.gov.cn/tjsj/202609/t20260909_3997013.htm,月末法定债务存量；原文：专项债务413878亿元
fiscal_local_special_stock,CHN,2026-08,419761,亿元,M,2026-09-24,https://zwgls.mof.gov.cn/tjsj/202609/t20260924_3998108.htm,月末法定债务存量；原文：专项债务419761亿元
fiscal_local_total_stock,CHN,2017-11,165944,亿元,M,2017-12-28,https://yss.mof.gov.cn/zhuantilanmu/dfzgl/sjtj/201712/t20171228_2790007.htm,月末法定债务存量；原文：全国地方政府债务余额165944亿元
fiscal_local_total_stock,CHN,2017-12,164706,亿元,M,2018-01-17,https://yss.mof.gov.cn/zhuantilanmu/dfzgl/sjtj/201801/t20180117_2797514.htm,月末法定债务存量；原文：全国地方政府债务余额164706亿元
fiscal_local_total_stock,CHN,2018-03,166101,亿元,M,2018-04-13,https://yss.mof.gov.cn/zhuantilanmu/dfzgl/sjtj/201804/t20180413_2867535.htm,月末法定债务存量；原文：全国地方政府债务余额166101亿元
fiscal_local_total_stock,CHN,2018-04,166101,亿元,M,2018-05-16,https://yss.mof.gov.cn/zhuantilanmu/dfzgl/sjtj/201805/t20180516_2898680.htm,月末法定债务存量；原文：全国地方政府债务余额166101亿元
fiscal_local_total_stock,CHN,2018-05,166272,亿元,M,2018-06-14,https://yss.mof.gov.cn/zhuantilanmu/dfzgl/sjtj/201806/t20180613_2928002.htm,月末法定债务存量；原文：全国地方政府债务余额166272亿元
fiscal_local_total_stock,CHN,2018-06,167997,亿元,M,2018-07-18,https://yss.mof.gov.cn/zhuantilanmu/dfzgl/sjtj/201807/t20180718_2967220.htm,月末法定债务存量；原文：全国地方政府债务余额167997亿元
fiscal_local_total_stock,CHN,2018-07,171557,亿元,M,2018-08-17,https://yss.mof.gov.cn/zhuantilanmu/dfzgl/sjtj/201808/t20180817_2989843.htm,月末法定债务存量；原文：全国地方政府债务余额171557亿元
fiscal_local_total_stock,CHN,2018-08,176684,亿元,M,2018-09-21,https://yss.mof.gov.cn/zhuantilanmu/dfzgl/sjtj/201809/t20180921_3024772.htm,月末法定债务存量；原文：全国地方政府债务余额176684亿元
fiscal_local_total_stock,CHN,2018-09,182592,亿元,M,2018-10-17,https://yss.mof.gov.cn/zhuantilanmu/dfzgl/sjtj/201810/t20181017_3048969.htm,月末法定债务存量；原文：全国地方政府债务余额182592亿元
fiscal_local_total_stock,CHN,2018-10,184043,亿元,M,2018-11-22,https://yss.mof.gov.cn/zhuantilanmu/dfzgl/sjtj/201811/t20181122_3073280.htm,月末法定债务存量；原文：全国地方政府债务余额184043亿元
fiscal_local_total_stock,CHN,2018-11,182903,亿元,M,2018-12-20,https://yss.mof.gov.cn/zhuantilanmu/dfzgl/sjtj/201812/t20181219_3099424.htm,月末法定债务存量；原文：全国地方政府债务余额182903亿元
fiscal_local_total_stock,CHN,2018-12,183862,亿元,M,2019-01-23,https://yss.mof.gov.cn/zhuantilanmu/dfzgl/sjtj/201901/t20190123_3131019.htm,月末法定债务存量；原文：全国地方政府债务余额183862亿元
fiscal_local_total_stock,CHN,2019-01,188041,亿元,M,2019-02-22,https://yss.mof.gov.cn/zhuantilanmu/dfzgl/sjtj/201902/t20190222_3176703.htm,月末法定债务存量；原文：全国地方政府债务余额188041亿元
fiscal_local_total_stock,CHN,2019-02,191420,亿元,M,2019-03-20,https://yss.mof.gov.cn/zhuantilanmu/dfzgl/sjtj/201903/t20190320_3199825.htm,月末法定债务存量；原文：全国地方政府债务余额191420亿元
fiscal_local_total_stock,CHN,2019-03,196194,亿元,M,2019-04-18,https://yss.mof.gov.cn/zhuantilanmu/dfzgl/sjtj/201904/t20190417_3227000.htm,月末法定债务存量；原文：全国地方政府债务余额196194亿元
fiscal_local_total_stock,CHN,2019-04,196794,亿元,M,2019-05-17,https://yss.mof.gov.cn/zhuantilanmu/dfzgl/sjtj/201905/t20190516_3259191.htm,月末法定债务存量；原文：全国地方政府债务余额196794亿元
fiscal_local_total_stock,CHN,2019-05,198953,亿元,M,2019-06-17,https://yss.mof.gov.cn/zhuantilanmu/dfzgl/sjtj/201906/t20190617_3279074.htm,月末法定债务存量；原文：全国地方政府债务余额198953亿元
fiscal_local_total_stock,CHN,2019-06,205477,亿元,M,2019-07-19,https://yss.mof.gov.cn/zhuantilanmu/dfzgl/sjtj/201907/t20190718_3302838.htm,月末法定债务存量；原文：全国地方政府债务余额205477亿元
fiscal_local_total_stock,CHN,2019-07,210653,亿元,M,2019-08-22,https://yss.mof.gov.cn/zhuantilanmu/dfzgl/sjtj/201908/t20190822_3371343.htm,月末法定债务存量；原文：全国地方政府债务余额210653亿元
fiscal_local_total_stock,CHN,2019-08,214139,亿元,M,2019-09-18,https://yss.mof.gov.cn/zhuantilanmu/dfzgl/sjtj/201909/t20190916_3386707.htm,月末法定债务存量；原文：全国地方政府债务余额214139亿元
fiscal_local_total_stock,CHN,2019-09,214150,亿元,M,2019-10-24,https://yss.mof.gov.cn/zhuantilanmu/dfzgl/sjtj/201910/t20191024_3408894.htm,月末法定债务存量；原文：全国地方政府债务余额214150亿元
fiscal_local_total_stock,CHN,2019-10,213800,亿元,M,2019-11-27,https://yss.mof.gov.cn/zhuantilanmu/dfzgl/sjtj/201911/t20191127_3430508.htm,月末法定债务存量；原文：全国地方政府债务余额213800亿元
fiscal_local_total_stock,CHN,2019-11,213333,亿元,M,2019-12-26,https://yss.mof.gov.cn/zhuantilanmu/dfzgl/sjtj/201912/t20191225_3450093.htm,月末法定债务存量；原文：全国地方政府债务余额213333亿元
fiscal_local_total_stock,CHN,2019-12,213072,亿元,M,2020-01-22,https://yss.mof.gov.cn/zhuantilanmu/dfzgl/sjtj/202001/t20200121_3462828.htm,月末法定债务存量；原文：全国地方政府债务余额213072亿元
fiscal_local_total_stock,CHN,2020-01,220923,亿元,M,2020-02-21,https://yss.mof.gov.cn/zhuantilanmu/dfzgl/sjtj/202002/t20200221_3472494.htm,月末法定债务存量；原文：全国地方政府债务余额220923亿元
fiscal_local_total_stock,CHN,2020-02,225302,亿元,M,2020-03-03,https://yss.mof.gov.cn/zhuantilanmu/dfzgl/sjtj/202003/t20200303_3477036.htm,月末法定债务存量；原文：全国地方政府债务余额225302亿元
fiscal_local_total_stock,CHN,2020-03,228219,亿元,M,2020-04-07,https://yss.mof.gov.cn/zhuantilanmu/dfzgl/sjtj/202004/t20200407_3494386.htm,月末法定债务存量；原文：全国地方政府债务余额228219亿元
fiscal_local_total_stock,CHN,2020-04,230402,亿元,M,2020-05-11,https://yss.mof.gov.cn/zhuantilanmu/dfzgl/sjtj/202005/t20200511_3511647.htm,月末法定债务存量；原文：全国地方政府债务余额230402亿元
fiscal_local_total_stock,CHN,2020-05,242075,亿元,M,2020-06-04,https://yss.mof.gov.cn/zhuantilanmu/dfzgl/sjtj/202006/t20200604_3526283.htm,月末法定债务存量；原文：全国地方政府债务余额242075亿元
fiscal_local_total_stock,CHN,2020-06,241583,亿元,M,2020-07-08,https://yss.mof.gov.cn/zhuantilanmu/dfzgl/sjtj/202007/t20200708_3545777.htm,月末法定债务存量；原文：全国地方政府债务余额241583亿元
fiscal_local_total_stock,CHN,2020-07,241616,亿元,M,2020-08-20,https://yss.mof.gov.cn/zhuantilanmu/dfzgl/sjtj/202008/t20200820_3572031.htm,月末法定债务存量；原文：全国地方政府债务余额241616亿元
fiscal_local_total_stock,CHN,2020-08,251040,亿元,M,2020-09-24,https://yss.mof.gov.cn/zhuantilanmu/dfzgl/sjtj/202009/t20200924_3594157.htm,月末法定债务存量；原文：全国地方政府债务余额251040亿元
fiscal_local_total_stock,CHN,2020-09,255821,亿元,M,2020-10-21,https://yss.mof.gov.cn/zhuantilanmu/dfzgl/sjtj/202010/t20201021_3607825.htm,月末法定债务存量；原文：全国地方政府债务余额255821亿元
fiscal_local_total_stock,CHN,2020-10,258074,亿元,M,2020-11-17,https://yss.mof.gov.cn/zhuantilanmu/dfzgl/sjtj/202011/t20201116_3623743.htm,月末法定债务存量；原文：全国地方政府债务余额258074亿元
fiscal_local_total_stock,CHN,2020-11,255595,亿元,M,2020-12-24,https://yss.mof.gov.cn/zhuantilanmu/dfzgl/sjtj/202012/t20201223_3636580.htm,月末法定债务存量；原文：全国地方政府债务余额255595亿元
fiscal_local_total_stock,CHN,2020-12,256615,亿元,M,2021-01-26,https://yss.mof.gov.cn/zhuantilanmu/dfzgl/sjtj/202101/t20210125_3649040.htm,月末法定债务存量；原文：全国地方政府债务余额256615亿元
fiscal_local_total_stock,CHN,2021-01,260208,亿元,M,2021-02-25,https://yss.mof.gov.cn/zhuantilanmu/dfzgl/sjtj/202102/t20210225_3662222.htm,月末法定债务存量；原文：全国地方政府债务余额260208亿元
fiscal_local_total_stock,CHN,2021-02,260166,亿元,M,2021-03-31,https://yss.mof.gov.cn/zhuantilanmu/dfzgl/sjtj/202103/t20210330_3678715.htm,月末法定债务存量；原文：全国地方政府债务余额260166亿元
fiscal_local_total_stock,CHN,2021-03,262052,亿元,M,2021-04-20,https://yss.mof.gov.cn/zhuantilanmu/dfzgl/sjtj/202104/t20210420_3688898.htm,月末法定债务存量；原文：全国地方政府债务余额262052亿元
fiscal_local_total_stock,CHN,2021-04,266047,亿元,M,2021-05-25,https://yss.mof.gov.cn/zhuantilanmu/dfzgl/sjtj/202105/t20210525_3707994.htm,月末法定债务存量；原文：全国地方政府债务余额266047亿元
fiscal_local_total_stock,CHN,2021-05,271921,亿元,M,2021-06-22,https://yss.mof.gov.cn/zhuantilanmu/dfzgl/sjtj/202106/t20210621_3722116.htm,月末法定债务存量；原文：全国地方政府债务余额271921亿元
fiscal_local_total_stock,CHN,2021-06,275849,亿元,M,2021-07-26,https://yss.mof.gov.cn/zhuantilanmu/dfzgl/sjtj/202107/t20210726_3740404.htm,月末法定债务存量；原文：全国地方政府债务余额275849亿元
fiscal_local_total_stock,CHN,2021-07,279901,亿元,M,2021-08-25,https://yss.mof.gov.cn/zhuantilanmu/dfzgl/sjtj/202108/t20210824_3747368.htm,月末法定债务存量；原文：全国地方政府债务余额279901亿元
fiscal_local_total_stock,CHN,2021-08,284731,亿元,M,2021-09-26,https://yss.mof.gov.cn/zhuantilanmu/dfzgl/sjtj/202109/t20210926_3755257.htm,月末法定债务存量；原文：全国地方政府债务余额284731亿元
fiscal_local_total_stock,CHN,2021-09,289584,亿元,M,2021-11-02,https://yss.mof.gov.cn/zhuantilanmu/dfzgl/sjtj/202111/t20211101_3762326.htm,月末法定债务存量；原文：全国地方政府债务余额289584亿元
fiscal_local_total_stock,CHN,2021-10,296549,亿元,M,2021-11-23,https://yss.mof.gov.cn/zhuantilanmu/dfzgl/sjtj/202111/t20211123_3767948.htm,月末法定债务存量；原文：全国地方政府债务余额296549亿元
fiscal_local_total_stock,CHN,2021-11,301962,亿元,M,2022-02-09,https://yss.mof.gov.cn/zhuantilanmu/dfzgl/sjtj/202202/t20220209_3786602.htm,月末法定债务存量；原文：全国地方政府债务余额301962亿元
fiscal_local_total_stock,CHN,2021-12,304700,亿元,M,2022-02-09,https://yss.mof.gov.cn/zhuantilanmu/dfzgl/sjtj/202202/t20220209_3786613.htm,月末法定债务存量；原文：全国地方政府债务余额304700亿元
fiscal_local_total_stock,CHN,2022-01,311401,亿元,M,2022-03-21,https://yss.mof.gov.cn/zhuantilanmu/dfzgl/sjtj/202203/t20220322_3797108.htm,月末法定债务存量；原文：全国地方政府债务余额311401亿元
fiscal_local_total_stock,CHN,2022-02,316364,亿元,M,2022-03-23,https://yss.mof.gov.cn/zhuantilanmu/dfzgl/sjtj/202203/t20220322_3797112.htm,月末法定债务存量；原文：全国地方政府债务余额316364亿元
fiscal_local_total_stock,CHN,2022-03,321396,亿元,M,2022-05-18,https://yss.mof.gov.cn/zhuantilanmu/dfzgl/sjtj/202205/t20220518_3811261.htm,月末法定债务存量；原文：全国地方政府债务余额321396亿元
fiscal_local_total_stock,CHN,2022-04,322871,亿元,M,2022-05-18,https://yss.mof.gov.cn/zhuantilanmu/dfzgl/sjtj/202205/t20220518_3811310.htm,月末法定债务存量；原文：全国地方政府债务余额322871亿元
fiscal_local_total_stock,CHN,2022-05,332509,亿元,M,2022-06-30,https://yss.mof.gov.cn/zhuantilanmu/dfzgl/sjtj/202206/t20220630_3823574.htm,月末法定债务存量；原文：全国地方政府债务余额332509亿元
fiscal_local_total_stock,CHN,2022-06,347503,亿元,M,2022-07-27,https://yss.mof.gov.cn/zhuantilanmu/dfzgl/sjtj/202207/t20220726_3829548.htm,月末法定债务存量；原文：全国地方政府债务余额347503亿元
fiscal_local_total_stock,CHN,2022-07,346646,亿元,M,2022-09-30,https://yss.mof.gov.cn/zhuantilanmu/dfzgl/sjtj/202209/t20220930_3844165.htm,月末法定债务存量；原文：全国地方政府债务余额346646亿元
fiscal_local_total_stock,CHN,2022-08,347838,亿元,M,2022-10-08,https://yss.mof.gov.cn/zhuantilanmu/dfzgl/sjtj/202209/t20220930_3844166.htm,月末法定债务存量；原文：全国地方政府债务余额347838亿元
fiscal_local_total_stock,CHN,2022-09,347124,亿元,M,2022-11-03,https://yss.mof.gov.cn/zhuantilanmu/dfzgl/sjtj/202211/t20221103_3849441.htm,月末法定债务存量；原文：全国地方政府债务余额347124亿元
fiscal_local_total_stock,CHN,2022-10,351688,亿元,M,2022-11-30,https://yss.mof.gov.cn/zhuantilanmu/dfzgl/sjtj/202211/t20221130_3854835.htm,月末法定债务存量；原文：全国地方政府债务余额351688亿元
fiscal_local_total_stock,CHN,2022-11,350364,亿元,M,2022-12-30,https://yss.mof.gov.cn/zhuantilanmu/dfzgl/sjtj/202212/t20221229_3861047.htm,月末法定债务存量；原文：全国地方政府债务余额350364亿元
fiscal_local_total_stock,CHN,2022-12,350618,亿元,M,2023-01-29,https://yss.mof.gov.cn/zhuantilanmu/dfzgl/sjtj/202301/t20230128_3864087.htm,月末法定债务存量；原文：全国地方政府债务余额350618亿元
fiscal_local_total_stock,CHN,2023-01,357018,亿元,M,2023-02-27,https://yss.mof.gov.cn/zhuantilanmu/dfzgl/sjtj/202302/t20230227_3868366.htm,月末法定债务存量；原文：全国地方政府债务余额357018亿元
fiscal_local_total_stock,CHN,2023-02,362269,亿元,M,2023-03-27,https://yss.mof.gov.cn/zhuantilanmu/dfzgl/sjtj/202303/t20230327_3874744.htm,月末法定债务存量；原文：全国地方政府债务余额362269亿元
fiscal_local_total_stock,CHN,2023-03,368091,亿元,M,2023-04-26,https://yss.mof.gov.cn/zhuantilanmu/dfzgl/sjtj/202304/t20230426_3881032.htm,月末法定债务存量；原文：全国地方政府债务余额368091亿元
fiscal_local_total_stock,CHN,2023-04,370527,亿元,M,2023-05-29,https://yss.mof.gov.cn/zhuantilanmu/dfzgl/sjtj/202305/t20230529_3887551.htm,月末法定债务存量；原文：全国地方政府债务余额370527亿元
fiscal_local_total_stock,CHN,2023-05,375579,亿元,M,2023-06-28,https://yss.mof.gov.cn/zhuantilanmu/dfzgl/sjtj/202306/t20230628_3893293.htm,月末法定债务存量；原文：全国地方政府债务余额375579亿元
fiscal_local_total_stock,CHN,2023-06,377999,亿元,M,2023-07-28,https://yss.mof.gov.cn/zhuantilanmu/dfzgl/sjtj/202307/t20230728_3899191.htm,月末法定债务存量；原文：全国地方政府债务余额377999亿元
fiscal_local_total_stock,CHN,2023-07,380234,亿元,M,2023-08-29,https://yss.mof.gov.cn/zhuantilanmu/dfzgl/sjtj/202308/t20230829_3904518.htm,月末法定债务存量；原文：全国地方政府债务余额380234亿元
fiscal_local_total_stock,CHN,2023-08,387480,亿元,M,2023-09-26,https://yss.mof.gov.cn/zhuantilanmu/dfzgl/sjtj/202309/t20230926_3909090.htm,月末法定债务存量；原文：全国地方政府债务余额387480亿元
fiscal_local_total_stock,CHN,2023-09,388996,亿元,M,2023-10-27,https://yss.mof.gov.cn/zhuantilanmu/dfzgl/sjtj/202310/t20231027_3913516.htm,月末法定债务存量；原文：全国地方政府债务余额388996亿元
fiscal_local_total_stock,CHN,2023-10,401011,亿元,M,2023-11-29,https://yss.mof.gov.cn/zhuantilanmu/dfzgl/sjtj/202311/t20231129_3918545.htm,月末法定债务存量；原文：全国地方政府债务余额401011亿元
fiscal_local_total_stock,CHN,2023-11,406386,亿元,M,2023-12-25,https://yss.mof.gov.cn/zhuantilanmu/dfzgl/sjtj/202312/t20231225_3923816.htm,月末法定债务存量；原文：全国地方政府债务余额406386亿元
fiscal_local_total_stock,CHN,2023-12,407373,亿元,M,2024-01-30,https://yss.mof.gov.cn/zhuantilanmu/dfzgl/sjtj/202401/t20240130_3927707.htm,月末法定债务存量；原文：全国地方政府债务余额407373亿元
fiscal_local_total_stock,CHN,2024-01,409959,亿元,M,2024-02-29,https://yss.mof.gov.cn/zhuantilanmu/dfzgl/sjtj/202402/t20240229_3929677.htm,月末法定债务存量；原文：全国地方政府债务余额409959亿元
fiscal_local_total_stock,CHN,2024-02,414092,亿元,M,2024-03-28,https://yss.mof.gov.cn/zhuantilanmu/dfzgl/sjtj/202403/t20240328_3931768.htm,月末法定债务存量；原文：全国地方政府债务余额414092亿；原文漏写元，按同段明确亿元的分项及加总核验
fiscal_local_total_stock,CHN,2024-03,416940,亿元,M,2024-04-30,https://yss.mof.gov.cn/zhuantilanmu/dfzgl/sjtj/202404/t20240430_3933918.htm,月末法定债务存量；原文：全国地方政府债务余额416940亿元
fiscal_local_total_stock,CHN,2024-04,417489,亿元,M,2024-05-31,https://yss.mof.gov.cn/zhuantilanmu/dfzgl/sjtj/202405/t20240531_3936271.htm,月末法定债务存量；原文：全国地方政府债务余额417489亿元
fiscal_local_total_stock,CHN,2024-05,423838,亿元,M,2024-06-27,https://yss.mof.gov.cn/zhuantilanmu/dfzgl/sjtj/202406/t20240627_3938206.htm,月末法定债务存量；原文：全国地方政府债务余额423838亿元
fiscal_local_total_stock,CHN,2024-06,426098,亿元,M,2024-07-31,https://yss.mof.gov.cn/zhuantilanmu/dfzgl/sjtj/202407/t20240731_3940804.htm,月末法定债务存量；原文：全国地方政府债务余额426098亿元
fiscal_local_total_stock,CHN,2024-07,428009,亿元,M,2024-08-30,https://yss.mof.gov.cn/zhuantilanmu/dfzgl/sjtj/202408/t20240830_3942885.htm,月末法定债务存量；原文：全国地方政府债务余额428009亿元
fiscal_local_total_stock,CHN,2024-08,436297,亿元,M,2024-09-30,https://yss.mof.gov.cn/zhuantilanmu/dfzgl/sjtj/202409/t20240930_3944792.htm,月末法定债务存量；原文：全国地方政府债务余额436297亿元
fiscal_local_total_stock,CHN,2024-09,447403,亿元,M,2024-10-29,https://yss.mof.gov.cn/zhuantilanmu/dfzgl/sjtj/202410/t20241029_3946473.htm,月末法定债务存量；原文：全国地方政府债务余额447403亿元
fiscal_local_total_stock,CHN,2024-10,453160,亿元,M,2024-11-29,https://yss.mof.gov.cn/zhuantilanmu/dfzgl/sjtj/202411/t20241129_3948536.htm,月末法定债务存量；原文：全国地方政府债务余额453160亿元
fiscal_local_total_stock,CHN,2024-11,464974,亿元,M,2024-12-27,https://yss.mof.gov.cn/zhuantilanmu/dfzgl/sjtj/202412/t20241227_3950717.htm,月末法定债务存量；原文：全国地方政府债务余额464974亿元
fiscal_local_total_stock,CHN,2024-12,475371,亿元,M,2025-01-24,https://yss.mof.gov.cn/zhuantilanmu/dfzgl/sjtj/202501/t20250124_3955049.htm,月末法定债务存量；原文：全国地方政府债务余额475371亿元
fiscal_local_total_stock,CHN,2025-01,480131,亿元,M,2025-03-28,https://yss.mof.gov.cn/zhuantilanmu/dfzgl/sjtj/202503/t20250328_3960903.htm,月末法定债务存量；原文：全国地方政府债务余额480131亿元
fiscal_local_total_stock,CHN,2025-02,492859,亿元,M,2025-03-28,https://yss.mof.gov.cn/zhuantilanmu/dfzgl/sjtj/202503/t20250328_3960904.htm,月末法定债务存量；原文：全国地方政府债务余额492859亿；原文漏写元，按同段明确亿元的分项及加总核验
fiscal_local_total_stock,CHN,2025-03,501650,亿元,M,2025-04-28,https://yss.mof.gov.cn/zhuantilanmu/dfzgl/sjtj/202504/t20250428_3962945.htm,月末法定债务存量；原文：全国地方政府债务余额501650亿元
fiscal_local_total_stock,CHN,2025-04,506931,亿元,M,2025-05-28,https://yss.mof.gov.cn/zhuantilanmu/dfzgl/sjtj/202505/t20250528_3964717.htm,月末法定债务存量；原文：全国地方政府债务余额506931亿元
fiscal_local_total_stock,CHN,2025-05,512475,亿元,M,2025-06-27,https://yss.mof.gov.cn/zhuantilanmu/dfzgl/sjtj/202506/t20250627_3966682.htm,月末法定债务存量；原文：全国地方政府债务余额512475亿元
fiscal_local_total_stock,CHN,2025-06,519503,亿元,M,2025-07-30,https://yss.mof.gov.cn/zhuantilanmu/dfzgl/sjtj/202507/t20250730_3968958.htm,月末法定债务存量；原文：全国地方政府债务余额519503亿元
fiscal_local_total_stock,CHN,2025-07,527627,亿元,M,2025-08-28,https://yss.mof.gov.cn/zhuantilanmu/dfzgl/sjtj/202508/t20250828_3970990.htm,月末法定债务存量；原文：全国地方政府债务余额527627亿元
fiscal_local_total_stock,CHN,2025-08,532484,亿元,M,2025-09-29,https://yss.mof.gov.cn/zhuantilanmu/dfzgl/sjtj/202509/t20250929_3973481.htm,月末法定债务存量；原文：全国地方政府债务余额532484亿元
fiscal_local_total_stock,CHN,2025-09,536995,亿元,M,2025-10-24,https://yss.mof.gov.cn/zhuantilanmu/dfzgl/sjtj/202510/t20251024_3974884.htm,月末法定债务存量；原文：全国地方政府债务余额536995亿元
fiscal_local_total_stock,CHN,2025-10,540106,亿元,M,2025-11-28,https://zwgls.mof.gov.cn/tjsj/202511/t20251128_3977820.htm,月末法定债务存量；原文：全国地方政府债务余额540106亿元
fiscal_local_total_stock,CHN,2025-11,546597,亿元,M,2025-12-30,https://zwgls.mof.gov.cn/tjsj/202512/t20251230_3980857.htm,月末法定债务存量；原文：全国地方政府债务余额546597亿元
fiscal_local_total_stock,CHN,2025-12,548231,亿元,M,2026-01-30,https://zwgls.mof.gov.cn/tjsj/202601/t20260130_3983021.htm,月末法定债务存量；原文：全国地方政府债务余额548231亿元
fiscal_local_total_stock,CHN,2026-01,555774,亿元,M,2026-03-09,https://zwgls.mof.gov.cn/tjsj/202603/t20260309_3984956.htm,月末法定债务存量；原文：全国地方政府债务余额555774亿元
fiscal_local_total_stock,CHN,2026-02,565936,亿元,M,2026-04-10,https://zwgls.mof.gov.cn/tjsj/202604/t20260410_3987362.htm,月末法定债务存量；原文：全国地方政府债务余额565936亿元
fiscal_local_total_stock,CHN,2026-03,572587,亿元,M,2026-05-08,https://zwgls.mof.gov.cn/tjsj/202605/t20260508_3989284.htm,月末法定债务存量；原文：全国地方政府债务余额572587亿；原文漏写元，按同段明确亿元的分项及加总核验
fiscal_local_total_stock,CHN,2026-04,576139,亿元,M,2026-06-11,https://zwgls.mof.gov.cn/tjsj/202606/t20260611_3991502.htm,月末法定债务存量；原文：全国地方政府债务余额576139亿元
fiscal_local_total_stock,CHN,2026-05,581453,亿元,M,2026-06-24,https://zwgls.mof.gov.cn/tjsj/202606/t20260624_3992154.htm,月末法定债务存量；原文：全国地方政府债务余额581453亿元
fiscal_local_total_stock,CHN,2026-06,587706,亿元,M,2026-07-27,https://zwgls.mof.gov.cn/tjsj/202607/t20260727_3994357.htm,月末法定债务存量；原文：全国地方政府债务余额587706亿元
fiscal_local_total_stock,CHN,2026-07,592411,亿元,M,2026-09-09,https://zwgls.mof.gov.cn/tjsj/202609/t20260909_3997013.htm,月末法定债务存量；原文：全国地方政府债务余额592411亿元
fiscal_local_total_stock,CHN,2026-08,598955,亿元,M,2026-09-24,https://zwgls.mof.gov.cn/tjsj/202609/t20260924_3998108.htm,月末法定债务存量；原文：全国地方政府债务余额598955亿元
fiscal_nontax_annual,CHN,2007,5699.81,亿元,A,,https://data.stats.gov.cn/dg/website/publicrelease/web/external/stream/esData,来源指标：国家非税收入(亿元)；年度来源，与12月累计独立
fiscal_nontax_annual,CHN,2008,7106.56,亿元,A,,https://data.stats.gov.cn/dg/website/publicrelease/web/external/stream/esData,来源指标：国家非税收入(亿元)；年度来源，与12月累计独立
fiscal_nontax_annual,CHN,2009,8996.71,亿元,A,,https://data.stats.gov.cn/dg/website/publicrelease/web/external/stream/esData,来源指标：国家非税收入(亿元)；年度来源，与12月累计独立
fiscal_nontax_annual,CHN,2010,9890.72,亿元,A,,https://data.stats.gov.cn/dg/website/publicrelease/web/external/stream/esData,来源指标：国家非税收入(亿元)；年度来源，与12月累计独立
fiscal_nontax_annual,CHN,2011,14136.04,亿元,A,,https://data.stats.gov.cn/dg/website/publicrelease/web/external/stream/esData,来源指标：国家非税收入(亿元)；年度来源，与12月累计独立
fiscal_nontax_annual,CHN,2012,16639.24,亿元,A,,https://data.stats.gov.cn/dg/website/publicrelease/web/external/stream/esData,来源指标：国家非税收入(亿元)；年度来源，与12月累计独立
fiscal_nontax_annual,CHN,2013,18678.94,亿元,A,,https://data.stats.gov.cn/dg/website/publicrelease/web/external/stream/esData,来源指标：国家非税收入(亿元)；年度来源，与12月累计独立
fiscal_nontax_annual,CHN,2014,21194.72,亿元,A,,https://data.stats.gov.cn/dg/website/publicrelease/web/external/stream/esData,来源指标：国家非税收入(亿元)；年度来源，与12月累计独立
fiscal_nontax_annual,CHN,2015,27347.03,亿元,A,,https://data.stats.gov.cn/dg/website/publicrelease/web/external/stream/esData,来源指标：国家非税收入(亿元)；年度来源，与12月累计独立
fiscal_nontax_annual,CHN,2016,29244.24,亿元,A,,https://data.stats.gov.cn/dg/website/publicrelease/web/external/stream/esData,来源指标：国家非税收入(亿元)；年度来源，与12月累计独立
fiscal_nontax_annual,CHN,2017,28222.90,亿元,A,,https://data.stats.gov.cn/dg/website/publicrelease/web/external/stream/esData,来源指标：国家非税收入(亿元)；年度来源，与12月累计独立
fiscal_nontax_annual,CHN,2018,26956.98,亿元,A,,https://data.stats.gov.cn/dg/website/publicrelease/web/external/stream/esData,来源指标：国家非税收入(亿元)；年度来源，与12月累计独立
fiscal_nontax_annual,CHN,2019,32389.62,亿元,A,,https://data.stats.gov.cn/dg/website/publicrelease/web/external/stream/esData,来源指标：国家非税收入(亿元)；年度来源，与12月累计独立
fiscal_nontax_annual,CHN,2020,28601.59,亿元,A,,https://data.stats.gov.cn/dg/website/publicrelease/web/external/stream/esData,来源指标：国家非税收入(亿元)；年度来源，与12月累计独立
fiscal_nontax_annual,CHN,2021,29818.97,亿元,A,,https://data.stats.gov.cn/dg/website/publicrelease/web/external/stream/esData,来源指标：国家非税收入(亿元)；年度来源，与12月累计独立
fiscal_nontax_annual,CHN,2022,37029.19,亿元,A,,https://data.stats.gov.cn/dg/website/publicrelease/web/external/stream/esData,来源指标：国家非税收入(亿元)；年度来源，与12月累计独立
fiscal_nontax_annual,CHN,2023,35659.18,亿元,A,,https://data.stats.gov.cn/dg/website/publicrelease/web/external/stream/esData,来源指标：国家非税收入(亿元)；年度来源，与12月累计独立
fiscal_nontax_annual,CHN,2024,44727.42,亿元,A,,https://data.stats.gov.cn/dg/website/publicrelease/web/external/stream/esData,来源指标：国家非税收入(亿元)；年度来源，与12月累计独立
fiscal_nontax_ytd,CHN,2009-05,3062.16,亿元,M,2009-06-15,https://gks.mof.gov.cn/tongjishuju/200906/t20090615_167878.htm,"年内累计执行数，不是单月；原文：财政收入中的税收收入24046.51亿元,同比下降9.4%;非税收入3062.16亿元,同比增长21.2%。"
fiscal_nontax_ytd,CHN,2009-06,4446.07,亿元,M,2009-07-13,https://gks.mof.gov.cn/tongjishuju/200907/t20090713_181827.htm,"年内累计执行数，不是单月；原文：财政收入中的税收收入29530.07亿元,同比下降6%;非税收入4446.07亿元,同比增长31.4%。"
fiscal_nontax_ytd,CHN,2009-07,5207.06,亿元,M,2009-08-12,https://gks.mof.gov.cn/tongjishuju/200908/t20090812_192802.htm,"年内累计执行数，不是单月；原文：财政收入中的税收收入35464.99亿元,同比下降3.5%;非税收入5207.06亿元,同比增长26%。"
fiscal_nontax_ytd,CHN,2009-09,6461.31,亿元,M,2009-10-16,https://gks.mof.gov.cn/tongjishuju/200910/t20091016_218908.htm,"年内累计执行数，不是单月；原文：财政收入中的税收收入45057.56亿元,同比增长2.2%;非税收入6461.31亿元,同比增长33.1%。"
fiscal_nontax_ytd,CHN,2009-10,7046.15,亿元,M,2009-11-13,https://gks.mof.gov.cn/tongjishuju/200911/t20091113_231936.htm,"年内累计执行数，不是单月；原文：财政收入中的税收收入51317.65亿元,同比增长4.7%;非税收入7046.15亿元,同比增长33.8%。"
fiscal_nontax_ytd,CHN,2009-11,7705.84,亿元,M,2009-12-11,https://gks.mof.gov.cn/tongjishuju/200912/t20091211_244696.htm,"年内累计执行数，不是单月；原文：财政收入中的税收收入55687.26亿元,同比增长7.1%;非税收入7705.84亿元,同比增长27%。"
fiscal_nontax_ytd,CHN,2009-12,8962,亿元,M,2010-02-05,https://gks.mof.gov.cn/tongjishuju/201002/t20100205_269099.htm,"年内累计执行数，不是单月；原文：财政收入中的税收收入59515亿元,比上年增长9.8%;非税收入8962亿元,比上年增长26.1%。"
fiscal_nontax_ytd,CHN,2010-02,1130.16,亿元,M,2010-03-14,https://gks.mof.gov.cn/tongjishuju/201003/t20100314_275733.htm,"年内累计执行数，不是单月；原文：财政收入中的税收收入12473.47亿元,同比增长35%;非税收入1130.16亿元,同比增长12.7%。"
fiscal_nontax_ytd,CHN,2010-03,1924.52,亿元,M,2010-04-15,https://gks.mof.gov.cn/tongjishuju/201004/t20100415_287614.htm,"年内累计执行数，不是单月；原文：财政收入中的税收收入17702.55亿元,同比增长35.9%;非税收入1924.52亿元,同比增长18.9%。"
fiscal_nontax_ytd,CHN,2010-04,2548.16,亿元,M,2010-05-11,https://gks.mof.gov.cn/tongjishuju/201005/t20100511_291446.htm,"年内累计执行数，不是单月；原文：财政收入中的税收收入25004.57亿元,同比增长36.4%;非税收入2548.16亿元,同比增长15.7%。"
fiscal_nontax_ytd,CHN,2010-05,3440.46,亿元,M,2010-06-11,https://gks.mof.gov.cn/tongjishuju/201006/t20100611_322362.htm,"年内累计执行数，不是单月；原文：财政收入中的税收收入32029.93亿元,增长33.2%;非税收入3440.46亿元,增长12.4%。"
fiscal_nontax_ytd,CHN,2010-06,4738.26,亿元,M,2010-07-15,https://gks.mof.gov.cn/tongjishuju/201007/t20100715_327955.htm,"年内累计执行数，不是单月；原文：财政收入中的税收收入38611.53亿元,同比增长30.8%;非税收入4738.26亿元,同比增长6.6%。"
fiscal_nontax_ytd,CHN,2010-07,5598.75,亿元,M,2010-08-11,https://gks.mof.gov.cn/tongjishuju/201008/t20100811_332549.htm,"年内累计执行数，不是单月；原文：财政收入中的税收收入45534.22亿元,增长28.4%;非税收入5598.75亿元,增长7.5%。"
fiscal_nontax_ytd,CHN,2010-08,6196.52,亿元,M,2010-09-10,https://gks.mof.gov.cn/tongjishuju/201009/t20100910_338499.htm,"年内累计执行数，不是单月；原文：财政收入中的税收收入50555.8亿元,增长26%;非税收入6196.52亿元,增长7.1%。"
fiscal_nontax_ytd,CHN,2010-09,7082.14,亿元,M,2010-10-15,https://gks.mof.gov.cn/tongjishuju/201010/t20101015_342886.htm,"年内累计执行数，不是单月；原文：财政收入中的税收收入55957.37亿元,增长24.2%;非税收入7082.14亿元,增长9.6%。"
fiscal_nontax_ytd,CHN,2010-10,8004.68,亿元,M,2010-11-11,https://gks.mof.gov.cn/tongjishuju/201011/t20101111_348494.htm,"年内累计执行数，不是单月；原文：财政收入中的税收收入62895.14亿元,增长22.6%;非税收入8004.68亿元,增长13.6%。"
fiscal_nontax_ytd,CHN,2010-11,8408.15,亿元,M,2010-12-10,https://gks.mof.gov.cn/tongjishuju/201012/t20101210_367850.htm,"年内累计执行数，不是单月；原文：全国财政收入中的税收收入68332.36亿元,增长22.7%;非税收入8408.15亿元,增长9.1%。"
fiscal_nontax_ytd,CHN,2010-12,9878,亿元,M,2011-01-20,https://gks.mof.gov.cn/tongjishuju/201101/t20110120_421479.htm,"年内累计执行数，不是单月；原文：财政收入中的税收收入73202亿元,增长23%;非税收入9878亿元,增长9.8%。"
fiscal_nontax_ytd,CHN,2011-02,1599.55,亿元,M,2011-03-14,https://gks.mof.gov.cn/tongjishuju/201103/t20110314_500487.htm,"年内累计执行数，不是单月；原文：财政收入中的税收收入16894.84亿元,同比增长35.4%;非税收入1599.55亿元,同比增长41.5%。"
fiscal_nontax_ytd,CHN,2011-03,2686.89,亿元,M,2011-04-15,https://gks.mof.gov.cn/tongjishuju/201104/t20110415_537711.htm,"年内累计执行数，不是单月；原文：财政收入中的税收收入23438.85亿元,同比增长32.4%;非税收入2686.89亿元,同比增长39.6%。"
fiscal_nontax_ytd,CHN,2011-04,3576.28,亿元,M,2011-05-11,https://gks.mof.gov.cn/tongjishuju/201105/t20110511_547608.htm,"年内累计执行数，不是单月；原文：财政收入中的税收收入32631.52亿元,同比增长30.5%;非税收入3576.28亿元,同比增长40.3%。"
fiscal_nontax_ytd,CHN,2011-05,4923.83,亿元,M,2011-06-10,https://gks.mof.gov.cn/tongjishuju/201106/t20110610_559635.htm,"年内累计执行数，不是单月；原文：财政收入中的税收收入41896.23亿元,同比增长30.8%;非税收入4923.83亿元,同比增长43.1%。"
fiscal_nontax_ytd,CHN,2011-06,6847.39,亿元,M,2011-07-14,https://gks.mof.gov.cn/tongjishuju/201107/t20110714_576300.htm,"年内累计执行数，不是单月；原文：财政收入中的税收收入50028.43亿元,同比增长29.6%;非税收入6847.39亿元,同比增长44.5%。"
fiscal_nontax_ytd,CHN,2011-07,8031.88,亿元,M,2011-08-11,https://gks.mof.gov.cn/tongjishuju/201108/t20110811_586144.htm,"年内累计执行数，不是单月；原文：财政收入中的税收收入58708.04亿元,同比增长28.9%;非税收入8031.88亿元,同比增长43.5%,主要是按有关规定将原预算外资金纳入预算管理。"
fiscal_nontax_ytd,CHN,2011-08,9406.2,亿元,M,2011-09-13,https://gks.mof.gov.cn/tongjishuju/201109/t20110913_593259.htm,"年内累计执行数，不是单月；原文：财政收入中的税收收入64880.09亿元,同比增长28.3%;非税收入9406.2亿元,同比增长51.8%,主要是按有关规定将原预算外资金纳入预算管理。"
fiscal_nontax_ytd,CHN,2011-09,10371.16,亿元,M,2011-10-18,https://gks.mof.gov.cn/tongjishuju/201110/t20111018_600204.htm,"年内累计执行数，不是单月；原文：财政收入中的税收收入71292.18亿元,同比增长27.4%;非税收入10371.16亿元,同比增长46.4%,其中中央非税收入2273.99亿元,同比增长34.7%。"
fiscal_nontax_ytd,CHN,2011-10,11217.4,亿元,M,2011-11-09,https://gks.mof.gov.cn/tongjishuju/201111/t20111109_606277.htm,"年内累计执行数，不是单月；原文：财政收入中的税收收入79634.28亿元,同比增长26.6%;非税收入11217.4亿元,同比增长40.1%,其中中央非税收入2352.06亿元,同比增长13.8%。"
fiscal_nontax_ytd,CHN,2011-11,12092.6,亿元,M,2011-12-11,https://gks.mof.gov.cn/tongjishuju/201112/t20111211_614534.htm,"年内累计执行数，不是单月；原文：财政收入中的税收收入85216.4亿元,同比增长24.7%;非税收入12092.6亿元,同比增长43.8%,主要是非税收入中相当部分去年是在预算外专户管理,今年按规定纳入预算管理。"
fiscal_nontax_ytd,CHN,2011-12,14020,亿元,M,2012-01-20,https://gks.mof.gov.cn/tongjishuju/201201/t20120120_624316.htm,"年内累计执行数，不是单月；原文：财政收入中的税收收入89720亿元,增长22.6%;非税收入14020亿元,增长41.7%。"
fiscal_nontax_ytd,CHN,2012-02,2416.94,亿元,M,2012-03-12,https://gks.mof.gov.cn/tongjishuju/201203/t20120312_634309.htm,"年内累计执行数，不是单月；原文：11.非税收入2416.94亿元,同比增加817亿元,增长51.1%。"
fiscal_nontax_ytd,CHN,2012-03,4118,亿元,M,2012-04-13,https://gks.mof.gov.cn/tongjishuju/201204/t20120413_642982.htm,"年内累计执行数，不是单月；原文：12.非税收入4118亿元,同比增加1432亿元,增长53.3%。"
fiscal_nontax_ytd,CHN,2012-06,8863,亿元,M,2012-07-13,https://gks.mof.gov.cn/tongjishuju/201207/t20120713_666240.htm,"年内累计执行数，不是单月；原文：8.非税收入8863亿元,同比增加2016亿元,增长29.4%。"
fiscal_nontax_ytd,CHN,2012-07,10459,亿元,M,2012-08-10,https://gks.mof.gov.cn/tongjishuju/201208/t20120810_674581.htm,"年内累计执行数，不是单月；原文：非税收入10459亿元,同比增长30.2%。"
fiscal_nontax_ytd,CHN,2012-08,11704,亿元,M,2012-09-11,https://gks.mof.gov.cn/tongjishuju/201209/t20120911_682031.htm,"年内累计执行数，不是单月；原文：非税收入11704亿元,同比增长24.4%。"
fiscal_nontax_ytd,CHN,2012-09,13178,亿元,M,2012-10-18,https://gks.mof.gov.cn/tongjishuju/201210/t20121018_688653.htm,"年内累计执行数，不是单月；原文：8.非税收入13178亿元,同比增加2807亿元,增长27.1%。"
fiscal_nontax_ytd,CHN,2012-12,16609,亿元,M,2013-01-22,https://gks.mof.gov.cn/tongjishuju/201301/t20130122_729462.htm,"年内累计执行数，不是单月；原文：12.非税收入16609亿元,比上年增长17.5%。"
fiscal_nontax_ytd,CHN,2013-02,2832,亿元,M,2013-03-06,https://gks.mof.gov.cn/tongjishuju/201303/t20130306_754230.htm,"年内累计执行数，不是单月；原文：12.非税收入2832亿元,同比增加416亿元,增长17.2%,扣除年度间非税收入政策性退库因素,增长10.3%。"
fiscal_nontax_ytd,CHN,2013-03,4635,亿元,M,2013-04-15,https://gks.mof.gov.cn/tongjishuju/201304/t20130415_824878.htm,"年内累计执行数，不是单月；原文：12.非税收入4635亿元,同比增加516亿元,增长12.5%。"
fiscal_nontax_ytd,CHN,2013-06,9330,亿元,M,2013-07-15,https://gks.mof.gov.cn/tongjishuju/201307/t20130715_966250.htm,"年内累计执行数，不是单月；原文：10.非税收入9330亿元,同比增长5.3%。"
fiscal_nontax_ytd,CHN,2013-09,13977,亿元,M,2013-10-18,https://gks.mof.gov.cn/tongjishuju/201310/t20131018_1000698.htm,"年内累计执行数，不是单月；原文：7.非税收入13977亿元,同比增长6.1%。"
fiscal_nontax_ytd,CHN,2013-12,18646,亿元,M,2014-01-23,https://gks.mof.gov.cn/tongjishuju/201401/t20140123_1038541.htm,"年内累计执行数，不是单月；原文：10.非税收入18646亿元,比上年增长12.1%。"
fiscal_nontax_ytd,CHN,2014-02,2735,亿元,M,2014-03-13,https://gks.mof.gov.cn/tongjishuju/201403/t20140313_1054829.htm,"年内累计执行数，不是单月；原文：9.非税收入2735亿元,同比下降3.4%。"
fiscal_nontax_ytd,CHN,2014-03,4838,亿元,M,2014-04-17,https://gks.mof.gov.cn/tongjishuju/201404/t20140417_1068713.htm,"年内累计执行数，不是单月；原文：8.非税收入4838亿元,同比增长4.4%。"
fiscal_nontax_ytd,CHN,2014-05,7714,亿元,M,2014-06-11,https://gks.mof.gov.cn/tongjishuju/201406/t20140611_1097509.htm,"年内累计执行数，不是单月；原文：全国财政收入中税收收入53463亿元,同比增长9.2%;非税收入7714亿元,同比增长6.6%。"
fiscal_nontax_ytd,CHN,2014-06,10369,亿元,M,2014-07-14,https://gks.mof.gov.cn/tongjishuju/201407/t20140714_1112497.htm,"年内累计执行数，不是单月；原文：8.非税收入10369亿元,同比增长11.1%。"
fiscal_nontax_ytd,CHN,2014-09,15667,亿元,M,2014-10-21,https://gks.mof.gov.cn/tongjishuju/201410/t20141021_1153225.htm,"年内累计执行数，不是单月；原文：6.非税收入15667亿元,同比增长12.1%。"
fiscal_nontax_ytd,CHN,2014-12,21192,亿元,M,2015-01-30,https://gks.mof.gov.cn/tongjishuju/201501/t20150130_1186487.htm,"年内累计执行数，不是单月；原文：10.非税收入21192亿元,同比增加2513亿元,增长13.5%。"
fiscal_nontax_ytd,CHN,2015-02,3355,亿元,M,2015-03-16,https://gks.mof.gov.cn/tongjishuju/201503/t20150316_1202393.htm,"年内累计执行数，不是单月；原文：11.非税收入3355亿元,比上年同期增长22.7%,考虑部分政府性基金转列一般公共预算(全国411亿元,其中中央10亿元、地方401亿元)影响为同口径增长8%。"
fiscal_nontax_ytd,CHN,2015-03,5844,亿元,M,2015-04-16,https://gks.mof.gov.cn/tongjishuju/201504/t20150416_1217866.htm,"年内累计执行数，不是单月；原文：8.非税收入5844亿元,比上年同期增加1006亿元,增长20.8%,扣除部分政府性基金转列一般公共预算(全国668亿元,其中中央18亿元、地方650亿元)影响,同口径增长8.8%。"
fiscal_nontax_ytd,CHN,2015-06,13093,亿元,M,2015-07-15,https://gks.mof.gov.cn/tongjishuju/201507/t20150715_1315558.htm,"年内累计执行数，不是单月；原文：8.非税收入13093亿元,比上年同期增加2724亿元,增长26.3%,同口径增长11.5%。"
fiscal_nontax_ytd,CHN,2015-09,19781,亿元,M,2015-10-19,https://gks.mof.gov.cn/tongjishuju/201510/t20151019_1509539.htm,"年内累计执行数，不是单月；原文：8.非税收入19781亿元,比上年同期增加4114亿元,增长26.3%,同口径增长10.6%。"
fiscal_nontax_ytd,CHN,2015-12,27325,亿元,M,2016-01-29,https://gks.mof.gov.cn/tongjishuju/201601/t20160129_1661457.htm,"年内累计执行数，不是单月；原文：全国一般公共预算收入中的税收收入124892亿元,同比增长4.8%;非税收入27325亿元,增长28.9%,同口径增长10.6%。"
fiscal_nontax_ytd,CHN,2016-02,3518,亿元,M,2016-03-16,https://gks.mof.gov.cn/tongjishuju/201603/t20160316_1911309.htm,"年内累计执行数，不是单月；原文：14.非税收入3518亿元,同比增长3.1%。"
fiscal_nontax_ytd,CHN,2016-03,5942,亿元,M,2016-04-15,https://gks.mof.gov.cn/tongjishuju/201604/t20160415_1951291.htm,"年内累计执行数，不是单月；原文：14.非税收入5942亿元,同比下降0.3%。"
fiscal_nontax_ytd,CHN,2016-06,13278,亿元,M,2016-07-15,https://gks.mof.gov.cn/tongjishuju/201607/t20160715_2358299.htm,"年内累计执行数，不是单月；原文：14.非税收入13278亿元,同比下降0.7%。"
fiscal_nontax_ytd,CHN,2016-09,20519,亿元,M,2016-10-19,https://gks.mof.gov.cn/tongjishuju/201610/t20161019_2438319.htm,"年内累计执行数，不是单月；原文：14.非税收入20519亿元,同比增长2.8%。"
fiscal_nontax_ytd,CHN,2016-11,25924,亿元,M,2016-12-13,https://gks.mof.gov.cn/tongjishuju/201612/t20161213_2480335.htm,"年内累计执行数，不是单月；原文：全国一般公共预算收入中的税收收入122326亿元,同比增长6%;非税收入25924亿元,同比增长4.5%。"
fiscal_nontax_ytd,CHN,2016-12,29198,亿元,M,2017-01-23,https://gks.mof.gov.cn/tongjishuju/201701/t20170123_2526014.htm,"年内累计执行数，不是单月；原文：全国一般公共预算收入中的税收收入130354亿元,同比增长4.3%;非税收入29198亿元,同比增长5%。"
fiscal_nontax_ytd,CHN,2017-02,3621,亿元,M,2017-03-15,https://gks.mof.gov.cn/tongjishuju/201703/t20170315_2557696.htm,"年内累计执行数，不是单月；原文：全国一般公共预算收入中的税收收入27833亿元,同比增长16.6%;非税收入3621亿元,同比增长2.9%。"
fiscal_nontax_ytd,CHN,2017-03,6573,亿元,M,2017-04-14,https://gks.mof.gov.cn/tongjishuju/201704/t20170414_2580092.htm,"年内累计执行数，不是单月；原文：全国一般公共预算收入中的税收收入37793亿元,同比增长14.7%;非税收入6573亿元,同比增长10.6%。"
fiscal_nontax_ytd,CHN,2017-04,8898,亿元,M,2017-05-12,https://gks.mof.gov.cn/tongjishuju/201705/t20170512_2599552.htm,"年内累计执行数，不是单月；原文：全国一般公共预算收入中的税收收入52252亿元,同比增长11.8%;非税收入8898亿元,同比增长12.1%。"
fiscal_nontax_ytd,CHN,2017-05,10870,亿元,M,2017-06-12,https://gks.mof.gov.cn/tongjishuju/201706/t20170612_2620783.htm,"年内累计执行数，不是单月；原文：全国一般公共预算收入中的税收收入66354亿元,同比增长10.6%;非税收入10870亿元,同比增长6.6%。"
fiscal_nontax_ytd,CHN,2017-06,14232,亿元,M,2017-07-14,https://gks.mof.gov.cn/tongjishuju/201707/t20170714_2649642.htm,"年内累计执行数，不是单月；原文：全国一般公共预算收入中的税收收入80074亿元,同比增长10.9%;非税收入14232亿元,同比增长4.4%。"
fiscal_nontax_ytd,CHN,2017-07,16259,亿元,M,2017-08-11,https://gks.mof.gov.cn/tongjishuju/201708/t20170811_2671049.htm,"年内累计执行数，不是单月；原文：全国一般公共预算收入中的税收收入94503亿元,同比增长11.2%;非税收入16259亿元,同比增长3.4%。"
fiscal_nontax_ytd,CHN,2017-08,18005,亿元,M,2017-09-11,https://gks.mof.gov.cn/tongjishuju/201709/t20170911_2695830.htm,"年内累计执行数，不是单月；原文：全国一般公共预算收入中的税收收入103410亿元,同比增长11.6%;非税收入18005亿元,同比增长0.1%。"
fiscal_nontax_ytd,CHN,2017-09,21028,亿元,M,2017-10-16,https://gks.mof.gov.cn/tongjishuju/201710/t20171016_2721764.htm,"年内累计执行数，不是单月；原文：全国一般公共预算收入中的税收收入113101亿元,同比增长12.1%;非税收入21028亿元,同比下降1.6%。"
fiscal_nontax_ytd,CHN,2017-10,23070,亿元,M,2017-11-10,https://gks.mof.gov.cn/tongjishuju/201711/t20171110_2747635.htm,"年内累计执行数，不是单月；原文：全国一般公共预算收入中的税收收入127293亿元,同比增长11.9%;非税收入23070亿元,同比下降3.4%。"
fiscal_nontax_ytd,CHN,2017-11,25676,亿元,M,2017-12-11,https://gks.mof.gov.cn/tongjishuju/201712/t20171211_2771156.htm,"年内累计执行数，不是单月；原文：全国一般公共预算收入中的税收收入136072亿元,同比增长11.2%;非税收入25676亿元,同比下降4.5%。"
fiscal_nontax_ytd,CHN,2017-12,28207,亿元,M,2018-01-25,https://gks.mof.gov.cn/tongjishuju/201801/t20180125_2800116.htm,"年内累计执行数，不是单月；原文：全国一般公共预算收入中的税收收入144360亿元,同比增长10.7%;非税收入28207亿元,同比下降6.9%。"
fiscal_nontax_ytd,CHN,2018-02,3601,亿元,M,2018-03-21,https://gks.mof.gov.cn/tongjishuju/201803/t20180321_2846272.htm,"年内累计执行数，不是单月；原文：全国一般公共预算收入中的税收收入32952亿元,同比增长18.4%;非税收入3601亿元,同比下降3.5%。"
fiscal_nontax_ytd,CHN,2018-03,6214,亿元,M,2018-04-18,https://gks.mof.gov.cn/tongjishuju/201804/t20180418_2872296.htm,"年内累计执行数，不是单月；原文：全国一般公共预算收入中的税收收入44332亿元,同比增长17.3%;非税收入6214亿元,同比下降7.5%。"
fiscal_nontax_ytd,CHN,2018-04,8121,亿元,M,2018-05-14,https://gks.mof.gov.cn/tongjishuju/201805/t20180514_2894051.htm,"年内累计执行数，不是单月；原文：全国一般公共预算收入中的税收收入60898亿元,同比增长16.5%;非税收入8121亿元,同比下降8.8%。"
fiscal_nontax_ytd,CHN,2018-05,9840,亿元,M,2018-06-14,https://gks.mof.gov.cn/tongjishuju/201806/t20180614_2929000.htm,"年内累计执行数，不是单月；原文：全国一般公共预算收入中的税收收入76810亿元,同比增长15.8%;非税收入9840亿元,同比下降9.5%。"
fiscal_nontax_ytd,CHN,2018-06,12702,亿元,M,2018-07-17,https://gks.mof.gov.cn/tongjishuju/201807/t20180717_2962605.htm,"年内累计执行数，不是单月；原文：全国一般公共预算收入中的税收收入91629亿元,同比增长14.4%;非税收入12702亿元,同比下降10.8%。"
fiscal_nontax_ytd,CHN,2018-07,14082,亿元,M,2018-08-13,https://gks.mof.gov.cn/tongjishuju/201808/t20180813_2986604.htm,"年内累计执行数，不是单月；原文：全国一般公共预算收入中的税收收入107709亿元,同比增长14%;非税收入14082亿元,同比下降13.4%。"
fiscal_nontax_ytd,CHN,2018-08,15651,亿元,M,2018-09-12,https://gks.mof.gov.cn/tongjishuju/201809/t20180912_3018274.htm,"年内累计执行数，不是单月；原文：全国一般公共预算收入中的税收收入117217亿元,同比增长13.4%;非税收入15651亿元,同比下降13.1%。"
fiscal_nontax_ytd,CHN,2018-09,18345,亿元,M,2018-10-18,https://gks.mof.gov.cn/tongjishuju/201810/t20181018_3049941.htm,"年内累计执行数，不是单月；原文：全国一般公共预算收入中的税收收入127486亿元,同比增长12.7%;非税收入18345亿元,同比下降12.8%。"
fiscal_nontax_ytd,CHN,2018-10,20608,亿元,M,2018-11-13,https://gks.mof.gov.cn/tongjishuju/201811/t20181113_3066040.htm,"年内累计执行数，不是单月；原文：全国一般公共预算收入中的税收收入140950亿元,同比增长10.7%;非税收入20608亿元,同比下降10.7%。"
fiscal_nontax_ytd,CHN,2018-11,23332,亿元,M,2018-12-13,https://gks.mof.gov.cn/tongjishuju/201812/t20181213_3092474.htm,"年内累计执行数，不是单月；原文：全国一般公共预算收入中的税收收入149001亿元,同比增长9.5%;非税收入23332亿元,同比下降9.1%。"
fiscal_nontax_ytd,CHN,2018-12,26951,亿元,M,2019-01-23,https://gks.mof.gov.cn/tongjishuju/201901/t20190123_3131221.htm,"年内累计执行数，不是单月；原文：全国一般公共预算收入中的税收收入156401亿元,同比增长8.3%;非税收入26951亿元,同比下降4.7%。"
fiscal_nontax_ytd,CHN,2019-02,3990,亿元,M,2019-03-18,https://gks.mof.gov.cn/tongjishuju/201903/t20190318_3195073.htm,"年内累计执行数，不是单月；原文：全国一般公共预算收入中的税收收入35114亿元,同比增长6.6%;非税收入3990亿元,同比增长10.8%。"
fiscal_nontax_ytd,CHN,2019-03,6950,亿元,M,2019-04-16,https://gks.mof.gov.cn/tongjishuju/201904/t20190416_3226133.htm,"年内累计执行数，不是单月；原文：全国一般公共预算收入中的税收收入46706亿元,同比增长5.4%;非税收入6950亿元,同比增长11.8%。"
fiscal_nontax_ytd,CHN,2019-04,8959,亿元,M,2019-05-13,https://gks.mof.gov.cn/tongjishuju/201905/t20190513_3256526.htm,"年内累计执行数，不是单月；原文：全国一般公共预算收入中的税收收入63692亿元,同比增长4.6%;非税收入8959亿元,同比增长10.3%。"
fiscal_nontax_ytd,CHN,2019-05,11426,亿元,M,2019-06-14,https://gks.mof.gov.cn/tongjishuju/201906/t20190614_3277502.htm,"年内累计执行数，不是单月；原文：全国一般公共预算收入中的税收收入78493亿元,同比增长2.2%;非税收入11426亿元,同比增长16.1%。"
fiscal_nontax_ytd,CHN,2019-06,15422,亿元,M,2019-07-16,https://gks.mof.gov.cn/tongjishuju/201907/t20190716_3301309.htm,"年内累计执行数，不是单月；原文：全国税收收入92424亿元,同比增长0.9%;非税收入15422亿元,同比增长21.4%。"
fiscal_nontax_ytd,CHN,2019-07,17577,亿元,M,2019-08-16,https://gks.mof.gov.cn/tongjishuju/201908/t20190816_3365669.htm,"年内累计执行数，不是单月；原文：全国一般公共预算收入中的税收收入108046亿元,同比增长0.3%;非税收入17577亿元,同比增长24.8%。"
fiscal_nontax_ytd,CHN,2019-08,19927,亿元,M,2019-09-17,https://gks.mof.gov.cn/tongjishuju/201909/t20190917_3387489.htm,"年内累计执行数，不是单月；原文：全国税收收入117134亿元,同比下降0.1%;非税收入19927亿元,同比增长27.3%。"
fiscal_nontax_ytd,CHN,2019-09,23708,亿元,M,2019-10-17,https://gks.mof.gov.cn/tongjishuju/201910/t20191017_3404670.htm,"年内累计执行数，不是单月；原文：全国一般公共预算收入中的税收收入126970亿元,同比下降0.4%;非税收入23708亿元,同比增长29.2%。"
fiscal_nontax_ytd,CHN,2019-10,26190,亿元,M,2019-11-19,https://gks.mof.gov.cn/tongjishuju/201911/t20191119_3425243.htm,"年内累计执行数，不是单月；原文：非税收入26190亿元,同比增长27.1%。"
fiscal_nontax_ytd,CHN,2019-11,29268,亿元,M,2019-12-17,https://gks.mof.gov.cn/tongjishuju/201912/t20191217_3443437.htm,"年内累计执行数，不是单月；原文：全国一般公共预算收入中的税收收入149699亿元,同比增长0.5%;非税收入29268亿元,同比增长25.4%。"
fiscal_nontax_ytd,CHN,2019-12,32390,亿元,M,2020-02-10,https://gks.mof.gov.cn/tongjishuju/202002/t20200210_3467695.htm,"年内累计执行数，不是单月；原文：全国税收收入157992亿元,同比增长1%;非税收入32390亿元,同比增长20.2%。"
fiscal_nontax_ytd,CHN,2020-02,4057,亿元,M,2020-03-24,https://gks.mof.gov.cn/tongjishuju/202003/t20200324_3487618.htm,"年内累计执行数，不是单月；原文：全国税收收入31175亿元,同比下降11.2%;非税收入4057亿元,同比增长1.7%。"
fiscal_nontax_ytd,CHN,2020-03,6955,亿元,M,2020-04-20,https://gks.mof.gov.cn/tongjishuju/202004/t20200420_3501077.htm,"年内累计执行数，不是单月；原文：全国税收收入39029亿元,同比下降16.4%;非税收入6955亿元,同比增长0.1%。"
fiscal_nontax_ytd,CHN,2020-04,9052,亿元,M,2020-05-18,https://gks.mof.gov.cn/tongjishuju/202005/t20200518_3515422.htm,"年内累计执行数，不是单月；原文：全国税收收入53081亿元,同比下降16.7%;非税收入9052亿元,同比增长1%。"
fiscal_nontax_ytd,CHN,2020-05,10862,亿元,M,2020-06-18,https://gks.mof.gov.cn/tongjishuju/202006/t20200618_3534764.htm,"年内累计执行数，不是单月；原文：全国税收收入66810亿元,同比下降14.9%;非税收入10862亿元,同比下降4.9%。"
fiscal_nontax_ytd,CHN,2020-06,14186,亿元,M,2020-07-17,https://gks.mof.gov.cn/tongjishuju/202007/t20200717_3551313.htm,"年内累计执行数，不是单月；原文：全国税收收入81990亿元,同比下降11.3%;非税收入14186亿元,同比下降8%。"
fiscal_nontax_ytd,CHN,2020-07,16216,亿元,M,2020-08-19,https://gks.mof.gov.cn/tongjishuju/202008/t20200819_3571405.htm,"年内累计执行数，不是单月；原文：全国税收收入98509亿元,同比下降8.8%;非税收入16216亿元,同比下降7.7%。"
fiscal_nontax_ytd,CHN,2020-08,18532,亿元,M,2020-09-19,https://gks.mof.gov.cn/tongjishuju/202009/t20200918_3591124.htm,"年内累计执行数，不是单月；原文：全国税收收入108236亿元,同比下降7.6%;非税收入18532亿元,同比下降7%。"
fiscal_nontax_ytd,CHN,2020-09,22126,亿元,M,2020-10-21,https://gks.mof.gov.cn/tongjishuju/202010/t20201021_3608237.htm,"年内累计执行数，不是单月；原文：全国税收收入118876亿元,同比下降6.4%;非税收入22126亿元,同比下降6.7%。"
fiscal_nontax_ytd,CHN,2020-10,23489,亿元,M,2020-11-18,https://gks.mof.gov.cn/tongjishuju/202011/t20201118_3625212.htm,"年内累计执行数，不是单月；原文：全国税收收入135044亿元,同比下降4.6%;非税收入23489亿元,同比下降10.3%。"
fiscal_nontax_ytd,CHN,2020-11,25262,亿元,M,2020-12-15,https://gks.mof.gov.cn/tongjishuju/202012/t20201215_3634732.htm,"年内累计执行数，不是单月；原文：全国税收收入144227亿元,同比下降3.7%;非税收入25262亿元,同比下降13.7%。"
fiscal_nontax_ytd,CHN,2020-12,28585,亿元,M,2021-01-28,https://gks.mof.gov.cn/tongjishuju/202101/t20210128_3650522.htm,"年内累计执行数，不是单月；原文：全国税收收入154310亿元,同比下降2.3%;非税收入28585亿元,同比下降11.7%。"
fiscal_nontax_ytd,CHN,2021-02,4741,亿元,M,2021-03-18,https://gks.mof.gov.cn/tongjishuju/202103/t20210318_3672268.htm,"年内累计执行数，不是单月；原文：全国税收收入37064亿元,同比增长18.9%;非税收入4741亿元,同比增长16.8%。"
fiscal_nontax_ytd,CHN,2021-03,8392,亿元,M,2021-04-21,https://gks.mof.gov.cn/tongjishuju/202104/t20210421_3689433.htm,"年内累计执行数，不是单月；原文：全国税收收入48723亿元,同比增长24.8%;非税收入8392亿元,同比增长20.7%。"
fiscal_nontax_ytd,CHN,2021-04,10558,亿元,M,2021-05-21,https://gks.mof.gov.cn/tongjishuju/202105/t20210521_3706159.htm,"年内累计执行数，不是单月；原文：全国税收收入67450亿元,同比增长27.1%;非税收入10558亿元,同比增长16.6%。"
fiscal_nontax_ytd,CHN,2021-05,12623,亿元,M,2021-06-17,https://gks.mof.gov.cn/tongjishuju/202106/t20210617_3720863.htm,"年内累计执行数，不是单月；原文：全国税收收入83831亿元,同比增长25.5%;非税收入12623亿元,同比增长16.2%。"
fiscal_nontax_ytd,CHN,2021-06,16655,亿元,M,2021-07-20,https://gks.mof.gov.cn/tongjishuju/202107/t20210720_3739108.htm,"年内累计执行数，不是单月；原文：全国税收收入100461亿元,同比增长22.5%;非税收入16655亿元,同比增长17.4%。"
fiscal_nontax_ytd,CHN,2021-07,18604,亿元,M,2021-08-20,https://gks.mof.gov.cn/tongjishuju/202108/t20210819_3746445.htm,"年内累计执行数，不是单月；原文：全国税收收入119112亿元,同比增长20.9%;非税收入18604亿元,同比增长14.7%。"
fiscal_nontax_ytd,CHN,2021-08,20461,亿元,M,2021-09-17,https://gks.mof.gov.cn/tongjishuju/202109/t20210917_3753521.htm,"年内累计执行数，不是单月；原文：全国税收收入129627亿元,同比增长19.8%;非税收入20461亿元,同比增长10.4%。"
fiscal_nontax_ytd,CHN,2021-09,23318,亿元,M,2021-10-22,https://gks.mof.gov.cn/tongjishuju/202110/t20211022_3760014.htm,"年内累计执行数，不是单月；原文：全国税收收入140702亿元,同比增长18.4%;非税收入23318亿元,同比增长5.4%。"
fiscal_nontax_ytd,CHN,2021-10,25018,亿元,M,2021-11-19,https://gks.mof.gov.cn/tongjishuju/202111/t20211119_3767219.htm,"年内累计执行数，不是单月；原文：全国税收收入156508亿元,同比增长15.9%;非税收入25018亿元,同比增长6.5%。"
fiscal_nontax_ytd,CHN,2021-11,26762,亿元,M,2021-12-17,https://gks.mof.gov.cn/tongjishuju/202112/t20211217_3775786.htm,"年内累计执行数，不是单月；原文：全国税收收入164490亿元,同比增长14%;非税收入26762亿元,同比增长5.9%。"
fiscal_nontax_ytd,CHN,2021-12,29808,亿元,M,2022-01-29,https://gks.mof.gov.cn/tongjishuju/202201/t20220128_3785692.htm,"年内累计执行数，不是单月；原文：全国税收收入172731亿元,同比增长11.9%;非税收入29808亿元,同比增长4.2%。"
fiscal_nontax_ytd,CHN,2022-02,5391,亿元,M,2022-03-18,https://gks.mof.gov.cn/tongjishuju/202203/t20220318_3796233.htm,"年内累计执行数，不是单月；原文：全国税收收入40812亿元,同比增长10.1%;非税收入5391亿元,同比增长13.7%。"
fiscal_nontax_ytd,CHN,2022-03,9585,亿元,M,2022-04-20,https://gks.mof.gov.cn/tongjishuju/202204/t20220420_3804357.htm,"年内累计执行数，不是单月；原文：全国税收收入52452亿元,同比增长7.7%;非税收入9585亿元,同比增长14.2%。"
fiscal_nontax_ytd,CHN,2022-04,11974,亿元,M,2022-05-17,https://gks.mof.gov.cn/tongjishuju/202205/t20220517_3810958.htm,"年内累计执行数，不是单月；原文：全国税收收入62319亿元,扣除留抵退税因素后增长3.7%,按自然口径计算下降7.6%;非税收入11974亿元,比上年同期增长13.4%。"
fiscal_nontax_ytd,CHN,2022-05,14280,亿元,M,2022-06-16,https://gks.mof.gov.cn/tongjishuju/202206/t20220616_3818568.htm,"年内累计执行数，不是单月；原文：全国税收收入72459亿元,扣除留抵退税因素后增长1.4%,按自然口径计算下降13.6%;非税收入14280亿元,比上年同期增长13.1%。"
fiscal_nontax_ytd,CHN,2022-06,19657,亿元,M,2022-07-14,https://gks.mof.gov.cn/tongjishuju/202207/t20220714_3827010.htm,"年内累计执行数，不是单月；原文：全国税收收入85564亿元,扣除留抵退税因素后增长0.9%,按自然口径计算下降14.8%;非税收入19657亿元,比上年同期增长18%。"
fiscal_nontax_ytd,CHN,2022-07,22314,亿元,M,2022-08-17,https://gks.mof.gov.cn/tongjishuju/202208/t20220817_3834300.htm,"年内累计执行数，不是单月；原文：全国税收收入102667亿元,扣除留抵退税因素后增长0.7%,按自然口径计算下降13.8%;非税收入22314亿元,比上年同期增长19.9%。"
fiscal_nontax_ytd,CHN,2022-08,24794,亿元,M,2022-09-16,https://gks.mof.gov.cn/tongjishuju/202209/t20220916_3840932.htm,"年内累计执行数，不是单月；原文：全国税收收入113249亿元,扣除留抵退税因素后增长1.1%,按自然口径计算下降12.6%;非税收入24794亿元,比上年同期增长21.2%。"
fiscal_nontax_ytd,CHN,2022-09,28786,亿元,M,2022-10-25,https://gks.mof.gov.cn/tongjishuju/202210/t20221025_3847842.htm,"年内累计执行数，不是单月；原文：全国税收收入124365亿元,扣除留抵退税因素后增长1%,按自然口径计算下降11.6%;非税收入28786亿元,比上年同期增长23.5%。"
fiscal_nontax_ytd,CHN,2022-10,30818,亿元,M,2022-11-17,https://gks.mof.gov.cn/tongjishuju/202211/t20221116_3851724.htm,"年内累计执行数，不是单月；原文：全国税收收入142579亿元,扣除留抵退税因素后增长2.4%,按自然口径计算下降8.9%;非税收入30818亿元,比上年同期增长23.2%。"
fiscal_nontax_ytd,CHN,2022-11,32692,亿元,M,2022-12-20,https://gks.mof.gov.cn/tongjishuju/202212/t20221220_3858837.htm,"年内累计执行数，不是单月；原文：全国税收收入152826亿元,扣除留抵退税因素后增长3.5%,按自然口径计算下降7.1%;非税收入32692亿元,比上年同期增长22.2%。"
fiscal_nontax_ytd,CHN,2022-12,37089,亿元,M,2023-01-30,https://gks.mof.gov.cn/tongjishuju/202301/t20230130_3864368.htm,"年内累计执行数，不是单月；原文：全国税收收入166614亿元,比上年下降3.5%,扣除留抵退税因素后增长6.6%;非税收入37089亿元,比上年增长24.4%。"
fiscal_nontax_ytd,CHN,2023-02,6230,亿元,M,2023-03-17,https://gks.mof.gov.cn/tongjishuju/202303/t20230317_3873328.htm,"年内累计执行数，不是单月；原文：全国税收收入39412亿元,同比下降3.4%;非税收入6230亿元,同比增长15.6%。"
fiscal_nontax_ytd,CHN,2023-03,10634,亿元,M,2023-04-18,https://gks.mof.gov.cn/tongjishuju/202304/t20230417_3879297.htm,"年内累计执行数，不是单月；原文：全国税收收入51707亿元,同比下降1.4%;非税收入10634亿元,同比增长10.9%。"
fiscal_nontax_ytd,CHN,2023-04,12792,亿元,M,2023-05-18,https://gks.mof.gov.cn/tongjishuju/202305/t20230518_3885232.htm,"年内累计执行数，不是单月；原文：全国税收收入70379亿元,同比增长12.9%;非税收入12792亿元,同比增长6.8%。"
fiscal_nontax_ytd,CHN,2023-05,14918,亿元,M,2023-06-16,https://gks.mof.gov.cn/tongjishuju/202306/t20230616_3891062.htm,"年内累计执行数，不是单月；原文：全国税收收入84774亿元,同比增长17%;非税收入14918亿元,同比增长4.5%。"
fiscal_nontax_ytd,CHN,2023-06,19542,亿元,M,2023-07-19,https://gks.mof.gov.cn/tongjishuju/202307/t20230719_3897130.htm,"年内累计执行数，不是单月；原文：其中,税收收入99661亿元,同比增长16.5%;非税收入19542亿元,同比下降0.6%。"
fiscal_nontax_ytd,CHN,2023-07,21803,亿元,M,2023-08-21,https://gks.mof.gov.cn/tongjishuju/202308/t20230821_3903162.htm,"年内累计执行数，不是单月；原文：其中,税收收入117531亿元,同比增长14.5%;非税收入21803亿元,同比下降2.3%。"
fiscal_nontax_ytd,CHN,2023-08,23911,亿元,M,2023-09-15,https://gks.mof.gov.cn/tongjishuju/202309/t20230915_3907507.htm,"年内累计执行数，不是单月；原文：其中,税收收入127885亿元,同比增长12.9%;非税收入23911亿元,同比下降3.6%。"
fiscal_nontax_ytd,CHN,2023-09,27608,亿元,M,2023-10-24,https://gks.mof.gov.cn/tongjishuju/202310/t20231024_3912883.htm,"年内累计执行数，不是单月；原文：其中,税收收入139105亿元,同比增长11.9%;非税收入27608亿元,同比下降4.1%。"
fiscal_nontax_ytd,CHN,2023-10,29653,亿元,M,2023-11-15,https://gks.mof.gov.cn/tongjishuju/202311/t20231115_3916710.htm,"年内累计执行数，不是单月；原文：其中,税收收入157841亿元,同比增长10.7%;非税收入29653亿元,同比下降3.8%。"
fiscal_nontax_ytd,CHN,2023-11,31711,亿元,M,2023-12-15,https://gks.mof.gov.cn/tongjishuju/202312/t20231215_3922522.htm,"年内累计执行数，不是单月；原文：其中,税收收入168420亿元,同比增长10.2%;非税收入31711亿元,同比下降3%。"
fiscal_nontax_ytd,CHN,2023-12,35655,亿元,M,2024-02-01,https://gks.mof.gov.cn/tongjishuju/202402/t20240201_3928009.htm,"年内累计执行数，不是单月；原文：其中,税收收入181129亿元,同比增长8.7%;非税收入35655亿元,同比下降3.7%。"
fiscal_nontax_ytd,CHN,2024-02,6765,亿元,M,2024-03-21,https://gks.mof.gov.cn/tongjishuju/202403/t20240321_3931078.htm,"年内累计执行数，不是单月；原文：分税收和非税收入看,1-2月,全国税收收入37820亿元,同比下降4%;非税收入6765亿元,同比增长8.6%。"
fiscal_nontax_ytd,CHN,2024-03,11705,亿元,M,2024-04-22,https://gks.mof.gov.cn/tongjishuju/202404/t20240422_3933193.htm,"年内累计执行数，不是单月；原文：分税收和非税收入看,一季度,全国税收收入49172亿元,同比下降4.9%;非税收入11705亿元,同比增长10.1%。"
fiscal_nontax_ytd,CHN,2024-04,13988,亿元,M,2024-05-20,https://gks.mof.gov.cn/tongjishuju/202405/t20240517_3935136.htm,"年内累计执行数，不是单月；原文：分税收和非税收入看,1-4月,全国税收收入66938亿元,同比下降4.9%,扣除特殊因素影响后可比增长0.5%左右;非税收入13988亿元,同比增长9.4%。"
fiscal_nontax_ytd,CHN,2024-05,16450,亿元,M,2024-06-24,https://gks.mof.gov.cn/tongjishuju/202406/t20240624_3937803.htm,"年内累计执行数，不是单月；原文：分税收和非税收入看,1-5月,全国税收收入80462亿元,同比下降5.1%,扣除特殊因素影响后可比增长0.5%左右;非税收入16450亿元,同比增长10.3%。"
fiscal_nontax_ytd,CHN,2024-06,21833,亿元,M,2024-07-22,https://gks.mof.gov.cn/tongjishuju/202407/t20240722_3939942.htm,"年内累计执行数，不是单月；原文：分税收和非税收入看,上半年,全国税收收入94080亿元,同比下降5.6%;非税收入21833亿元,同比增长11.7%。"
fiscal_nontax_ytd,CHN,2024-07,24423,亿元,M,2024-08-26,https://gks.mof.gov.cn/tongjishuju/202408/t20240826_3942479.htm,"年内累计执行数，不是单月；原文：分税收和非税收入看,1-7月,全国税收收入111240亿元,同比下降5.4%;非税收入24423亿元,同比增长12%。"
fiscal_nontax_ytd,CHN,2024-08,26717,亿元,M,2024-09-20,https://gks.mof.gov.cn/tongjishuju/202409/t20240920_3944086.htm,"年内累计执行数，不是单月；原文：分税收和非税收入看,1-8月,全国税收收入121059亿元,同比下降5.3%;非税收入26717亿元,同比增长11.7%。"
fiscal_nontax_ytd,CHN,2024-09,31344,亿元,M,2024-10-25,https://gks.mof.gov.cn/tongjishuju/202410/t20241025_3946291.htm,"年内累计执行数，不是单月；原文：其中,全国税收收入131715亿元,同比下降5.3%;非税收入31344亿元,同比增长13.5%。"
fiscal_nontax_ytd,CHN,2024-10,34199,亿元,M,2024-11-18,https://gks.mof.gov.cn/tongjishuju/202411/t20241118_3947753.htm,"年内累计执行数，不是单月；原文：其中,全国税收收入150782亿元,同比下降4.5%;非税收入34199亿元,同比增长15.3%。"
fiscal_nontax_ytd,CHN,2024-11,37088,亿元,M,2024-12-16,https://gks.mof.gov.cn/tongjishuju/202412/t20241216_3949757.htm,"年内累计执行数，不是单月；原文：其中,全国税收收入161922亿元,同比下降3.9%;非税收入37088亿元,同比增长17%。"
fiscal_nontax_ytd,CHN,2024-12,44730,亿元,M,2025-01-24,https://gks.mof.gov.cn/tongjishuju/202501/t20250124_3955083.htm,"年内累计执行数，不是单月；原文：其中,全国税收收入174972亿元,比上年下降3.4%;非税收入44730亿元,比上年增长25.4%。"
fiscal_nontax_ytd,CHN,2025-02,7507,亿元,M,2025-03-24,https://gks.mof.gov.cn/tongjishuju/202503/t20250324_3960418.htm,"年内累计执行数，不是单月；原文：其中,全国税收收入36349亿元,同比下降3.9%;非税收入7507亿元,同比增长11%。"
fiscal_nontax_ytd,CHN,2025-03,12739,亿元,M,2025-04-18,https://gks.mof.gov.cn/tongjishuju/202504/t20250418_3962244.htm,"年内累计执行数，不是单月；原文：其中,全国税收收入47450亿元,同比下降3.5%;非税收入12739亿元,同比增长8.8%。"
fiscal_nontax_ytd,CHN,2025-04,15060,亿元,M,2025-05-20,https://gks.mof.gov.cn/tongjishuju/202505/t20250520_3964136.htm,"年内累计执行数，不是单月；原文：其中,全国税收收入65556亿元,同比下降2.1%;非税收入15060亿元,同比增长7.7%。"
fiscal_nontax_ytd,CHN,2025-05,17467,亿元,M,2025-06-20,https://gks.mof.gov.cn/tongjishuju/202506/t20250620_3966204.htm,"年内累计执行数，不是单月；原文：其中,全国税收收入79156亿元,同比下降1.6%;非税收入17467亿元,同比增长6.2%。"
fiscal_nontax_ytd,CHN,2025-06,22651,亿元,M,2025-07-25,https://gks.mof.gov.cn/tongjishuju/202507/t20250725_3968635.htm,"年内累计执行数，不是单月；原文：其中,全国税收收入92915亿元,同比下降1.2%;非税收入22651亿元,同比增长3.7%。"
fiscal_nontax_ytd,CHN,2025-07,24906,亿元,M,2025-08-19,https://gks.mof.gov.cn/tongjishuju/202508/t20250819_3970405.htm,"年内累计执行数，不是单月；原文：其中,全国税收收入110933亿元,同比下降0.3%;非税收入24906亿元,同比增长2%。"
fiscal_nontax_ytd,CHN,2025-08,27113,亿元,M,2025-09-17,https://gks.mof.gov.cn/tongjishuju/202509/t20250917_3972555.htm,"年内累计执行数，不是单月；原文：其中,全国税收收入121085亿元,同比微增0.02%;非税收入27113亿元,同比增长1.5%。"
fiscal_nontax_ytd,CHN,2025-09,31212,亿元,M,2025-10-17,https://gks.mof.gov.cn/tongjishuju/202510/t20251017_3974400.htm,"年内累计执行数，不是单月；原文：其中,全国税收收入132664亿元,同比增长0.7%;非税收入31212亿元,同比下降0.4%。"
fiscal_nontax_ytd,CHN,2025-10,33126,亿元,M,2025-11-17,https://gks.mof.gov.cn/tongjishuju/202511/t20251117_3976517.htm,"年内累计执行数，不是单月；原文：其中,全国税收收入153364亿元,同比增长1.7%;非税收入33126亿元,同比下降3.1%。"
fiscal_nontax_ytd,CHN,2025-11,35702,亿元,M,2025-12-17,https://gks.mof.gov.cn/tongjishuju/202512/t20251217_3979392.htm,"年内累计执行数，不是单月；原文：其中,全国税收收入164814亿元,同比增长1.8%;非税收入35702亿元,同比下降3.7%。"
fiscal_nontax_ytd,CHN,2025-12,39682,亿元,M,2026-01-30,https://gks.mof.gov.cn/tongjishuju/202601/t20260130_3982923.htm,"年内累计执行数，不是单月；原文：其中,全国税收收入176363亿元,比上年增长0.8%;非税收入39682亿元,比上年下降11.3%。"
fiscal_nontax_ytd,CHN,2026-02,7761,亿元,M,2026-03-19,https://gks.mof.gov.cn/tongjishuju/202603/t20260319_3985695.htm,"年内累计执行数，不是单月；原文：其中,全国税收收入36393亿元,同比增长0.1%;非税收入7761亿元,同比增长3.4%。"
fiscal_nontax_ytd,CHN,2026-03,13108,亿元,M,2026-04-24,https://gks.mof.gov.cn/tongjishuju/202604/t20260424_3988324.htm,"年内累计执行数，不是单月；原文：其中,全国税收收入48505亿元,同比增长2.2%;非税收入13108亿元,同比增长2.9%。"
fiscal_nontax_ytd,CHN,2026-04,15307,亿元,M,2026-05-20,https://gks.mof.gov.cn/tongjishuju/202605/t20260515_3989956.htm,"年内累计执行数，不是单月；原文：其中,全国税收收入68097亿元,同比增长3.9%;非税收入15307亿元,同比增长1.6%。"
fiscal_nontax_ytd,CHN,2026-05,17848,亿元,M,2026-06-22,https://gks.mof.gov.cn/tongjishuju/202606/t20260622_3992033.htm,"年内累计执行数，不是单月；原文：其中,全国税收收入82617亿元,同比增长4.4%;非税收入17848亿元,同比增长2.2%。"
fiscal_nontax_ytd,CHN,2026-06,23182,亿元,M,2026-07-22,https://gks.mof.gov.cn/tongjishuju/202607/t20260722_3993943.htm,"年内累计执行数，不是单月；原文：其中,全国税收收入97865亿元,同比增长5.3%;非税收入23182亿元,同比增长2.3%。"
fiscal_nontax_ytd,CHN,2026-07,25315,亿元,M,2026-08-21,https://gks.mof.gov.cn/tongjishuju/202608/t20260814_3995497.htm,"年内累计执行数，不是单月；原文：其中,全国税收收入118381亿元,同比增长6.7%;非税收入25315亿元,同比增长1.6%。"
fiscal_nontax_ytd,CHN,2026-08,27529,亿元,M,2026-09-18,https://gks.mof.gov.cn/tongjishuju/202609/t20260918_3997709.htm,"年内累计执行数，不是单月；原文：其中,全国税收收入129104亿元,同比增长6.6%;非税收入27529亿元,同比增长1.5%。"
fiscal_revenue_annual,CHN,1950,62.17,亿元,A,,https://data.stats.gov.cn/dg/website/publicrelease/web/external/stream/esData,来源指标：一般公共预算收入(亿元)；年度来源，与12月累计独立
fiscal_revenue_annual,CHN,1951,124.96,亿元,A,,https://data.stats.gov.cn/dg/website/publicrelease/web/external/stream/esData,来源指标：一般公共预算收入(亿元)；年度来源，与12月累计独立
fiscal_revenue_annual,CHN,1952,173.94,亿元,A,,https://data.stats.gov.cn/dg/website/publicrelease/web/external/stream/esData,来源指标：一般公共预算收入(亿元)；年度来源，与12月累计独立
fiscal_revenue_annual,CHN,1953,213.24,亿元,A,,https://data.stats.gov.cn/dg/website/publicrelease/web/external/stream/esData,来源指标：一般公共预算收入(亿元)；年度来源，与12月累计独立
fiscal_revenue_annual,CHN,1954,245.17,亿元,A,,https://data.stats.gov.cn/dg/website/publicrelease/web/external/stream/esData,来源指标：一般公共预算收入(亿元)；年度来源，与12月累计独立
fiscal_revenue_annual,CHN,1955,249.27,亿元,A,,https://data.stats.gov.cn/dg/website/publicrelease/web/external/stream/esData,来源指标：一般公共预算收入(亿元)；年度来源，与12月累计独立
fiscal_revenue_annual,CHN,1956,280.19,亿元,A,,https://data.stats.gov.cn/dg/website/publicrelease/web/external/stream/esData,来源指标：一般公共预算收入(亿元)；年度来源，与12月累计独立
fiscal_revenue_annual,CHN,1957,303.20,亿元,A,,https://data.stats.gov.cn/dg/website/publicrelease/web/external/stream/esData,来源指标：一般公共预算收入(亿元)；年度来源，与12月累计独立
fiscal_revenue_annual,CHN,1958,379.62,亿元,A,,https://data.stats.gov.cn/dg/website/publicrelease/web/external/stream/esData,来源指标：一般公共预算收入(亿元)；年度来源，与12月累计独立
fiscal_revenue_annual,CHN,1959,487.12,亿元,A,,https://data.stats.gov.cn/dg/website/publicrelease/web/external/stream/esData,来源指标：一般公共预算收入(亿元)；年度来源，与12月累计独立
fiscal_revenue_annual,CHN,1960,572.29,亿元,A,,https://data.stats.gov.cn/dg/website/publicrelease/web/external/stream/esData,来源指标：一般公共预算收入(亿元)；年度来源，与12月累计独立
fiscal_revenue_annual,CHN,1961,356.06,亿元,A,,https://data.stats.gov.cn/dg/website/publicrelease/web/external/stream/esData,来源指标：一般公共预算收入(亿元)；年度来源，与12月累计独立
fiscal_revenue_annual,CHN,1962,313.55,亿元,A,,https://data.stats.gov.cn/dg/website/publicrelease/web/external/stream/esData,来源指标：一般公共预算收入(亿元)；年度来源，与12月累计独立
fiscal_revenue_annual,CHN,1963,342.25,亿元,A,,https://data.stats.gov.cn/dg/website/publicrelease/web/external/stream/esData,来源指标：一般公共预算收入(亿元)；年度来源，与12月累计独立
fiscal_revenue_annual,CHN,1964,399.54,亿元,A,,https://data.stats.gov.cn/dg/website/publicrelease/web/external/stream/esData,来源指标：一般公共预算收入(亿元)；年度来源，与12月累计独立
fiscal_revenue_annual,CHN,1965,473.32,亿元,A,,https://data.stats.gov.cn/dg/website/publicrelease/web/external/stream/esData,来源指标：一般公共预算收入(亿元)；年度来源，与12月累计独立
fiscal_revenue_annual,CHN,1966,558.71,亿元,A,,https://data.stats.gov.cn/dg/website/publicrelease/web/external/stream/esData,来源指标：一般公共预算收入(亿元)；年度来源，与12月累计独立
fiscal_revenue_annual,CHN,1967,419.36,亿元,A,,https://data.stats.gov.cn/dg/website/publicrelease/web/external/stream/esData,来源指标：一般公共预算收入(亿元)；年度来源，与12月累计独立
fiscal_revenue_annual,CHN,1968,361.25,亿元,A,,https://data.stats.gov.cn/dg/website/publicrelease/web/external/stream/esData,来源指标：一般公共预算收入(亿元)；年度来源，与12月累计独立
fiscal_revenue_annual,CHN,1969,526.76,亿元,A,,https://data.stats.gov.cn/dg/website/publicrelease/web/external/stream/esData,来源指标：一般公共预算收入(亿元)；年度来源，与12月累计独立
fiscal_revenue_annual,CHN,1970,662.90,亿元,A,,https://data.stats.gov.cn/dg/website/publicrelease/web/external/stream/esData,来源指标：一般公共预算收入(亿元)；年度来源，与12月累计独立
fiscal_revenue_annual,CHN,1971,744.73,亿元,A,,https://data.stats.gov.cn/dg/website/publicrelease/web/external/stream/esData,来源指标：一般公共预算收入(亿元)；年度来源，与12月累计独立
fiscal_revenue_annual,CHN,1972,766.56,亿元,A,,https://data.stats.gov.cn/dg/website/publicrelease/web/external/stream/esData,来源指标：一般公共预算收入(亿元)；年度来源，与12月累计独立
fiscal_revenue_annual,CHN,1973,809.67,亿元,A,,https://data.stats.gov.cn/dg/website/publicrelease/web/external/stream/esData,来源指标：一般公共预算收入(亿元)；年度来源，与12月累计独立
fiscal_revenue_annual,CHN,1974,783.14,亿元,A,,https://data.stats.gov.cn/dg/website/publicrelease/web/external/stream/esData,来源指标：一般公共预算收入(亿元)；年度来源，与12月累计独立
fiscal_revenue_annual,CHN,1975,815.61,亿元,A,,https://data.stats.gov.cn/dg/website/publicrelease/web/external/stream/esData,来源指标：一般公共预算收入(亿元)；年度来源，与12月累计独立
fiscal_revenue_annual,CHN,1976,776.58,亿元,A,,https://data.stats.gov.cn/dg/website/publicrelease/web/external/stream/esData,来源指标：一般公共预算收入(亿元)；年度来源，与12月累计独立
fiscal_revenue_annual,CHN,1977,874.46,亿元,A,,https://data.stats.gov.cn/dg/website/publicrelease/web/external/stream/esData,来源指标：一般公共预算收入(亿元)；年度来源，与12月累计独立
fiscal_revenue_annual,CHN,1978,1132.26,亿元,A,,https://data.stats.gov.cn/dg/website/publicrelease/web/external/stream/esData,来源指标：一般公共预算收入(亿元)；年度来源，与12月累计独立
fiscal_revenue_annual,CHN,1979,1146.38,亿元,A,,https://data.stats.gov.cn/dg/website/publicrelease/web/external/stream/esData,来源指标：一般公共预算收入(亿元)；年度来源，与12月累计独立
fiscal_revenue_annual,CHN,1980,1159.93,亿元,A,,https://data.stats.gov.cn/dg/website/publicrelease/web/external/stream/esData,来源指标：一般公共预算收入(亿元)；年度来源，与12月累计独立
fiscal_revenue_annual,CHN,1981,1175.79,亿元,A,,https://data.stats.gov.cn/dg/website/publicrelease/web/external/stream/esData,来源指标：一般公共预算收入(亿元)；年度来源，与12月累计独立
fiscal_revenue_annual,CHN,1982,1212.33,亿元,A,,https://data.stats.gov.cn/dg/website/publicrelease/web/external/stream/esData,来源指标：一般公共预算收入(亿元)；年度来源，与12月累计独立
fiscal_revenue_annual,CHN,1983,1366.95,亿元,A,,https://data.stats.gov.cn/dg/website/publicrelease/web/external/stream/esData,来源指标：一般公共预算收入(亿元)；年度来源，与12月累计独立
fiscal_revenue_annual,CHN,1984,1642.86,亿元,A,,https://data.stats.gov.cn/dg/website/publicrelease/web/external/stream/esData,来源指标：一般公共预算收入(亿元)；年度来源，与12月累计独立
fiscal_revenue_annual,CHN,1985,2004.82,亿元,A,,https://data.stats.gov.cn/dg/website/publicrelease/web/external/stream/esData,来源指标：一般公共预算收入(亿元)；年度来源，与12月累计独立
fiscal_revenue_annual,CHN,1986,2122.01,亿元,A,,https://data.stats.gov.cn/dg/website/publicrelease/web/external/stream/esData,来源指标：一般公共预算收入(亿元)；年度来源，与12月累计独立
fiscal_revenue_annual,CHN,1987,2199.35,亿元,A,,https://data.stats.gov.cn/dg/website/publicrelease/web/external/stream/esData,来源指标：一般公共预算收入(亿元)；年度来源，与12月累计独立
fiscal_revenue_annual,CHN,1988,2357.24,亿元,A,,https://data.stats.gov.cn/dg/website/publicrelease/web/external/stream/esData,来源指标：一般公共预算收入(亿元)；年度来源，与12月累计独立
fiscal_revenue_annual,CHN,1989,2664.90,亿元,A,,https://data.stats.gov.cn/dg/website/publicrelease/web/external/stream/esData,来源指标：一般公共预算收入(亿元)；年度来源，与12月累计独立
fiscal_revenue_annual,CHN,1990,2937.10,亿元,A,,https://data.stats.gov.cn/dg/website/publicrelease/web/external/stream/esData,来源指标：一般公共预算收入(亿元)；年度来源，与12月累计独立
fiscal_revenue_annual,CHN,1991,3149.48,亿元,A,,https://data.stats.gov.cn/dg/website/publicrelease/web/external/stream/esData,来源指标：一般公共预算收入(亿元)；年度来源，与12月累计独立
fiscal_revenue_annual,CHN,1992,3483.37,亿元,A,,https://data.stats.gov.cn/dg/website/publicrelease/web/external/stream/esData,来源指标：一般公共预算收入(亿元)；年度来源，与12月累计独立
fiscal_revenue_annual,CHN,1993,4348.95,亿元,A,,https://data.stats.gov.cn/dg/website/publicrelease/web/external/stream/esData,来源指标：一般公共预算收入(亿元)；年度来源，与12月累计独立
fiscal_revenue_annual,CHN,1994,5218.10,亿元,A,,https://data.stats.gov.cn/dg/website/publicrelease/web/external/stream/esData,来源指标：一般公共预算收入(亿元)；年度来源，与12月累计独立
fiscal_revenue_annual,CHN,1995,6242.20,亿元,A,,https://data.stats.gov.cn/dg/website/publicrelease/web/external/stream/esData,来源指标：一般公共预算收入(亿元)；年度来源，与12月累计独立
fiscal_revenue_annual,CHN,1996,7407.99,亿元,A,,https://data.stats.gov.cn/dg/website/publicrelease/web/external/stream/esData,来源指标：一般公共预算收入(亿元)；年度来源，与12月累计独立
fiscal_revenue_annual,CHN,1997,8651.14,亿元,A,,https://data.stats.gov.cn/dg/website/publicrelease/web/external/stream/esData,来源指标：一般公共预算收入(亿元)；年度来源，与12月累计独立
fiscal_revenue_annual,CHN,1998,9875.95,亿元,A,,https://data.stats.gov.cn/dg/website/publicrelease/web/external/stream/esData,来源指标：一般公共预算收入(亿元)；年度来源，与12月累计独立
fiscal_revenue_annual,CHN,1999,11444.08,亿元,A,,https://data.stats.gov.cn/dg/website/publicrelease/web/external/stream/esData,来源指标：一般公共预算收入(亿元)；年度来源，与12月累计独立
fiscal_revenue_annual,CHN,2000,13395.23,亿元,A,,https://data.stats.gov.cn/dg/website/publicrelease/web/external/stream/esData,来源指标：一般公共预算收入(亿元)；年度来源，与12月累计独立
fiscal_revenue_annual,CHN,2001,16386.04,亿元,A,,https://data.stats.gov.cn/dg/website/publicrelease/web/external/stream/esData,来源指标：一般公共预算收入(亿元)；年度来源，与12月累计独立
fiscal_revenue_annual,CHN,2002,18903.64,亿元,A,,https://data.stats.gov.cn/dg/website/publicrelease/web/external/stream/esData,来源指标：一般公共预算收入(亿元)；年度来源，与12月累计独立
fiscal_revenue_annual,CHN,2003,21715.25,亿元,A,,https://data.stats.gov.cn/dg/website/publicrelease/web/external/stream/esData,来源指标：一般公共预算收入(亿元)；年度来源，与12月累计独立
fiscal_revenue_annual,CHN,2004,26396.47,亿元,A,,https://data.stats.gov.cn/dg/website/publicrelease/web/external/stream/esData,来源指标：一般公共预算收入(亿元)；年度来源，与12月累计独立
fiscal_revenue_annual,CHN,2005,31649.29,亿元,A,,https://data.stats.gov.cn/dg/website/publicrelease/web/external/stream/esData,来源指标：一般公共预算收入(亿元)；年度来源，与12月累计独立
fiscal_revenue_annual,CHN,2006,38760.20,亿元,A,,https://data.stats.gov.cn/dg/website/publicrelease/web/external/stream/esData,来源指标：一般公共预算收入(亿元)；年度来源，与12月累计独立
fiscal_revenue_annual,CHN,2007,51321.78,亿元,A,,https://data.stats.gov.cn/dg/website/publicrelease/web/external/stream/esData,来源指标：一般公共预算收入(亿元)；年度来源，与12月累计独立
fiscal_revenue_annual,CHN,2008,61330.35,亿元,A,,https://data.stats.gov.cn/dg/website/publicrelease/web/external/stream/esData,来源指标：一般公共预算收入(亿元)；年度来源，与12月累计独立
fiscal_revenue_annual,CHN,2009,68518.30,亿元,A,,https://data.stats.gov.cn/dg/website/publicrelease/web/external/stream/esData,来源指标：一般公共预算收入(亿元)；年度来源，与12月累计独立
fiscal_revenue_annual,CHN,2010,83101.51,亿元,A,,https://data.stats.gov.cn/dg/website/publicrelease/web/external/stream/esData,来源指标：一般公共预算收入(亿元)；年度来源，与12月累计独立
fiscal_revenue_annual,CHN,2011,103874.43,亿元,A,,https://data.stats.gov.cn/dg/website/publicrelease/web/external/stream/esData,来源指标：一般公共预算收入(亿元)；年度来源，与12月累计独立
fiscal_revenue_annual,CHN,2012,117253.52,亿元,A,,https://data.stats.gov.cn/dg/website/publicrelease/web/external/stream/esData,来源指标：一般公共预算收入(亿元)；年度来源，与12月累计独立
fiscal_revenue_annual,CHN,2013,129209.64,亿元,A,,https://data.stats.gov.cn/dg/website/publicrelease/web/external/stream/esData,来源指标：一般公共预算收入(亿元)；年度来源，与12月累计独立
fiscal_revenue_annual,CHN,2014,140370.03,亿元,A,,https://data.stats.gov.cn/dg/website/publicrelease/web/external/stream/esData,来源指标：一般公共预算收入(亿元)；年度来源，与12月累计独立
fiscal_revenue_annual,CHN,2015,152269.23,亿元,A,,https://data.stats.gov.cn/dg/website/publicrelease/web/external/stream/esData,来源指标：一般公共预算收入(亿元)；年度来源，与12月累计独立
fiscal_revenue_annual,CHN,2016,159604.97,亿元,A,,https://data.stats.gov.cn/dg/website/publicrelease/web/external/stream/esData,来源指标：一般公共预算收入(亿元)；年度来源，与12月累计独立
fiscal_revenue_annual,CHN,2017,172592.77,亿元,A,,https://data.stats.gov.cn/dg/website/publicrelease/web/external/stream/esData,来源指标：一般公共预算收入(亿元)；年度来源，与12月累计独立
fiscal_revenue_annual,CHN,2018,183359.84,亿元,A,,https://data.stats.gov.cn/dg/website/publicrelease/web/external/stream/esData,来源指标：一般公共预算收入(亿元)；年度来源，与12月累计独立
fiscal_revenue_annual,CHN,2019,190390.08,亿元,A,,https://data.stats.gov.cn/dg/website/publicrelease/web/external/stream/esData,来源指标：一般公共预算收入(亿元)；年度来源，与12月累计独立
fiscal_revenue_annual,CHN,2020,182913.90,亿元,A,,https://data.stats.gov.cn/dg/website/publicrelease/web/external/stream/esData,来源指标：一般公共预算收入(亿元)；年度来源，与12月累计独立
fiscal_revenue_annual,CHN,2021,202554.60,亿元,A,,https://data.stats.gov.cn/dg/website/publicrelease/web/external/stream/esData,来源指标：一般公共预算收入(亿元)；年度来源，与12月累计独立
fiscal_revenue_annual,CHN,2022,203649.30,亿元,A,,https://data.stats.gov.cn/dg/website/publicrelease/web/external/stream/esData,来源指标：一般公共预算收入(亿元)；年度来源，与12月累计独立
fiscal_revenue_annual,CHN,2023,216795.43,亿元,A,,https://data.stats.gov.cn/dg/website/publicrelease/web/external/stream/esData,来源指标：一般公共预算收入(亿元)；年度来源，与12月累计独立
fiscal_revenue_annual,CHN,2024,219734.30,亿元,A,,https://data.stats.gov.cn/dg/website/publicrelease/web/external/stream/esData,来源指标：一般公共预算收入(亿元)；年度来源，与12月累计独立
fiscal_revenue_annual,CHN,2025,216044.88,亿元,A,,https://data.stats.gov.cn/dg/website/publicrelease/web/external/stream/esData,来源指标：一般公共预算收入(亿元)；年度来源，与12月累计独立
fiscal_revenue_annual_yoy,CHN,1951,101.0,%,A,,https://data.stats.gov.cn/dg/website/publicrelease/web/external/stream/esData,来源指标：一般公共预算收入增长速度(%)；年度来源，与12月累计独立；官方增速，不从金额重算
fiscal_revenue_annual_yoy,CHN,1952,39.2,%,A,,https://data.stats.gov.cn/dg/website/publicrelease/web/external/stream/esData,来源指标：一般公共预算收入增长速度(%)；年度来源，与12月累计独立；官方增速，不从金额重算
fiscal_revenue_annual_yoy,CHN,1953,22.6,%,A,,https://data.stats.gov.cn/dg/website/publicrelease/web/external/stream/esData,来源指标：一般公共预算收入增长速度(%)；年度来源，与12月累计独立；官方增速，不从金额重算
fiscal_revenue_annual_yoy,CHN,1954,15.0,%,A,,https://data.stats.gov.cn/dg/website/publicrelease/web/external/stream/esData,来源指标：一般公共预算收入增长速度(%)；年度来源，与12月累计独立；官方增速，不从金额重算
fiscal_revenue_annual_yoy,CHN,1955,1.7,%,A,,https://data.stats.gov.cn/dg/website/publicrelease/web/external/stream/esData,来源指标：一般公共预算收入增长速度(%)；年度来源，与12月累计独立；官方增速，不从金额重算
fiscal_revenue_annual_yoy,CHN,1956,12.4,%,A,,https://data.stats.gov.cn/dg/website/publicrelease/web/external/stream/esData,来源指标：一般公共预算收入增长速度(%)；年度来源，与12月累计独立；官方增速，不从金额重算
fiscal_revenue_annual_yoy,CHN,1957,8.2,%,A,,https://data.stats.gov.cn/dg/website/publicrelease/web/external/stream/esData,来源指标：一般公共预算收入增长速度(%)；年度来源，与12月累计独立；官方增速，不从金额重算
fiscal_revenue_annual_yoy,CHN,1958,25.2,%,A,,https://data.stats.gov.cn/dg/website/publicrelease/web/external/stream/esData,来源指标：一般公共预算收入增长速度(%)；年度来源，与12月累计独立；官方增速，不从金额重算
fiscal_revenue_annual_yoy,CHN,1959,28.3,%,A,,https://data.stats.gov.cn/dg/website/publicrelease/web/external/stream/esData,来源指标：一般公共预算收入增长速度(%)；年度来源，与12月累计独立；官方增速，不从金额重算
fiscal_revenue_annual_yoy,CHN,1960,17.5,%,A,,https://data.stats.gov.cn/dg/website/publicrelease/web/external/stream/esData,来源指标：一般公共预算收入增长速度(%)；年度来源，与12月累计独立；官方增速，不从金额重算
fiscal_revenue_annual_yoy,CHN,1961,-37.8,%,A,,https://data.stats.gov.cn/dg/website/publicrelease/web/external/stream/esData,来源指标：一般公共预算收入增长速度(%)；年度来源，与12月累计独立；官方增速，不从金额重算
fiscal_revenue_annual_yoy,CHN,1962,-11.9,%,A,,https://data.stats.gov.cn/dg/website/publicrelease/web/external/stream/esData,来源指标：一般公共预算收入增长速度(%)；年度来源，与12月累计独立；官方增速，不从金额重算
fiscal_revenue_annual_yoy,CHN,1963,9.2,%,A,,https://data.stats.gov.cn/dg/website/publicrelease/web/external/stream/esData,来源指标：一般公共预算收入增长速度(%)；年度来源，与12月累计独立；官方增速，不从金额重算
fiscal_revenue_annual_yoy,CHN,1964,16.7,%,A,,https://data.stats.gov.cn/dg/website/publicrelease/web/external/stream/esData,来源指标：一般公共预算收入增长速度(%)；年度来源，与12月累计独立；官方增速，不从金额重算
fiscal_revenue_annual_yoy,CHN,1965,18.5,%,A,,https://data.stats.gov.cn/dg/website/publicrelease/web/external/stream/esData,来源指标：一般公共预算收入增长速度(%)；年度来源，与12月累计独立；官方增速，不从金额重算
fiscal_revenue_annual_yoy,CHN,1966,18.0,%,A,,https://data.stats.gov.cn/dg/website/publicrelease/web/external/stream/esData,来源指标：一般公共预算收入增长速度(%)；年度来源，与12月累计独立；官方增速，不从金额重算
fiscal_revenue_annual_yoy,CHN,1967,-24.9,%,A,,https://data.stats.gov.cn/dg/website/publicrelease/web/external/stream/esData,来源指标：一般公共预算收入增长速度(%)；年度来源，与12月累计独立；官方增速，不从金额重算
fiscal_revenue_annual_yoy,CHN,1968,-13.9,%,A,,https://data.stats.gov.cn/dg/website/publicrelease/web/external/stream/esData,来源指标：一般公共预算收入增长速度(%)；年度来源，与12月累计独立；官方增速，不从金额重算
fiscal_revenue_annual_yoy,CHN,1969,45.8,%,A,,https://data.stats.gov.cn/dg/website/publicrelease/web/external/stream/esData,来源指标：一般公共预算收入增长速度(%)；年度来源，与12月累计独立；官方增速，不从金额重算
fiscal_revenue_annual_yoy,CHN,1970,25.8,%,A,,https://data.stats.gov.cn/dg/website/publicrelease/web/external/stream/esData,来源指标：一般公共预算收入增长速度(%)；年度来源，与12月累计独立；官方增速，不从金额重算
fiscal_revenue_annual_yoy,CHN,1971,12.3,%,A,,https://data.stats.gov.cn/dg/website/publicrelease/web/external/stream/esData,来源指标：一般公共预算收入增长速度(%)；年度来源，与12月累计独立；官方增速，不从金额重算
fiscal_revenue_annual_yoy,CHN,1972,2.9,%,A,,https://data.stats.gov.cn/dg/website/publicrelease/web/external/stream/esData,来源指标：一般公共预算收入增长速度(%)；年度来源，与12月累计独立；官方增速，不从金额重算
fiscal_revenue_annual_yoy,CHN,1973,5.6,%,A,,https://data.stats.gov.cn/dg/website/publicrelease/web/external/stream/esData,来源指标：一般公共预算收入增长速度(%)；年度来源，与12月累计独立；官方增速，不从金额重算
fiscal_revenue_annual_yoy,CHN,1974,-3.3,%,A,,https://data.stats.gov.cn/dg/website/publicrelease/web/external/stream/esData,来源指标：一般公共预算收入增长速度(%)；年度来源，与12月累计独立；官方增速，不从金额重算
fiscal_revenue_annual_yoy,CHN,1975,4.1,%,A,,https://data.stats.gov.cn/dg/website/publicrelease/web/external/stream/esData,来源指标：一般公共预算收入增长速度(%)；年度来源，与12月累计独立；官方增速，不从金额重算
fiscal_revenue_annual_yoy,CHN,1976,-4.8,%,A,,https://data.stats.gov.cn/dg/website/publicrelease/web/external/stream/esData,来源指标：一般公共预算收入增长速度(%)；年度来源，与12月累计独立；官方增速，不从金额重算
fiscal_revenue_annual_yoy,CHN,1977,12.6,%,A,,https://data.stats.gov.cn/dg/website/publicrelease/web/external/stream/esData,来源指标：一般公共预算收入增长速度(%)；年度来源，与12月累计独立；官方增速，不从金额重算
fiscal_revenue_annual_yoy,CHN,1978,29.5,%,A,,https://data.stats.gov.cn/dg/website/publicrelease/web/external/stream/esData,来源指标：一般公共预算收入增长速度(%)；年度来源，与12月累计独立；官方增速，不从金额重算
fiscal_revenue_annual_yoy,CHN,1979,1.2,%,A,,https://data.stats.gov.cn/dg/website/publicrelease/web/external/stream/esData,来源指标：一般公共预算收入增长速度(%)；年度来源，与12月累计独立；官方增速，不从金额重算
fiscal_revenue_annual_yoy,CHN,1980,1.2,%,A,,https://data.stats.gov.cn/dg/website/publicrelease/web/external/stream/esData,来源指标：一般公共预算收入增长速度(%)；年度来源，与12月累计独立；官方增速，不从金额重算
fiscal_revenue_annual_yoy,CHN,1981,1.4,%,A,,https://data.stats.gov.cn/dg/website/publicrelease/web/external/stream/esData,来源指标：一般公共预算收入增长速度(%)；年度来源，与12月累计独立；官方增速，不从金额重算
fiscal_revenue_annual_yoy,CHN,1982,3.1,%,A,,https://data.stats.gov.cn/dg/website/publicrelease/web/external/stream/esData,来源指标：一般公共预算收入增长速度(%)；年度来源，与12月累计独立；官方增速，不从金额重算
fiscal_revenue_annual_yoy,CHN,1983,12.8,%,A,,https://data.stats.gov.cn/dg/website/publicrelease/web/external/stream/esData,来源指标：一般公共预算收入增长速度(%)；年度来源，与12月累计独立；官方增速，不从金额重算
fiscal_revenue_annual_yoy,CHN,1984,20.2,%,A,,https://data.stats.gov.cn/dg/website/publicrelease/web/external/stream/esData,来源指标：一般公共预算收入增长速度(%)；年度来源，与12月累计独立；官方增速，不从金额重算
fiscal_revenue_annual_yoy,CHN,1985,22.0,%,A,,https://data.stats.gov.cn/dg/website/publicrelease/web/external/stream/esData,来源指标：一般公共预算收入增长速度(%)；年度来源，与12月累计独立；官方增速，不从金额重算
fiscal_revenue_annual_yoy,CHN,1986,5.8,%,A,,https://data.stats.gov.cn/dg/website/publicrelease/web/external/stream/esData,来源指标：一般公共预算收入增长速度(%)；年度来源，与12月累计独立；官方增速，不从金额重算
fiscal_revenue_annual_yoy,CHN,1987,3.6,%,A,,https://data.stats.gov.cn/dg/website/publicrelease/web/external/stream/esData,来源指标：一般公共预算收入增长速度(%)；年度来源，与12月累计独立；官方增速，不从金额重算
fiscal_revenue_annual_yoy,CHN,1988,7.2,%,A,,https://data.stats.gov.cn/dg/website/publicrelease/web/external/stream/esData,来源指标：一般公共预算收入增长速度(%)；年度来源，与12月累计独立；官方增速，不从金额重算
fiscal_revenue_annual_yoy,CHN,1989,13.1,%,A,,https://data.stats.gov.cn/dg/website/publicrelease/web/external/stream/esData,来源指标：一般公共预算收入增长速度(%)；年度来源，与12月累计独立；官方增速，不从金额重算
fiscal_revenue_annual_yoy,CHN,1990,10.2,%,A,,https://data.stats.gov.cn/dg/website/publicrelease/web/external/stream/esData,来源指标：一般公共预算收入增长速度(%)；年度来源，与12月累计独立；官方增速，不从金额重算
fiscal_revenue_annual_yoy,CHN,1991,7.2,%,A,,https://data.stats.gov.cn/dg/website/publicrelease/web/external/stream/esData,来源指标：一般公共预算收入增长速度(%)；年度来源，与12月累计独立；官方增速，不从金额重算
fiscal_revenue_annual_yoy,CHN,1992,10.6,%,A,,https://data.stats.gov.cn/dg/website/publicrelease/web/external/stream/esData,来源指标：一般公共预算收入增长速度(%)；年度来源，与12月累计独立；官方增速，不从金额重算
fiscal_revenue_annual_yoy,CHN,1993,24.8,%,A,,https://data.stats.gov.cn/dg/website/publicrelease/web/external/stream/esData,来源指标：一般公共预算收入增长速度(%)；年度来源，与12月累计独立；官方增速，不从金额重算
fiscal_revenue_annual_yoy,CHN,1994,20.0,%,A,,https://data.stats.gov.cn/dg/website/publicrelease/web/external/stream/esData,来源指标：一般公共预算收入增长速度(%)；年度来源，与12月累计独立；官方增速，不从金额重算
fiscal_revenue_annual_yoy,CHN,1995,19.6,%,A,,https://data.stats.gov.cn/dg/website/publicrelease/web/external/stream/esData,来源指标：一般公共预算收入增长速度(%)；年度来源，与12月累计独立；官方增速，不从金额重算
fiscal_revenue_annual_yoy,CHN,1996,18.7,%,A,,https://data.stats.gov.cn/dg/website/publicrelease/web/external/stream/esData,来源指标：一般公共预算收入增长速度(%)；年度来源，与12月累计独立；官方增速，不从金额重算
fiscal_revenue_annual_yoy,CHN,1997,16.8,%,A,,https://data.stats.gov.cn/dg/website/publicrelease/web/external/stream/esData,来源指标：一般公共预算收入增长速度(%)；年度来源，与12月累计独立；官方增速，不从金额重算
fiscal_revenue_annual_yoy,CHN,1998,14.2,%,A,,https://data.stats.gov.cn/dg/website/publicrelease/web/external/stream/esData,来源指标：一般公共预算收入增长速度(%)；年度来源，与12月累计独立；官方增速，不从金额重算
fiscal_revenue_annual_yoy,CHN,1999,15.9,%,A,,https://data.stats.gov.cn/dg/website/publicrelease/web/external/stream/esData,来源指标：一般公共预算收入增长速度(%)；年度来源，与12月累计独立；官方增速，不从金额重算
fiscal_revenue_annual_yoy,CHN,2000,17.0,%,A,,https://data.stats.gov.cn/dg/website/publicrelease/web/external/stream/esData,来源指标：一般公共预算收入增长速度(%)；年度来源，与12月累计独立；官方增速，不从金额重算
fiscal_revenue_annual_yoy,CHN,2001,22.3,%,A,,https://data.stats.gov.cn/dg/website/publicrelease/web/external/stream/esData,来源指标：一般公共预算收入增长速度(%)；年度来源，与12月累计独立；官方增速，不从金额重算
fiscal_revenue_annual_yoy,CHN,2002,15.4,%,A,,https://data.stats.gov.cn/dg/website/publicrelease/web/external/stream/esData,来源指标：一般公共预算收入增长速度(%)；年度来源，与12月累计独立；官方增速，不从金额重算
fiscal_revenue_annual_yoy,CHN,2003,14.9,%,A,,https://data.stats.gov.cn/dg/website/publicrelease/web/external/stream/esData,来源指标：一般公共预算收入增长速度(%)；年度来源，与12月累计独立；官方增速，不从金额重算
fiscal_revenue_annual_yoy,CHN,2004,21.6,%,A,,https://data.stats.gov.cn/dg/website/publicrelease/web/external/stream/esData,来源指标：一般公共预算收入增长速度(%)；年度来源，与12月累计独立；官方增速，不从金额重算
fiscal_revenue_annual_yoy,CHN,2005,19.9,%,A,,https://data.stats.gov.cn/dg/website/publicrelease/web/external/stream/esData,来源指标：一般公共预算收入增长速度(%)；年度来源，与12月累计独立；官方增速，不从金额重算
fiscal_revenue_annual_yoy,CHN,2006,22.5,%,A,,https://data.stats.gov.cn/dg/website/publicrelease/web/external/stream/esData,来源指标：一般公共预算收入增长速度(%)；年度来源，与12月累计独立；官方增速，不从金额重算
fiscal_revenue_annual_yoy,CHN,2007,32.4,%,A,,https://data.stats.gov.cn/dg/website/publicrelease/web/external/stream/esData,来源指标：一般公共预算收入增长速度(%)；年度来源，与12月累计独立；官方增速，不从金额重算
fiscal_revenue_annual_yoy,CHN,2008,19.5,%,A,,https://data.stats.gov.cn/dg/website/publicrelease/web/external/stream/esData,来源指标：一般公共预算收入增长速度(%)；年度来源，与12月累计独立；官方增速，不从金额重算
fiscal_revenue_annual_yoy,CHN,2009,11.7,%,A,,https://data.stats.gov.cn/dg/website/publicrelease/web/external/stream/esData,来源指标：一般公共预算收入增长速度(%)；年度来源，与12月累计独立；官方增速，不从金额重算
fiscal_revenue_annual_yoy,CHN,2010,21.3,%,A,,https://data.stats.gov.cn/dg/website/publicrelease/web/external/stream/esData,来源指标：一般公共预算收入增长速度(%)；年度来源，与12月累计独立；官方增速，不从金额重算
fiscal_revenue_annual_yoy,CHN,2011,25.0,%,A,,https://data.stats.gov.cn/dg/website/publicrelease/web/external/stream/esData,来源指标：一般公共预算收入增长速度(%)；年度来源，与12月累计独立；官方增速，不从金额重算
fiscal_revenue_annual_yoy,CHN,2012,12.9,%,A,,https://data.stats.gov.cn/dg/website/publicrelease/web/external/stream/esData,来源指标：一般公共预算收入增长速度(%)；年度来源，与12月累计独立；官方增速，不从金额重算
fiscal_revenue_annual_yoy,CHN,2013,10.2,%,A,,https://data.stats.gov.cn/dg/website/publicrelease/web/external/stream/esData,来源指标：一般公共预算收入增长速度(%)；年度来源，与12月累计独立；官方增速，不从金额重算
fiscal_revenue_annual_yoy,CHN,2014,8.6,%,A,,https://data.stats.gov.cn/dg/website/publicrelease/web/external/stream/esData,来源指标：一般公共预算收入增长速度(%)；年度来源，与12月累计独立；官方增速，不从金额重算
fiscal_revenue_annual_yoy,CHN,2015,5.8,%,A,,https://data.stats.gov.cn/dg/website/publicrelease/web/external/stream/esData,来源指标：一般公共预算收入增长速度(%)；年度来源，与12月累计独立；官方增速，不从金额重算
fiscal_revenue_annual_yoy,CHN,2016,4.5,%,A,,https://data.stats.gov.cn/dg/website/publicrelease/web/external/stream/esData,来源指标：一般公共预算收入增长速度(%)；年度来源，与12月累计独立；官方增速，不从金额重算
fiscal_revenue_annual_yoy,CHN,2017,7.4,%,A,,https://data.stats.gov.cn/dg/website/publicrelease/web/external/stream/esData,来源指标：一般公共预算收入增长速度(%)；年度来源，与12月累计独立；官方增速，不从金额重算
fiscal_revenue_annual_yoy,CHN,2018,6.2,%,A,,https://data.stats.gov.cn/dg/website/publicrelease/web/external/stream/esData,来源指标：一般公共预算收入增长速度(%)；年度来源，与12月累计独立；官方增速，不从金额重算
fiscal_revenue_annual_yoy,CHN,2019,3.8,%,A,,https://data.stats.gov.cn/dg/website/publicrelease/web/external/stream/esData,来源指标：一般公共预算收入增长速度(%)；年度来源，与12月累计独立；官方增速，不从金额重算
fiscal_revenue_annual_yoy,CHN,2020,-3.9,%,A,,https://data.stats.gov.cn/dg/website/publicrelease/web/external/stream/esData,来源指标：一般公共预算收入增长速度(%)；年度来源，与12月累计独立；官方增速，不从金额重算
fiscal_revenue_annual_yoy,CHN,2021,10.7,%,A,,https://data.stats.gov.cn/dg/website/publicrelease/web/external/stream/esData,来源指标：一般公共预算收入增长速度(%)；年度来源，与12月累计独立；官方增速，不从金额重算
fiscal_revenue_annual_yoy,CHN,2022,0.5,%,A,,https://data.stats.gov.cn/dg/website/publicrelease/web/external/stream/esData,来源指标：一般公共预算收入增长速度(%)；年度来源，与12月累计独立；官方增速，不从金额重算
fiscal_revenue_annual_yoy,CHN,2023,6.5,%,A,,https://data.stats.gov.cn/dg/website/publicrelease/web/external/stream/esData,来源指标：一般公共预算收入增长速度(%)；年度来源，与12月累计独立；官方增速，不从金额重算
fiscal_revenue_annual_yoy,CHN,2024,1.4,%,A,,https://data.stats.gov.cn/dg/website/publicrelease/web/external/stream/esData,来源指标：一般公共预算收入增长速度(%)；年度来源，与12月累计独立；官方增速，不从金额重算
fiscal_revenue_annual_yoy,CHN,2025,-1.7,%,A,,https://data.stats.gov.cn/dg/website/publicrelease/web/external/stream/esData,来源指标：一般公共预算收入增长速度(%)；年度来源，与12月累计独立；官方增速，不从金额重算
fiscal_revenue_ytd,CHN,1998-02,1119.5,亿元,M,,https://data.stats.gov.cn/dg/website/publicrelease/web/external/stream/esData,来源指标：国家财政收入累计值(亿元)；年内累计；早年真实1月值保留；不是单月
fiscal_revenue_ytd,CHN,1998-03,1842.7,亿元,M,,https://data.stats.gov.cn/dg/website/publicrelease/web/external/stream/esData,来源指标：国家财政收入累计值(亿元)；年内累计；早年真实1月值保留；不是单月
fiscal_revenue_ytd,CHN,1998-04,2655.5,亿元,M,,https://data.stats.gov.cn/dg/website/publicrelease/web/external/stream/esData,来源指标：国家财政收入累计值(亿元)；年内累计；早年真实1月值保留；不是单月
fiscal_revenue_ytd,CHN,1998-05,3328.3,亿元,M,,https://data.stats.gov.cn/dg/website/publicrelease/web/external/stream/esData,来源指标：国家财政收入累计值(亿元)；年内累计；早年真实1月值保留；不是单月
fiscal_revenue_ytd,CHN,1998-06,4258.2,亿元,M,,https://data.stats.gov.cn/dg/website/publicrelease/web/external/stream/esData,来源指标：国家财政收入累计值(亿元)；年内累计；早年真实1月值保留；不是单月
fiscal_revenue_ytd,CHN,1998-07,5120.3,亿元,M,,https://data.stats.gov.cn/dg/website/publicrelease/web/external/stream/esData,来源指标：国家财政收入累计值(亿元)；年内累计；早年真实1月值保留；不是单月
fiscal_revenue_ytd,CHN,1998-08,5765.9,亿元,M,,https://data.stats.gov.cn/dg/website/publicrelease/web/external/stream/esData,来源指标：国家财政收入累计值(亿元)；年内累计；早年真实1月值保留；不是单月
fiscal_revenue_ytd,CHN,1998-09,6539.5,亿元,M,,https://data.stats.gov.cn/dg/website/publicrelease/web/external/stream/esData,来源指标：国家财政收入累计值(亿元)；年内累计；早年真实1月值保留；不是单月
fiscal_revenue_ytd,CHN,1998-10,7444.9,亿元,M,,https://data.stats.gov.cn/dg/website/publicrelease/web/external/stream/esData,来源指标：国家财政收入累计值(亿元)；年内累计；早年真实1月值保留；不是单月
fiscal_revenue_ytd,CHN,1998-11,8317.4,亿元,M,,https://data.stats.gov.cn/dg/website/publicrelease/web/external/stream/esData,来源指标：国家财政收入累计值(亿元)；年内累计；早年真实1月值保留；不是单月
fiscal_revenue_ytd,CHN,1999-02,1439.0,亿元,M,,https://data.stats.gov.cn/dg/website/publicrelease/web/external/stream/esData,来源指标：国家财政收入累计值(亿元)；年内累计；早年真实1月值保留；不是单月
fiscal_revenue_ytd,CHN,1999-03,2324.4,亿元,M,,https://data.stats.gov.cn/dg/website/publicrelease/web/external/stream/esData,来源指标：国家财政收入累计值(亿元)；年内累计；早年真实1月值保留；不是单月
fiscal_revenue_ytd,CHN,1999-04,3308.9,亿元,M,,https://data.stats.gov.cn/dg/website/publicrelease/web/external/stream/esData,来源指标：国家财政收入累计值(亿元)；年内累计；早年真实1月值保留；不是单月
fiscal_revenue_ytd,CHN,1999-05,4157.9,亿元,M,,https://data.stats.gov.cn/dg/website/publicrelease/web/external/stream/esData,来源指标：国家财政收入累计值(亿元)；年内累计；早年真实1月值保留；不是单月
fiscal_revenue_ytd,CHN,1999-06,5294.2,亿元,M,,https://data.stats.gov.cn/dg/website/publicrelease/web/external/stream/esData,来源指标：国家财政收入累计值(亿元)；年内累计；早年真实1月值保留；不是单月
fiscal_revenue_ytd,CHN,1999-07,6332.0,亿元,M,,https://data.stats.gov.cn/dg/website/publicrelease/web/external/stream/esData,来源指标：国家财政收入累计值(亿元)；年内累计；早年真实1月值保留；不是单月
fiscal_revenue_ytd,CHN,1999-08,7080.6,亿元,M,,https://data.stats.gov.cn/dg/website/publicrelease/web/external/stream/esData,来源指标：国家财政收入累计值(亿元)；年内累计；早年真实1月值保留；不是单月
fiscal_revenue_ytd,CHN,1999-09,7911.3,亿元,M,,https://data.stats.gov.cn/dg/website/publicrelease/web/external/stream/esData,来源指标：国家财政收入累计值(亿元)；年内累计；早年真实1月值保留；不是单月
fiscal_revenue_ytd,CHN,1999-10,8886.7,亿元,M,,https://data.stats.gov.cn/dg/website/publicrelease/web/external/stream/esData,来源指标：国家财政收入累计值(亿元)；年内累计；早年真实1月值保留；不是单月
fiscal_revenue_ytd,CHN,1999-11,9828.1,亿元,M,,https://data.stats.gov.cn/dg/website/publicrelease/web/external/stream/esData,来源指标：国家财政收入累计值(亿元)；年内累计；早年真实1月值保留；不是单月
fiscal_revenue_ytd,CHN,2000-02,1803.7,亿元,M,,https://data.stats.gov.cn/dg/website/publicrelease/web/external/stream/esData,来源指标：国家财政收入累计值(亿元)；年内累计；早年真实1月值保留；不是单月
fiscal_revenue_ytd,CHN,2000-03,2878.4,亿元,M,,https://data.stats.gov.cn/dg/website/publicrelease/web/external/stream/esData,来源指标：国家财政收入累计值(亿元)；年内累计；早年真实1月值保留；不是单月
fiscal_revenue_ytd,CHN,2000-04,4064.8,亿元,M,,https://data.stats.gov.cn/dg/website/publicrelease/web/external/stream/esData,来源指标：国家财政收入累计值(亿元)；年内累计；早年真实1月值保留；不是单月
fiscal_revenue_ytd,CHN,2000-05,5012.9,亿元,M,,https://data.stats.gov.cn/dg/website/publicrelease/web/external/stream/esData,来源指标：国家财政收入累计值(亿元)；年内累计；早年真实1月值保留；不是单月
fiscal_revenue_ytd,CHN,2000-06,6240.2,亿元,M,,https://data.stats.gov.cn/dg/website/publicrelease/web/external/stream/esData,来源指标：国家财政收入累计值(亿元)；年内累计；早年真实1月值保留；不是单月
fiscal_revenue_ytd,CHN,2000-07,7436.5,亿元,M,,https://data.stats.gov.cn/dg/website/publicrelease/web/external/stream/esData,来源指标：国家财政收入累计值(亿元)；年内累计；早年真实1月值保留；不是单月
fiscal_revenue_ytd,CHN,2000-08,8479.4,亿元,M,,https://data.stats.gov.cn/dg/website/publicrelease/web/external/stream/esData,来源指标：国家财政收入累计值(亿元)；年内累计；早年真实1月值保留；不是单月
fiscal_revenue_ytd,CHN,2000-09,9560.6,亿元,M,,https://data.stats.gov.cn/dg/website/publicrelease/web/external/stream/esData,来源指标：国家财政收入累计值(亿元)；年内累计；早年真实1月值保留；不是单月
fiscal_revenue_ytd,CHN,2000-10,10806.9,亿元,M,,https://data.stats.gov.cn/dg/website/publicrelease/web/external/stream/esData,来源指标：国家财政收入累计值(亿元)；年内累计；早年真实1月值保留；不是单月
fiscal_revenue_ytd,CHN,2000-11,11912.8,亿元,M,,https://data.stats.gov.cn/dg/website/publicrelease/web/external/stream/esData,来源指标：国家财政收入累计值(亿元)；年内累计；早年真实1月值保留；不是单月
fiscal_revenue_ytd,CHN,2001-02,2383.0,亿元,M,,https://data.stats.gov.cn/dg/website/publicrelease/web/external/stream/esData,来源指标：国家财政收入累计值(亿元)；年内累计；早年真实1月值保留；不是单月
fiscal_revenue_ytd,CHN,2001-03,3682.0,亿元,M,,https://data.stats.gov.cn/dg/website/publicrelease/web/external/stream/esData,来源指标：国家财政收入累计值(亿元)；年内累计；早年真实1月值保留；不是单月
fiscal_revenue_ytd,CHN,2001-04,5236.0,亿元,M,,https://data.stats.gov.cn/dg/website/publicrelease/web/external/stream/esData,来源指标：国家财政收入累计值(亿元)；年内累计；早年真实1月值保留；不是单月
fiscal_revenue_ytd,CHN,2001-05,6462.6,亿元,M,,https://data.stats.gov.cn/dg/website/publicrelease/web/external/stream/esData,来源指标：国家财政收入累计值(亿元)；年内累计；早年真实1月值保留；不是单月
fiscal_revenue_ytd,CHN,2001-06,7872.4,亿元,M,,https://data.stats.gov.cn/dg/website/publicrelease/web/external/stream/esData,来源指标：国家财政收入累计值(亿元)；年内累计；早年真实1月值保留；不是单月
fiscal_revenue_ytd,CHN,2001-07,9327.4,亿元,M,,https://data.stats.gov.cn/dg/website/publicrelease/web/external/stream/esData,来源指标：国家财政收入累计值(亿元)；年内累计；早年真实1月值保留；不是单月
fiscal_revenue_ytd,CHN,2001-08,10575.0,亿元,M,,https://data.stats.gov.cn/dg/website/publicrelease/web/external/stream/esData,来源指标：国家财政收入累计值(亿元)；年内累计；早年真实1月值保留；不是单月
fiscal_revenue_ytd,CHN,2001-09,11872.3,亿元,M,,https://data.stats.gov.cn/dg/website/publicrelease/web/external/stream/esData,来源指标：国家财政收入累计值(亿元)；年内累计；早年真实1月值保留；不是单月
fiscal_revenue_ytd,CHN,2001-10,13374.7,亿元,M,,https://data.stats.gov.cn/dg/website/publicrelease/web/external/stream/esData,来源指标：国家财政收入累计值(亿元)；年内累计；早年真实1月值保留；不是单月
fiscal_revenue_ytd,CHN,2001-11,14667.9,亿元,M,,https://data.stats.gov.cn/dg/website/publicrelease/web/external/stream/esData,来源指标：国家财政收入累计值(亿元)；年内累计；早年真实1月值保留；不是单月
fiscal_revenue_ytd,CHN,2002-02,2486.9,亿元,M,,https://data.stats.gov.cn/dg/website/publicrelease/web/external/stream/esData,来源指标：国家财政收入累计值(亿元)；年内累计；早年真实1月值保留；不是单月
fiscal_revenue_ytd,CHN,2002-03,3807.8,亿元,M,,https://data.stats.gov.cn/dg/website/publicrelease/web/external/stream/esData,来源指标：国家财政收入累计值(亿元)；年内累计；早年真实1月值保留；不是单月
fiscal_revenue_ytd,CHN,2002-04,5595.4,亿元,M,,https://data.stats.gov.cn/dg/website/publicrelease/web/external/stream/esData,来源指标：国家财政收入累计值(亿元)；年内累计；早年真实1月值保留；不是单月
fiscal_revenue_ytd,CHN,2002-05,7061.3,亿元,M,,https://data.stats.gov.cn/dg/website/publicrelease/web/external/stream/esData,来源指标：国家财政收入累计值(亿元)；年内累计；早年真实1月值保留；不是单月
fiscal_revenue_ytd,CHN,2002-06,8599.6,亿元,M,,https://data.stats.gov.cn/dg/website/publicrelease/web/external/stream/esData,来源指标：国家财政收入累计值(亿元)；年内累计；早年真实1月值保留；不是单月
fiscal_revenue_ytd,CHN,2002-07,10314.9,亿元,M,,https://data.stats.gov.cn/dg/website/publicrelease/web/external/stream/esData,来源指标：国家财政收入累计值(亿元)；年内累计；早年真实1月值保留；不是单月
fiscal_revenue_ytd,CHN,2002-08,11657.0,亿元,M,,https://data.stats.gov.cn/dg/website/publicrelease/web/external/stream/esData,来源指标：国家财政收入累计值(亿元)；年内累计；早年真实1月值保留；不是单月
fiscal_revenue_ytd,CHN,2002-09,13169.9,亿元,M,,https://data.stats.gov.cn/dg/website/publicrelease/web/external/stream/esData,来源指标：国家财政收入累计值(亿元)；年内累计；早年真实1月值保留；不是单月
fiscal_revenue_ytd,CHN,2002-10,14992.8,亿元,M,,https://data.stats.gov.cn/dg/website/publicrelease/web/external/stream/esData,来源指标：国家财政收入累计值(亿元)；年内累计；早年真实1月值保留；不是单月
fiscal_revenue_ytd,CHN,2002-11,16488.1,亿元,M,,https://data.stats.gov.cn/dg/website/publicrelease/web/external/stream/esData,来源指标：国家财政收入累计值(亿元)；年内累计；早年真实1月值保留；不是单月
fiscal_revenue_ytd,CHN,2003-02,3493.7,亿元,M,,https://data.stats.gov.cn/dg/website/publicrelease/web/external/stream/esData,来源指标：国家财政收入累计值(亿元)；年内累计；早年真实1月值保留；不是单月
fiscal_revenue_ytd,CHN,2003-03,5205.2,亿元,M,,https://data.stats.gov.cn/dg/website/publicrelease/web/external/stream/esData,来源指标：国家财政收入累计值(亿元)；年内累计；早年真实1月值保留；不是单月
fiscal_revenue_ytd,CHN,2003-04,7270.3,亿元,M,,https://data.stats.gov.cn/dg/website/publicrelease/web/external/stream/esData,来源指标：国家财政收入累计值(亿元)；年内累计；早年真实1月值保留；不是单月
fiscal_revenue_ytd,CHN,2003-05,9040.0,亿元,M,,https://data.stats.gov.cn/dg/website/publicrelease/web/external/stream/esData,来源指标：国家财政收入累计值(亿元)；年内累计；早年真实1月值保留；不是单月
fiscal_revenue_ytd,CHN,2003-06,10955.0,亿元,M,,https://data.stats.gov.cn/dg/website/publicrelease/web/external/stream/esData,来源指标：国家财政收入累计值(亿元)；年内累计；早年真实1月值保留；不是单月
fiscal_revenue_ytd,CHN,2003-07,12922.4,亿元,M,,https://data.stats.gov.cn/dg/website/publicrelease/web/external/stream/esData,来源指标：国家财政收入累计值(亿元)；年内累计；早年真实1月值保留；不是单月
fiscal_revenue_ytd,CHN,2003-08,14351.2,亿元,M,,https://data.stats.gov.cn/dg/website/publicrelease/web/external/stream/esData,来源指标：国家财政收入累计值(亿元)；年内累计；早年真实1月值保留；不是单月
fiscal_revenue_ytd,CHN,2003-09,16131.9,亿元,M,,https://data.stats.gov.cn/dg/website/publicrelease/web/external/stream/esData,来源指标：国家财政收入累计值(亿元)；年内累计；早年真实1月值保留；不是单月
fiscal_revenue_ytd,CHN,2003-10,18149.6,亿元,M,,https://data.stats.gov.cn/dg/website/publicrelease/web/external/stream/esData,来源指标：国家财政收入累计值(亿元)；年内累计；早年真实1月值保留；不是单月
fiscal_revenue_ytd,CHN,2003-11,19774.0,亿元,M,,https://data.stats.gov.cn/dg/website/publicrelease/web/external/stream/esData,来源指标：国家财政收入累计值(亿元)；年内累计；早年真实1月值保留；不是单月
fiscal_revenue_ytd,CHN,2004-02,4640.0,亿元,M,,https://data.stats.gov.cn/dg/website/publicrelease/web/external/stream/esData,来源指标：国家财政收入累计值(亿元)；年内累计；早年真实1月值保留；不是单月
fiscal_revenue_ytd,CHN,2004-03,6944.2,亿元,M,,https://data.stats.gov.cn/dg/website/publicrelease/web/external/stream/esData,来源指标：国家财政收入累计值(亿元)；年内累计；早年真实1月值保留；不是单月
fiscal_revenue_ytd,CHN,2004-04,9798.3,亿元,M,,https://data.stats.gov.cn/dg/website/publicrelease/web/external/stream/esData,来源指标：国家财政收入累计值(亿元)；年内累计；早年真实1月值保留；不是单月
fiscal_revenue_ytd,CHN,2004-05,11972.5,亿元,M,,https://data.stats.gov.cn/dg/website/publicrelease/web/external/stream/esData,来源指标：国家财政收入累计值(亿元)；年内累计；早年真实1月值保留；不是单月
fiscal_revenue_ytd,CHN,2004-06,14306.8,亿元,M,,https://data.stats.gov.cn/dg/website/publicrelease/web/external/stream/esData,来源指标：国家财政收入累计值(亿元)；年内累计；早年真实1月值保留；不是单月
fiscal_revenue_ytd,CHN,2004-07,16809.8,亿元,M,,https://data.stats.gov.cn/dg/website/publicrelease/web/external/stream/esData,来源指标：国家财政收入累计值(亿元)；年内累计；早年真实1月值保留；不是单月
fiscal_revenue_ytd,CHN,2004-08,18476.8,亿元,M,,https://data.stats.gov.cn/dg/website/publicrelease/web/external/stream/esData,来源指标：国家财政收入累计值(亿元)；年内累计；早年真实1月值保留；不是单月
fiscal_revenue_ytd,CHN,2004-09,20359.3,亿元,M,,https://data.stats.gov.cn/dg/website/publicrelease/web/external/stream/esData,来源指标：国家财政收入累计值(亿元)；年内累计；早年真实1月值保留；不是单月
fiscal_revenue_ytd,CHN,2004-10,22614.6,亿元,M,,https://data.stats.gov.cn/dg/website/publicrelease/web/external/stream/esData,来源指标：国家财政收入累计值(亿元)；年内累计；早年真实1月值保留；不是单月
fiscal_revenue_ytd,CHN,2004-11,24430.4,亿元,M,,https://data.stats.gov.cn/dg/website/publicrelease/web/external/stream/esData,来源指标：国家财政收入累计值(亿元)；年内累计；早年真实1月值保留；不是单月
fiscal_revenue_ytd,CHN,2005-02,5262.6,亿元,M,,https://data.stats.gov.cn/dg/website/publicrelease/web/external/stream/esData,来源指标：国家财政收入累计值(亿元)；年内累计；早年真实1月值保留；不是单月
fiscal_revenue_ytd,CHN,2005-03,7783.2,亿元,M,,https://data.stats.gov.cn/dg/website/publicrelease/web/external/stream/esData,来源指标：国家财政收入累计值(亿元)；年内累计；早年真实1月值保留；不是单月
fiscal_revenue_ytd,CHN,2005-04,11061.9,亿元,M,,https://data.stats.gov.cn/dg/website/publicrelease/web/external/stream/esData,来源指标：国家财政收入累计值(亿元)；年内累计；早年真实1月值保留；不是单月
fiscal_revenue_ytd,CHN,2005-05,13541.4,亿元,M,,https://data.stats.gov.cn/dg/website/publicrelease/web/external/stream/esData,来源指标：国家财政收入累计值(亿元)；年内累计；早年真实1月值保留；不是单月
fiscal_revenue_ytd,CHN,2005-06,16391.7,亿元,M,,https://data.stats.gov.cn/dg/website/publicrelease/web/external/stream/esData,来源指标：国家财政收入累计值(亿元)；年内累计；早年真实1月值保留；不是单月
fiscal_revenue_ytd,CHN,2005-07,19359.2,亿元,M,,https://data.stats.gov.cn/dg/website/publicrelease/web/external/stream/esData,来源指标：国家财政收入累计值(亿元)；年内累计；早年真实1月值保留；不是单月
fiscal_revenue_ytd,CHN,2005-08,21415.8,亿元,M,,https://data.stats.gov.cn/dg/website/publicrelease/web/external/stream/esData,来源指标：国家财政收入累计值(亿元)；年内累计；早年真实1月值保留；不是单月
fiscal_revenue_ytd,CHN,2005-09,23768.1,亿元,M,,https://data.stats.gov.cn/dg/website/publicrelease/web/external/stream/esData,来源指标：国家财政收入累计值(亿元)；年内累计；早年真实1月值保留；不是单月
fiscal_revenue_ytd,CHN,2005-10,26720.6,亿元,M,,https://data.stats.gov.cn/dg/website/publicrelease/web/external/stream/esData,来源指标：国家财政收入累计值(亿元)；年内累计；早年真实1月值保留；不是单月
fiscal_revenue_ytd,CHN,2005-11,28941.9,亿元,M,,https://data.stats.gov.cn/dg/website/publicrelease/web/external/stream/esData,来源指标：国家财政收入累计值(亿元)；年内累计；早年真实1月值保留；不是单月
fiscal_revenue_ytd,CHN,2006-02,6405.6,亿元,M,,https://data.stats.gov.cn/dg/website/publicrelease/web/external/stream/esData,来源指标：国家财政收入累计值(亿元)；年内累计；早年真实1月值保留；不是单月
fiscal_revenue_ytd,CHN,2006-03,9300.0,亿元,M,,https://data.stats.gov.cn/dg/website/publicrelease/web/external/stream/esData,来源指标：国家财政收入累计值(亿元)；年内累计；早年真实1月值保留；不是单月
fiscal_revenue_ytd,CHN,2006-04,13570.5,亿元,M,,https://data.stats.gov.cn/dg/website/publicrelease/web/external/stream/esData,来源指标：国家财政收入累计值(亿元)；年内累计；早年真实1月值保留；不是单月
fiscal_revenue_ytd,CHN,2006-05,16631.0,亿元,M,,https://data.stats.gov.cn/dg/website/publicrelease/web/external/stream/esData,来源指标：国家财政收入累计值(亿元)；年内累计；早年真实1月值保留；不是单月
fiscal_revenue_ytd,CHN,2006-06,20005.9,亿元,M,,https://data.stats.gov.cn/dg/website/publicrelease/web/external/stream/esData,来源指标：国家财政收入累计值(亿元)；年内累计；早年真实1月值保留；不是单月
fiscal_revenue_ytd,CHN,2006-07,24049.0,亿元,M,,https://data.stats.gov.cn/dg/website/publicrelease/web/external/stream/esData,来源指标：国家财政收入累计值(亿元)；年内累计；早年真实1月值保留；不是单月
fiscal_revenue_ytd,CHN,2006-08,26745.6,亿元,M,,https://data.stats.gov.cn/dg/website/publicrelease/web/external/stream/esData,来源指标：国家财政收入累计值(亿元)；年内累计；早年真实1月值保留；不是单月
fiscal_revenue_ytd,CHN,2006-09,29622.3,亿元,M,,https://data.stats.gov.cn/dg/website/publicrelease/web/external/stream/esData,来源指标：国家财政收入累计值(亿元)；年内累计；早年真实1月值保留；不是单月
fiscal_revenue_ytd,CHN,2006-10,33422.9,亿元,M,,https://data.stats.gov.cn/dg/website/publicrelease/web/external/stream/esData,来源指标：国家财政收入累计值(亿元)；年内累计；早年真实1月值保留；不是单月
fiscal_revenue_ytd,CHN,2006-11,36083.6,亿元,M,,https://data.stats.gov.cn/dg/website/publicrelease/web/external/stream/esData,来源指标：国家财政收入累计值(亿元)；年内累计；早年真实1月值保留；不是单月
fiscal_revenue_ytd,CHN,2007-02,8241.6,亿元,M,,https://data.stats.gov.cn/dg/website/publicrelease/web/external/stream/esData,来源指标：国家财政收入累计值(亿元)；年内累计；早年真实1月值保留；不是单月
fiscal_revenue_ytd,CHN,2007-03,11783.6,亿元,M,,https://data.stats.gov.cn/dg/website/publicrelease/web/external/stream/esData,来源指标：国家财政收入累计值(亿元)；年内累计；早年真实1月值保留；不是单月
fiscal_revenue_ytd,CHN,2007-04,17616.0,亿元,M,,https://data.stats.gov.cn/dg/website/publicrelease/web/external/stream/esData,来源指标：国家财政收入累计值(亿元)；年内累计；早年真实1月值保留；不是单月
fiscal_revenue_ytd,CHN,2007-05,21723.5,亿元,M,,https://data.stats.gov.cn/dg/website/publicrelease/web/external/stream/esData,来源指标：国家财政收入累计值(亿元)；年内累计；早年真实1月值保留；不是单月
fiscal_revenue_ytd,CHN,2007-06,26117.8,亿元,M,,https://data.stats.gov.cn/dg/website/publicrelease/web/external/stream/esData,来源指标：国家财政收入累计值(亿元)；年内累计；早年真实1月值保留；不是单月
fiscal_revenue_ytd,CHN,2007-07,31330.2,亿元,M,,https://data.stats.gov.cn/dg/website/publicrelease/web/external/stream/esData,来源指标：国家财政收入累计值(亿元)；年内累计；早年真实1月值保留；不是单月
fiscal_revenue_ytd,CHN,2007-08,34825.6,亿元,M,,https://data.stats.gov.cn/dg/website/publicrelease/web/external/stream/esData,来源指标：国家财政收入累计值(亿元)；年内累计；早年真实1月值保留；不是单月
fiscal_revenue_ytd,CHN,2007-09,38916.9,亿元,M,,https://data.stats.gov.cn/dg/website/publicrelease/web/external/stream/esData,来源指标：国家财政收入累计值(亿元)；年内累计；早年真实1月值保留；不是单月
fiscal_revenue_ytd,CHN,2007-10,44264.0,亿元,M,,https://data.stats.gov.cn/dg/website/publicrelease/web/external/stream/esData,来源指标：国家财政收入累计值(亿元)；年内累计；早年真实1月值保留；不是单月
fiscal_revenue_ytd,CHN,2007-11,48177.1,亿元,M,,https://data.stats.gov.cn/dg/website/publicrelease/web/external/stream/esData,来源指标：国家财政收入累计值(亿元)；年内累计；早年真实1月值保留；不是单月
fiscal_revenue_ytd,CHN,2008-02,11555.4,亿元,M,,https://data.stats.gov.cn/dg/website/publicrelease/web/external/stream/esData,来源指标：国家财政收入累计值(亿元)；年内累计；早年真实1月值保留；不是单月
fiscal_revenue_ytd,CHN,2008-03,15971.3,亿元,M,,https://data.stats.gov.cn/dg/website/publicrelease/web/external/stream/esData,来源指标：国家财政收入累计值(亿元)；年内累计；早年真实1月值保留；不是单月
fiscal_revenue_ytd,CHN,2008-04,22796.2,亿元,M,,https://data.stats.gov.cn/dg/website/publicrelease/web/external/stream/esData,来源指标：国家财政收入累计值(亿元)；年内累计；早年真实1月值保留；不是单月
fiscal_revenue_ytd,CHN,2008-05,29064.4,亿元,M,,https://data.stats.gov.cn/dg/website/publicrelease/web/external/stream/esData,来源指标：国家财政收入累计值(亿元)；年内累计；早年真实1月值保留；不是单月
fiscal_revenue_ytd,CHN,2008-06,34808.2,亿元,M,,https://data.stats.gov.cn/dg/website/publicrelease/web/external/stream/esData,来源指标：国家财政收入累计值(亿元)；年内累计；早年真实1月值保留；不是单月
fiscal_revenue_ytd,CHN,2008-07,40881.7,亿元,M,,https://data.stats.gov.cn/dg/website/publicrelease/web/external/stream/esData,来源指标：国家财政收入累计值(亿元)；年内累计；早年真实1月值保留；不是单月
fiscal_revenue_ytd,CHN,2008-08,44729.6,亿元,M,,https://data.stats.gov.cn/dg/website/publicrelease/web/external/stream/esData,来源指标：国家财政收入累计值(亿元)；年内累计；早年真实1月值保留；不是单月
fiscal_revenue_ytd,CHN,2008-09,48946.9,亿元,M,,https://data.stats.gov.cn/dg/website/publicrelease/web/external/stream/esData,来源指标：国家财政收入累计值(亿元)；年内累计；早年真实1月值保留；不是单月
fiscal_revenue_ytd,CHN,2008-10,54275.8,亿元,M,,https://data.stats.gov.cn/dg/website/publicrelease/web/external/stream/esData,来源指标：国家财政收入累计值(亿元)；年内累计；早年真实1月值保留；不是单月
fiscal_revenue_ytd,CHN,2008-11,58068.2,亿元,M,,https://data.stats.gov.cn/dg/website/publicrelease/web/external/stream/esData,来源指标：国家财政收入累计值(亿元)；年内累计；早年真实1月值保留；不是单月
fiscal_revenue_ytd,CHN,2008-12,61316.9,亿元,M,2009-02-01,https://gks.mof.gov.cn/tongjishuju/200902/t20090201_110982.htm,"年内累计执行数，不是单月；原文：1-12月累计,全国财政收入执行初步统计数为61316.9亿元,同比增长19.5%。"
fiscal_revenue_ytd,CHN,2009-01,6131.61,亿元,M,2009-02-16,https://gks.mof.gov.cn/tongjishuju/200902/t20090216_114024.htm,"年内累计执行数，不是单月；原文：1月份,全国财政收入6131.61亿元,比去年同月减少1265.03亿元,下降17.1%。"
fiscal_revenue_ytd,CHN,2009-02,10239.8,亿元,M,,https://data.stats.gov.cn/dg/website/publicrelease/web/external/stream/esData,来源指标：国家财政收入累计值(亿元)；年内累计；早年真实1月值保留；不是单月
fiscal_revenue_ytd,CHN,2009-03,14642.1,亿元,M,,https://data.stats.gov.cn/dg/website/publicrelease/web/external/stream/esData,来源指标：国家财政收入累计值(亿元)；年内累计；早年真实1月值保留；不是单月
fiscal_revenue_ytd,CHN,2009-04,20539.2,亿元,M,,https://data.stats.gov.cn/dg/website/publicrelease/web/external/stream/esData,来源指标：国家财政收入累计值(亿元)；年内累计；早年真实1月值保留；不是单月
fiscal_revenue_ytd,CHN,2009-05,27108.7,亿元,M,,https://data.stats.gov.cn/dg/website/publicrelease/web/external/stream/esData,来源指标：国家财政收入累计值(亿元)；年内累计；早年真实1月值保留；不是单月
fiscal_revenue_ytd,CHN,2009-06,33976.1,亿元,M,,https://data.stats.gov.cn/dg/website/publicrelease/web/external/stream/esData,来源指标：国家财政收入累计值(亿元)；年内累计；早年真实1月值保留；不是单月
fiscal_revenue_ytd,CHN,2009-07,40672.1,亿元,M,,https://data.stats.gov.cn/dg/website/publicrelease/web/external/stream/esData,来源指标：国家财政收入累计值(亿元)；年内累计；早年真实1月值保留；不是单月
fiscal_revenue_ytd,CHN,2009-08,45909.5,亿元,M,,https://data.stats.gov.cn/dg/website/publicrelease/web/external/stream/esData,来源指标：国家财政收入累计值(亿元)；年内累计；早年真实1月值保留；不是单月
fiscal_revenue_ytd,CHN,2009-09,51518.9,亿元,M,,https://data.stats.gov.cn/dg/website/publicrelease/web/external/stream/esData,来源指标：国家财政收入累计值(亿元)；年内累计；早年真实1月值保留；不是单月
fiscal_revenue_ytd,CHN,2009-10,58363.8,亿元,M,,https://data.stats.gov.cn/dg/website/publicrelease/web/external/stream/esData,来源指标：国家财政收入累计值(亿元)；年内累计；早年真实1月值保留；不是单月
fiscal_revenue_ytd,CHN,2009-11,63393.1,亿元,M,,https://data.stats.gov.cn/dg/website/publicrelease/web/external/stream/esData,来源指标：国家财政收入累计值(亿元)；年内累计；早年真实1月值保留；不是单月
fiscal_revenue_ytd,CHN,2009-12,68477,亿元,M,2010-02-05,https://gks.mof.gov.cn/tongjishuju/201002/t20100205_269099.htm,"年内累计执行数，不是单月；原文：1-12月累计,全国财政收入执行初步统计数为68477亿元,比上年增加7147亿元,增长11.7%。"
fiscal_revenue_ytd,CHN,2010-01,8658.7,亿元,M,,https://data.stats.gov.cn/dg/website/publicrelease/web/external/stream/esData,来源指标：国家财政收入累计值(亿元)；年内累计；早年真实1月值保留；不是单月
fiscal_revenue_ytd,CHN,2010-02,13603.6,亿元,M,,https://data.stats.gov.cn/dg/website/publicrelease/web/external/stream/esData,来源指标：国家财政收入累计值(亿元)；年内累计；早年真实1月值保留；不是单月
fiscal_revenue_ytd,CHN,2010-03,19627.1,亿元,M,,https://data.stats.gov.cn/dg/website/publicrelease/web/external/stream/esData,来源指标：国家财政收入累计值(亿元)；年内累计；早年真实1月值保留；不是单月
fiscal_revenue_ytd,CHN,2010-04,27552.7,亿元,M,,https://data.stats.gov.cn/dg/website/publicrelease/web/external/stream/esData,来源指标：国家财政收入累计值(亿元)；年内累计；早年真实1月值保留；不是单月
fiscal_revenue_ytd,CHN,2010-05,35470.4,亿元,M,,https://data.stats.gov.cn/dg/website/publicrelease/web/external/stream/esData,来源指标：国家财政收入累计值(亿元)；年内累计；早年真实1月值保留；不是单月
fiscal_revenue_ytd,CHN,2010-06,43349.8,亿元,M,,https://data.stats.gov.cn/dg/website/publicrelease/web/external/stream/esData,来源指标：国家财政收入累计值(亿元)；年内累计；早年真实1月值保留；不是单月
fiscal_revenue_ytd,CHN,2010-07,51133.0,亿元,M,,https://data.stats.gov.cn/dg/website/publicrelease/web/external/stream/esData,来源指标：国家财政收入累计值(亿元)；年内累计；早年真实1月值保留；不是单月
fiscal_revenue_ytd,CHN,2010-08,56752.3,亿元,M,,https://data.stats.gov.cn/dg/website/publicrelease/web/external/stream/esData,来源指标：国家财政收入累计值(亿元)；年内累计；早年真实1月值保留；不是单月
fiscal_revenue_ytd,CHN,2010-09,63039.5,亿元,M,,https://data.stats.gov.cn/dg/website/publicrelease/web/external/stream/esData,来源指标：国家财政收入累计值(亿元)；年内累计；早年真实1月值保留；不是单月
fiscal_revenue_ytd,CHN,2010-10,70899.8,亿元,M,,https://data.stats.gov.cn/dg/website/publicrelease/web/external/stream/esData,来源指标：国家财政收入累计值(亿元)；年内累计；早年真实1月值保留；不是单月
fiscal_revenue_ytd,CHN,2010-11,76740.5,亿元,M,,https://data.stats.gov.cn/dg/website/publicrelease/web/external/stream/esData,来源指标：国家财政收入累计值(亿元)；年内累计；早年真实1月值保留；不是单月
fiscal_revenue_ytd,CHN,2010-12,83080.0,亿元,M,,https://data.stats.gov.cn/dg/website/publicrelease/web/external/stream/esData,来源指标：国家财政收入累计值(亿元)；年内累计；早年真实1月值保留；不是单月
fiscal_revenue_ytd,CHN,2011-02,18494.4,亿元,M,,https://data.stats.gov.cn/dg/website/publicrelease/web/external/stream/esData,来源指标：国家财政收入累计值(亿元)；年内累计；早年真实1月值保留；不是单月
fiscal_revenue_ytd,CHN,2011-03,26125.7,亿元,M,,https://data.stats.gov.cn/dg/website/publicrelease/web/external/stream/esData,来源指标：国家财政收入累计值(亿元)；年内累计；早年真实1月值保留；不是单月
fiscal_revenue_ytd,CHN,2011-04,36207.8,亿元,M,,https://data.stats.gov.cn/dg/website/publicrelease/web/external/stream/esData,来源指标：国家财政收入累计值(亿元)；年内累计；早年真实1月值保留；不是单月
fiscal_revenue_ytd,CHN,2011-05,46820.1,亿元,M,,https://data.stats.gov.cn/dg/website/publicrelease/web/external/stream/esData,来源指标：国家财政收入累计值(亿元)；年内累计；早年真实1月值保留；不是单月
fiscal_revenue_ytd,CHN,2011-06,56875.8,亿元,M,,https://data.stats.gov.cn/dg/website/publicrelease/web/external/stream/esData,来源指标：国家财政收入累计值(亿元)；年内累计；早年真实1月值保留；不是单月
fiscal_revenue_ytd,CHN,2011-07,66739.9,亿元,M,,https://data.stats.gov.cn/dg/website/publicrelease/web/external/stream/esData,来源指标：国家财政收入累计值(亿元)；年内累计；早年真实1月值保留；不是单月
fiscal_revenue_ytd,CHN,2011-08,74286.3,亿元,M,,https://data.stats.gov.cn/dg/website/publicrelease/web/external/stream/esData,来源指标：国家财政收入累计值(亿元)；年内累计；早年真实1月值保留；不是单月
fiscal_revenue_ytd,CHN,2011-09,81663.3,亿元,M,,https://data.stats.gov.cn/dg/website/publicrelease/web/external/stream/esData,来源指标：国家财政收入累计值(亿元)；年内累计；早年真实1月值保留；不是单月
fiscal_revenue_ytd,CHN,2011-10,90851.7,亿元,M,,https://data.stats.gov.cn/dg/website/publicrelease/web/external/stream/esData,来源指标：国家财政收入累计值(亿元)；年内累计；早年真实1月值保留；不是单月
fiscal_revenue_ytd,CHN,2011-11,97309.0,亿元,M,,https://data.stats.gov.cn/dg/website/publicrelease/web/external/stream/esData,来源指标：国家财政收入累计值(亿元)；年内累计；早年真实1月值保留；不是单月
fiscal_revenue_ytd,CHN,2011-12,103740.0,亿元,M,,https://data.stats.gov.cn/dg/website/publicrelease/web/external/stream/esData,来源指标：国家财政收入累计值(亿元)；年内累计；早年真实1月值保留；不是单月
fiscal_revenue_ytd,CHN,2012-02,20918.3,亿元,M,,https://data.stats.gov.cn/dg/website/publicrelease/web/external/stream/esData,来源指标：国家财政收入累计值(亿元)；年内累计；早年真实1月值保留；不是单月
fiscal_revenue_ytd,CHN,2012-03,29976.3,亿元,M,,https://data.stats.gov.cn/dg/website/publicrelease/web/external/stream/esData,来源指标：国家财政收入累计值(亿元)；年内累计；早年真实1月值保留；不是单月
fiscal_revenue_ytd,CHN,2012-04,40750.3,亿元,M,,https://data.stats.gov.cn/dg/website/publicrelease/web/external/stream/esData,来源指标：国家财政收入累计值(亿元)；年内累计；早年真实1月值保留；不是单月
fiscal_revenue_ytd,CHN,2012-05,52755.0,亿元,M,,https://data.stats.gov.cn/dg/website/publicrelease/web/external/stream/esData,来源指标：国家财政收入累计值(亿元)；年内累计；早年真实1月值保留；不是单月
fiscal_revenue_ytd,CHN,2012-06,63795.3,亿元,M,,https://data.stats.gov.cn/dg/website/publicrelease/web/external/stream/esData,来源指标：国家财政收入累计值(亿元)；年内累计；早年真实1月值保留；不是单月
fiscal_revenue_ytd,CHN,2012-07,74467.0,亿元,M,,https://data.stats.gov.cn/dg/website/publicrelease/web/external/stream/esData,来源指标：国家财政收入累计值(亿元)；年内累计；早年真实1月值保留；不是单月
fiscal_revenue_ytd,CHN,2012-08,82330.0,亿元,M,,https://data.stats.gov.cn/dg/website/publicrelease/web/external/stream/esData,来源指标：国家财政收入累计值(亿元)；年内累计；早年真实1月值保留；不是单月
fiscal_revenue_ytd,CHN,2012-09,90588.4,亿元,M,,https://data.stats.gov.cn/dg/website/publicrelease/web/external/stream/esData,来源指标：国家财政收入累计值(亿元)；年内累计；早年真实1月值保留；不是单月
fiscal_revenue_ytd,CHN,2012-10,101032.0,亿元,M,,https://data.stats.gov.cn/dg/website/publicrelease/web/external/stream/esData,来源指标：国家财政收入累计值(亿元)；年内累计；早年真实1月值保留；不是单月
fiscal_revenue_ytd,CHN,2012-11,108903.3,亿元,M,,https://data.stats.gov.cn/dg/website/publicrelease/web/external/stream/esData,来源指标：国家财政收入累计值(亿元)；年内累计；早年真实1月值保留；不是单月
fiscal_revenue_ytd,CHN,2012-12,117210.0,亿元,M,,https://data.stats.gov.cn/dg/website/publicrelease/web/external/stream/esData,来源指标：国家财政收入累计值(亿元)；年内累计；早年真实1月值保留；不是单月
fiscal_revenue_ytd,CHN,2013-02,22426.1,亿元,M,,https://data.stats.gov.cn/dg/website/publicrelease/web/external/stream/esData,来源指标：国家财政收入累计值(亿元)；年内累计；早年真实1月值保留；不是单月
fiscal_revenue_ytd,CHN,2013-03,32033.9,亿元,M,,https://data.stats.gov.cn/dg/website/publicrelease/web/external/stream/esData,来源指标：国家财政收入累计值(亿元)；年内累计；早年真实1月值保留；不是单月
fiscal_revenue_ytd,CHN,2013-04,43464.7,亿元,M,,https://data.stats.gov.cn/dg/website/publicrelease/web/external/stream/esData,来源指标：国家财政收入累计值(亿元)；年内累计；早年真实1月值保留；不是单月
fiscal_revenue_ytd,CHN,2013-05,56213.6,亿元,M,,https://data.stats.gov.cn/dg/website/publicrelease/web/external/stream/esData,来源指标：国家财政收入累计值(亿元)；年内累计；早年真实1月值保留；不是单月
fiscal_revenue_ytd,CHN,2013-06,68590.5,亿元,M,,https://data.stats.gov.cn/dg/website/publicrelease/web/external/stream/esData,来源指标：国家财政收入累计值(亿元)；年内累计；早年真实1月值保留；不是单月
fiscal_revenue_ytd,CHN,2013-07,80439.1,亿元,M,,https://data.stats.gov.cn/dg/website/publicrelease/web/external/stream/esData,来源指标：国家财政收入累计值(亿元)；年内累计；早年真实1月值保留；不是单月
fiscal_revenue_ytd,CHN,2013-08,89027.3,亿元,M,,https://data.stats.gov.cn/dg/website/publicrelease/web/external/stream/esData,来源指标：国家财政收入累计值(亿元)；年内累计；早年真实1月值保留；不是单月
fiscal_revenue_ytd,CHN,2013-09,98389.0,亿元,M,,https://data.stats.gov.cn/dg/website/publicrelease/web/external/stream/esData,来源指标：国家财政收入累计值(亿元)；年内累计；早年真实1月值保留；不是单月
fiscal_revenue_ytd,CHN,2013-10,110525.4,亿元,M,,https://data.stats.gov.cn/dg/website/publicrelease/web/external/stream/esData,来源指标：国家财政收入累计值(亿元)；年内累计；早年真实1月值保留；不是单月
fiscal_revenue_ytd,CHN,2013-11,119650.0,亿元,M,,https://data.stats.gov.cn/dg/website/publicrelease/web/external/stream/esData,来源指标：国家财政收入累计值(亿元)；年内累计；早年真实1月值保留；不是单月
fiscal_revenue_ytd,CHN,2013-12,129143.0,亿元,M,,https://data.stats.gov.cn/dg/website/publicrelease/web/external/stream/esData,来源指标：国家财政收入累计值(亿元)；年内累计；早年真实1月值保留；不是单月
fiscal_revenue_ytd,CHN,2014-02,24922.5,亿元,M,,https://data.stats.gov.cn/dg/website/publicrelease/web/external/stream/esData,来源指标：国家财政收入累计值(亿元)；年内累计；早年真实1月值保留；不是单月
fiscal_revenue_ytd,CHN,2014-03,35025.7,亿元,M,,https://data.stats.gov.cn/dg/website/publicrelease/web/external/stream/esData,来源指标：国家财政收入累计值(亿元)；年内累计；早年真实1月值保留；不是单月
fiscal_revenue_ytd,CHN,2014-04,47507.0,亿元,M,,https://data.stats.gov.cn/dg/website/publicrelease/web/external/stream/esData,来源指标：国家财政收入累计值(亿元)；年内累计；早年真实1月值保留；不是单月
fiscal_revenue_ytd,CHN,2014-05,61177.0,亿元,M,,https://data.stats.gov.cn/dg/website/publicrelease/web/external/stream/esData,来源指标：国家财政收入累计值(亿元)；年内累计；早年真实1月值保留；不是单月
fiscal_revenue_ytd,CHN,2014-06,74638.0,亿元,M,,https://data.stats.gov.cn/dg/website/publicrelease/web/external/stream/esData,来源指标：国家财政收入累计值(亿元)；年内累计；早年真实1月值保留；不是单月
fiscal_revenue_ytd,CHN,2014-07,87299.6,亿元,M,,https://data.stats.gov.cn/dg/website/publicrelease/web/external/stream/esData,来源指标：国家财政收入累计值(亿元)；年内累计；早年真实1月值保留；不是单月
fiscal_revenue_ytd,CHN,2014-08,96408.8,亿元,M,,https://data.stats.gov.cn/dg/website/publicrelease/web/external/stream/esData,来源指标：国家财政收入累计值(亿元)；年内累计；早年真实1月值保留；不是单月
fiscal_revenue_ytd,CHN,2014-09,106361.8,亿元,M,,https://data.stats.gov.cn/dg/website/publicrelease/web/external/stream/esData,来源指标：国家财政收入累计值(亿元)；年内累计；早年真实1月值保留；不是单月
fiscal_revenue_ytd,CHN,2014-10,119642.0,亿元,M,,https://data.stats.gov.cn/dg/website/publicrelease/web/external/stream/esData,来源指标：国家财政收入累计值(亿元)；年内累计；早年真实1月值保留；不是单月
fiscal_revenue_ytd,CHN,2014-11,129594.9,亿元,M,,https://data.stats.gov.cn/dg/website/publicrelease/web/external/stream/esData,来源指标：国家财政收入累计值(亿元)；年内累计；早年真实1月值保留；不是单月
fiscal_revenue_ytd,CHN,2014-12,140350.0,亿元,M,,https://data.stats.gov.cn/dg/website/publicrelease/web/external/stream/esData,来源指标：国家财政收入累计值(亿元)；年内累计；早年真实1月值保留；不是单月
fiscal_revenue_ytd,CHN,2015-02,25716.5,亿元,M,,https://data.stats.gov.cn/dg/website/publicrelease/web/external/stream/esData,来源指标：国家财政收入累计值(亿元)；年内累计；早年真实1月值保留；不是单月
fiscal_revenue_ytd,CHN,2015-03,36407.1,亿元,M,,https://data.stats.gov.cn/dg/website/publicrelease/web/external/stream/esData,来源指标：国家财政收入累计值(亿元)；年内累计；早年真实1月值保留；不是单月
fiscal_revenue_ytd,CHN,2015-04,49909.2,亿元,M,,https://data.stats.gov.cn/dg/website/publicrelease/web/external/stream/esData,来源指标：国家财政收入累计值(亿元)；年内累计；早年真实1月值保留；不是单月
fiscal_revenue_ytd,CHN,2015-05,64265.0,亿元,M,,https://data.stats.gov.cn/dg/website/publicrelease/web/external/stream/esData,来源指标：国家财政收入累计值(亿元)；年内累计；早年真实1月值保留；不是单月
fiscal_revenue_ytd,CHN,2015-06,79599.9,亿元,M,,https://data.stats.gov.cn/dg/website/publicrelease/web/external/stream/esData,来源指标：国家财政收入累计值(亿元)；年内累计；早年真实1月值保留；不是单月
fiscal_revenue_ytd,CHN,2015-07,93849.3,亿元,M,,https://data.stats.gov.cn/dg/website/publicrelease/web/external/stream/esData,来源指标：国家财政收入累计值(亿元)；年内累计；早年真实1月值保留；不是单月
fiscal_revenue_ytd,CHN,2015-08,103520.6,亿元,M,,https://data.stats.gov.cn/dg/website/publicrelease/web/external/stream/esData,来源指标：国家财政收入累计值(亿元)；年内累计；早年真实1月值保留；不是单月
fiscal_revenue_ytd,CHN,2015-09,114412.5,亿元,M,,https://data.stats.gov.cn/dg/website/publicrelease/web/external/stream/esData,来源指标：国家财政收入累计值(亿元)；年内累计；早年真实1月值保留；不是单月
fiscal_revenue_ytd,CHN,2015-10,128847.6,亿元,M,,https://data.stats.gov.cn/dg/website/publicrelease/web/external/stream/esData,来源指标：国家财政收入累计值(亿元)；年内累计；早年真实1月值保留；不是单月
fiscal_revenue_ytd,CHN,2015-11,139935.0,亿元,M,,https://data.stats.gov.cn/dg/website/publicrelease/web/external/stream/esData,来源指标：国家财政收入累计值(亿元)；年内累计；早年真实1月值保留；不是单月
fiscal_revenue_ytd,CHN,2015-12,152217.0,亿元,M,,https://data.stats.gov.cn/dg/website/publicrelease/web/external/stream/esData,来源指标：国家财政收入累计值(亿元)；年内累计；早年真实1月值保留；不是单月
fiscal_revenue_ytd,CHN,2016-02,27384.8,亿元,M,,https://data.stats.gov.cn/dg/website/publicrelease/web/external/stream/esData,来源指标：国家财政收入累计值(亿元)；年内累计；早年真实1月值保留；不是单月
fiscal_revenue_ytd,CHN,2016-03,38896.0,亿元,M,,https://data.stats.gov.cn/dg/website/publicrelease/web/external/stream/esData,来源指标：国家财政收入累计值(亿元)；年内累计；早年真实1月值保留；不是单月
fiscal_revenue_ytd,CHN,2016-04,54419.0,亿元,M,,https://data.stats.gov.cn/dg/website/publicrelease/web/external/stream/esData,来源指标：国家财政收入累计值(亿元)；年内累计；早年真实1月值保留；不是单月
fiscal_revenue_ytd,CHN,2016-05,69879.8,亿元,M,,https://data.stats.gov.cn/dg/website/publicrelease/web/external/stream/esData,来源指标：国家财政收入累计值(亿元)；年内累计；早年真实1月值保留；不是单月
fiscal_revenue_ytd,CHN,2016-06,85513.8,亿元,M,,https://data.stats.gov.cn/dg/website/publicrelease/web/external/stream/esData,来源指标：国家财政收入累计值(亿元)；年内累计；早年真实1月值保留；不是单月
fiscal_revenue_ytd,CHN,2016-07,100284.0,亿元,M,,https://data.stats.gov.cn/dg/website/publicrelease/web/external/stream/esData,来源指标：国家财政收入累计值(亿元)；年内累计；早年真实1月值保留；不是单月
fiscal_revenue_ytd,CHN,2016-08,110178.1,亿元,M,,https://data.stats.gov.cn/dg/website/publicrelease/web/external/stream/esData,来源指标：国家财政收入累计值(亿元)；年内累计；早年真实1月值保留；不是单月
fiscal_revenue_ytd,CHN,2016-09,121400.0,亿元,M,,https://data.stats.gov.cn/dg/website/publicrelease/web/external/stream/esData,来源指标：国家财政收入累计值(亿元)；年内累计；早年真实1月值保留；不是单月
fiscal_revenue_ytd,CHN,2016-10,136759.1,亿元,M,,https://data.stats.gov.cn/dg/website/publicrelease/web/external/stream/esData,来源指标：国家财政收入累计值(亿元)；年内累计；早年真实1月值保留；不是单月
fiscal_revenue_ytd,CHN,2016-11,148250.0,亿元,M,,https://data.stats.gov.cn/dg/website/publicrelease/web/external/stream/esData,来源指标：国家财政收入累计值(亿元)；年内累计；早年真实1月值保留；不是单月
fiscal_revenue_ytd,CHN,2016-12,159552,亿元,M,2017-01-23,https://gks.mof.gov.cn/tongjishuju/201701/t20170123_2526014.htm,"年内累计执行数，不是单月；原文：1-12月累计,全国一般公共预算收入159552亿元,比上年增长4.5%。"
fiscal_revenue_ytd,CHN,2017-02,31453.5,亿元,M,,https://data.stats.gov.cn/dg/website/publicrelease/web/external/stream/esData,来源指标：国家财政收入累计值(亿元)；年内累计；早年真实1月值保留；不是单月
fiscal_revenue_ytd,CHN,2017-03,44366.0,亿元,M,,https://data.stats.gov.cn/dg/website/publicrelease/web/external/stream/esData,来源指标：国家财政收入累计值(亿元)；年内累计；早年真实1月值保留；不是单月
fiscal_revenue_ytd,CHN,2017-04,61150.2,亿元,M,,https://data.stats.gov.cn/dg/website/publicrelease/web/external/stream/esData,来源指标：国家财政收入累计值(亿元)；年内累计；早年真实1月值保留；不是单月
fiscal_revenue_ytd,CHN,2017-05,77223.6,亿元,M,,https://data.stats.gov.cn/dg/website/publicrelease/web/external/stream/esData,来源指标：国家财政收入累计值(亿元)；年内累计；早年真实1月值保留；不是单月
fiscal_revenue_ytd,CHN,2017-06,94306.0,亿元,M,,https://data.stats.gov.cn/dg/website/publicrelease/web/external/stream/esData,来源指标：国家财政收入累计值(亿元)；年内累计；早年真实1月值保留；不是单月
fiscal_revenue_ytd,CHN,2017-07,110762.5,亿元,M,,https://data.stats.gov.cn/dg/website/publicrelease/web/external/stream/esData,来源指标：国家财政收入累计值(亿元)；年内累计；早年真实1月值保留；不是单月
fiscal_revenue_ytd,CHN,2017-08,121414.9,亿元,M,,https://data.stats.gov.cn/dg/website/publicrelease/web/external/stream/esData,来源指标：国家财政收入累计值(亿元)；年内累计；早年真实1月值保留；不是单月
fiscal_revenue_ytd,CHN,2017-09,134128.9,亿元,M,,https://data.stats.gov.cn/dg/website/publicrelease/web/external/stream/esData,来源指标：国家财政收入累计值(亿元)；年内累计；早年真实1月值保留；不是单月
fiscal_revenue_ytd,CHN,2017-10,150362.6,亿元,M,,https://data.stats.gov.cn/dg/website/publicrelease/web/external/stream/esData,来源指标：国家财政收入累计值(亿元)；年内累计；早年真实1月值保留；不是单月
fiscal_revenue_ytd,CHN,2017-11,161747.9,亿元,M,,https://data.stats.gov.cn/dg/website/publicrelease/web/external/stream/esData,来源指标：国家财政收入累计值(亿元)；年内累计；早年真实1月值保留；不是单月
fiscal_revenue_ytd,CHN,2017-12,172567.0,亿元,M,,https://data.stats.gov.cn/dg/website/publicrelease/web/external/stream/esData,来源指标：国家财政收入累计值(亿元)；年内累计；早年真实1月值保留；不是单月
fiscal_revenue_ytd,CHN,2018-02,36553.4,亿元,M,,https://data.stats.gov.cn/dg/website/publicrelease/web/external/stream/esData,来源指标：国家财政收入累计值(亿元)；年内累计；早年真实1月值保留；不是单月
fiscal_revenue_ytd,CHN,2018-03,50546.4,亿元,M,,https://data.stats.gov.cn/dg/website/publicrelease/web/external/stream/esData,来源指标：国家财政收入累计值(亿元)；年内累计；早年真实1月值保留；不是单月
fiscal_revenue_ytd,CHN,2018-04,69019.3,亿元,M,,https://data.stats.gov.cn/dg/website/publicrelease/web/external/stream/esData,来源指标：国家财政收入累计值(亿元)；年内累计；早年真实1月值保留；不是单月
fiscal_revenue_ytd,CHN,2018-05,86650.5,亿元,M,,https://data.stats.gov.cn/dg/website/publicrelease/web/external/stream/esData,来源指标：国家财政收入累计值(亿元)；年内累计；早年真实1月值保留；不是单月
fiscal_revenue_ytd,CHN,2018-06,104330.7,亿元,M,,https://data.stats.gov.cn/dg/website/publicrelease/web/external/stream/esData,来源指标：国家财政收入累计值(亿元)；年内累计；早年真实1月值保留；不是单月
fiscal_revenue_ytd,CHN,2018-07,121791.4,亿元,M,,https://data.stats.gov.cn/dg/website/publicrelease/web/external/stream/esData,来源指标：国家财政收入累计值(亿元)；年内累计；早年真实1月值保留；不是单月
fiscal_revenue_ytd,CHN,2018-08,132868.2,亿元,M,,https://data.stats.gov.cn/dg/website/publicrelease/web/external/stream/esData,来源指标：国家财政收入累计值(亿元)；年内累计；早年真实1月值保留；不是单月
fiscal_revenue_ytd,CHN,2018-09,145831.3,亿元,M,,https://data.stats.gov.cn/dg/website/publicrelease/web/external/stream/esData,来源指标：国家财政收入累计值(亿元)；年内累计；早年真实1月值保留；不是单月
fiscal_revenue_ytd,CHN,2018-10,161557.9,亿元,M,,https://data.stats.gov.cn/dg/website/publicrelease/web/external/stream/esData,来源指标：国家财政收入累计值(亿元)；年内累计；早年真实1月值保留；不是单月
fiscal_revenue_ytd,CHN,2018-11,172332.7,亿元,M,,https://data.stats.gov.cn/dg/website/publicrelease/web/external/stream/esData,来源指标：国家财政收入累计值(亿元)；年内累计；早年真实1月值保留；不是单月
fiscal_revenue_ytd,CHN,2018-12,183352.0,亿元,M,,https://data.stats.gov.cn/dg/website/publicrelease/web/external/stream/esData,来源指标：国家财政收入累计值(亿元)；年内累计；早年真实1月值保留；不是单月
fiscal_revenue_ytd,CHN,2019-02,39104.0,亿元,M,,https://data.stats.gov.cn/dg/website/publicrelease/web/external/stream/esData,来源指标：国家财政收入累计值(亿元)；年内累计；早年真实1月值保留；不是单月
fiscal_revenue_ytd,CHN,2019-03,53656.0,亿元,M,,https://data.stats.gov.cn/dg/website/publicrelease/web/external/stream/esData,来源指标：国家财政收入累计值(亿元)；年内累计；早年真实1月值保留；不是单月
fiscal_revenue_ytd,CHN,2019-04,72651.0,亿元,M,,https://data.stats.gov.cn/dg/website/publicrelease/web/external/stream/esData,来源指标：国家财政收入累计值(亿元)；年内累计；早年真实1月值保留；不是单月
fiscal_revenue_ytd,CHN,2019-05,89919.0,亿元,M,,https://data.stats.gov.cn/dg/website/publicrelease/web/external/stream/esData,来源指标：国家财政收入累计值(亿元)；年内累计；早年真实1月值保留；不是单月
fiscal_revenue_ytd,CHN,2019-06,107846.0,亿元,M,,https://data.stats.gov.cn/dg/website/publicrelease/web/external/stream/esData,来源指标：国家财政收入累计值(亿元)；年内累计；早年真实1月值保留；不是单月
fiscal_revenue_ytd,CHN,2019-07,125623.0,亿元,M,,https://data.stats.gov.cn/dg/website/publicrelease/web/external/stream/esData,来源指标：国家财政收入累计值(亿元)；年内累计；早年真实1月值保留；不是单月
fiscal_revenue_ytd,CHN,2019-08,137061.0,亿元,M,,https://data.stats.gov.cn/dg/website/publicrelease/web/external/stream/esData,来源指标：国家财政收入累计值(亿元)；年内累计；早年真实1月值保留；不是单月
fiscal_revenue_ytd,CHN,2019-09,150678.0,亿元,M,,https://data.stats.gov.cn/dg/website/publicrelease/web/external/stream/esData,来源指标：国家财政收入累计值(亿元)；年内累计；早年真实1月值保留；不是单月
fiscal_revenue_ytd,CHN,2019-10,167704.0,亿元,M,,https://data.stats.gov.cn/dg/website/publicrelease/web/external/stream/esData,来源指标：国家财政收入累计值(亿元)；年内累计；早年真实1月值保留；不是单月
fiscal_revenue_ytd,CHN,2019-11,178967.0,亿元,M,,https://data.stats.gov.cn/dg/website/publicrelease/web/external/stream/esData,来源指标：国家财政收入累计值(亿元)；年内累计；早年真实1月值保留；不是单月
fiscal_revenue_ytd,CHN,2019-12,190382.0,亿元,M,,https://data.stats.gov.cn/dg/website/publicrelease/web/external/stream/esData,来源指标：国家财政收入累计值(亿元)；年内累计；早年真实1月值保留；不是单月
fiscal_revenue_ytd,CHN,2020-02,35232.0,亿元,M,,https://data.stats.gov.cn/dg/website/publicrelease/web/external/stream/esData,来源指标：国家财政收入累计值(亿元)；年内累计；早年真实1月值保留；不是单月
fiscal_revenue_ytd,CHN,2020-03,45984.0,亿元,M,,https://data.stats.gov.cn/dg/website/publicrelease/web/external/stream/esData,来源指标：国家财政收入累计值(亿元)；年内累计；早年真实1月值保留；不是单月
fiscal_revenue_ytd,CHN,2020-04,62132.9,亿元,M,,https://data.stats.gov.cn/dg/website/publicrelease/web/external/stream/esData,来源指标：国家财政收入累计值(亿元)；年内累计；早年真实1月值保留；不是单月
fiscal_revenue_ytd,CHN,2020-05,77672.0,亿元,M,,https://data.stats.gov.cn/dg/website/publicrelease/web/external/stream/esData,来源指标：国家财政收入累计值(亿元)；年内累计；早年真实1月值保留；不是单月
fiscal_revenue_ytd,CHN,2020-06,96176.0,亿元,M,,https://data.stats.gov.cn/dg/website/publicrelease/web/external/stream/esData,来源指标：国家财政收入累计值(亿元)；年内累计；早年真实1月值保留；不是单月
fiscal_revenue_ytd,CHN,2020-07,114725.0,亿元,M,,https://data.stats.gov.cn/dg/website/publicrelease/web/external/stream/esData,来源指标：国家财政收入累计值(亿元)；年内累计；早年真实1月值保留；不是单月
fiscal_revenue_ytd,CHN,2020-08,126768.0,亿元,M,,https://data.stats.gov.cn/dg/website/publicrelease/web/external/stream/esData,来源指标：国家财政收入累计值(亿元)；年内累计；早年真实1月值保留；不是单月
fiscal_revenue_ytd,CHN,2020-09,141002.0,亿元,M,,https://data.stats.gov.cn/dg/website/publicrelease/web/external/stream/esData,来源指标：国家财政收入累计值(亿元)；年内累计；早年真实1月值保留；不是单月
fiscal_revenue_ytd,CHN,2020-10,158533.0,亿元,M,,https://data.stats.gov.cn/dg/website/publicrelease/web/external/stream/esData,来源指标：国家财政收入累计值(亿元)；年内累计；早年真实1月值保留；不是单月
fiscal_revenue_ytd,CHN,2020-11,169489.0,亿元,M,,https://data.stats.gov.cn/dg/website/publicrelease/web/external/stream/esData,来源指标：国家财政收入累计值(亿元)；年内累计；早年真实1月值保留；不是单月
fiscal_revenue_ytd,CHN,2020-12,182895.0,亿元,M,,https://data.stats.gov.cn/dg/website/publicrelease/web/external/stream/esData,来源指标：国家财政收入累计值(亿元)；年内累计；早年真实1月值保留；不是单月
fiscal_revenue_ytd,CHN,2021-02,41805.4,亿元,M,,https://data.stats.gov.cn/dg/website/publicrelease/web/external/stream/esData,来源指标：国家财政收入累计值(亿元)；年内累计；早年真实1月值保留；不是单月
fiscal_revenue_ytd,CHN,2021-03,57115.0,亿元,M,,https://data.stats.gov.cn/dg/website/publicrelease/web/external/stream/esData,来源指标：国家财政收入累计值(亿元)；年内累计；早年真实1月值保留；不是单月
fiscal_revenue_ytd,CHN,2021-04,78008.0,亿元,M,,https://data.stats.gov.cn/dg/website/publicrelease/web/external/stream/esData,来源指标：国家财政收入累计值(亿元)；年内累计；早年真实1月值保留；不是单月
fiscal_revenue_ytd,CHN,2021-05,96454.0,亿元,M,,https://data.stats.gov.cn/dg/website/publicrelease/web/external/stream/esData,来源指标：国家财政收入累计值(亿元)；年内累计；早年真实1月值保留；不是单月
fiscal_revenue_ytd,CHN,2021-06,117116.0,亿元,M,,https://data.stats.gov.cn/dg/website/publicrelease/web/external/stream/esData,来源指标：国家财政收入累计值(亿元)；年内累计；早年真实1月值保留；不是单月
fiscal_revenue_ytd,CHN,2021-07,137716.0,亿元,M,,https://data.stats.gov.cn/dg/website/publicrelease/web/external/stream/esData,来源指标：国家财政收入累计值(亿元)；年内累计；早年真实1月值保留；不是单月
fiscal_revenue_ytd,CHN,2021-08,150088.0,亿元,M,,https://data.stats.gov.cn/dg/website/publicrelease/web/external/stream/esData,来源指标：国家财政收入累计值(亿元)；年内累计；早年真实1月值保留；不是单月
fiscal_revenue_ytd,CHN,2021-09,164020.0,亿元,M,,https://data.stats.gov.cn/dg/website/publicrelease/web/external/stream/esData,来源指标：国家财政收入累计值(亿元)；年内累计；早年真实1月值保留；不是单月
fiscal_revenue_ytd,CHN,2021-10,181526.0,亿元,M,,https://data.stats.gov.cn/dg/website/publicrelease/web/external/stream/esData,来源指标：国家财政收入累计值(亿元)；年内累计；早年真实1月值保留；不是单月
fiscal_revenue_ytd,CHN,2021-11,191252.0,亿元,M,,https://data.stats.gov.cn/dg/website/publicrelease/web/external/stream/esData,来源指标：国家财政收入累计值(亿元)；年内累计；早年真实1月值保留；不是单月
fiscal_revenue_ytd,CHN,2021-12,202539.0,亿元,M,,https://data.stats.gov.cn/dg/website/publicrelease/web/external/stream/esData,来源指标：国家财政收入累计值(亿元)；年内累计；早年真实1月值保留；不是单月
fiscal_revenue_ytd,CHN,2022-02,46203.0,亿元,M,,https://data.stats.gov.cn/dg/website/publicrelease/web/external/stream/esData,来源指标：国家财政收入累计值(亿元)；年内累计；早年真实1月值保留；不是单月
fiscal_revenue_ytd,CHN,2022-03,62037.0,亿元,M,,https://data.stats.gov.cn/dg/website/publicrelease/web/external/stream/esData,来源指标：国家财政收入累计值(亿元)；年内累计；早年真实1月值保留；不是单月
fiscal_revenue_ytd,CHN,2022-04,74293.0,亿元,M,,https://data.stats.gov.cn/dg/website/publicrelease/web/external/stream/esData,来源指标：国家财政收入累计值(亿元)；年内累计；早年真实1月值保留；不是单月
fiscal_revenue_ytd,CHN,2022-05,86739.0,亿元,M,,https://data.stats.gov.cn/dg/website/publicrelease/web/external/stream/esData,来源指标：国家财政收入累计值(亿元)；年内累计；早年真实1月值保留；不是单月
fiscal_revenue_ytd,CHN,2022-06,105221.0,亿元,M,,https://data.stats.gov.cn/dg/website/publicrelease/web/external/stream/esData,来源指标：国家财政收入累计值(亿元)；年内累计；早年真实1月值保留；不是单月
fiscal_revenue_ytd,CHN,2022-07,124981.0,亿元,M,,https://data.stats.gov.cn/dg/website/publicrelease/web/external/stream/esData,来源指标：国家财政收入累计值(亿元)；年内累计；早年真实1月值保留；不是单月
fiscal_revenue_ytd,CHN,2022-08,138043.0,亿元,M,,https://data.stats.gov.cn/dg/website/publicrelease/web/external/stream/esData,来源指标：国家财政收入累计值(亿元)；年内累计；早年真实1月值保留；不是单月
fiscal_revenue_ytd,CHN,2022-09,153151.0,亿元,M,,https://data.stats.gov.cn/dg/website/publicrelease/web/external/stream/esData,来源指标：国家财政收入累计值(亿元)；年内累计；早年真实1月值保留；不是单月
fiscal_revenue_ytd,CHN,2022-10,173397.0,亿元,M,,https://data.stats.gov.cn/dg/website/publicrelease/web/external/stream/esData,来源指标：国家财政收入累计值(亿元)；年内累计；早年真实1月值保留；不是单月
fiscal_revenue_ytd,CHN,2022-11,185518.0,亿元,M,,https://data.stats.gov.cn/dg/website/publicrelease/web/external/stream/esData,来源指标：国家财政收入累计值(亿元)；年内累计；早年真实1月值保留；不是单月
fiscal_revenue_ytd,CHN,2022-12,203703.0,亿元,M,,https://data.stats.gov.cn/dg/website/publicrelease/web/external/stream/esData,来源指标：国家财政收入累计值(亿元)；年内累计；早年真实1月值保留；不是单月
fiscal_revenue_ytd,CHN,2023-02,45642.0,亿元,M,,https://data.stats.gov.cn/dg/website/publicrelease/web/external/stream/esData,来源指标：国家财政收入累计值(亿元)；年内累计；早年真实1月值保留；不是单月
fiscal_revenue_ytd,CHN,2023-03,62341.0,亿元,M,,https://data.stats.gov.cn/dg/website/publicrelease/web/external/stream/esData,来源指标：国家财政收入累计值(亿元)；年内累计；早年真实1月值保留；不是单月
fiscal_revenue_ytd,CHN,2023-04,83171.0,亿元,M,,https://data.stats.gov.cn/dg/website/publicrelease/web/external/stream/esData,来源指标：国家财政收入累计值(亿元)；年内累计；早年真实1月值保留；不是单月
fiscal_revenue_ytd,CHN,2023-05,99692.0,亿元,M,,https://data.stats.gov.cn/dg/website/publicrelease/web/external/stream/esData,来源指标：国家财政收入累计值(亿元)；年内累计；早年真实1月值保留；不是单月
fiscal_revenue_ytd,CHN,2023-06,119203.0,亿元,M,,https://data.stats.gov.cn/dg/website/publicrelease/web/external/stream/esData,来源指标：国家财政收入累计值(亿元)；年内累计；早年真实1月值保留；不是单月
fiscal_revenue_ytd,CHN,2023-07,139334.0,亿元,M,,https://data.stats.gov.cn/dg/website/publicrelease/web/external/stream/esData,来源指标：国家财政收入累计值(亿元)；年内累计；早年真实1月值保留；不是单月
fiscal_revenue_ytd,CHN,2023-08,151796.0,亿元,M,,https://data.stats.gov.cn/dg/website/publicrelease/web/external/stream/esData,来源指标：国家财政收入累计值(亿元)；年内累计；早年真实1月值保留；不是单月
fiscal_revenue_ytd,CHN,2023-09,166713.0,亿元,M,,https://data.stats.gov.cn/dg/website/publicrelease/web/external/stream/esData,来源指标：国家财政收入累计值(亿元)；年内累计；早年真实1月值保留；不是单月
fiscal_revenue_ytd,CHN,2023-10,187494.0,亿元,M,,https://data.stats.gov.cn/dg/website/publicrelease/web/external/stream/esData,来源指标：国家财政收入累计值(亿元)；年内累计；早年真实1月值保留；不是单月
fiscal_revenue_ytd,CHN,2023-11,200131.0,亿元,M,,https://data.stats.gov.cn/dg/website/publicrelease/web/external/stream/esData,来源指标：国家财政收入累计值(亿元)；年内累计；早年真实1月值保留；不是单月
fiscal_revenue_ytd,CHN,2023-12,216784.0,亿元,M,,https://data.stats.gov.cn/dg/website/publicrelease/web/external/stream/esData,来源指标：国家财政收入累计值(亿元)；年内累计；早年真实1月值保留；不是单月
fiscal_revenue_ytd,CHN,2024-02,44585.0,亿元,M,,https://data.stats.gov.cn/dg/website/publicrelease/web/external/stream/esData,来源指标：国家财政收入累计值(亿元)；年内累计；早年真实1月值保留；不是单月
fiscal_revenue_ytd,CHN,2024-03,60877.0,亿元,M,,https://data.stats.gov.cn/dg/website/publicrelease/web/external/stream/esData,来源指标：国家财政收入累计值(亿元)；年内累计；早年真实1月值保留；不是单月
fiscal_revenue_ytd,CHN,2024-04,80926.0,亿元,M,,https://data.stats.gov.cn/dg/website/publicrelease/web/external/stream/esData,来源指标：国家财政收入累计值(亿元)；年内累计；早年真实1月值保留；不是单月
fiscal_revenue_ytd,CHN,2024-05,96912.0,亿元,M,,https://data.stats.gov.cn/dg/website/publicrelease/web/external/stream/esData,来源指标：国家财政收入累计值(亿元)；年内累计；早年真实1月值保留；不是单月
fiscal_revenue_ytd,CHN,2024-06,115913.0,亿元,M,,https://data.stats.gov.cn/dg/website/publicrelease/web/external/stream/esData,来源指标：国家财政收入累计值(亿元)；年内累计；早年真实1月值保留；不是单月
fiscal_revenue_ytd,CHN,2024-07,135663.0,亿元,M,,https://data.stats.gov.cn/dg/website/publicrelease/web/external/stream/esData,来源指标：国家财政收入累计值(亿元)；年内累计；早年真实1月值保留；不是单月
fiscal_revenue_ytd,CHN,2024-08,147776.0,亿元,M,,https://data.stats.gov.cn/dg/website/publicrelease/web/external/stream/esData,来源指标：国家财政收入累计值(亿元)；年内累计；早年真实1月值保留；不是单月
fiscal_revenue_ytd,CHN,2024-09,163059.0,亿元,M,,https://data.stats.gov.cn/dg/website/publicrelease/web/external/stream/esData,来源指标：国家财政收入累计值(亿元)；年内累计；早年真实1月值保留；不是单月
fiscal_revenue_ytd,CHN,2024-10,184981.0,亿元,M,,https://data.stats.gov.cn/dg/website/publicrelease/web/external/stream/esData,来源指标：国家财政收入累计值(亿元)；年内累计；早年真实1月值保留；不是单月
fiscal_revenue_ytd,CHN,2024-11,199010.0,亿元,M,,https://data.stats.gov.cn/dg/website/publicrelease/web/external/stream/esData,来源指标：国家财政收入累计值(亿元)；年内累计；早年真实1月值保留；不是单月
fiscal_revenue_ytd,CHN,2024-12,219702.0,亿元,M,,https://data.stats.gov.cn/dg/website/publicrelease/web/external/stream/esData,来源指标：国家财政收入累计值(亿元)；年内累计；早年真实1月值保留；不是单月
fiscal_revenue_ytd,CHN,2025-02,43856.0,亿元,M,,https://data.stats.gov.cn/dg/website/publicrelease/web/external/stream/esData,来源指标：国家财政收入累计值(亿元)；年内累计；早年真实1月值保留；不是单月
fiscal_revenue_ytd,CHN,2025-03,60189.0,亿元,M,,https://data.stats.gov.cn/dg/website/publicrelease/web/external/stream/esData,来源指标：国家财政收入累计值(亿元)；年内累计；早年真实1月值保留；不是单月
fiscal_revenue_ytd,CHN,2025-04,80616.0,亿元,M,,https://data.stats.gov.cn/dg/website/publicrelease/web/external/stream/esData,来源指标：国家财政收入累计值(亿元)；年内累计；早年真实1月值保留；不是单月
fiscal_revenue_ytd,CHN,2025-05,96623.0,亿元,M,,https://data.stats.gov.cn/dg/website/publicrelease/web/external/stream/esData,来源指标：国家财政收入累计值(亿元)；年内累计；早年真实1月值保留；不是单月
fiscal_revenue_ytd,CHN,2025-06,115566.0,亿元,M,,https://data.stats.gov.cn/dg/website/publicrelease/web/external/stream/esData,来源指标：国家财政收入累计值(亿元)；年内累计；早年真实1月值保留；不是单月
fiscal_revenue_ytd,CHN,2025-07,135839.0,亿元,M,,https://data.stats.gov.cn/dg/website/publicrelease/web/external/stream/esData,来源指标：国家财政收入累计值(亿元)；年内累计；早年真实1月值保留；不是单月
fiscal_revenue_ytd,CHN,2025-08,148198.0,亿元,M,,https://data.stats.gov.cn/dg/website/publicrelease/web/external/stream/esData,来源指标：国家财政收入累计值(亿元)；年内累计；早年真实1月值保留；不是单月
fiscal_revenue_ytd,CHN,2025-09,163876.0,亿元,M,,https://data.stats.gov.cn/dg/website/publicrelease/web/external/stream/esData,来源指标：国家财政收入累计值(亿元)；年内累计；早年真实1月值保留；不是单月
fiscal_revenue_ytd,CHN,2025-10,186490.0,亿元,M,,https://data.stats.gov.cn/dg/website/publicrelease/web/external/stream/esData,来源指标：国家财政收入累计值(亿元)；年内累计；早年真实1月值保留；不是单月
fiscal_revenue_ytd,CHN,2025-11,200516.0,亿元,M,,https://data.stats.gov.cn/dg/website/publicrelease/web/external/stream/esData,来源指标：国家财政收入累计值(亿元)；年内累计；早年真实1月值保留；不是单月
fiscal_revenue_ytd,CHN,2025-12,216045.0,亿元,M,,https://data.stats.gov.cn/dg/website/publicrelease/web/external/stream/esData,来源指标：国家财政收入累计值(亿元)；年内累计；早年真实1月值保留；不是单月
fiscal_revenue_ytd,CHN,2026-02,44154.0,亿元,M,,https://data.stats.gov.cn/dg/website/publicrelease/web/external/stream/esData,来源指标：国家财政收入累计值(亿元)；年内累计；早年真实1月值保留；不是单月
fiscal_revenue_ytd,CHN,2026-03,61613.0,亿元,M,,https://data.stats.gov.cn/dg/website/publicrelease/web/external/stream/esData,来源指标：国家财政收入累计值(亿元)；年内累计；早年真实1月值保留；不是单月
fiscal_revenue_ytd,CHN,2026-04,83404.0,亿元,M,,https://data.stats.gov.cn/dg/website/publicrelease/web/external/stream/esData,来源指标：国家财政收入累计值(亿元)；年内累计；早年真实1月值保留；不是单月
fiscal_revenue_ytd,CHN,2026-05,100465.0,亿元,M,,https://data.stats.gov.cn/dg/website/publicrelease/web/external/stream/esData,来源指标：国家财政收入累计值(亿元)；年内累计；早年真实1月值保留；不是单月
fiscal_revenue_ytd,CHN,2026-06,121047.0,亿元,M,,https://data.stats.gov.cn/dg/website/publicrelease/web/external/stream/esData,来源指标：国家财政收入累计值(亿元)；年内累计；早年真实1月值保留；不是单月
fiscal_revenue_ytd,CHN,2026-07,143696.0,亿元,M,,https://data.stats.gov.cn/dg/website/publicrelease/web/external/stream/esData,来源指标：国家财政收入累计值(亿元)；年内累计；早年真实1月值保留；不是单月
fiscal_revenue_ytd,CHN,2026-08,156633,亿元,M,2026-09-18,https://gks.mof.gov.cn/tongjishuju/202609/t20260918_3997709.htm,"年内累计执行数，不是单月；原文：1-8月,全国一般公共预算收入156633亿元,同比增长5.7%。"
fiscal_revenue_ytd_yoy,CHN,1998-02,9.3,%,M,,https://data.stats.gov.cn/dg/website/publicrelease/web/external/stream/esData,来源指标：国家财政收入累计增长(%)；年内累计；早年真实1月值保留；不是单月；官方增速，不从金额重算
fiscal_revenue_ytd_yoy,CHN,1998-03,8.7,%,M,,https://data.stats.gov.cn/dg/website/publicrelease/web/external/stream/esData,来源指标：国家财政收入累计增长(%)；年内累计；早年真实1月值保留；不是单月；官方增速，不从金额重算
fiscal_revenue_ytd_yoy,CHN,1998-04,9.6,%,M,,https://data.stats.gov.cn/dg/website/publicrelease/web/external/stream/esData,来源指标：国家财政收入累计增长(%)；年内累计；早年真实1月值保留；不是单月；官方增速，不从金额重算
fiscal_revenue_ytd_yoy,CHN,1998-05,7.7,%,M,,https://data.stats.gov.cn/dg/website/publicrelease/web/external/stream/esData,来源指标：国家财政收入累计增长(%)；年内累计；早年真实1月值保留；不是单月；官方增速，不从金额重算
fiscal_revenue_ytd_yoy,CHN,1998-06,9.2,%,M,,https://data.stats.gov.cn/dg/website/publicrelease/web/external/stream/esData,来源指标：国家财政收入累计增长(%)；年内累计；早年真实1月值保留；不是单月；官方增速，不从金额重算
fiscal_revenue_ytd_yoy,CHN,1998-07,8.6,%,M,,https://data.stats.gov.cn/dg/website/publicrelease/web/external/stream/esData,来源指标：国家财政收入累计增长(%)；年内累计；早年真实1月值保留；不是单月；官方增速，不从金额重算
fiscal_revenue_ytd_yoy,CHN,1998-08,8.9,%,M,,https://data.stats.gov.cn/dg/website/publicrelease/web/external/stream/esData,来源指标：国家财政收入累计增长(%)；年内累计；早年真实1月值保留；不是单月；官方增速，不从金额重算
fiscal_revenue_ytd_yoy,CHN,1998-09,10.4,%,M,,https://data.stats.gov.cn/dg/website/publicrelease/web/external/stream/esData,来源指标：国家财政收入累计增长(%)；年内累计；早年真实1月值保留；不是单月；官方增速，不从金额重算
fiscal_revenue_ytd_yoy,CHN,1998-10,10.0,%,M,,https://data.stats.gov.cn/dg/website/publicrelease/web/external/stream/esData,来源指标：国家财政收入累计增长(%)；年内累计；早年真实1月值保留；不是单月；官方增速，不从金额重算
fiscal_revenue_ytd_yoy,CHN,1998-11,11.6,%,M,,https://data.stats.gov.cn/dg/website/publicrelease/web/external/stream/esData,来源指标：国家财政收入累计增长(%)；年内累计；早年真实1月值保留；不是单月；官方增速，不从金额重算
fiscal_revenue_ytd_yoy,CHN,1999-02,28.6,%,M,,https://data.stats.gov.cn/dg/website/publicrelease/web/external/stream/esData,来源指标：国家财政收入累计增长(%)；年内累计；早年真实1月值保留；不是单月；官方增速，不从金额重算
fiscal_revenue_ytd_yoy,CHN,1999-03,26.1,%,M,,https://data.stats.gov.cn/dg/website/publicrelease/web/external/stream/esData,来源指标：国家财政收入累计增长(%)；年内累计；早年真实1月值保留；不是单月；官方增速，不从金额重算
fiscal_revenue_ytd_yoy,CHN,1999-04,24.6,%,M,,https://data.stats.gov.cn/dg/website/publicrelease/web/external/stream/esData,来源指标：国家财政收入累计增长(%)；年内累计；早年真实1月值保留；不是单月；官方增速，不从金额重算
fiscal_revenue_ytd_yoy,CHN,1999-05,24.9,%,M,,https://data.stats.gov.cn/dg/website/publicrelease/web/external/stream/esData,来源指标：国家财政收入累计增长(%)；年内累计；早年真实1月值保留；不是单月；官方增速，不从金额重算
fiscal_revenue_ytd_yoy,CHN,1999-06,24.3,%,M,,https://data.stats.gov.cn/dg/website/publicrelease/web/external/stream/esData,来源指标：国家财政收入累计增长(%)；年内累计；早年真实1月值保留；不是单月；官方增速，不从金额重算
fiscal_revenue_ytd_yoy,CHN,1999-07,23.7,%,M,,https://data.stats.gov.cn/dg/website/publicrelease/web/external/stream/esData,来源指标：国家财政收入累计增长(%)；年内累计；早年真实1月值保留；不是单月；官方增速，不从金额重算
fiscal_revenue_ytd_yoy,CHN,1999-08,22.8,%,M,,https://data.stats.gov.cn/dg/website/publicrelease/web/external/stream/esData,来源指标：国家财政收入累计增长(%)；年内累计；早年真实1月值保留；不是单月；官方增速，不从金额重算
fiscal_revenue_ytd_yoy,CHN,1999-09,21.0,%,M,,https://data.stats.gov.cn/dg/website/publicrelease/web/external/stream/esData,来源指标：国家财政收入累计增长(%)；年内累计；早年真实1月值保留；不是单月；官方增速，不从金额重算
fiscal_revenue_ytd_yoy,CHN,1999-10,19.4,%,M,,https://data.stats.gov.cn/dg/website/publicrelease/web/external/stream/esData,来源指标：国家财政收入累计增长(%)；年内累计；早年真实1月值保留；不是单月；官方增速，不从金额重算
fiscal_revenue_ytd_yoy,CHN,1999-11,18.2,%,M,,https://data.stats.gov.cn/dg/website/publicrelease/web/external/stream/esData,来源指标：国家财政收入累计增长(%)；年内累计；早年真实1月值保留；不是单月；官方增速，不从金额重算
fiscal_revenue_ytd_yoy,CHN,2000-02,25.3,%,M,,https://data.stats.gov.cn/dg/website/publicrelease/web/external/stream/esData,来源指标：国家财政收入累计增长(%)；年内累计；早年真实1月值保留；不是单月；官方增速，不从金额重算
fiscal_revenue_ytd_yoy,CHN,2000-03,23.8,%,M,,https://data.stats.gov.cn/dg/website/publicrelease/web/external/stream/esData,来源指标：国家财政收入累计增长(%)；年内累计；早年真实1月值保留；不是单月；官方增速，不从金额重算
fiscal_revenue_ytd_yoy,CHN,2000-04,22.8,%,M,,https://data.stats.gov.cn/dg/website/publicrelease/web/external/stream/esData,来源指标：国家财政收入累计增长(%)；年内累计；早年真实1月值保留；不是单月；官方增速，不从金额重算
fiscal_revenue_ytd_yoy,CHN,2000-05,20.6,%,M,,https://data.stats.gov.cn/dg/website/publicrelease/web/external/stream/esData,来源指标：国家财政收入累计增长(%)；年内累计；早年真实1月值保留；不是单月；官方增速，不从金额重算
fiscal_revenue_ytd_yoy,CHN,2000-06,17.9,%,M,,https://data.stats.gov.cn/dg/website/publicrelease/web/external/stream/esData,来源指标：国家财政收入累计增长(%)；年内累计；早年真实1月值保留；不是单月；官方增速，不从金额重算
fiscal_revenue_ytd_yoy,CHN,2000-07,17.4,%,M,,https://data.stats.gov.cn/dg/website/publicrelease/web/external/stream/esData,来源指标：国家财政收入累计增长(%)；年内累计；早年真实1月值保留；不是单月；官方增速，不从金额重算
fiscal_revenue_ytd_yoy,CHN,2000-08,19.8,%,M,,https://data.stats.gov.cn/dg/website/publicrelease/web/external/stream/esData,来源指标：国家财政收入累计增长(%)；年内累计；早年真实1月值保留；不是单月；官方增速，不从金额重算
fiscal_revenue_ytd_yoy,CHN,2000-09,20.8,%,M,,https://data.stats.gov.cn/dg/website/publicrelease/web/external/stream/esData,来源指标：国家财政收入累计增长(%)；年内累计；早年真实1月值保留；不是单月；官方增速，不从金额重算
fiscal_revenue_ytd_yoy,CHN,2000-10,21.6,%,M,,https://data.stats.gov.cn/dg/website/publicrelease/web/external/stream/esData,来源指标：国家财政收入累计增长(%)；年内累计；早年真实1月值保留；不是单月；官方增速，不从金额重算
fiscal_revenue_ytd_yoy,CHN,2000-11,21.2,%,M,,https://data.stats.gov.cn/dg/website/publicrelease/web/external/stream/esData,来源指标：国家财政收入累计增长(%)；年内累计；早年真实1月值保留；不是单月；官方增速，不从金额重算
fiscal_revenue_ytd_yoy,CHN,2001-02,32.1,%,M,,https://data.stats.gov.cn/dg/website/publicrelease/web/external/stream/esData,来源指标：国家财政收入累计增长(%)；年内累计；早年真实1月值保留；不是单月；官方增速，不从金额重算
fiscal_revenue_ytd_yoy,CHN,2001-03,27.9,%,M,,https://data.stats.gov.cn/dg/website/publicrelease/web/external/stream/esData,来源指标：国家财政收入累计增长(%)；年内累计；早年真实1月值保留；不是单月；官方增速，不从金额重算
fiscal_revenue_ytd_yoy,CHN,2001-04,28.8,%,M,,https://data.stats.gov.cn/dg/website/publicrelease/web/external/stream/esData,来源指标：国家财政收入累计增长(%)；年内累计；早年真实1月值保留；不是单月；官方增速，不从金额重算
fiscal_revenue_ytd_yoy,CHN,2001-05,28.9,%,M,,https://data.stats.gov.cn/dg/website/publicrelease/web/external/stream/esData,来源指标：国家财政收入累计增长(%)；年内累计；早年真实1月值保留；不是单月；官方增速，不从金额重算
fiscal_revenue_ytd_yoy,CHN,2001-06,26.2,%,M,,https://data.stats.gov.cn/dg/website/publicrelease/web/external/stream/esData,来源指标：国家财政收入累计增长(%)；年内累计；早年真实1月值保留；不是单月；官方增速，不从金额重算
fiscal_revenue_ytd_yoy,CHN,2001-07,25.4,%,M,,https://data.stats.gov.cn/dg/website/publicrelease/web/external/stream/esData,来源指标：国家财政收入累计增长(%)；年内累计；早年真实1月值保留；不是单月；官方增速，不从金额重算
fiscal_revenue_ytd_yoy,CHN,2001-08,24.7,%,M,,https://data.stats.gov.cn/dg/website/publicrelease/web/external/stream/esData,来源指标：国家财政收入累计增长(%)；年内累计；早年真实1月值保留；不是单月；官方增速，不从金额重算
fiscal_revenue_ytd_yoy,CHN,2001-09,24.2,%,M,,https://data.stats.gov.cn/dg/website/publicrelease/web/external/stream/esData,来源指标：国家财政收入累计增长(%)；年内累计；早年真实1月值保留；不是单月；官方增速，不从金额重算
fiscal_revenue_ytd_yoy,CHN,2001-10,23.8,%,M,,https://data.stats.gov.cn/dg/website/publicrelease/web/external/stream/esData,来源指标：国家财政收入累计增长(%)；年内累计；早年真实1月值保留；不是单月；官方增速，不从金额重算
fiscal_revenue_ytd_yoy,CHN,2001-11,23.1,%,M,,https://data.stats.gov.cn/dg/website/publicrelease/web/external/stream/esData,来源指标：国家财政收入累计增长(%)；年内累计；早年真实1月值保留；不是单月；官方增速，不从金额重算
fiscal_revenue_ytd_yoy,CHN,2002-02,4.4,%,M,,https://data.stats.gov.cn/dg/website/publicrelease/web/external/stream/esData,来源指标：国家财政收入累计增长(%)；年内累计；早年真实1月值保留；不是单月；官方增速，不从金额重算
fiscal_revenue_ytd_yoy,CHN,2002-03,3.4,%,M,,https://data.stats.gov.cn/dg/website/publicrelease/web/external/stream/esData,来源指标：国家财政收入累计增长(%)；年内累计；早年真实1月值保留；不是单月；官方增速，不从金额重算
fiscal_revenue_ytd_yoy,CHN,2002-04,6.9,%,M,,https://data.stats.gov.cn/dg/website/publicrelease/web/external/stream/esData,来源指标：国家财政收入累计增长(%)；年内累计；早年真实1月值保留；不是单月；官方增速，不从金额重算
fiscal_revenue_ytd_yoy,CHN,2002-05,9.3,%,M,,https://data.stats.gov.cn/dg/website/publicrelease/web/external/stream/esData,来源指标：国家财政收入累计增长(%)；年内累计；早年真实1月值保留；不是单月；官方增速，不从金额重算
fiscal_revenue_ytd_yoy,CHN,2002-06,9.2,%,M,,https://data.stats.gov.cn/dg/website/publicrelease/web/external/stream/esData,来源指标：国家财政收入累计增长(%)；年内累计；早年真实1月值保留；不是单月；官方增速，不从金额重算
fiscal_revenue_ytd_yoy,CHN,2002-07,10.6,%,M,,https://data.stats.gov.cn/dg/website/publicrelease/web/external/stream/esData,来源指标：国家财政收入累计增长(%)；年内累计；早年真实1月值保留；不是单月；官方增速，不从金额重算
fiscal_revenue_ytd_yoy,CHN,2002-08,10.2,%,M,,https://data.stats.gov.cn/dg/website/publicrelease/web/external/stream/esData,来源指标：国家财政收入累计增长(%)；年内累计；早年真实1月值保留；不是单月；官方增速，不从金额重算
fiscal_revenue_ytd_yoy,CHN,2002-09,10.9,%,M,,https://data.stats.gov.cn/dg/website/publicrelease/web/external/stream/esData,来源指标：国家财政收入累计增长(%)；年内累计；早年真实1月值保留；不是单月；官方增速，不从金额重算
fiscal_revenue_ytd_yoy,CHN,2002-10,12.1,%,M,,https://data.stats.gov.cn/dg/website/publicrelease/web/external/stream/esData,来源指标：国家财政收入累计增长(%)；年内累计；早年真实1月值保留；不是单月；官方增速，不从金额重算
fiscal_revenue_ytd_yoy,CHN,2002-11,12.4,%,M,,https://data.stats.gov.cn/dg/website/publicrelease/web/external/stream/esData,来源指标：国家财政收入累计增长(%)；年内累计；早年真实1月值保留；不是单月；官方增速，不从金额重算
fiscal_revenue_ytd_yoy,CHN,2003-02,40.5,%,M,,https://data.stats.gov.cn/dg/website/publicrelease/web/external/stream/esData,来源指标：国家财政收入累计增长(%)；年内累计；早年真实1月值保留；不是单月；官方增速，不从金额重算
fiscal_revenue_ytd_yoy,CHN,2003-03,36.7,%,M,,https://data.stats.gov.cn/dg/website/publicrelease/web/external/stream/esData,来源指标：国家财政收入累计增长(%)；年内累计；早年真实1月值保留；不是单月；官方增速，不从金额重算
fiscal_revenue_ytd_yoy,CHN,2003-04,29.9,%,M,,https://data.stats.gov.cn/dg/website/publicrelease/web/external/stream/esData,来源指标：国家财政收入累计增长(%)；年内累计；早年真实1月值保留；不是单月；官方增速，不从金额重算
fiscal_revenue_ytd_yoy,CHN,2003-05,28.0,%,M,,https://data.stats.gov.cn/dg/website/publicrelease/web/external/stream/esData,来源指标：国家财政收入累计增长(%)；年内累计；早年真实1月值保留；不是单月；官方增速，不从金额重算
fiscal_revenue_ytd_yoy,CHN,2003-06,27.4,%,M,,https://data.stats.gov.cn/dg/website/publicrelease/web/external/stream/esData,来源指标：国家财政收入累计增长(%)；年内累计；早年真实1月值保留；不是单月；官方增速，不从金额重算
fiscal_revenue_ytd_yoy,CHN,2003-07,25.3,%,M,,https://data.stats.gov.cn/dg/website/publicrelease/web/external/stream/esData,来源指标：国家财政收入累计增长(%)；年内累计；早年真实1月值保留；不是单月；官方增速，不从金额重算
fiscal_revenue_ytd_yoy,CHN,2003-08,23.1,%,M,,https://data.stats.gov.cn/dg/website/publicrelease/web/external/stream/esData,来源指标：国家财政收入累计增长(%)；年内累计；早年真实1月值保留；不是单月；官方增速，不从金额重算
fiscal_revenue_ytd_yoy,CHN,2003-09,22.5,%,M,,https://data.stats.gov.cn/dg/website/publicrelease/web/external/stream/esData,来源指标：国家财政收入累计增长(%)；年内累计；早年真实1月值保留；不是单月；官方增速，不从金额重算
fiscal_revenue_ytd_yoy,CHN,2003-10,21.1,%,M,,https://data.stats.gov.cn/dg/website/publicrelease/web/external/stream/esData,来源指标：国家财政收入累计增长(%)；年内累计；早年真实1月值保留；不是单月；官方增速，不从金额重算
fiscal_revenue_ytd_yoy,CHN,2003-11,19.9,%,M,,https://data.stats.gov.cn/dg/website/publicrelease/web/external/stream/esData,来源指标：国家财政收入累计增长(%)；年内累计；早年真实1月值保留；不是单月；官方增速，不从金额重算
fiscal_revenue_ytd_yoy,CHN,2004-02,32.8,%,M,,https://data.stats.gov.cn/dg/website/publicrelease/web/external/stream/esData,来源指标：国家财政收入累计增长(%)；年内累计；早年真实1月值保留；不是单月；官方增速，不从金额重算
fiscal_revenue_ytd_yoy,CHN,2004-03,33.4,%,M,,https://data.stats.gov.cn/dg/website/publicrelease/web/external/stream/esData,来源指标：国家财政收入累计增长(%)；年内累计；早年真实1月值保留；不是单月；官方增速，不从金额重算
fiscal_revenue_ytd_yoy,CHN,2004-04,34.8,%,M,,https://data.stats.gov.cn/dg/website/publicrelease/web/external/stream/esData,来源指标：国家财政收入累计增长(%)；年内累计；早年真实1月值保留；不是单月；官方增速，不从金额重算
fiscal_revenue_ytd_yoy,CHN,2004-05,32.4,%,M,,https://data.stats.gov.cn/dg/website/publicrelease/web/external/stream/esData,来源指标：国家财政收入累计增长(%)；年内累计；早年真实1月值保留；不是单月；官方增速，不从金额重算
fiscal_revenue_ytd_yoy,CHN,2004-06,30.6,%,M,,https://data.stats.gov.cn/dg/website/publicrelease/web/external/stream/esData,来源指标：国家财政收入累计增长(%)；年内累计；早年真实1月值保留；不是单月；官方增速，不从金额重算
fiscal_revenue_ytd_yoy,CHN,2004-07,30.1,%,M,,https://data.stats.gov.cn/dg/website/publicrelease/web/external/stream/esData,来源指标：国家财政收入累计增长(%)；年内累计；早年真实1月值保留；不是单月；官方增速，不从金额重算
fiscal_revenue_ytd_yoy,CHN,2004-08,28.7,%,M,,https://data.stats.gov.cn/dg/website/publicrelease/web/external/stream/esData,来源指标：国家财政收入累计增长(%)；年内累计；早年真实1月值保留；不是单月；官方增速，不从金额重算
fiscal_revenue_ytd_yoy,CHN,2004-09,26.2,%,M,,https://data.stats.gov.cn/dg/website/publicrelease/web/external/stream/esData,来源指标：国家财政收入累计增长(%)；年内累计；早年真实1月值保留；不是单月；官方增速，不从金额重算
fiscal_revenue_ytd_yoy,CHN,2004-10,24.6,%,M,,https://data.stats.gov.cn/dg/website/publicrelease/web/external/stream/esData,来源指标：国家财政收入累计增长(%)；年内累计；早年真实1月值保留；不是单月；官方增速，不从金额重算
fiscal_revenue_ytd_yoy,CHN,2004-11,23.5,%,M,,https://data.stats.gov.cn/dg/website/publicrelease/web/external/stream/esData,来源指标：国家财政收入累计增长(%)；年内累计；早年真实1月值保留；不是单月；官方增速，不从金额重算
fiscal_revenue_ytd_yoy,CHN,2005-02,13.4,%,M,,https://data.stats.gov.cn/dg/website/publicrelease/web/external/stream/esData,来源指标：国家财政收入累计增长(%)；年内累计；早年真实1月值保留；不是单月；官方增速，不从金额重算
fiscal_revenue_ytd_yoy,CHN,2005-03,12.1,%,M,,https://data.stats.gov.cn/dg/website/publicrelease/web/external/stream/esData,来源指标：国家财政收入累计增长(%)；年内累计；早年真实1月值保留；不是单月；官方增速，不从金额重算
fiscal_revenue_ytd_yoy,CHN,2005-04,12.9,%,M,,https://data.stats.gov.cn/dg/website/publicrelease/web/external/stream/esData,来源指标：国家财政收入累计增长(%)；年内累计；早年真实1月值保留；不是单月；官方增速，不从金额重算
fiscal_revenue_ytd_yoy,CHN,2005-05,13.1,%,M,,https://data.stats.gov.cn/dg/website/publicrelease/web/external/stream/esData,来源指标：国家财政收入累计增长(%)；年内累计；早年真实1月值保留；不是单月；官方增速，不从金额重算
fiscal_revenue_ytd_yoy,CHN,2005-06,14.6,%,M,,https://data.stats.gov.cn/dg/website/publicrelease/web/external/stream/esData,来源指标：国家财政收入累计增长(%)；年内累计；早年真实1月值保留；不是单月；官方增速，不从金额重算
fiscal_revenue_ytd_yoy,CHN,2005-07,15.2,%,M,,https://data.stats.gov.cn/dg/website/publicrelease/web/external/stream/esData,来源指标：国家财政收入累计增长(%)；年内累计；早年真实1月值保留；不是单月；官方增速，不从金额重算
fiscal_revenue_ytd_yoy,CHN,2005-08,15.9,%,M,,https://data.stats.gov.cn/dg/website/publicrelease/web/external/stream/esData,来源指标：国家财政收入累计增长(%)；年内累计；早年真实1月值保留；不是单月；官方增速，不从金额重算
fiscal_revenue_ytd_yoy,CHN,2005-09,16.7,%,M,,https://data.stats.gov.cn/dg/website/publicrelease/web/external/stream/esData,来源指标：国家财政收入累计增长(%)；年内累计；早年真实1月值保留；不是单月；官方增速，不从金额重算
fiscal_revenue_ytd_yoy,CHN,2005-10,18.2,%,M,,https://data.stats.gov.cn/dg/website/publicrelease/web/external/stream/esData,来源指标：国家财政收入累计增长(%)；年内累计；早年真实1月值保留；不是单月；官方增速，不从金额重算
fiscal_revenue_ytd_yoy,CHN,2005-11,18.5,%,M,,https://data.stats.gov.cn/dg/website/publicrelease/web/external/stream/esData,来源指标：国家财政收入累计增长(%)；年内累计；早年真实1月值保留；不是单月；官方增速，不从金额重算
fiscal_revenue_ytd_yoy,CHN,2006-02,21.7,%,M,,https://data.stats.gov.cn/dg/website/publicrelease/web/external/stream/esData,来源指标：国家财政收入累计增长(%)；年内累计；早年真实1月值保留；不是单月；官方增速，不从金额重算
fiscal_revenue_ytd_yoy,CHN,2006-03,19.5,%,M,,https://data.stats.gov.cn/dg/website/publicrelease/web/external/stream/esData,来源指标：国家财政收入累计增长(%)；年内累计；早年真实1月值保留；不是单月；官方增速，不从金额重算
fiscal_revenue_ytd_yoy,CHN,2006-04,22.7,%,M,,https://data.stats.gov.cn/dg/website/publicrelease/web/external/stream/esData,来源指标：国家财政收入累计增长(%)；年内累计；早年真实1月值保留；不是单月；官方增速，不从金额重算
fiscal_revenue_ytd_yoy,CHN,2006-05,22.8,%,M,,https://data.stats.gov.cn/dg/website/publicrelease/web/external/stream/esData,来源指标：国家财政收入累计增长(%)；年内累计；早年真实1月值保留；不是单月；官方增速，不从金额重算
fiscal_revenue_ytd_yoy,CHN,2006-06,22.0,%,M,,https://data.stats.gov.cn/dg/website/publicrelease/web/external/stream/esData,来源指标：国家财政收入累计增长(%)；年内累计；早年真实1月值保留；不是单月；官方增速，不从金额重算
fiscal_revenue_ytd_yoy,CHN,2006-07,24.2,%,M,,https://data.stats.gov.cn/dg/website/publicrelease/web/external/stream/esData,来源指标：国家财政收入累计增长(%)；年内累计；早年真实1月值保留；不是单月；官方增速，不从金额重算
fiscal_revenue_ytd_yoy,CHN,2006-08,24.9,%,M,,https://data.stats.gov.cn/dg/website/publicrelease/web/external/stream/esData,来源指标：国家财政收入累计增长(%)；年内累计；早年真实1月值保留；不是单月；官方增速，不从金额重算
fiscal_revenue_ytd_yoy,CHN,2006-09,24.6,%,M,,https://data.stats.gov.cn/dg/website/publicrelease/web/external/stream/esData,来源指标：国家财政收入累计增长(%)；年内累计；早年真实1月值保留；不是单月；官方增速，不从金额重算
fiscal_revenue_ytd_yoy,CHN,2006-10,25.1,%,M,,https://data.stats.gov.cn/dg/website/publicrelease/web/external/stream/esData,来源指标：国家财政收入累计增长(%)；年内累计；早年真实1月值保留；不是单月；官方增速，不从金额重算
fiscal_revenue_ytd_yoy,CHN,2006-11,24.7,%,M,,https://data.stats.gov.cn/dg/website/publicrelease/web/external/stream/esData,来源指标：国家财政收入累计增长(%)；年内累计；早年真实1月值保留；不是单月；官方增速，不从金额重算
fiscal_revenue_ytd_yoy,CHN,2007-02,28.7,%,M,,https://data.stats.gov.cn/dg/website/publicrelease/web/external/stream/esData,来源指标：国家财政收入累计增长(%)；年内累计；早年真实1月值保留；不是单月；官方增速，不从金额重算
fiscal_revenue_ytd_yoy,CHN,2007-03,26.7,%,M,,https://data.stats.gov.cn/dg/website/publicrelease/web/external/stream/esData,来源指标：国家财政收入累计增长(%)；年内累计；早年真实1月值保留；不是单月；官方增速，不从金额重算
fiscal_revenue_ytd_yoy,CHN,2007-04,29.8,%,M,,https://data.stats.gov.cn/dg/website/publicrelease/web/external/stream/esData,来源指标：国家财政收入累计增长(%)；年内累计；早年真实1月值保留；不是单月；官方增速，不从金额重算
fiscal_revenue_ytd_yoy,CHN,2007-05,30.6,%,M,,https://data.stats.gov.cn/dg/website/publicrelease/web/external/stream/esData,来源指标：国家财政收入累计增长(%)；年内累计；早年真实1月值保留；不是单月；官方增速，不从金额重算
fiscal_revenue_ytd_yoy,CHN,2007-06,30.6,%,M,,https://data.stats.gov.cn/dg/website/publicrelease/web/external/stream/esData,来源指标：国家财政收入累计增长(%)；年内累计；早年真实1月值保留；不是单月；官方增速，不从金额重算
fiscal_revenue_ytd_yoy,CHN,2007-07,30.3,%,M,,https://data.stats.gov.cn/dg/website/publicrelease/web/external/stream/esData,来源指标：国家财政收入累计增长(%)；年内累计；早年真实1月值保留；不是单月；官方增速，不从金额重算
fiscal_revenue_ytd_yoy,CHN,2007-08,30.2,%,M,,https://data.stats.gov.cn/dg/website/publicrelease/web/external/stream/esData,来源指标：国家财政收入累计增长(%)；年内累计；早年真实1月值保留；不是单月；官方增速，不从金额重算
fiscal_revenue_ytd_yoy,CHN,2007-09,31.4,%,M,,https://data.stats.gov.cn/dg/website/publicrelease/web/external/stream/esData,来源指标：国家财政收入累计增长(%)；年内累计；早年真实1月值保留；不是单月；官方增速，不从金额重算
fiscal_revenue_ytd_yoy,CHN,2007-10,32.4,%,M,,https://data.stats.gov.cn/dg/website/publicrelease/web/external/stream/esData,来源指标：国家财政收入累计增长(%)；年内累计；早年真实1月值保留；不是单月；官方增速，不从金额重算
fiscal_revenue_ytd_yoy,CHN,2007-11,33.5,%,M,,https://data.stats.gov.cn/dg/website/publicrelease/web/external/stream/esData,来源指标：国家财政收入累计增长(%)；年内累计；早年真实1月值保留；不是单月；官方增速，不从金额重算
fiscal_revenue_ytd_yoy,CHN,2008-02,40.2,%,M,,https://data.stats.gov.cn/dg/website/publicrelease/web/external/stream/esData,来源指标：国家财政收入累计增长(%)；年内累计；早年真实1月值保留；不是单月；官方增速，不从金额重算
fiscal_revenue_ytd_yoy,CHN,2008-03,35.5,%,M,,https://data.stats.gov.cn/dg/website/publicrelease/web/external/stream/esData,来源指标：国家财政收入累计增长(%)；年内累计；早年真实1月值保留；不是单月；官方增速，不从金额重算
fiscal_revenue_ytd_yoy,CHN,2008-04,29.4,%,M,,https://data.stats.gov.cn/dg/website/publicrelease/web/external/stream/esData,来源指标：国家财政收入累计增长(%)；年内累计；早年真实1月值保留；不是单月；官方增速，不从金额重算
fiscal_revenue_ytd_yoy,CHN,2008-05,33.8,%,M,,https://data.stats.gov.cn/dg/website/publicrelease/web/external/stream/esData,来源指标：国家财政收入累计增长(%)；年内累计；早年真实1月值保留；不是单月；官方增速，不从金额重算
fiscal_revenue_ytd_yoy,CHN,2008-06,33.3,%,M,,https://data.stats.gov.cn/dg/website/publicrelease/web/external/stream/esData,来源指标：国家财政收入累计增长(%)；年内累计；早年真实1月值保留；不是单月；官方增速，不从金额重算
fiscal_revenue_ytd_yoy,CHN,2008-07,30.5,%,M,,https://data.stats.gov.cn/dg/website/publicrelease/web/external/stream/esData,来源指标：国家财政收入累计增长(%)；年内累计；早年真实1月值保留；不是单月；官方增速，不从金额重算
fiscal_revenue_ytd_yoy,CHN,2008-08,28.4,%,M,,https://data.stats.gov.cn/dg/website/publicrelease/web/external/stream/esData,来源指标：国家财政收入累计增长(%)；年内累计；早年真实1月值保留；不是单月；官方增速，不从金额重算
fiscal_revenue_ytd_yoy,CHN,2008-09,25.8,%,M,,https://data.stats.gov.cn/dg/website/publicrelease/web/external/stream/esData,来源指标：国家财政收入累计增长(%)；年内累计；早年真实1月值保留；不是单月；官方增速，不从金额重算
fiscal_revenue_ytd_yoy,CHN,2008-10,22.6,%,M,,https://data.stats.gov.cn/dg/website/publicrelease/web/external/stream/esData,来源指标：国家财政收入累计增长(%)；年内累计；早年真实1月值保留；不是单月；官方增速，不从金额重算
fiscal_revenue_ytd_yoy,CHN,2008-11,20.5,%,M,,https://data.stats.gov.cn/dg/website/publicrelease/web/external/stream/esData,来源指标：国家财政收入累计增长(%)；年内累计；早年真实1月值保留；不是单月；官方增速，不从金额重算
fiscal_revenue_ytd_yoy,CHN,2009-02,-11.4,%,M,,https://data.stats.gov.cn/dg/website/publicrelease/web/external/stream/esData,来源指标：国家财政收入累计增长(%)；年内累计；早年真实1月值保留；不是单月；官方增速，不从金额重算
fiscal_revenue_ytd_yoy,CHN,2009-03,-8.3,%,M,,https://data.stats.gov.cn/dg/website/publicrelease/web/external/stream/esData,来源指标：国家财政收入累计增长(%)；年内累计；早年真实1月值保留；不是单月；官方增速，不从金额重算
fiscal_revenue_ytd_yoy,CHN,2009-04,-9.9,%,M,,https://data.stats.gov.cn/dg/website/publicrelease/web/external/stream/esData,来源指标：国家财政收入累计增长(%)；年内累计；早年真实1月值保留；不是单月；官方增速，不从金额重算
fiscal_revenue_ytd_yoy,CHN,2009-05,-6.7,%,M,,https://data.stats.gov.cn/dg/website/publicrelease/web/external/stream/esData,来源指标：国家财政收入累计增长(%)；年内累计；早年真实1月值保留；不是单月；官方增速，不从金额重算
fiscal_revenue_ytd_yoy,CHN,2009-06,-2.4,%,M,,https://data.stats.gov.cn/dg/website/publicrelease/web/external/stream/esData,来源指标：国家财政收入累计增长(%)；年内累计；早年真实1月值保留；不是单月；官方增速，不从金额重算
fiscal_revenue_ytd_yoy,CHN,2009-07,-0.5,%,M,,https://data.stats.gov.cn/dg/website/publicrelease/web/external/stream/esData,来源指标：国家财政收入累计增长(%)；年内累计；早年真实1月值保留；不是单月；官方增速，不从金额重算
fiscal_revenue_ytd_yoy,CHN,2009-08,2.6,%,M,,https://data.stats.gov.cn/dg/website/publicrelease/web/external/stream/esData,来源指标：国家财政收入累计增长(%)；年内累计；早年真实1月值保留；不是单月；官方增速，不从金额重算
fiscal_revenue_ytd_yoy,CHN,2009-09,5.3,%,M,,https://data.stats.gov.cn/dg/website/publicrelease/web/external/stream/esData,来源指标：国家财政收入累计增长(%)；年内累计；早年真实1月值保留；不是单月；官方增速，不从金额重算
fiscal_revenue_ytd_yoy,CHN,2009-10,7.5,%,M,,https://data.stats.gov.cn/dg/website/publicrelease/web/external/stream/esData,来源指标：国家财政收入累计增长(%)；年内累计；早年真实1月值保留；不是单月；官方增速，不从金额重算
fiscal_revenue_ytd_yoy,CHN,2009-11,9.2,%,M,,https://data.stats.gov.cn/dg/website/publicrelease/web/external/stream/esData,来源指标：国家财政收入累计增长(%)；年内累计；早年真实1月值保留；不是单月；官方增速，不从金额重算
fiscal_revenue_ytd_yoy,CHN,2010-01,41.2,%,M,,https://data.stats.gov.cn/dg/website/publicrelease/web/external/stream/esData,来源指标：国家财政收入累计增长(%)；年内累计；早年真实1月值保留；不是单月；官方增速，不从金额重算
fiscal_revenue_ytd_yoy,CHN,2010-02,32.9,%,M,,https://data.stats.gov.cn/dg/website/publicrelease/web/external/stream/esData,来源指标：国家财政收入累计增长(%)；年内累计；早年真实1月值保留；不是单月；官方增速，不从金额重算
fiscal_revenue_ytd_yoy,CHN,2010-03,34.0,%,M,,https://data.stats.gov.cn/dg/website/publicrelease/web/external/stream/esData,来源指标：国家财政收入累计增长(%)；年内累计；早年真实1月值保留；不是单月；官方增速，不从金额重算
fiscal_revenue_ytd_yoy,CHN,2010-04,34.1,%,M,,https://data.stats.gov.cn/dg/website/publicrelease/web/external/stream/esData,来源指标：国家财政收入累计增长(%)；年内累计；早年真实1月值保留；不是单月；官方增速，不从金额重算
fiscal_revenue_ytd_yoy,CHN,2010-05,30.8,%,M,,https://data.stats.gov.cn/dg/website/publicrelease/web/external/stream/esData,来源指标：国家财政收入累计增长(%)；年内累计；早年真实1月值保留；不是单月；官方增速，不从金额重算
fiscal_revenue_ytd_yoy,CHN,2010-06,27.6,%,M,,https://data.stats.gov.cn/dg/website/publicrelease/web/external/stream/esData,来源指标：国家财政收入累计增长(%)；年内累计；早年真实1月值保留；不是单月；官方增速，不从金额重算
fiscal_revenue_ytd_yoy,CHN,2010-07,25.7,%,M,,https://data.stats.gov.cn/dg/website/publicrelease/web/external/stream/esData,来源指标：国家财政收入累计增长(%)；年内累计；早年真实1月值保留；不是单月；官方增速，不从金额重算
fiscal_revenue_ytd_yoy,CHN,2010-08,23.6,%,M,,https://data.stats.gov.cn/dg/website/publicrelease/web/external/stream/esData,来源指标：国家财政收入累计增长(%)；年内累计；早年真实1月值保留；不是单月；官方增速，不从金额重算
fiscal_revenue_ytd_yoy,CHN,2010-09,22.4,%,M,,https://data.stats.gov.cn/dg/website/publicrelease/web/external/stream/esData,来源指标：国家财政收入累计增长(%)；年内累计；早年真实1月值保留；不是单月；官方增速，不从金额重算
fiscal_revenue_ytd_yoy,CHN,2010-10,21.5,%,M,,https://data.stats.gov.cn/dg/website/publicrelease/web/external/stream/esData,来源指标：国家财政收入累计增长(%)；年内累计；早年真实1月值保留；不是单月；官方增速，不从金额重算
fiscal_revenue_ytd_yoy,CHN,2010-11,21.1,%,M,,https://data.stats.gov.cn/dg/website/publicrelease/web/external/stream/esData,来源指标：国家财政收入累计增长(%)；年内累计；早年真实1月值保留；不是单月；官方增速，不从金额重算
fiscal_revenue_ytd_yoy,CHN,2010-12,21.3,%,M,,https://data.stats.gov.cn/dg/website/publicrelease/web/external/stream/esData,来源指标：国家财政收入累计增长(%)；年内累计；早年真实1月值保留；不是单月；官方增速，不从金额重算
fiscal_revenue_ytd_yoy,CHN,2011-02,36.0,%,M,,https://data.stats.gov.cn/dg/website/publicrelease/web/external/stream/esData,来源指标：国家财政收入累计增长(%)；年内累计；早年真实1月值保留；不是单月；官方增速，不从金额重算
fiscal_revenue_ytd_yoy,CHN,2011-03,33.1,%,M,,https://data.stats.gov.cn/dg/website/publicrelease/web/external/stream/esData,来源指标：国家财政收入累计增长(%)；年内累计；早年真实1月值保留；不是单月；官方增速，不从金额重算
fiscal_revenue_ytd_yoy,CHN,2011-04,31.4,%,M,,https://data.stats.gov.cn/dg/website/publicrelease/web/external/stream/esData,来源指标：国家财政收入累计增长(%)；年内累计；早年真实1月值保留；不是单月；官方增速，不从金额重算
fiscal_revenue_ytd_yoy,CHN,2011-05,32.0,%,M,,https://data.stats.gov.cn/dg/website/publicrelease/web/external/stream/esData,来源指标：国家财政收入累计增长(%)；年内累计；早年真实1月值保留；不是单月；官方增速，不从金额重算
fiscal_revenue_ytd_yoy,CHN,2011-06,31.2,%,M,,https://data.stats.gov.cn/dg/website/publicrelease/web/external/stream/esData,来源指标：国家财政收入累计增长(%)；年内累计；早年真实1月值保留；不是单月；官方增速，不从金额重算
fiscal_revenue_ytd_yoy,CHN,2011-07,30.5,%,M,,https://data.stats.gov.cn/dg/website/publicrelease/web/external/stream/esData,来源指标：国家财政收入累计增长(%)；年内累计；早年真实1月值保留；不是单月；官方增速，不从金额重算
fiscal_revenue_ytd_yoy,CHN,2011-08,30.9,%,M,,https://data.stats.gov.cn/dg/website/publicrelease/web/external/stream/esData,来源指标：国家财政收入累计增长(%)；年内累计；早年真实1月值保留；不是单月；官方增速，不从金额重算
fiscal_revenue_ytd_yoy,CHN,2011-09,29.5,%,M,,https://data.stats.gov.cn/dg/website/publicrelease/web/external/stream/esData,来源指标：国家财政收入累计增长(%)；年内累计；早年真实1月值保留；不是单月；官方增速，不从金额重算
fiscal_revenue_ytd_yoy,CHN,2011-10,28.1,%,M,,https://data.stats.gov.cn/dg/website/publicrelease/web/external/stream/esData,来源指标：国家财政收入累计增长(%)；年内累计；早年真实1月值保留；不是单月；官方增速，不从金额重算
fiscal_revenue_ytd_yoy,CHN,2011-11,26.8,%,M,,https://data.stats.gov.cn/dg/website/publicrelease/web/external/stream/esData,来源指标：国家财政收入累计增长(%)；年内累计；早年真实1月值保留；不是单月；官方增速，不从金额重算
fiscal_revenue_ytd_yoy,CHN,2011-12,24.8,%,M,,https://data.stats.gov.cn/dg/website/publicrelease/web/external/stream/esData,来源指标：国家财政收入累计增长(%)；年内累计；早年真实1月值保留；不是单月；官方增速，不从金额重算
fiscal_revenue_ytd_yoy,CHN,2012-02,13.1,%,M,,https://data.stats.gov.cn/dg/website/publicrelease/web/external/stream/esData,来源指标：国家财政收入累计增长(%)；年内累计；早年真实1月值保留；不是单月；官方增速，不从金额重算
fiscal_revenue_ytd_yoy,CHN,2012-03,14.7,%,M,,https://data.stats.gov.cn/dg/website/publicrelease/web/external/stream/esData,来源指标：国家财政收入累计增长(%)；年内累计；早年真实1月值保留；不是单月；官方增速，不从金额重算
fiscal_revenue_ytd_yoy,CHN,2012-04,12.5,%,M,,https://data.stats.gov.cn/dg/website/publicrelease/web/external/stream/esData,来源指标：国家财政收入累计增长(%)；年内累计；早年真实1月值保留；不是单月；官方增速，不从金额重算
fiscal_revenue_ytd_yoy,CHN,2012-05,12.7,%,M,,https://data.stats.gov.cn/dg/website/publicrelease/web/external/stream/esData,来源指标：国家财政收入累计增长(%)；年内累计；早年真实1月值保留；不是单月；官方增速，不从金额重算
fiscal_revenue_ytd_yoy,CHN,2012-06,12.2,%,M,,https://data.stats.gov.cn/dg/website/publicrelease/web/external/stream/esData,来源指标：国家财政收入累计增长(%)；年内累计；早年真实1月值保留；不是单月；官方增速，不从金额重算
fiscal_revenue_ytd_yoy,CHN,2012-07,11.6,%,M,,https://data.stats.gov.cn/dg/website/publicrelease/web/external/stream/esData,来源指标：国家财政收入累计增长(%)；年内累计；早年真实1月值保留；不是单月；官方增速，不从金额重算
fiscal_revenue_ytd_yoy,CHN,2012-08,10.8,%,M,,https://data.stats.gov.cn/dg/website/publicrelease/web/external/stream/esData,来源指标：国家财政收入累计增长(%)；年内累计；早年真实1月值保留；不是单月；官方增速，不从金额重算
fiscal_revenue_ytd_yoy,CHN,2012-09,10.9,%,M,,https://data.stats.gov.cn/dg/website/publicrelease/web/external/stream/esData,来源指标：国家财政收入累计增长(%)；年内累计；早年真实1月值保留；不是单月；官方增速，不从金额重算
fiscal_revenue_ytd_yoy,CHN,2012-10,11.2,%,M,,https://data.stats.gov.cn/dg/website/publicrelease/web/external/stream/esData,来源指标：国家财政收入累计增长(%)；年内累计；早年真实1月值保留；不是单月；官方增速，不从金额重算
fiscal_revenue_ytd_yoy,CHN,2012-11,11.9,%,M,,https://data.stats.gov.cn/dg/website/publicrelease/web/external/stream/esData,来源指标：国家财政收入累计增长(%)；年内累计；早年真实1月值保留；不是单月；官方增速，不从金额重算
fiscal_revenue_ytd_yoy,CHN,2012-12,12.8,%,M,,https://data.stats.gov.cn/dg/website/publicrelease/web/external/stream/esData,来源指标：国家财政收入累计增长(%)；年内累计；早年真实1月值保留；不是单月；官方增速，不从金额重算
fiscal_revenue_ytd_yoy,CHN,2013-02,7.2,%,M,,https://data.stats.gov.cn/dg/website/publicrelease/web/external/stream/esData,来源指标：国家财政收入累计增长(%)；年内累计；早年真实1月值保留；不是单月；官方增速，不从金额重算
fiscal_revenue_ytd_yoy,CHN,2013-03,6.9,%,M,,https://data.stats.gov.cn/dg/website/publicrelease/web/external/stream/esData,来源指标：国家财政收入累计增长(%)；年内累计；早年真实1月值保留；不是单月；官方增速，不从金额重算
fiscal_revenue_ytd_yoy,CHN,2013-04,6.7,%,M,,https://data.stats.gov.cn/dg/website/publicrelease/web/external/stream/esData,来源指标：国家财政收入累计增长(%)；年内累计；早年真实1月值保留；不是单月；官方增速，不从金额重算
fiscal_revenue_ytd_yoy,CHN,2013-05,6.6,%,M,,https://data.stats.gov.cn/dg/website/publicrelease/web/external/stream/esData,来源指标：国家财政收入累计增长(%)；年内累计；早年真实1月值保留；不是单月；官方增速，不从金额重算
fiscal_revenue_ytd_yoy,CHN,2013-06,7.5,%,M,,https://data.stats.gov.cn/dg/website/publicrelease/web/external/stream/esData,来源指标：国家财政收入累计增长(%)；年内累计；早年真实1月值保留；不是单月；官方增速，不从金额重算
fiscal_revenue_ytd_yoy,CHN,2013-07,8.0,%,M,,https://data.stats.gov.cn/dg/website/publicrelease/web/external/stream/esData,来源指标：国家财政收入累计增长(%)；年内累计；早年真实1月值保留；不是单月；官方增速，不从金额重算
fiscal_revenue_ytd_yoy,CHN,2013-08,8.1,%,M,,https://data.stats.gov.cn/dg/website/publicrelease/web/external/stream/esData,来源指标：国家财政收入累计增长(%)；年内累计；早年真实1月值保留；不是单月；官方增速，不从金额重算
fiscal_revenue_ytd_yoy,CHN,2013-09,8.6,%,M,,https://data.stats.gov.cn/dg/website/publicrelease/web/external/stream/esData,来源指标：国家财政收入累计增长(%)；年内累计；早年真实1月值保留；不是单月；官方增速，不从金额重算
fiscal_revenue_ytd_yoy,CHN,2013-10,9.4,%,M,,https://data.stats.gov.cn/dg/website/publicrelease/web/external/stream/esData,来源指标：国家财政收入累计增长(%)；年内累计；早年真实1月值保留；不是单月；官方增速，不从金额重算
fiscal_revenue_ytd_yoy,CHN,2013-11,9.9,%,M,,https://data.stats.gov.cn/dg/website/publicrelease/web/external/stream/esData,来源指标：国家财政收入累计增长(%)；年内累计；早年真实1月值保留；不是单月；官方增速，不从金额重算
fiscal_revenue_ytd_yoy,CHN,2013-12,10.1,%,M,,https://data.stats.gov.cn/dg/website/publicrelease/web/external/stream/esData,来源指标：国家财政收入累计增长(%)；年内累计；早年真实1月值保留；不是单月；官方增速，不从金额重算
fiscal_revenue_ytd_yoy,CHN,2014-02,11.1,%,M,,https://data.stats.gov.cn/dg/website/publicrelease/web/external/stream/esData,来源指标：国家财政收入累计增长(%)；年内累计；早年真实1月值保留；不是单月；官方增速，不从金额重算
fiscal_revenue_ytd_yoy,CHN,2014-03,9.3,%,M,,https://data.stats.gov.cn/dg/website/publicrelease/web/external/stream/esData,来源指标：国家财政收入累计增长(%)；年内累计；早年真实1月值保留；不是单月；官方增速，不从金额重算
fiscal_revenue_ytd_yoy,CHN,2014-04,9.3,%,M,,https://data.stats.gov.cn/dg/website/publicrelease/web/external/stream/esData,来源指标：国家财政收入累计增长(%)；年内累计；早年真实1月值保留；不是单月；官方增速，不从金额重算
fiscal_revenue_ytd_yoy,CHN,2014-05,8.8,%,M,,https://data.stats.gov.cn/dg/website/publicrelease/web/external/stream/esData,来源指标：国家财政收入累计增长(%)；年内累计；早年真实1月值保留；不是单月；官方增速，不从金额重算
fiscal_revenue_ytd_yoy,CHN,2014-06,8.8,%,M,,https://data.stats.gov.cn/dg/website/publicrelease/web/external/stream/esData,来源指标：国家财政收入累计增长(%)；年内累计；早年真实1月值保留；不是单月；官方增速，不从金额重算
fiscal_revenue_ytd_yoy,CHN,2014-07,8.5,%,M,,https://data.stats.gov.cn/dg/website/publicrelease/web/external/stream/esData,来源指标：国家财政收入累计增长(%)；年内累计；早年真实1月值保留；不是单月；官方增速，不从金额重算
fiscal_revenue_ytd_yoy,CHN,2014-08,8.3,%,M,,https://data.stats.gov.cn/dg/website/publicrelease/web/external/stream/esData,来源指标：国家财政收入累计增长(%)；年内累计；早年真实1月值保留；不是单月；官方增速，不从金额重算
fiscal_revenue_ytd_yoy,CHN,2014-09,8.1,%,M,,https://data.stats.gov.cn/dg/website/publicrelease/web/external/stream/esData,来源指标：国家财政收入累计增长(%)；年内累计；早年真实1月值保留；不是单月；官方增速，不从金额重算
fiscal_revenue_ytd_yoy,CHN,2014-10,8.2,%,M,,https://data.stats.gov.cn/dg/website/publicrelease/web/external/stream/esData,来源指标：国家财政收入累计增长(%)；年内累计；早年真实1月值保留；不是单月；官方增速，不从金额重算
fiscal_revenue_ytd_yoy,CHN,2014-11,8.3,%,M,,https://data.stats.gov.cn/dg/website/publicrelease/web/external/stream/esData,来源指标：国家财政收入累计增长(%)；年内累计；早年真实1月值保留；不是单月；官方增速，不从金额重算
fiscal_revenue_ytd_yoy,CHN,2014-12,8.6,%,M,,https://data.stats.gov.cn/dg/website/publicrelease/web/external/stream/esData,来源指标：国家财政收入累计增长(%)；年内累计；早年真实1月值保留；不是单月；官方增速，不从金额重算
fiscal_revenue_ytd_yoy,CHN,2015-02,3.2,%,M,,https://data.stats.gov.cn/dg/website/publicrelease/web/external/stream/esData,来源指标：国家财政收入累计增长(%)；年内累计；早年真实1月值保留；不是单月；官方增速，不从金额重算
fiscal_revenue_ytd_yoy,CHN,2015-03,3.9,%,M,,https://data.stats.gov.cn/dg/website/publicrelease/web/external/stream/esData,来源指标：国家财政收入累计增长(%)；年内累计；早年真实1月值保留；不是单月；官方增速，不从金额重算
fiscal_revenue_ytd_yoy,CHN,2015-04,5.1,%,M,,https://data.stats.gov.cn/dg/website/publicrelease/web/external/stream/esData,来源指标：国家财政收入累计增长(%)；年内累计；早年真实1月值保留；不是单月；官方增速，不从金额重算
fiscal_revenue_ytd_yoy,CHN,2015-05,5.0,%,M,,https://data.stats.gov.cn/dg/website/publicrelease/web/external/stream/esData,来源指标：国家财政收入累计增长(%)；年内累计；早年真实1月值保留；不是单月；官方增速，不从金额重算
fiscal_revenue_ytd_yoy,CHN,2015-06,6.6,%,M,,https://data.stats.gov.cn/dg/website/publicrelease/web/external/stream/esData,来源指标：国家财政收入累计增长(%)；年内累计；早年真实1月值保留；不是单月；官方增速，不从金额重算
fiscal_revenue_ytd_yoy,CHN,2015-07,7.5,%,M,,https://data.stats.gov.cn/dg/website/publicrelease/web/external/stream/esData,来源指标：国家财政收入累计增长(%)；年内累计；早年真实1月值保留；不是单月；官方增速，不从金额重算
fiscal_revenue_ytd_yoy,CHN,2015-08,7.4,%,M,,https://data.stats.gov.cn/dg/website/publicrelease/web/external/stream/esData,来源指标：国家财政收入累计增长(%)；年内累计；早年真实1月值保留；不是单月；官方增速，不从金额重算
fiscal_revenue_ytd_yoy,CHN,2015-09,7.6,%,M,,https://data.stats.gov.cn/dg/website/publicrelease/web/external/stream/esData,来源指标：国家财政收入累计增长(%)；年内累计；早年真实1月值保留；不是单月；官方增速，不从金额重算
fiscal_revenue_ytd_yoy,CHN,2015-10,7.7,%,M,,https://data.stats.gov.cn/dg/website/publicrelease/web/external/stream/esData,来源指标：国家财政收入累计增长(%)；年内累计；早年真实1月值保留；不是单月；官方增速，不从金额重算
fiscal_revenue_ytd_yoy,CHN,2015-11,8.0,%,M,,https://data.stats.gov.cn/dg/website/publicrelease/web/external/stream/esData,来源指标：国家财政收入累计增长(%)；年内累计；早年真实1月值保留；不是单月；官方增速，不从金额重算
fiscal_revenue_ytd_yoy,CHN,2015-12,8.4,%,M,,https://data.stats.gov.cn/dg/website/publicrelease/web/external/stream/esData,来源指标：国家财政收入累计增长(%)；年内累计；早年真实1月值保留；不是单月；官方增速，不从金额重算
fiscal_revenue_ytd_yoy,CHN,2016-02,6.3,%,M,,https://data.stats.gov.cn/dg/website/publicrelease/web/external/stream/esData,来源指标：国家财政收入累计增长(%)；年内累计；早年真实1月值保留；不是单月；官方增速，不从金额重算
fiscal_revenue_ytd_yoy,CHN,2016-03,6.5,%,M,,https://data.stats.gov.cn/dg/website/publicrelease/web/external/stream/esData,来源指标：国家财政收入累计增长(%)；年内累计；早年真实1月值保留；不是单月；官方增速，不从金额重算
fiscal_revenue_ytd_yoy,CHN,2016-04,8.6,%,M,,https://data.stats.gov.cn/dg/website/publicrelease/web/external/stream/esData,来源指标：国家财政收入累计增长(%)；年内累计；早年真实1月值保留；不是单月；官方增速，不从金额重算
fiscal_revenue_ytd_yoy,CHN,2016-05,8.3,%,M,,https://data.stats.gov.cn/dg/website/publicrelease/web/external/stream/esData,来源指标：国家财政收入累计增长(%)；年内累计；早年真实1月值保留；不是单月；官方增速，不从金额重算
fiscal_revenue_ytd_yoy,CHN,2016-06,7.1,%,M,,https://data.stats.gov.cn/dg/website/publicrelease/web/external/stream/esData,来源指标：国家财政收入累计增长(%)；年内累计；早年真实1月值保留；不是单月；官方增速，不从金额重算
fiscal_revenue_ytd_yoy,CHN,2016-07,6.5,%,M,,https://data.stats.gov.cn/dg/website/publicrelease/web/external/stream/esData,来源指标：国家财政收入累计增长(%)；年内累计；早年真实1月值保留；不是单月；官方增速，不从金额重算
fiscal_revenue_ytd_yoy,CHN,2016-08,6.0,%,M,,https://data.stats.gov.cn/dg/website/publicrelease/web/external/stream/esData,来源指标：国家财政收入累计增长(%)；年内累计；早年真实1月值保留；不是单月；官方增速，不从金额重算
fiscal_revenue_ytd_yoy,CHN,2016-09,5.9,%,M,,https://data.stats.gov.cn/dg/website/publicrelease/web/external/stream/esData,来源指标：国家财政收入累计增长(%)；年内累计；早年真实1月值保留；不是单月；官方增速，不从金额重算
fiscal_revenue_ytd_yoy,CHN,2016-10,5.9,%,M,,https://data.stats.gov.cn/dg/website/publicrelease/web/external/stream/esData,来源指标：国家财政收入累计增长(%)；年内累计；早年真实1月值保留；不是单月；官方增速，不从金额重算
fiscal_revenue_ytd_yoy,CHN,2016-11,5.7,%,M,,https://data.stats.gov.cn/dg/website/publicrelease/web/external/stream/esData,来源指标：国家财政收入累计增长(%)；年内累计；早年真实1月值保留；不是单月；官方增速，不从金额重算
fiscal_revenue_ytd_yoy,CHN,2017-02,14.9,%,M,,https://data.stats.gov.cn/dg/website/publicrelease/web/external/stream/esData,来源指标：国家财政收入累计增长(%)；年内累计；早年真实1月值保留；不是单月；官方增速，不从金额重算
fiscal_revenue_ytd_yoy,CHN,2017-03,14.1,%,M,,https://data.stats.gov.cn/dg/website/publicrelease/web/external/stream/esData,来源指标：国家财政收入累计增长(%)；年内累计；早年真实1月值保留；不是单月；官方增速，不从金额重算
fiscal_revenue_ytd_yoy,CHN,2017-04,11.8,%,M,,https://data.stats.gov.cn/dg/website/publicrelease/web/external/stream/esData,来源指标：国家财政收入累计增长(%)；年内累计；早年真实1月值保留；不是单月；官方增速，不从金额重算
fiscal_revenue_ytd_yoy,CHN,2017-05,10.0,%,M,,https://data.stats.gov.cn/dg/website/publicrelease/web/external/stream/esData,来源指标：国家财政收入累计增长(%)；年内累计；早年真实1月值保留；不是单月；官方增速，不从金额重算
fiscal_revenue_ytd_yoy,CHN,2017-06,9.8,%,M,,https://data.stats.gov.cn/dg/website/publicrelease/web/external/stream/esData,来源指标：国家财政收入累计增长(%)；年内累计；早年真实1月值保留；不是单月；官方增速，不从金额重算
fiscal_revenue_ytd_yoy,CHN,2017-07,10.0,%,M,,https://data.stats.gov.cn/dg/website/publicrelease/web/external/stream/esData,来源指标：国家财政收入累计增长(%)；年内累计；早年真实1月值保留；不是单月；官方增速，不从金额重算
fiscal_revenue_ytd_yoy,CHN,2017-08,9.8,%,M,,https://data.stats.gov.cn/dg/website/publicrelease/web/external/stream/esData,来源指标：国家财政收入累计增长(%)；年内累计；早年真实1月值保留；不是单月；官方增速，不从金额重算
fiscal_revenue_ytd_yoy,CHN,2017-09,9.7,%,M,,https://data.stats.gov.cn/dg/website/publicrelease/web/external/stream/esData,来源指标：国家财政收入累计增长(%)；年内累计；早年真实1月值保留；不是单月；官方增速，不从金额重算
fiscal_revenue_ytd_yoy,CHN,2017-10,9.2,%,M,,https://data.stats.gov.cn/dg/website/publicrelease/web/external/stream/esData,来源指标：国家财政收入累计增长(%)；年内累计；早年真实1月值保留；不是单月；官方增速，不从金额重算
fiscal_revenue_ytd_yoy,CHN,2017-11,8.4,%,M,,https://data.stats.gov.cn/dg/website/publicrelease/web/external/stream/esData,来源指标：国家财政收入累计增长(%)；年内累计；早年真实1月值保留；不是单月；官方增速，不从金额重算
fiscal_revenue_ytd_yoy,CHN,2017-12,7.4,%,M,,https://data.stats.gov.cn/dg/website/publicrelease/web/external/stream/esData,来源指标：国家财政收入累计增长(%)；年内累计；早年真实1月值保留；不是单月；官方增速，不从金额重算
fiscal_revenue_ytd_yoy,CHN,2018-02,15.8,%,M,,https://data.stats.gov.cn/dg/website/publicrelease/web/external/stream/esData,来源指标：国家财政收入累计增长(%)；年内累计；早年真实1月值保留；不是单月；官方增速，不从金额重算
fiscal_revenue_ytd_yoy,CHN,2018-03,13.6,%,M,,https://data.stats.gov.cn/dg/website/publicrelease/web/external/stream/esData,来源指标：国家财政收入累计增长(%)；年内累计；早年真实1月值保留；不是单月；官方增速，不从金额重算
fiscal_revenue_ytd_yoy,CHN,2018-04,12.9,%,M,,https://data.stats.gov.cn/dg/website/publicrelease/web/external/stream/esData,来源指标：国家财政收入累计增长(%)；年内累计；早年真实1月值保留；不是单月；官方增速，不从金额重算
fiscal_revenue_ytd_yoy,CHN,2018-05,12.2,%,M,,https://data.stats.gov.cn/dg/website/publicrelease/web/external/stream/esData,来源指标：国家财政收入累计增长(%)；年内累计；早年真实1月值保留；不是单月；官方增速，不从金额重算
fiscal_revenue_ytd_yoy,CHN,2018-06,10.6,%,M,,https://data.stats.gov.cn/dg/website/publicrelease/web/external/stream/esData,来源指标：国家财政收入累计增长(%)；年内累计；早年真实1月值保留；不是单月；官方增速，不从金额重算
fiscal_revenue_ytd_yoy,CHN,2018-07,10.0,%,M,,https://data.stats.gov.cn/dg/website/publicrelease/web/external/stream/esData,来源指标：国家财政收入累计增长(%)；年内累计；早年真实1月值保留；不是单月；官方增速，不从金额重算
fiscal_revenue_ytd_yoy,CHN,2018-08,9.4,%,M,,https://data.stats.gov.cn/dg/website/publicrelease/web/external/stream/esData,来源指标：国家财政收入累计增长(%)；年内累计；早年真实1月值保留；不是单月；官方增速，不从金额重算
fiscal_revenue_ytd_yoy,CHN,2018-09,8.7,%,M,,https://data.stats.gov.cn/dg/website/publicrelease/web/external/stream/esData,来源指标：国家财政收入累计增长(%)；年内累计；早年真实1月值保留；不是单月；官方增速，不从金额重算
fiscal_revenue_ytd_yoy,CHN,2018-10,7.4,%,M,,https://data.stats.gov.cn/dg/website/publicrelease/web/external/stream/esData,来源指标：国家财政收入累计增长(%)；年内累计；早年真实1月值保留；不是单月；官方增速，不从金额重算
fiscal_revenue_ytd_yoy,CHN,2018-11,6.5,%,M,,https://data.stats.gov.cn/dg/website/publicrelease/web/external/stream/esData,来源指标：国家财政收入累计增长(%)；年内累计；早年真实1月值保留；不是单月；官方增速，不从金额重算
fiscal_revenue_ytd_yoy,CHN,2018-12,6.2,%,M,,https://data.stats.gov.cn/dg/website/publicrelease/web/external/stream/esData,来源指标：国家财政收入累计增长(%)；年内累计；早年真实1月值保留；不是单月；官方增速，不从金额重算
fiscal_revenue_ytd_yoy,CHN,2019-02,7.0,%,M,,https://data.stats.gov.cn/dg/website/publicrelease/web/external/stream/esData,来源指标：国家财政收入累计增长(%)；年内累计；早年真实1月值保留；不是单月；官方增速，不从金额重算
fiscal_revenue_ytd_yoy,CHN,2019-03,6.2,%,M,,https://data.stats.gov.cn/dg/website/publicrelease/web/external/stream/esData,来源指标：国家财政收入累计增长(%)；年内累计；早年真实1月值保留；不是单月；官方增速，不从金额重算
fiscal_revenue_ytd_yoy,CHN,2019-04,5.3,%,M,,https://data.stats.gov.cn/dg/website/publicrelease/web/external/stream/esData,来源指标：国家财政收入累计增长(%)；年内累计；早年真实1月值保留；不是单月；官方增速，不从金额重算
fiscal_revenue_ytd_yoy,CHN,2019-05,3.8,%,M,,https://data.stats.gov.cn/dg/website/publicrelease/web/external/stream/esData,来源指标：国家财政收入累计增长(%)；年内累计；早年真实1月值保留；不是单月；官方增速，不从金额重算
fiscal_revenue_ytd_yoy,CHN,2019-06,3.4,%,M,,https://data.stats.gov.cn/dg/website/publicrelease/web/external/stream/esData,来源指标：国家财政收入累计增长(%)；年内累计；早年真实1月值保留；不是单月；官方增速，不从金额重算
fiscal_revenue_ytd_yoy,CHN,2019-07,3.1,%,M,,https://data.stats.gov.cn/dg/website/publicrelease/web/external/stream/esData,来源指标：国家财政收入累计增长(%)；年内累计；早年真实1月值保留；不是单月；官方增速，不从金额重算
fiscal_revenue_ytd_yoy,CHN,2019-08,3.2,%,M,,https://data.stats.gov.cn/dg/website/publicrelease/web/external/stream/esData,来源指标：国家财政收入累计增长(%)；年内累计；早年真实1月值保留；不是单月；官方增速，不从金额重算
fiscal_revenue_ytd_yoy,CHN,2019-09,3.3,%,M,,https://data.stats.gov.cn/dg/website/publicrelease/web/external/stream/esData,来源指标：国家财政收入累计增长(%)；年内累计；早年真实1月值保留；不是单月；官方增速，不从金额重算
fiscal_revenue_ytd_yoy,CHN,2019-10,3.8,%,M,,https://data.stats.gov.cn/dg/website/publicrelease/web/external/stream/esData,来源指标：国家财政收入累计增长(%)；年内累计；早年真实1月值保留；不是单月；官方增速，不从金额重算
fiscal_revenue_ytd_yoy,CHN,2019-11,3.8,%,M,,https://data.stats.gov.cn/dg/website/publicrelease/web/external/stream/esData,来源指标：国家财政收入累计增长(%)；年内累计；早年真实1月值保留；不是单月；官方增速，不从金额重算
fiscal_revenue_ytd_yoy,CHN,2019-12,3.8,%,M,,https://data.stats.gov.cn/dg/website/publicrelease/web/external/stream/esData,来源指标：国家财政收入累计增长(%)；年内累计；早年真实1月值保留；不是单月；官方增速，不从金额重算
fiscal_revenue_ytd_yoy,CHN,2020-02,-9.9,%,M,,https://data.stats.gov.cn/dg/website/publicrelease/web/external/stream/esData,来源指标：国家财政收入累计增长(%)；年内累计；早年真实1月值保留；不是单月；官方增速，不从金额重算
fiscal_revenue_ytd_yoy,CHN,2020-03,-14.3,%,M,,https://data.stats.gov.cn/dg/website/publicrelease/web/external/stream/esData,来源指标：国家财政收入累计增长(%)；年内累计；早年真实1月值保留；不是单月；官方增速，不从金额重算
fiscal_revenue_ytd_yoy,CHN,2020-04,-14.5,%,M,,https://data.stats.gov.cn/dg/website/publicrelease/web/external/stream/esData,来源指标：国家财政收入累计增长(%)；年内累计；早年真实1月值保留；不是单月；官方增速，不从金额重算
fiscal_revenue_ytd_yoy,CHN,2020-05,-13.6,%,M,,https://data.stats.gov.cn/dg/website/publicrelease/web/external/stream/esData,来源指标：国家财政收入累计增长(%)；年内累计；早年真实1月值保留；不是单月；官方增速，不从金额重算
fiscal_revenue_ytd_yoy,CHN,2020-06,-10.8,%,M,,https://data.stats.gov.cn/dg/website/publicrelease/web/external/stream/esData,来源指标：国家财政收入累计增长(%)；年内累计；早年真实1月值保留；不是单月；官方增速，不从金额重算
fiscal_revenue_ytd_yoy,CHN,2020-07,-8.7,%,M,,https://data.stats.gov.cn/dg/website/publicrelease/web/external/stream/esData,来源指标：国家财政收入累计增长(%)；年内累计；早年真实1月值保留；不是单月；官方增速，不从金额重算
fiscal_revenue_ytd_yoy,CHN,2020-08,-7.5,%,M,,https://data.stats.gov.cn/dg/website/publicrelease/web/external/stream/esData,来源指标：国家财政收入累计增长(%)；年内累计；早年真实1月值保留；不是单月；官方增速，不从金额重算
fiscal_revenue_ytd_yoy,CHN,2020-09,-6.4,%,M,,https://data.stats.gov.cn/dg/website/publicrelease/web/external/stream/esData,来源指标：国家财政收入累计增长(%)；年内累计；早年真实1月值保留；不是单月；官方增速，不从金额重算
fiscal_revenue_ytd_yoy,CHN,2020-10,-5.5,%,M,,https://data.stats.gov.cn/dg/website/publicrelease/web/external/stream/esData,来源指标：国家财政收入累计增长(%)；年内累计；早年真实1月值保留；不是单月；官方增速，不从金额重算
fiscal_revenue_ytd_yoy,CHN,2020-11,-5.3,%,M,,https://data.stats.gov.cn/dg/website/publicrelease/web/external/stream/esData,来源指标：国家财政收入累计增长(%)；年内累计；早年真实1月值保留；不是单月；官方增速，不从金额重算
fiscal_revenue_ytd_yoy,CHN,2020-12,-3.9,%,M,,https://data.stats.gov.cn/dg/website/publicrelease/web/external/stream/esData,来源指标：国家财政收入累计增长(%)；年内累计；早年真实1月值保留；不是单月；官方增速，不从金额重算
fiscal_revenue_ytd_yoy,CHN,2021-02,18.7,%,M,,https://data.stats.gov.cn/dg/website/publicrelease/web/external/stream/esData,来源指标：国家财政收入累计增长(%)；年内累计；早年真实1月值保留；不是单月；官方增速，不从金额重算
fiscal_revenue_ytd_yoy,CHN,2021-03,24.2,%,M,,https://data.stats.gov.cn/dg/website/publicrelease/web/external/stream/esData,来源指标：国家财政收入累计增长(%)；年内累计；早年真实1月值保留；不是单月；官方增速，不从金额重算
fiscal_revenue_ytd_yoy,CHN,2021-04,25.5,%,M,,https://data.stats.gov.cn/dg/website/publicrelease/web/external/stream/esData,来源指标：国家财政收入累计增长(%)；年内累计；早年真实1月值保留；不是单月；官方增速，不从金额重算
fiscal_revenue_ytd_yoy,CHN,2021-05,24.2,%,M,,https://data.stats.gov.cn/dg/website/publicrelease/web/external/stream/esData,来源指标：国家财政收入累计增长(%)；年内累计；早年真实1月值保留；不是单月；官方增速，不从金额重算
fiscal_revenue_ytd_yoy,CHN,2021-06,21.8,%,M,,https://data.stats.gov.cn/dg/website/publicrelease/web/external/stream/esData,来源指标：国家财政收入累计增长(%)；年内累计；早年真实1月值保留；不是单月；官方增速，不从金额重算
fiscal_revenue_ytd_yoy,CHN,2021-07,20.0,%,M,,https://data.stats.gov.cn/dg/website/publicrelease/web/external/stream/esData,来源指标：国家财政收入累计增长(%)；年内累计；早年真实1月值保留；不是单月；官方增速，不从金额重算
fiscal_revenue_ytd_yoy,CHN,2021-08,18.4,%,M,,https://data.stats.gov.cn/dg/website/publicrelease/web/external/stream/esData,来源指标：国家财政收入累计增长(%)；年内累计；早年真实1月值保留；不是单月；官方增速，不从金额重算
fiscal_revenue_ytd_yoy,CHN,2021-09,16.3,%,M,,https://data.stats.gov.cn/dg/website/publicrelease/web/external/stream/esData,来源指标：国家财政收入累计增长(%)；年内累计；早年真实1月值保留；不是单月；官方增速，不从金额重算
fiscal_revenue_ytd_yoy,CHN,2021-10,14.5,%,M,,https://data.stats.gov.cn/dg/website/publicrelease/web/external/stream/esData,来源指标：国家财政收入累计增长(%)；年内累计；早年真实1月值保留；不是单月；官方增速，不从金额重算
fiscal_revenue_ytd_yoy,CHN,2021-11,12.8,%,M,,https://data.stats.gov.cn/dg/website/publicrelease/web/external/stream/esData,来源指标：国家财政收入累计增长(%)；年内累计；早年真实1月值保留；不是单月；官方增速，不从金额重算
fiscal_revenue_ytd_yoy,CHN,2021-12,10.7,%,M,,https://data.stats.gov.cn/dg/website/publicrelease/web/external/stream/esData,来源指标：国家财政收入累计增长(%)；年内累计；早年真实1月值保留；不是单月；官方增速，不从金额重算
fiscal_revenue_ytd_yoy,CHN,2022-02,10.5,%,M,,https://data.stats.gov.cn/dg/website/publicrelease/web/external/stream/esData,来源指标：国家财政收入累计增长(%)；年内累计；早年真实1月值保留；不是单月；官方增速，不从金额重算
fiscal_revenue_ytd_yoy,CHN,2022-03,8.6,%,M,,https://data.stats.gov.cn/dg/website/publicrelease/web/external/stream/esData,来源指标：国家财政收入累计增长(%)；年内累计；早年真实1月值保留；不是单月；官方增速，不从金额重算
fiscal_revenue_ytd_yoy,CHN,2022-04,-4.8,%,M,,https://data.stats.gov.cn/dg/website/publicrelease/web/external/stream/esData,来源指标：国家财政收入累计增长(%)；年内累计；早年真实1月值保留；不是单月；官方增速，不从金额重算
fiscal_revenue_ytd_yoy,CHN,2022-05,-10.1,%,M,,https://data.stats.gov.cn/dg/website/publicrelease/web/external/stream/esData,来源指标：国家财政收入累计增长(%)；年内累计；早年真实1月值保留；不是单月；官方增速，不从金额重算
fiscal_revenue_ytd_yoy,CHN,2022-06,-10.2,%,M,,https://data.stats.gov.cn/dg/website/publicrelease/web/external/stream/esData,来源指标：国家财政收入累计增长(%)；年内累计；早年真实1月值保留；不是单月；官方增速，不从金额重算
fiscal_revenue_ytd_yoy,CHN,2022-07,-9.2,%,M,,https://data.stats.gov.cn/dg/website/publicrelease/web/external/stream/esData,来源指标：国家财政收入累计增长(%)；年内累计；早年真实1月值保留；不是单月；官方增速，不从金额重算
fiscal_revenue_ytd_yoy,CHN,2022-08,-8.0,%,M,,https://data.stats.gov.cn/dg/website/publicrelease/web/external/stream/esData,来源指标：国家财政收入累计增长(%)；年内累计；早年真实1月值保留；不是单月；官方增速，不从金额重算
fiscal_revenue_ytd_yoy,CHN,2022-09,-6.6,%,M,,https://data.stats.gov.cn/dg/website/publicrelease/web/external/stream/esData,来源指标：国家财政收入累计增长(%)；年内累计；早年真实1月值保留；不是单月；官方增速，不从金额重算
fiscal_revenue_ytd_yoy,CHN,2022-10,-4.5,%,M,,https://data.stats.gov.cn/dg/website/publicrelease/web/external/stream/esData,来源指标：国家财政收入累计增长(%)；年内累计；早年真实1月值保留；不是单月；官方增速，不从金额重算
fiscal_revenue_ytd_yoy,CHN,2022-11,-3.0,%,M,,https://data.stats.gov.cn/dg/website/publicrelease/web/external/stream/esData,来源指标：国家财政收入累计增长(%)；年内累计；早年真实1月值保留；不是单月；官方增速，不从金额重算
fiscal_revenue_ytd_yoy,CHN,2022-12,0.6,%,M,,https://data.stats.gov.cn/dg/website/publicrelease/web/external/stream/esData,来源指标：国家财政收入累计增长(%)；年内累计；早年真实1月值保留；不是单月；官方增速，不从金额重算
fiscal_revenue_ytd_yoy,CHN,2023-02,-1.2,%,M,,https://data.stats.gov.cn/dg/website/publicrelease/web/external/stream/esData,来源指标：国家财政收入累计增长(%)；年内累计；早年真实1月值保留；不是单月；官方增速，不从金额重算
fiscal_revenue_ytd_yoy,CHN,2023-03,0.5,%,M,,https://data.stats.gov.cn/dg/website/publicrelease/web/external/stream/esData,来源指标：国家财政收入累计增长(%)；年内累计；早年真实1月值保留；不是单月；官方增速，不从金额重算
fiscal_revenue_ytd_yoy,CHN,2023-04,11.9,%,M,,https://data.stats.gov.cn/dg/website/publicrelease/web/external/stream/esData,来源指标：国家财政收入累计增长(%)；年内累计；早年真实1月值保留；不是单月；官方增速，不从金额重算
fiscal_revenue_ytd_yoy,CHN,2023-05,14.9,%,M,,https://data.stats.gov.cn/dg/website/publicrelease/web/external/stream/esData,来源指标：国家财政收入累计增长(%)；年内累计；早年真实1月值保留；不是单月；官方增速，不从金额重算
fiscal_revenue_ytd_yoy,CHN,2023-06,13.3,%,M,,https://data.stats.gov.cn/dg/website/publicrelease/web/external/stream/esData,来源指标：国家财政收入累计增长(%)；年内累计；早年真实1月值保留；不是单月；官方增速，不从金额重算
fiscal_revenue_ytd_yoy,CHN,2023-07,11.5,%,M,,https://data.stats.gov.cn/dg/website/publicrelease/web/external/stream/esData,来源指标：国家财政收入累计增长(%)；年内累计；早年真实1月值保留；不是单月；官方增速，不从金额重算
fiscal_revenue_ytd_yoy,CHN,2023-08,10.0,%,M,,https://data.stats.gov.cn/dg/website/publicrelease/web/external/stream/esData,来源指标：国家财政收入累计增长(%)；年内累计；早年真实1月值保留；不是单月；官方增速，不从金额重算
fiscal_revenue_ytd_yoy,CHN,2023-09,8.9,%,M,,https://data.stats.gov.cn/dg/website/publicrelease/web/external/stream/esData,来源指标：国家财政收入累计增长(%)；年内累计；早年真实1月值保留；不是单月；官方增速，不从金额重算
fiscal_revenue_ytd_yoy,CHN,2023-10,8.1,%,M,,https://data.stats.gov.cn/dg/website/publicrelease/web/external/stream/esData,来源指标：国家财政收入累计增长(%)；年内累计；早年真实1月值保留；不是单月；官方增速，不从金额重算
fiscal_revenue_ytd_yoy,CHN,2023-11,7.9,%,M,,https://data.stats.gov.cn/dg/website/publicrelease/web/external/stream/esData,来源指标：国家财政收入累计增长(%)；年内累计；早年真实1月值保留；不是单月；官方增速，不从金额重算
fiscal_revenue_ytd_yoy,CHN,2023-12,6.4,%,M,,https://data.stats.gov.cn/dg/website/publicrelease/web/external/stream/esData,来源指标：国家财政收入累计增长(%)；年内累计；早年真实1月值保留；不是单月；官方增速，不从金额重算
fiscal_revenue_ytd_yoy,CHN,2024-02,-2.3,%,M,,https://data.stats.gov.cn/dg/website/publicrelease/web/external/stream/esData,来源指标：国家财政收入累计增长(%)；年内累计；早年真实1月值保留；不是单月；官方增速，不从金额重算
fiscal_revenue_ytd_yoy,CHN,2024-03,-2.3,%,M,,https://data.stats.gov.cn/dg/website/publicrelease/web/external/stream/esData,来源指标：国家财政收入累计增长(%)；年内累计；早年真实1月值保留；不是单月；官方增速，不从金额重算
fiscal_revenue_ytd_yoy,CHN,2024-04,-2.7,%,M,,https://data.stats.gov.cn/dg/website/publicrelease/web/external/stream/esData,来源指标：国家财政收入累计增长(%)；年内累计；早年真实1月值保留；不是单月；官方增速，不从金额重算
fiscal_revenue_ytd_yoy,CHN,2024-05,-2.8,%,M,,https://data.stats.gov.cn/dg/website/publicrelease/web/external/stream/esData,来源指标：国家财政收入累计增长(%)；年内累计；早年真实1月值保留；不是单月；官方增速，不从金额重算
fiscal_revenue_ytd_yoy,CHN,2024-06,-2.8,%,M,,https://data.stats.gov.cn/dg/website/publicrelease/web/external/stream/esData,来源指标：国家财政收入累计增长(%)；年内累计；早年真实1月值保留；不是单月；官方增速，不从金额重算
fiscal_revenue_ytd_yoy,CHN,2024-07,-2.6,%,M,,https://data.stats.gov.cn/dg/website/publicrelease/web/external/stream/esData,来源指标：国家财政收入累计增长(%)；年内累计；早年真实1月值保留；不是单月；官方增速，不从金额重算
fiscal_revenue_ytd_yoy,CHN,2024-08,-2.6,%,M,,https://data.stats.gov.cn/dg/website/publicrelease/web/external/stream/esData,来源指标：国家财政收入累计增长(%)；年内累计；早年真实1月值保留；不是单月；官方增速，不从金额重算
fiscal_revenue_ytd_yoy,CHN,2024-09,-2.2,%,M,,https://data.stats.gov.cn/dg/website/publicrelease/web/external/stream/esData,来源指标：国家财政收入累计增长(%)；年内累计；早年真实1月值保留；不是单月；官方增速，不从金额重算
fiscal_revenue_ytd_yoy,CHN,2024-10,-1.3,%,M,,https://data.stats.gov.cn/dg/website/publicrelease/web/external/stream/esData,来源指标：国家财政收入累计增长(%)；年内累计；早年真实1月值保留；不是单月；官方增速，不从金额重算
fiscal_revenue_ytd_yoy,CHN,2024-11,-0.6,%,M,,https://data.stats.gov.cn/dg/website/publicrelease/web/external/stream/esData,来源指标：国家财政收入累计增长(%)；年内累计；早年真实1月值保留；不是单月；官方增速，不从金额重算
fiscal_revenue_ytd_yoy,CHN,2024-12,1.3,%,M,,https://data.stats.gov.cn/dg/website/publicrelease/web/external/stream/esData,来源指标：国家财政收入累计增长(%)；年内累计；早年真实1月值保留；不是单月；官方增速，不从金额重算
fiscal_revenue_ytd_yoy,CHN,2025-02,-1.6,%,M,,https://data.stats.gov.cn/dg/website/publicrelease/web/external/stream/esData,来源指标：国家财政收入累计增长(%)；年内累计；早年真实1月值保留；不是单月；官方增速，不从金额重算
fiscal_revenue_ytd_yoy,CHN,2025-03,-1.1,%,M,,https://data.stats.gov.cn/dg/website/publicrelease/web/external/stream/esData,来源指标：国家财政收入累计增长(%)；年内累计；早年真实1月值保留；不是单月；官方增速，不从金额重算
fiscal_revenue_ytd_yoy,CHN,2025-04,-0.4,%,M,,https://data.stats.gov.cn/dg/website/publicrelease/web/external/stream/esData,来源指标：国家财政收入累计增长(%)；年内累计；早年真实1月值保留；不是单月；官方增速，不从金额重算
fiscal_revenue_ytd_yoy,CHN,2025-05,-0.3,%,M,,https://data.stats.gov.cn/dg/website/publicrelease/web/external/stream/esData,来源指标：国家财政收入累计增长(%)；年内累计；早年真实1月值保留；不是单月；官方增速，不从金额重算
fiscal_revenue_ytd_yoy,CHN,2025-06,-0.3,%,M,,https://data.stats.gov.cn/dg/website/publicrelease/web/external/stream/esData,来源指标：国家财政收入累计增长(%)；年内累计；早年真实1月值保留；不是单月；官方增速，不从金额重算
fiscal_revenue_ytd_yoy,CHN,2025-07,0.1,%,M,,https://data.stats.gov.cn/dg/website/publicrelease/web/external/stream/esData,来源指标：国家财政收入累计增长(%)；年内累计；早年真实1月值保留；不是单月；官方增速，不从金额重算
fiscal_revenue_ytd_yoy,CHN,2025-08,0.3,%,M,,https://data.stats.gov.cn/dg/website/publicrelease/web/external/stream/esData,来源指标：国家财政收入累计增长(%)；年内累计；早年真实1月值保留；不是单月；官方增速，不从金额重算
fiscal_revenue_ytd_yoy,CHN,2025-09,0.5,%,M,,https://data.stats.gov.cn/dg/website/publicrelease/web/external/stream/esData,来源指标：国家财政收入累计增长(%)；年内累计；早年真实1月值保留；不是单月；官方增速，不从金额重算
fiscal_revenue_ytd_yoy,CHN,2025-10,0.8,%,M,,https://data.stats.gov.cn/dg/website/publicrelease/web/external/stream/esData,来源指标：国家财政收入累计增长(%)；年内累计；早年真实1月值保留；不是单月；官方增速，不从金额重算
fiscal_revenue_ytd_yoy,CHN,2025-11,0.8,%,M,,https://data.stats.gov.cn/dg/website/publicrelease/web/external/stream/esData,来源指标：国家财政收入累计增长(%)；年内累计；早年真实1月值保留；不是单月；官方增速，不从金额重算
fiscal_revenue_ytd_yoy,CHN,2025-12,-1.7,%,M,,https://data.stats.gov.cn/dg/website/publicrelease/web/external/stream/esData,来源指标：国家财政收入累计增长(%)；年内累计；早年真实1月值保留；不是单月；官方增速，不从金额重算
fiscal_revenue_ytd_yoy,CHN,2026-02,0.7,%,M,,https://data.stats.gov.cn/dg/website/publicrelease/web/external/stream/esData,来源指标：国家财政收入累计增长(%)；年内累计；早年真实1月值保留；不是单月；官方增速，不从金额重算
fiscal_revenue_ytd_yoy,CHN,2026-03,2.4,%,M,,https://data.stats.gov.cn/dg/website/publicrelease/web/external/stream/esData,来源指标：国家财政收入累计增长(%)；年内累计；早年真实1月值保留；不是单月；官方增速，不从金额重算
fiscal_revenue_ytd_yoy,CHN,2026-04,3.5,%,M,,https://data.stats.gov.cn/dg/website/publicrelease/web/external/stream/esData,来源指标：国家财政收入累计增长(%)；年内累计；早年真实1月值保留；不是单月；官方增速，不从金额重算
fiscal_revenue_ytd_yoy,CHN,2026-05,4.0,%,M,,https://data.stats.gov.cn/dg/website/publicrelease/web/external/stream/esData,来源指标：国家财政收入累计增长(%)；年内累计；早年真实1月值保留；不是单月；官方增速，不从金额重算
fiscal_revenue_ytd_yoy,CHN,2026-06,4.7,%,M,,https://data.stats.gov.cn/dg/website/publicrelease/web/external/stream/esData,来源指标：国家财政收入累计增长(%)；年内累计；早年真实1月值保留；不是单月；官方增速，不从金额重算
fiscal_revenue_ytd_yoy,CHN,2026-07,5.8,%,M,,https://data.stats.gov.cn/dg/website/publicrelease/web/external/stream/esData,来源指标：国家财政收入累计增长(%)；年内累计；早年真实1月值保留；不是单月；官方增速，不从金额重算
fiscal_tax_annual,CHN,1950,48.98,亿元,A,,https://data.stats.gov.cn/dg/website/publicrelease/web/external/stream/esData,来源指标：国家税收收入(亿元)；年度来源，与12月累计独立
fiscal_tax_annual,CHN,1951,81.13,亿元,A,,https://data.stats.gov.cn/dg/website/publicrelease/web/external/stream/esData,来源指标：国家税收收入(亿元)；年度来源，与12月累计独立
fiscal_tax_annual,CHN,1952,97.69,亿元,A,,https://data.stats.gov.cn/dg/website/publicrelease/web/external/stream/esData,来源指标：国家税收收入(亿元)；年度来源，与12月累计独立
fiscal_tax_annual,CHN,1953,119.67,亿元,A,,https://data.stats.gov.cn/dg/website/publicrelease/web/external/stream/esData,来源指标：国家税收收入(亿元)；年度来源，与12月累计独立
fiscal_tax_annual,CHN,1954,132.18,亿元,A,,https://data.stats.gov.cn/dg/website/publicrelease/web/external/stream/esData,来源指标：国家税收收入(亿元)；年度来源，与12月累计独立
fiscal_tax_annual,CHN,1955,127.45,亿元,A,,https://data.stats.gov.cn/dg/website/publicrelease/web/external/stream/esData,来源指标：国家税收收入(亿元)；年度来源，与12月累计独立
fiscal_tax_annual,CHN,1956,140.88,亿元,A,,https://data.stats.gov.cn/dg/website/publicrelease/web/external/stream/esData,来源指标：国家税收收入(亿元)；年度来源，与12月累计独立
fiscal_tax_annual,CHN,1957,154.89,亿元,A,,https://data.stats.gov.cn/dg/website/publicrelease/web/external/stream/esData,来源指标：国家税收收入(亿元)；年度来源，与12月累计独立
fiscal_tax_annual,CHN,1958,187.36,亿元,A,,https://data.stats.gov.cn/dg/website/publicrelease/web/external/stream/esData,来源指标：国家税收收入(亿元)；年度来源，与12月累计独立
fiscal_tax_annual,CHN,1959,204.71,亿元,A,,https://data.stats.gov.cn/dg/website/publicrelease/web/external/stream/esData,来源指标：国家税收收入(亿元)；年度来源，与12月累计独立
fiscal_tax_annual,CHN,1960,203.65,亿元,A,,https://data.stats.gov.cn/dg/website/publicrelease/web/external/stream/esData,来源指标：国家税收收入(亿元)；年度来源，与12月累计独立
fiscal_tax_annual,CHN,1961,158.76,亿元,A,,https://data.stats.gov.cn/dg/website/publicrelease/web/external/stream/esData,来源指标：国家税收收入(亿元)；年度来源，与12月累计独立
fiscal_tax_annual,CHN,1962,162.07,亿元,A,,https://data.stats.gov.cn/dg/website/publicrelease/web/external/stream/esData,来源指标：国家税收收入(亿元)；年度来源，与12月累计独立
fiscal_tax_annual,CHN,1963,164.31,亿元,A,,https://data.stats.gov.cn/dg/website/publicrelease/web/external/stream/esData,来源指标：国家税收收入(亿元)；年度来源，与12月累计独立
fiscal_tax_annual,CHN,1964,182.00,亿元,A,,https://data.stats.gov.cn/dg/website/publicrelease/web/external/stream/esData,来源指标：国家税收收入(亿元)；年度来源，与12月累计独立
fiscal_tax_annual,CHN,1965,204.30,亿元,A,,https://data.stats.gov.cn/dg/website/publicrelease/web/external/stream/esData,来源指标：国家税收收入(亿元)；年度来源，与12月累计独立
fiscal_tax_annual,CHN,1966,221.96,亿元,A,,https://data.stats.gov.cn/dg/website/publicrelease/web/external/stream/esData,来源指标：国家税收收入(亿元)；年度来源，与12月累计独立
fiscal_tax_annual,CHN,1967,196.63,亿元,A,,https://data.stats.gov.cn/dg/website/publicrelease/web/external/stream/esData,来源指标：国家税收收入(亿元)；年度来源，与12月累计独立
fiscal_tax_annual,CHN,1968,191.56,亿元,A,,https://data.stats.gov.cn/dg/website/publicrelease/web/external/stream/esData,来源指标：国家税收收入(亿元)；年度来源，与12月累计独立
fiscal_tax_annual,CHN,1969,235.44,亿元,A,,https://data.stats.gov.cn/dg/website/publicrelease/web/external/stream/esData,来源指标：国家税收收入(亿元)；年度来源，与12月累计独立
fiscal_tax_annual,CHN,1970,281.20,亿元,A,,https://data.stats.gov.cn/dg/website/publicrelease/web/external/stream/esData,来源指标：国家税收收入(亿元)；年度来源，与12月累计独立
fiscal_tax_annual,CHN,1971,312.56,亿元,A,,https://data.stats.gov.cn/dg/website/publicrelease/web/external/stream/esData,来源指标：国家税收收入(亿元)；年度来源，与12月累计独立
fiscal_tax_annual,CHN,1972,317.02,亿元,A,,https://data.stats.gov.cn/dg/website/publicrelease/web/external/stream/esData,来源指标：国家税收收入(亿元)；年度来源，与12月累计独立
fiscal_tax_annual,CHN,1973,348.95,亿元,A,,https://data.stats.gov.cn/dg/website/publicrelease/web/external/stream/esData,来源指标：国家税收收入(亿元)；年度来源，与12月累计独立
fiscal_tax_annual,CHN,1974,360.40,亿元,A,,https://data.stats.gov.cn/dg/website/publicrelease/web/external/stream/esData,来源指标：国家税收收入(亿元)；年度来源，与12月累计独立
fiscal_tax_annual,CHN,1975,402.77,亿元,A,,https://data.stats.gov.cn/dg/website/publicrelease/web/external/stream/esData,来源指标：国家税收收入(亿元)；年度来源，与12月累计独立
fiscal_tax_annual,CHN,1976,407.96,亿元,A,,https://data.stats.gov.cn/dg/website/publicrelease/web/external/stream/esData,来源指标：国家税收收入(亿元)；年度来源，与12月累计独立
fiscal_tax_annual,CHN,1977,468.27,亿元,A,,https://data.stats.gov.cn/dg/website/publicrelease/web/external/stream/esData,来源指标：国家税收收入(亿元)；年度来源，与12月累计独立
fiscal_tax_annual,CHN,1978,519.28,亿元,A,,https://data.stats.gov.cn/dg/website/publicrelease/web/external/stream/esData,来源指标：国家税收收入(亿元)；年度来源，与12月累计独立
fiscal_tax_annual,CHN,1979,537.82,亿元,A,,https://data.stats.gov.cn/dg/website/publicrelease/web/external/stream/esData,来源指标：国家税收收入(亿元)；年度来源，与12月累计独立
fiscal_tax_annual,CHN,1980,571.70,亿元,A,,https://data.stats.gov.cn/dg/website/publicrelease/web/external/stream/esData,来源指标：国家税收收入(亿元)；年度来源，与12月累计独立
fiscal_tax_annual,CHN,1981,629.89,亿元,A,,https://data.stats.gov.cn/dg/website/publicrelease/web/external/stream/esData,来源指标：国家税收收入(亿元)；年度来源，与12月累计独立
fiscal_tax_annual,CHN,1982,700.02,亿元,A,,https://data.stats.gov.cn/dg/website/publicrelease/web/external/stream/esData,来源指标：国家税收收入(亿元)；年度来源，与12月累计独立
fiscal_tax_annual,CHN,1983,775.59,亿元,A,,https://data.stats.gov.cn/dg/website/publicrelease/web/external/stream/esData,来源指标：国家税收收入(亿元)；年度来源，与12月累计独立
fiscal_tax_annual,CHN,1984,947.35,亿元,A,,https://data.stats.gov.cn/dg/website/publicrelease/web/external/stream/esData,来源指标：国家税收收入(亿元)；年度来源，与12月累计独立
fiscal_tax_annual,CHN,1985,2040.79,亿元,A,,https://data.stats.gov.cn/dg/website/publicrelease/web/external/stream/esData,来源指标：国家税收收入(亿元)；年度来源，与12月累计独立
fiscal_tax_annual,CHN,1986,2090.73,亿元,A,,https://data.stats.gov.cn/dg/website/publicrelease/web/external/stream/esData,来源指标：国家税收收入(亿元)；年度来源，与12月累计独立
fiscal_tax_annual,CHN,1987,2140.36,亿元,A,,https://data.stats.gov.cn/dg/website/publicrelease/web/external/stream/esData,来源指标：国家税收收入(亿元)；年度来源，与12月累计独立
fiscal_tax_annual,CHN,1988,2390.47,亿元,A,,https://data.stats.gov.cn/dg/website/publicrelease/web/external/stream/esData,来源指标：国家税收收入(亿元)；年度来源，与12月累计独立
fiscal_tax_annual,CHN,1989,2727.40,亿元,A,,https://data.stats.gov.cn/dg/website/publicrelease/web/external/stream/esData,来源指标：国家税收收入(亿元)；年度来源，与12月累计独立
fiscal_tax_annual,CHN,1990,2821.86,亿元,A,,https://data.stats.gov.cn/dg/website/publicrelease/web/external/stream/esData,来源指标：国家税收收入(亿元)；年度来源，与12月累计独立
fiscal_tax_annual,CHN,1991,2990.17,亿元,A,,https://data.stats.gov.cn/dg/website/publicrelease/web/external/stream/esData,来源指标：国家税收收入(亿元)；年度来源，与12月累计独立
fiscal_tax_annual,CHN,1992,3296.91,亿元,A,,https://data.stats.gov.cn/dg/website/publicrelease/web/external/stream/esData,来源指标：国家税收收入(亿元)；年度来源，与12月累计独立
fiscal_tax_annual,CHN,1993,4255.30,亿元,A,,https://data.stats.gov.cn/dg/website/publicrelease/web/external/stream/esData,来源指标：国家税收收入(亿元)；年度来源，与12月累计独立
fiscal_tax_annual,CHN,1994,5126.88,亿元,A,,https://data.stats.gov.cn/dg/website/publicrelease/web/external/stream/esData,来源指标：国家税收收入(亿元)；年度来源，与12月累计独立
fiscal_tax_annual,CHN,1995,6038.04,亿元,A,,https://data.stats.gov.cn/dg/website/publicrelease/web/external/stream/esData,来源指标：国家税收收入(亿元)；年度来源，与12月累计独立
fiscal_tax_annual,CHN,1996,6909.82,亿元,A,,https://data.stats.gov.cn/dg/website/publicrelease/web/external/stream/esData,来源指标：国家税收收入(亿元)；年度来源，与12月累计独立
fiscal_tax_annual,CHN,1997,8234.04,亿元,A,,https://data.stats.gov.cn/dg/website/publicrelease/web/external/stream/esData,来源指标：国家税收收入(亿元)；年度来源，与12月累计独立
fiscal_tax_annual,CHN,1998,9262.80,亿元,A,,https://data.stats.gov.cn/dg/website/publicrelease/web/external/stream/esData,来源指标：国家税收收入(亿元)；年度来源，与12月累计独立
fiscal_tax_annual,CHN,1999,10682.58,亿元,A,,https://data.stats.gov.cn/dg/website/publicrelease/web/external/stream/esData,来源指标：国家税收收入(亿元)；年度来源，与12月累计独立
fiscal_tax_annual,CHN,2000,12581.51,亿元,A,,https://data.stats.gov.cn/dg/website/publicrelease/web/external/stream/esData,来源指标：国家税收收入(亿元)；年度来源，与12月累计独立
fiscal_tax_annual,CHN,2001,15301.38,亿元,A,,https://data.stats.gov.cn/dg/website/publicrelease/web/external/stream/esData,来源指标：国家税收收入(亿元)；年度来源，与12月累计独立
fiscal_tax_annual,CHN,2002,17636.45,亿元,A,,https://data.stats.gov.cn/dg/website/publicrelease/web/external/stream/esData,来源指标：国家税收收入(亿元)；年度来源，与12月累计独立
fiscal_tax_annual,CHN,2003,20017.31,亿元,A,,https://data.stats.gov.cn/dg/website/publicrelease/web/external/stream/esData,来源指标：国家税收收入(亿元)；年度来源，与12月累计独立
fiscal_tax_annual,CHN,2004,24165.68,亿元,A,,https://data.stats.gov.cn/dg/website/publicrelease/web/external/stream/esData,来源指标：国家税收收入(亿元)；年度来源，与12月累计独立
fiscal_tax_annual,CHN,2005,28778.54,亿元,A,,https://data.stats.gov.cn/dg/website/publicrelease/web/external/stream/esData,来源指标：国家税收收入(亿元)；年度来源，与12月累计独立
fiscal_tax_annual,CHN,2006,34804.35,亿元,A,,https://data.stats.gov.cn/dg/website/publicrelease/web/external/stream/esData,来源指标：国家税收收入(亿元)；年度来源，与12月累计独立
fiscal_tax_annual,CHN,2007,45621.97,亿元,A,,https://data.stats.gov.cn/dg/website/publicrelease/web/external/stream/esData,来源指标：国家税收收入(亿元)；年度来源，与12月累计独立
fiscal_tax_annual,CHN,2008,54223.79,亿元,A,,https://data.stats.gov.cn/dg/website/publicrelease/web/external/stream/esData,来源指标：国家税收收入(亿元)；年度来源，与12月累计独立
fiscal_tax_annual,CHN,2009,59521.59,亿元,A,,https://data.stats.gov.cn/dg/website/publicrelease/web/external/stream/esData,来源指标：国家税收收入(亿元)；年度来源，与12月累计独立
fiscal_tax_annual,CHN,2010,73210.79,亿元,A,,https://data.stats.gov.cn/dg/website/publicrelease/web/external/stream/esData,来源指标：国家税收收入(亿元)；年度来源，与12月累计独立
fiscal_tax_annual,CHN,2011,89738.39,亿元,A,,https://data.stats.gov.cn/dg/website/publicrelease/web/external/stream/esData,来源指标：国家税收收入(亿元)；年度来源，与12月累计独立
fiscal_tax_annual,CHN,2012,100614.28,亿元,A,,https://data.stats.gov.cn/dg/website/publicrelease/web/external/stream/esData,来源指标：国家税收收入(亿元)；年度来源，与12月累计独立
fiscal_tax_annual,CHN,2013,110530.70,亿元,A,,https://data.stats.gov.cn/dg/website/publicrelease/web/external/stream/esData,来源指标：国家税收收入(亿元)；年度来源，与12月累计独立
fiscal_tax_annual,CHN,2014,119175.31,亿元,A,,https://data.stats.gov.cn/dg/website/publicrelease/web/external/stream/esData,来源指标：国家税收收入(亿元)；年度来源，与12月累计独立
fiscal_tax_annual,CHN,2015,124922.20,亿元,A,,https://data.stats.gov.cn/dg/website/publicrelease/web/external/stream/esData,来源指标：国家税收收入(亿元)；年度来源，与12月累计独立
fiscal_tax_annual,CHN,2016,130360.73,亿元,A,,https://data.stats.gov.cn/dg/website/publicrelease/web/external/stream/esData,来源指标：国家税收收入(亿元)；年度来源，与12月累计独立
fiscal_tax_annual,CHN,2017,144369.87,亿元,A,,https://data.stats.gov.cn/dg/website/publicrelease/web/external/stream/esData,来源指标：国家税收收入(亿元)；年度来源，与12月累计独立
fiscal_tax_annual,CHN,2018,156402.86,亿元,A,,https://data.stats.gov.cn/dg/website/publicrelease/web/external/stream/esData,来源指标：国家税收收入(亿元)；年度来源，与12月累计独立
fiscal_tax_annual,CHN,2019,158000.46,亿元,A,,https://data.stats.gov.cn/dg/website/publicrelease/web/external/stream/esData,来源指标：国家税收收入(亿元)；年度来源，与12月累计独立
fiscal_tax_annual,CHN,2020,154312.30,亿元,A,,https://data.stats.gov.cn/dg/website/publicrelease/web/external/stream/esData,来源指标：国家税收收入(亿元)；年度来源，与12月累计独立
fiscal_tax_annual,CHN,2021,172735.70,亿元,A,,https://data.stats.gov.cn/dg/website/publicrelease/web/external/stream/esData,来源指标：国家税收收入(亿元)；年度来源，与12月累计独立
fiscal_tax_annual,CHN,2022,166620.10,亿元,A,,https://data.stats.gov.cn/dg/website/publicrelease/web/external/stream/esData,来源指标：国家税收收入(亿元)；年度来源，与12月累计独立
fiscal_tax_annual,CHN,2023,181136.25,亿元,A,,https://data.stats.gov.cn/dg/website/publicrelease/web/external/stream/esData,来源指标：国家税收收入(亿元)；年度来源，与12月累计独立
fiscal_tax_annual,CHN,2024,175006.88,亿元,A,,https://data.stats.gov.cn/dg/website/publicrelease/web/external/stream/esData,来源指标：国家税收收入(亿元)；年度来源，与12月累计独立
fiscal_tax_annual,CHN,2025,176363.23,亿元,A,,https://data.stats.gov.cn/dg/website/publicrelease/web/external/stream/esData,来源指标：国家税收收入(亿元)；年度来源，与12月累计独立
fiscal_tax_ytd,CHN,2009-01,5639.01,亿元,M,2009-02-16,https://gks.mof.gov.cn/tongjishuju/200902/t20090216_114024.htm,"年内累计执行数，不是单月；原文：财政收入中的税收收入5639.01亿元,同比下降16.7%。"
fiscal_tax_ytd,CHN,2009-02,9237.27,亿元,M,2009-03-13,https://gks.mof.gov.cn/tongjishuju/200903/t20090313_122039.htm,"年内累计执行数，不是单月；原文：1-2月累计,全国财政收入中的税收收入9237.27亿元,同比下降13%。"
fiscal_tax_ytd,CHN,2009-03,13023.58,亿元,M,2009-04-13,https://gks.mof.gov.cn/tongjishuju/200904/t20090413_132140.htm,"年内累计执行数，不是单月；原文：财政收入中的税收收入13023.58亿元,同比下降10.3%。"
fiscal_tax_ytd,CHN,2009-04,18336.81,亿元,M,2009-05-14,https://gks.mof.gov.cn/tongjishuju/200905/t20090514_157614.htm,"年内累计执行数，不是单月；原文：财政收入中的税收收入18336.81亿元,同比下降11.1%。"
fiscal_tax_ytd,CHN,2009-05,24046.51,亿元,M,2009-06-15,https://gks.mof.gov.cn/tongjishuju/200906/t20090615_167878.htm,"年内累计执行数，不是单月；原文：财政收入中的税收收入24046.51亿元,同比下降9.4%;非税收入3062.16亿元,同比增长21.2%。"
fiscal_tax_ytd,CHN,2009-06,29530.07,亿元,M,2009-07-13,https://gks.mof.gov.cn/tongjishuju/200907/t20090713_181827.htm,"年内累计执行数，不是单月；原文：财政收入中的税收收入29530.07亿元,同比下降6%;非税收入4446.07亿元,同比增长31.4%。"
fiscal_tax_ytd,CHN,2009-07,35464.99,亿元,M,2009-08-12,https://gks.mof.gov.cn/tongjishuju/200908/t20090812_192802.htm,"年内累计执行数，不是单月；原文：财政收入中的税收收入35464.99亿元,同比下降3.5%;非税收入5207.06亿元,同比增长26%。"
fiscal_tax_ytd,CHN,2009-09,45057.56,亿元,M,2009-10-16,https://gks.mof.gov.cn/tongjishuju/200910/t20091016_218908.htm,"年内累计执行数，不是单月；原文：财政收入中的税收收入45057.56亿元,同比增长2.2%;非税收入6461.31亿元,同比增长33.1%。"
fiscal_tax_ytd,CHN,2009-10,51317.65,亿元,M,2009-11-13,https://gks.mof.gov.cn/tongjishuju/200911/t20091113_231936.htm,"年内累计执行数，不是单月；原文：财政收入中的税收收入51317.65亿元,同比增长4.7%;非税收入7046.15亿元,同比增长33.8%。"
fiscal_tax_ytd,CHN,2009-11,55687.26,亿元,M,2009-12-11,https://gks.mof.gov.cn/tongjishuju/200912/t20091211_244696.htm,"年内累计执行数，不是单月；原文：财政收入中的税收收入55687.26亿元,同比增长7.1%;非税收入7705.84亿元,同比增长27%。"
fiscal_tax_ytd,CHN,2009-12,59515,亿元,M,2010-02-05,https://gks.mof.gov.cn/tongjishuju/201002/t20100205_269099.htm,"年内累计执行数，不是单月；原文：财政收入中的税收收入59515亿元,比上年增长9.8%;非税收入8962亿元,比上年增长26.1%。"
fiscal_tax_ytd,CHN,2010-02,12473.47,亿元,M,2010-03-14,https://gks.mof.gov.cn/tongjishuju/201003/t20100314_275733.htm,"年内累计执行数，不是单月；原文：财政收入中的税收收入12473.47亿元,同比增长35%;非税收入1130.16亿元,同比增长12.7%。"
fiscal_tax_ytd,CHN,2010-03,17702.55,亿元,M,2010-04-15,https://gks.mof.gov.cn/tongjishuju/201004/t20100415_287614.htm,"年内累计执行数，不是单月；原文：财政收入中的税收收入17702.55亿元,同比增长35.9%;非税收入1924.52亿元,同比增长18.9%。"
fiscal_tax_ytd,CHN,2010-04,25004.57,亿元,M,2010-05-11,https://gks.mof.gov.cn/tongjishuju/201005/t20100511_291446.htm,"年内累计执行数，不是单月；原文：财政收入中的税收收入25004.57亿元,同比增长36.4%;非税收入2548.16亿元,同比增长15.7%。"
fiscal_tax_ytd,CHN,2010-05,32029.93,亿元,M,2010-06-11,https://gks.mof.gov.cn/tongjishuju/201006/t20100611_322362.htm,"年内累计执行数，不是单月；原文：财政收入中的税收收入32029.93亿元,增长33.2%;非税收入3440.46亿元,增长12.4%。"
fiscal_tax_ytd,CHN,2010-06,38611.53,亿元,M,2010-07-15,https://gks.mof.gov.cn/tongjishuju/201007/t20100715_327955.htm,"年内累计执行数，不是单月；原文：财政收入中的税收收入38611.53亿元,同比增长30.8%;非税收入4738.26亿元,同比增长6.6%。"
fiscal_tax_ytd,CHN,2010-07,45534.22,亿元,M,2010-08-11,https://gks.mof.gov.cn/tongjishuju/201008/t20100811_332549.htm,"年内累计执行数，不是单月；原文：财政收入中的税收收入45534.22亿元,增长28.4%;非税收入5598.75亿元,增长7.5%。"
fiscal_tax_ytd,CHN,2010-08,50555.8,亿元,M,2010-09-10,https://gks.mof.gov.cn/tongjishuju/201009/t20100910_338499.htm,"年内累计执行数，不是单月；原文：财政收入中的税收收入50555.8亿元,增长26%;非税收入6196.52亿元,增长7.1%。"
fiscal_tax_ytd,CHN,2010-09,55957.37,亿元,M,2010-10-15,https://gks.mof.gov.cn/tongjishuju/201010/t20101015_342886.htm,"年内累计执行数，不是单月；原文：财政收入中的税收收入55957.37亿元,增长24.2%;非税收入7082.14亿元,增长9.6%。"
fiscal_tax_ytd,CHN,2010-10,62895.14,亿元,M,2010-11-11,https://gks.mof.gov.cn/tongjishuju/201011/t20101111_348494.htm,"年内累计执行数，不是单月；原文：财政收入中的税收收入62895.14亿元,增长22.6%;非税收入8004.68亿元,增长13.6%。"
fiscal_tax_ytd,CHN,2010-11,68332.36,亿元,M,2010-12-10,https://gks.mof.gov.cn/tongjishuju/201012/t20101210_367850.htm,"年内累计执行数，不是单月；原文：全国财政收入中的税收收入68332.36亿元,增长22.7%;非税收入8408.15亿元,增长9.1%。"
fiscal_tax_ytd,CHN,2010-12,73202,亿元,M,2011-01-20,https://gks.mof.gov.cn/tongjishuju/201101/t20110120_421479.htm,"年内累计执行数，不是单月；原文：财政收入中的税收收入73202亿元,增长23%;非税收入9878亿元,增长9.8%。"
fiscal_tax_ytd,CHN,2011-02,16894.84,亿元,M,2011-03-14,https://gks.mof.gov.cn/tongjishuju/201103/t20110314_500487.htm,"年内累计执行数，不是单月；原文：财政收入中的税收收入16894.84亿元,同比增长35.4%;非税收入1599.55亿元,同比增长41.5%。"
fiscal_tax_ytd,CHN,2011-03,23438.85,亿元,M,2011-04-15,https://gks.mof.gov.cn/tongjishuju/201104/t20110415_537711.htm,"年内累计执行数，不是单月；原文：财政收入中的税收收入23438.85亿元,同比增长32.4%;非税收入2686.89亿元,同比增长39.6%。"
fiscal_tax_ytd,CHN,2011-04,32631.52,亿元,M,2011-05-11,https://gks.mof.gov.cn/tongjishuju/201105/t20110511_547608.htm,"年内累计执行数，不是单月；原文：财政收入中的税收收入32631.52亿元,同比增长30.5%;非税收入3576.28亿元,同比增长40.3%。"
fiscal_tax_ytd,CHN,2011-05,41896.23,亿元,M,2011-06-10,https://gks.mof.gov.cn/tongjishuju/201106/t20110610_559635.htm,"年内累计执行数，不是单月；原文：财政收入中的税收收入41896.23亿元,同比增长30.8%;非税收入4923.83亿元,同比增长43.1%。"
fiscal_tax_ytd,CHN,2011-06,50028.43,亿元,M,2011-07-14,https://gks.mof.gov.cn/tongjishuju/201107/t20110714_576300.htm,"年内累计执行数，不是单月；原文：财政收入中的税收收入50028.43亿元,同比增长29.6%;非税收入6847.39亿元,同比增长44.5%。"
fiscal_tax_ytd,CHN,2011-07,58708.04,亿元,M,2011-08-11,https://gks.mof.gov.cn/tongjishuju/201108/t20110811_586144.htm,"年内累计执行数，不是单月；原文：财政收入中的税收收入58708.04亿元,同比增长28.9%;非税收入8031.88亿元,同比增长43.5%,主要是按有关规定将原预算外资金纳入预算管理。"
fiscal_tax_ytd,CHN,2011-08,64880.09,亿元,M,2011-09-13,https://gks.mof.gov.cn/tongjishuju/201109/t20110913_593259.htm,"年内累计执行数，不是单月；原文：财政收入中的税收收入64880.09亿元,同比增长28.3%;非税收入9406.2亿元,同比增长51.8%,主要是按有关规定将原预算外资金纳入预算管理。"
fiscal_tax_ytd,CHN,2011-09,71292.18,亿元,M,2011-10-18,https://gks.mof.gov.cn/tongjishuju/201110/t20111018_600204.htm,"年内累计执行数，不是单月；原文：财政收入中的税收收入71292.18亿元,同比增长27.4%;非税收入10371.16亿元,同比增长46.4%,其中中央非税收入2273.99亿元,同比增长34.7%。"
fiscal_tax_ytd,CHN,2011-10,79634.28,亿元,M,2011-11-09,https://gks.mof.gov.cn/tongjishuju/201111/t20111109_606277.htm,"年内累计执行数，不是单月；原文：财政收入中的税收收入79634.28亿元,同比增长26.6%;非税收入11217.4亿元,同比增长40.1%,其中中央非税收入2352.06亿元,同比增长13.8%。"
fiscal_tax_ytd,CHN,2011-11,85216.4,亿元,M,2011-12-11,https://gks.mof.gov.cn/tongjishuju/201112/t20111211_614534.htm,"年内累计执行数，不是单月；原文：财政收入中的税收收入85216.4亿元,同比增长24.7%;非税收入12092.6亿元,同比增长43.8%,主要是非税收入中相当部分去年是在预算外专户管理,今年按规定纳入预算管理。"
fiscal_tax_ytd,CHN,2011-12,89720,亿元,M,2012-01-20,https://gks.mof.gov.cn/tongjishuju/201201/t20120120_624316.htm,"年内累计执行数，不是单月；原文：财政收入中的税收收入89720亿元,增长22.6%;非税收入14020亿元,增长41.7%。"
fiscal_tax_ytd,CHN,2012-02,18501.34,亿元,M,2012-03-12,https://gks.mof.gov.cn/tongjishuju/201203/t20120312_634309.htm,"年内累计执行数，不是单月；原文：财政收入中的税收收入18501.34亿元,同比增长9.5%。"
fiscal_tax_ytd,CHN,2012-03,25857.81,亿元,M,2012-04-13,https://gks.mof.gov.cn/tongjishuju/201204/t20120413_642982.htm,"年内累计执行数，不是单月；原文：财政收入中的税收收入25857.81亿元,同比增长10.3%。"
fiscal_tax_ytd,CHN,2012-04,35286,亿元,M,2012-05-11,https://gks.mof.gov.cn/tongjishuju/201205/t20120511_650707.htm,"年内累计执行数，不是单月；原文：财政收入中的税收收入35286亿元,同比增长8.1%。"
fiscal_tax_ytd,CHN,2012-05,45821,亿元,M,2012-06-11,https://gks.mof.gov.cn/tongjishuju/201206/t20120611_658585.htm,"年内累计执行数，不是单月；原文：财政收入中的税收收入45821亿元,同比增长9.4%。"
fiscal_tax_ytd,CHN,2012-06,54932,亿元,M,2012-07-13,https://gks.mof.gov.cn/tongjishuju/201207/t20120713_666240.htm,"年内累计执行数，不是单月；原文：财政收入中的税收收入54932亿元,同比增长9.8%。"
fiscal_tax_ytd,CHN,2012-07,64008,亿元,M,2012-08-10,https://gks.mof.gov.cn/tongjishuju/201208/t20120810_674581.htm,"年内累计执行数，不是单月；原文：财政收入中的税收收入64008亿元,同比增长9%,扣除汇算清缴上年银行业等企业所得税增加较多因素后增长7%左右。"
fiscal_tax_ytd,CHN,2012-08,70626,亿元,M,2012-09-11,https://gks.mof.gov.cn/tongjishuju/201209/t20120911_682031.htm,"年内累计执行数，不是单月；原文：财政收入中的税收收入70626亿元,同比增长8.9%,扣除汇算清缴上年企业所得税增加等因素后增长7%左右。"
fiscal_tax_ytd,CHN,2012-09,77410,亿元,M,2012-10-18,https://gks.mof.gov.cn/tongjishuju/201210/t20121018_688653.htm,"年内累计执行数，不是单月；原文：财政收入中的税收收入77410亿元,同比增长8.6%,扣除汇算清缴上年企业所得税增加等因素后增长7%左右。"
fiscal_tax_ytd,CHN,2012-10,86792,亿元,M,2012-11-14,https://gks.mof.gov.cn/tongjishuju/201211/t20121114_694678.htm,"年内累计执行数，不是单月；原文：财政收入中的税收收入86792亿元,同比增长9%,扣除汇算清缴上年企业所得税增加等因素后增长7%左右。"
fiscal_tax_ytd,CHN,2012-11,93552,亿元,M,2012-12-11,https://gks.mof.gov.cn/tongjishuju/201212/t20121211_713211.htm,"年内累计执行数，不是单月；原文：财政收入中的税收收入93552亿元,同比增长9.8%,扣除汇算清缴上年企业所得税增加等因素后增长8%左右。"
fiscal_tax_ytd,CHN,2012-12,100601,亿元,M,2013-01-22,https://gks.mof.gov.cn/tongjishuju/201301/t20130122_729462.htm,"年内累计执行数，不是单月；原文：财政收入中的税收收入100601亿元,增长12.1%。"
fiscal_tax_ytd,CHN,2013-02,19594,亿元,M,2013-03-06,https://gks.mof.gov.cn/tongjishuju/201303/t20130306_754230.htm,"年内累计执行数，不是单月；原文：财政收入中的税收收入19594亿元,同比增长5.9%。"
fiscal_tax_ytd,CHN,2013-03,27399,亿元,M,2013-04-15,https://gks.mof.gov.cn/tongjishuju/201304/t20130415_824878.htm,"年内累计执行数，不是单月；原文：财政收入中的税收收入27399亿元,同比增长6%,比去年同期回落4.3个百分点。"
fiscal_tax_ytd,CHN,2013-04,37568,亿元,M,2013-05-13,https://gks.mof.gov.cn/tongjishuju/201305/t20130513_867577.htm,"年内累计执行数，不是单月；原文：财政收入中的税收收入37568亿元,同比增长6.5%,增幅同比回落1.6个百分点。"
fiscal_tax_ytd,CHN,2013-05,48979,亿元,M,2013-06-09,https://gks.mof.gov.cn/tongjishuju/201306/t20130609_912495.htm,"年内累计执行数，不是单月；原文：财政收入中的税收收入48979亿元,同比增长6.9%,增幅同比回落2.5个百分点。"
fiscal_tax_ytd,CHN,2013-06,59261,亿元,M,2013-07-15,https://gks.mof.gov.cn/tongjishuju/201307/t20130715_966250.htm,"年内累计执行数，不是单月；原文：财政收入中的税收收入59261亿元,同比增长7.9%,增幅同比回落1.9个百分点。"
fiscal_tax_ytd,CHN,2013-07,69432,亿元,M,2013-08-13,https://gks.mof.gov.cn/tongjishuju/201308/t20130813_977365.htm,"年内累计执行数，不是单月；原文：财政收入中的税收收入69432亿元,同比增长8.5%,比1-6月累计增幅提高0.6个百分点,比上年同期回落0.5个百分点。"
fiscal_tax_ytd,CHN,2013-08,76581,亿元,M,2013-09-12,https://gks.mof.gov.cn/tongjishuju/201309/t20130911_987958.htm,"年内累计执行数，不是单月；原文：财政收入中的税收收入76581亿元,同比增长8.4%,比1-7月累计增幅回落0.1个百分点,比上年同期回落0.5个百分点。"
fiscal_tax_ytd,CHN,2013-09,84412,亿元,M,2013-10-18,https://gks.mof.gov.cn/tongjishuju/201310/t20131018_1000698.htm,"年内累计执行数，不是单月；原文：财政收入中的税收收入84412亿元,同比增长9%,比1-8月累计增幅提高0.6个百分点,比上年同期提高0.4个百分点。"
fiscal_tax_ytd,CHN,2013-10,95305,亿元,M,2013-11-13,https://gks.mof.gov.cn/tongjishuju/201311/t20131113_1011319.htm,"年内累计执行数，不是单月；原文：财政收入中的税收收入95305亿元,同比增长9.8%,比1-9月累计增幅提高0.8个百分点,比上年同期提高0.8个百分点。"
fiscal_tax_ytd,CHN,2013-11,102877,亿元,M,2013-12-11,https://gks.mof.gov.cn/tongjishuju/201312/t20131211_1023330.htm,"年内累计执行数，不是单月；原文：财政收入中的税收收入102877亿元,同比增长10%,比1-10月累计增幅提高0.2个百分点,比上年同期提高0.2个百分点。"
fiscal_tax_ytd,CHN,2013-12,110497,亿元,M,2014-01-23,https://gks.mof.gov.cn/tongjishuju/201401/t20140123_1038541.htm,"年内累计执行数，不是单月；原文：财政收入中的税收收入110497亿元,比上年增长9.8%。"
fiscal_tax_ytd,CHN,2014-05,53463,亿元,M,2014-06-11,https://gks.mof.gov.cn/tongjishuju/201406/t20140611_1097509.htm,"年内累计执行数，不是单月；原文：全国财政收入中税收收入53463亿元,同比增长9.2%;非税收入7714亿元,同比增长6.6%。"
fiscal_tax_ytd,CHN,2014-06,64269,亿元,M,2014-07-14,https://gks.mof.gov.cn/tongjishuju/201407/t20140714_1112497.htm,"年内累计执行数，不是单月；原文：全国财政收入中税收收入64269亿元,同比增长8.5%。"
fiscal_tax_ytd,CHN,2014-07,75401,亿元,M,2014-08-11,https://gks.mof.gov.cn/tongjishuju/201408/t20140811_1124949.htm,"年内累计执行数，不是单月；原文：全国财政收入中税收收入75401亿元,同比增长8.6%。"
fiscal_tax_ytd,CHN,2014-08,82688,亿元,M,2014-09-12,https://gks.mof.gov.cn/tongjishuju/201409/t20140912_1138773.htm,"年内累计执行数，不是单月；原文：全国财政收入中税收收入82688亿元,同比增长8%。"
fiscal_tax_ytd,CHN,2014-09,90695,亿元,M,2014-10-21,https://gks.mof.gov.cn/tongjishuju/201410/t20141021_1153225.htm,"年内累计执行数，不是单月；原文：全国财政收入中税收收入90695亿元,同比增长7.4%。"
fiscal_tax_ytd,CHN,2014-10,102501,亿元,M,2014-11-14,https://gks.mof.gov.cn/tongjishuju/201411/t20141114_1158303.htm,"年内累计执行数，不是单月；原文：全国财政收入中税收收入102501亿元,同比增长7.6%。"
fiscal_tax_ytd,CHN,2014-11,110598,亿元,M,2014-12-11,https://gks.mof.gov.cn/tongjishuju/201412/t20141211_1165993.htm,"年内累计执行数，不是单月；原文：全国财政收入中税收收入110598亿元,同比增长7.5%。"
fiscal_tax_ytd,CHN,2014-12,119158,亿元,M,2015-01-30,https://gks.mof.gov.cn/tongjishuju/201501/t20150130_1186487.htm,"年内累计执行数，不是单月；原文：一般公共财政收入中的税收收入119158亿元,同比增长7.8%。"
fiscal_tax_ytd,CHN,2015-02,22361,亿元,M,2015-03-16,https://gks.mof.gov.cn/tongjishuju/201503/t20150316_1202393.htm,"年内累计执行数，不是单月；原文：全国一般公共预算收入中的税收收入22361亿元,同比增长0.8%。"
fiscal_tax_ytd,CHN,2015-03,30563,亿元,M,2015-04-16,https://gks.mof.gov.cn/tongjishuju/201504/t20150416_1217866.htm,"年内累计执行数，不是单月；原文：全国一般公共预算收入中的税收收入30563亿元,同比增长1.2%。"
fiscal_tax_ytd,CHN,2015-05,54531,亿元,M,2015-06-11,https://gks.mof.gov.cn/tongjishuju/201506/t20150611_1255977.htm,"年内累计执行数，不是单月；原文：全国一般公共预算收入中的税收收入54531亿元,同比增长2%。"
fiscal_tax_ytd,CHN,2015-06,66507,亿元,M,2015-07-15,https://gks.mof.gov.cn/tongjishuju/201507/t20150715_1315558.htm,"年内累计执行数，不是单月；原文：全国一般公共预算收入中的税收收入66507亿元,同比增长3.5%。"
fiscal_tax_ytd,CHN,2015-07,78793,亿元,M,2015-08-12,https://gks.mof.gov.cn/tongjishuju/201508/t20150812_1415683.htm,"年内累计执行数，不是单月；原文：全国一般公共预算收入中的税收收入78793亿元,同比增长4.5%。"
fiscal_tax_ytd,CHN,2015-09,94631,亿元,M,2015-10-19,https://gks.mof.gov.cn/tongjishuju/201510/t20151019_1509539.htm,"年内累计执行数，不是单月；原文：全国一般公共预算收入中的税收收入94631亿元,同比增长4.3%。"
fiscal_tax_ytd,CHN,2015-10,106654,亿元,M,2015-11-12,https://gks.mof.gov.cn/tongjishuju/201511/t20151112_1557086.htm,"年内累计执行数，不是单月；原文：全国一般公共预算收入中的税收收入106654亿元,同比增长4.1%。"
fiscal_tax_ytd,CHN,2015-12,124892,亿元,M,2016-01-29,https://gks.mof.gov.cn/tongjishuju/201601/t20160129_1661457.htm,"年内累计执行数，不是单月；原文：全国一般公共预算收入中的税收收入124892亿元,同比增长4.8%;非税收入27325亿元,增长28.9%,同口径增长10.6%。"
fiscal_tax_ytd,CHN,2016-02,23867,亿元,M,2016-03-16,https://gks.mof.gov.cn/tongjishuju/201603/t20160316_1911309.htm,"年内累计执行数，不是单月；原文：全国一般公共预算收入中的税收收入23867亿元,同比增长6.7%。"
fiscal_tax_ytd,CHN,2016-03,32954,亿元,M,2016-04-15,https://gks.mof.gov.cn/tongjishuju/201604/t20160415_1951291.htm,"年内累计执行数，不是单月；原文：全国一般公共预算收入中的税收收入32954亿元,同比增长7.8%。"
fiscal_tax_ytd,CHN,2016-05,59987,亿元,M,2016-06-13,https://gks.mof.gov.cn/tongjishuju/201606/t20160613_2321911.htm,"年内累计执行数，不是单月；原文：全国一般公共预算收入中的税收收入59987亿元,同比增长10%。"
fiscal_tax_ytd,CHN,2016-06,72236,亿元,M,2016-07-15,https://gks.mof.gov.cn/tongjishuju/201607/t20160715_2358299.htm,"年内累计执行数，不是单月；原文：全国一般公共预算收入中的税收收入72236亿元,同比增长8.6%。"
fiscal_tax_ytd,CHN,2016-07,84957,亿元,M,2016-08-12,https://gks.mof.gov.cn/tongjishuju/201608/t20160812_2386335.htm,"年内累计执行数，不是单月；原文：全国一般公共预算收入中的税收收入84957亿元,同比增长7.8%。"
fiscal_tax_ytd,CHN,2016-08,92637,亿元,M,2016-09-13,https://gks.mof.gov.cn/tongjishuju/201609/t20160913_2416150.htm,"年内累计执行数，不是单月；原文：全国一般公共预算收入中的税收收入92637亿元,同比增长7.3%。"
fiscal_tax_ytd,CHN,2016-09,100881,亿元,M,2016-10-19,https://gks.mof.gov.cn/tongjishuju/201610/t20161019_2438319.htm,"年内累计执行数，不是单月；原文：全国一般公共预算收入中的税收收入100881亿元,同比增长6.6%。"
fiscal_tax_ytd,CHN,2016-10,113771,亿元,M,2016-11-14,https://gks.mof.gov.cn/tongjishuju/201611/t20161114_2457343.htm,"年内累计执行数，不是单月；原文：全国一般公共预算收入中的税收收入113771亿元,同比增长6.7%。"
fiscal_tax_ytd,CHN,2016-11,122326,亿元,M,2016-12-13,https://gks.mof.gov.cn/tongjishuju/201612/t20161213_2480335.htm,"年内累计执行数，不是单月；原文：全国一般公共预算收入中的税收收入122326亿元,同比增长6%;非税收入25924亿元,同比增长4.5%。"
fiscal_tax_ytd,CHN,2016-12,130354,亿元,M,2017-01-23,https://gks.mof.gov.cn/tongjishuju/201701/t20170123_2526014.htm,"年内累计执行数，不是单月；原文：全国一般公共预算收入中的税收收入130354亿元,同比增长4.3%;非税收入29198亿元,同比增长5%。"
fiscal_tax_ytd,CHN,2017-02,27833,亿元,M,2017-03-15,https://gks.mof.gov.cn/tongjishuju/201703/t20170315_2557696.htm,"年内累计执行数，不是单月；原文：全国一般公共预算收入中的税收收入27833亿元,同比增长16.6%;非税收入3621亿元,同比增长2.9%。"
fiscal_tax_ytd,CHN,2017-03,37793,亿元,M,2017-04-14,https://gks.mof.gov.cn/tongjishuju/201704/t20170414_2580092.htm,"年内累计执行数，不是单月；原文：全国一般公共预算收入中的税收收入37793亿元,同比增长14.7%;非税收入6573亿元,同比增长10.6%。"
fiscal_tax_ytd,CHN,2017-04,52252,亿元,M,2017-05-12,https://gks.mof.gov.cn/tongjishuju/201705/t20170512_2599552.htm,"年内累计执行数，不是单月；原文：全国一般公共预算收入中的税收收入52252亿元,同比增长11.8%;非税收入8898亿元,同比增长12.1%。"
fiscal_tax_ytd,CHN,2017-05,66354,亿元,M,2017-06-12,https://gks.mof.gov.cn/tongjishuju/201706/t20170612_2620783.htm,"年内累计执行数，不是单月；原文：全国一般公共预算收入中的税收收入66354亿元,同比增长10.6%;非税收入10870亿元,同比增长6.6%。"
fiscal_tax_ytd,CHN,2017-06,80074,亿元,M,2017-07-14,https://gks.mof.gov.cn/tongjishuju/201707/t20170714_2649642.htm,"年内累计执行数，不是单月；原文：全国一般公共预算收入中的税收收入80074亿元,同比增长10.9%;非税收入14232亿元,同比增长4.4%。"
fiscal_tax_ytd,CHN,2017-07,94503,亿元,M,2017-08-11,https://gks.mof.gov.cn/tongjishuju/201708/t20170811_2671049.htm,"年内累计执行数，不是单月；原文：全国一般公共预算收入中的税收收入94503亿元,同比增长11.2%;非税收入16259亿元,同比增长3.4%。"
fiscal_tax_ytd,CHN,2017-08,103410,亿元,M,2017-09-11,https://gks.mof.gov.cn/tongjishuju/201709/t20170911_2695830.htm,"年内累计执行数，不是单月；原文：全国一般公共预算收入中的税收收入103410亿元,同比增长11.6%;非税收入18005亿元,同比增长0.1%。"
fiscal_tax_ytd,CHN,2017-09,113101,亿元,M,2017-10-16,https://gks.mof.gov.cn/tongjishuju/201710/t20171016_2721764.htm,"年内累计执行数，不是单月；原文：全国一般公共预算收入中的税收收入113101亿元,同比增长12.1%;非税收入21028亿元,同比下降1.6%。"
fiscal_tax_ytd,CHN,2017-10,127293,亿元,M,2017-11-10,https://gks.mof.gov.cn/tongjishuju/201711/t20171110_2747635.htm,"年内累计执行数，不是单月；原文：全国一般公共预算收入中的税收收入127293亿元,同比增长11.9%;非税收入23070亿元,同比下降3.4%。"
fiscal_tax_ytd,CHN,2017-11,136072,亿元,M,2017-12-11,https://gks.mof.gov.cn/tongjishuju/201712/t20171211_2771156.htm,"年内累计执行数，不是单月；原文：全国一般公共预算收入中的税收收入136072亿元,同比增长11.2%;非税收入25676亿元,同比下降4.5%。"
fiscal_tax_ytd,CHN,2017-12,144360,亿元,M,2018-01-25,https://gks.mof.gov.cn/tongjishuju/201801/t20180125_2800116.htm,"年内累计执行数，不是单月；原文：全国一般公共预算收入中的税收收入144360亿元,同比增长10.7%;非税收入28207亿元,同比下降6.9%。"
fiscal_tax_ytd,CHN,2018-02,32952,亿元,M,2018-03-21,https://gks.mof.gov.cn/tongjishuju/201803/t20180321_2846272.htm,"年内累计执行数，不是单月；原文：全国一般公共预算收入中的税收收入32952亿元,同比增长18.4%;非税收入3601亿元,同比下降3.5%。"
fiscal_tax_ytd,CHN,2018-03,44332,亿元,M,2018-04-18,https://gks.mof.gov.cn/tongjishuju/201804/t20180418_2872296.htm,"年内累计执行数，不是单月；原文：全国一般公共预算收入中的税收收入44332亿元,同比增长17.3%;非税收入6214亿元,同比下降7.5%。"
fiscal_tax_ytd,CHN,2018-04,60898,亿元,M,2018-05-14,https://gks.mof.gov.cn/tongjishuju/201805/t20180514_2894051.htm,"年内累计执行数，不是单月；原文：全国一般公共预算收入中的税收收入60898亿元,同比增长16.5%;非税收入8121亿元,同比下降8.8%。"
fiscal_tax_ytd,CHN,2018-05,76810,亿元,M,2018-06-14,https://gks.mof.gov.cn/tongjishuju/201806/t20180614_2929000.htm,"年内累计执行数，不是单月；原文：全国一般公共预算收入中的税收收入76810亿元,同比增长15.8%;非税收入9840亿元,同比下降9.5%。"
fiscal_tax_ytd,CHN,2018-06,91629,亿元,M,2018-07-17,https://gks.mof.gov.cn/tongjishuju/201807/t20180717_2962605.htm,"年内累计执行数，不是单月；原文：全国一般公共预算收入中的税收收入91629亿元,同比增长14.4%;非税收入12702亿元,同比下降10.8%。"
fiscal_tax_ytd,CHN,2018-07,107709,亿元,M,2018-08-13,https://gks.mof.gov.cn/tongjishuju/201808/t20180813_2986604.htm,"年内累计执行数，不是单月；原文：全国一般公共预算收入中的税收收入107709亿元,同比增长14%;非税收入14082亿元,同比下降13.4%。"
fiscal_tax_ytd,CHN,2018-08,117217,亿元,M,2018-09-12,https://gks.mof.gov.cn/tongjishuju/201809/t20180912_3018274.htm,"年内累计执行数，不是单月；原文：全国一般公共预算收入中的税收收入117217亿元,同比增长13.4%;非税收入15651亿元,同比下降13.1%。"
fiscal_tax_ytd,CHN,2018-09,127486,亿元,M,2018-10-18,https://gks.mof.gov.cn/tongjishuju/201810/t20181018_3049941.htm,"年内累计执行数，不是单月；原文：全国一般公共预算收入中的税收收入127486亿元,同比增长12.7%;非税收入18345亿元,同比下降12.8%。"
fiscal_tax_ytd,CHN,2018-10,140950,亿元,M,2018-11-13,https://gks.mof.gov.cn/tongjishuju/201811/t20181113_3066040.htm,"年内累计执行数，不是单月；原文：全国一般公共预算收入中的税收收入140950亿元,同比增长10.7%;非税收入20608亿元,同比下降10.7%。"
fiscal_tax_ytd,CHN,2018-11,149001,亿元,M,2018-12-13,https://gks.mof.gov.cn/tongjishuju/201812/t20181213_3092474.htm,"年内累计执行数，不是单月；原文：全国一般公共预算收入中的税收收入149001亿元,同比增长9.5%;非税收入23332亿元,同比下降9.1%。"
fiscal_tax_ytd,CHN,2018-12,156401,亿元,M,2019-01-23,https://gks.mof.gov.cn/tongjishuju/201901/t20190123_3131221.htm,"年内累计执行数，不是单月；原文：全国一般公共预算收入中的税收收入156401亿元,同比增长8.3%;非税收入26951亿元,同比下降4.7%。"
fiscal_tax_ytd,CHN,2019-02,35114,亿元,M,2019-03-18,https://gks.mof.gov.cn/tongjishuju/201903/t20190318_3195073.htm,"年内累计执行数，不是单月；原文：全国一般公共预算收入中的税收收入35114亿元,同比增长6.6%;非税收入3990亿元,同比增长10.8%。"
fiscal_tax_ytd,CHN,2019-03,46706,亿元,M,2019-04-16,https://gks.mof.gov.cn/tongjishuju/201904/t20190416_3226133.htm,"年内累计执行数，不是单月；原文：全国一般公共预算收入中的税收收入46706亿元,同比增长5.4%;非税收入6950亿元,同比增长11.8%。"
fiscal_tax_ytd,CHN,2019-04,63692,亿元,M,2019-05-13,https://gks.mof.gov.cn/tongjishuju/201905/t20190513_3256526.htm,"年内累计执行数，不是单月；原文：全国一般公共预算收入中的税收收入63692亿元,同比增长4.6%;非税收入8959亿元,同比增长10.3%。"
fiscal_tax_ytd,CHN,2019-05,78493,亿元,M,2019-06-14,https://gks.mof.gov.cn/tongjishuju/201906/t20190614_3277502.htm,"年内累计执行数，不是单月；原文：全国一般公共预算收入中的税收收入78493亿元,同比增长2.2%;非税收入11426亿元,同比增长16.1%。"
fiscal_tax_ytd,CHN,2019-06,92424,亿元,M,2019-07-16,https://gks.mof.gov.cn/tongjishuju/201907/t20190716_3301309.htm,"年内累计执行数，不是单月；原文：全国税收收入92424亿元,同比增长0.9%;非税收入15422亿元,同比增长21.4%。"
fiscal_tax_ytd,CHN,2019-07,108046,亿元,M,2019-08-16,https://gks.mof.gov.cn/tongjishuju/201908/t20190816_3365669.htm,"年内累计执行数，不是单月；原文：全国一般公共预算收入中的税收收入108046亿元,同比增长0.3%;非税收入17577亿元,同比增长24.8%。"
fiscal_tax_ytd,CHN,2019-08,117134,亿元,M,2019-09-17,https://gks.mof.gov.cn/tongjishuju/201909/t20190917_3387489.htm,"年内累计执行数，不是单月；原文：全国税收收入117134亿元,同比下降0.1%;非税收入19927亿元,同比增长27.3%。"
fiscal_tax_ytd,CHN,2019-09,126970,亿元,M,2019-10-17,https://gks.mof.gov.cn/tongjishuju/201910/t20191017_3404670.htm,"年内累计执行数，不是单月；原文：全国一般公共预算收入中的税收收入126970亿元,同比下降0.4%;非税收入23708亿元,同比增长29.2%。"
fiscal_tax_ytd,CHN,2019-10,141514,亿元,M,2019-11-19,https://gks.mof.gov.cn/tongjishuju/201911/t20191119_3425243.htm,"年内累计执行数，不是单月；原文：全国一般公共预算收入中的税收收入141514亿元,同比增长0.4%,累计增幅比1-9月提高0.8个百分点。"
fiscal_tax_ytd,CHN,2019-11,149699,亿元,M,2019-12-17,https://gks.mof.gov.cn/tongjishuju/201912/t20191217_3443437.htm,"年内累计执行数，不是单月；原文：全国一般公共预算收入中的税收收入149699亿元,同比增长0.5%;非税收入29268亿元,同比增长25.4%。"
fiscal_tax_ytd,CHN,2019-12,157992,亿元,M,2020-02-10,https://gks.mof.gov.cn/tongjishuju/202002/t20200210_3467695.htm,"年内累计执行数，不是单月；原文：全国税收收入157992亿元,同比增长1%;非税收入32390亿元,同比增长20.2%。"
fiscal_tax_ytd,CHN,2020-02,31175,亿元,M,2020-03-24,https://gks.mof.gov.cn/tongjishuju/202003/t20200324_3487618.htm,"年内累计执行数，不是单月；原文：全国税收收入31175亿元,同比下降11.2%;非税收入4057亿元,同比增长1.7%。"
fiscal_tax_ytd,CHN,2020-03,39029,亿元,M,2020-04-20,https://gks.mof.gov.cn/tongjishuju/202004/t20200420_3501077.htm,"年内累计执行数，不是单月；原文：全国税收收入39029亿元,同比下降16.4%;非税收入6955亿元,同比增长0.1%。"
fiscal_tax_ytd,CHN,2020-04,53081,亿元,M,2020-05-18,https://gks.mof.gov.cn/tongjishuju/202005/t20200518_3515422.htm,"年内累计执行数，不是单月；原文：全国税收收入53081亿元,同比下降16.7%;非税收入9052亿元,同比增长1%。"
fiscal_tax_ytd,CHN,2020-05,66810,亿元,M,2020-06-18,https://gks.mof.gov.cn/tongjishuju/202006/t20200618_3534764.htm,"年内累计执行数，不是单月；原文：全国税收收入66810亿元,同比下降14.9%;非税收入10862亿元,同比下降4.9%。"
fiscal_tax_ytd,CHN,2020-06,81990,亿元,M,2020-07-17,https://gks.mof.gov.cn/tongjishuju/202007/t20200717_3551313.htm,"年内累计执行数，不是单月；原文：全国税收收入81990亿元,同比下降11.3%;非税收入14186亿元,同比下降8%。"
fiscal_tax_ytd,CHN,2020-07,98509,亿元,M,2020-08-19,https://gks.mof.gov.cn/tongjishuju/202008/t20200819_3571405.htm,"年内累计执行数，不是单月；原文：全国税收收入98509亿元,同比下降8.8%;非税收入16216亿元,同比下降7.7%。"
fiscal_tax_ytd,CHN,2020-08,108236,亿元,M,2020-09-19,https://gks.mof.gov.cn/tongjishuju/202009/t20200918_3591124.htm,"年内累计执行数，不是单月；原文：全国税收收入108236亿元,同比下降7.6%;非税收入18532亿元,同比下降7%。"
fiscal_tax_ytd,CHN,2020-09,118876,亿元,M,2020-10-21,https://gks.mof.gov.cn/tongjishuju/202010/t20201021_3608237.htm,"年内累计执行数，不是单月；原文：全国税收收入118876亿元,同比下降6.4%;非税收入22126亿元,同比下降6.7%。"
fiscal_tax_ytd,CHN,2020-10,135044,亿元,M,2020-11-18,https://gks.mof.gov.cn/tongjishuju/202011/t20201118_3625212.htm,"年内累计执行数，不是单月；原文：全国税收收入135044亿元,同比下降4.6%;非税收入23489亿元,同比下降10.3%。"
fiscal_tax_ytd,CHN,2020-11,144227,亿元,M,2020-12-15,https://gks.mof.gov.cn/tongjishuju/202012/t20201215_3634732.htm,"年内累计执行数，不是单月；原文：全国税收收入144227亿元,同比下降3.7%;非税收入25262亿元,同比下降13.7%。"
fiscal_tax_ytd,CHN,2020-12,154310,亿元,M,2021-01-28,https://gks.mof.gov.cn/tongjishuju/202101/t20210128_3650522.htm,"年内累计执行数，不是单月；原文：全国税收收入154310亿元,同比下降2.3%;非税收入28585亿元,同比下降11.7%。"
fiscal_tax_ytd,CHN,2021-02,37064,亿元,M,2021-03-18,https://gks.mof.gov.cn/tongjishuju/202103/t20210318_3672268.htm,"年内累计执行数，不是单月；原文：全国税收收入37064亿元,同比增长18.9%;非税收入4741亿元,同比增长16.8%。"
fiscal_tax_ytd,CHN,2021-03,48723,亿元,M,2021-04-21,https://gks.mof.gov.cn/tongjishuju/202104/t20210421_3689433.htm,"年内累计执行数，不是单月；原文：全国税收收入48723亿元,同比增长24.8%;非税收入8392亿元,同比增长20.7%。"
fiscal_tax_ytd,CHN,2021-04,67450,亿元,M,2021-05-21,https://gks.mof.gov.cn/tongjishuju/202105/t20210521_3706159.htm,"年内累计执行数，不是单月；原文：全国税收收入67450亿元,同比增长27.1%;非税收入10558亿元,同比增长16.6%。"
fiscal_tax_ytd,CHN,2021-05,83831,亿元,M,2021-06-17,https://gks.mof.gov.cn/tongjishuju/202106/t20210617_3720863.htm,"年内累计执行数，不是单月；原文：全国税收收入83831亿元,同比增长25.5%;非税收入12623亿元,同比增长16.2%。"
fiscal_tax_ytd,CHN,2021-06,100461,亿元,M,2021-07-20,https://gks.mof.gov.cn/tongjishuju/202107/t20210720_3739108.htm,"年内累计执行数，不是单月；原文：全国税收收入100461亿元,同比增长22.5%;非税收入16655亿元,同比增长17.4%。"
fiscal_tax_ytd,CHN,2021-07,119112,亿元,M,2021-08-20,https://gks.mof.gov.cn/tongjishuju/202108/t20210819_3746445.htm,"年内累计执行数，不是单月；原文：全国税收收入119112亿元,同比增长20.9%;非税收入18604亿元,同比增长14.7%。"
fiscal_tax_ytd,CHN,2021-08,129627,亿元,M,2021-09-17,https://gks.mof.gov.cn/tongjishuju/202109/t20210917_3753521.htm,"年内累计执行数，不是单月；原文：全国税收收入129627亿元,同比增长19.8%;非税收入20461亿元,同比增长10.4%。"
fiscal_tax_ytd,CHN,2021-09,140702,亿元,M,2021-10-22,https://gks.mof.gov.cn/tongjishuju/202110/t20211022_3760014.htm,"年内累计执行数，不是单月；原文：全国税收收入140702亿元,同比增长18.4%;非税收入23318亿元,同比增长5.4%。"
fiscal_tax_ytd,CHN,2021-10,156508,亿元,M,2021-11-19,https://gks.mof.gov.cn/tongjishuju/202111/t20211119_3767219.htm,"年内累计执行数，不是单月；原文：全国税收收入156508亿元,同比增长15.9%;非税收入25018亿元,同比增长6.5%。"
fiscal_tax_ytd,CHN,2021-11,164490,亿元,M,2021-12-17,https://gks.mof.gov.cn/tongjishuju/202112/t20211217_3775786.htm,"年内累计执行数，不是单月；原文：全国税收收入164490亿元,同比增长14%;非税收入26762亿元,同比增长5.9%。"
fiscal_tax_ytd,CHN,2021-12,172731,亿元,M,2022-01-29,https://gks.mof.gov.cn/tongjishuju/202201/t20220128_3785692.htm,"年内累计执行数，不是单月；原文：全国税收收入172731亿元,同比增长11.9%;非税收入29808亿元,同比增长4.2%。"
fiscal_tax_ytd,CHN,2022-02,40812,亿元,M,2022-03-18,https://gks.mof.gov.cn/tongjishuju/202203/t20220318_3796233.htm,"年内累计执行数，不是单月；原文：全国税收收入40812亿元,同比增长10.1%;非税收入5391亿元,同比增长13.7%。"
fiscal_tax_ytd,CHN,2022-03,52452,亿元,M,2022-04-20,https://gks.mof.gov.cn/tongjishuju/202204/t20220420_3804357.htm,"年内累计执行数，不是单月；原文：全国税收收入52452亿元,同比增长7.7%;非税收入9585亿元,同比增长14.2%。"
fiscal_tax_ytd,CHN,2022-04,62319,亿元,M,2022-05-17,https://gks.mof.gov.cn/tongjishuju/202205/t20220517_3810958.htm,"年内累计执行数，不是单月；原文：全国税收收入62319亿元,扣除留抵退税因素后增长3.7%,按自然口径计算下降7.6%;非税收入11974亿元,比上年同期增长13.4%。"
fiscal_tax_ytd,CHN,2022-05,72459,亿元,M,2022-06-16,https://gks.mof.gov.cn/tongjishuju/202206/t20220616_3818568.htm,"年内累计执行数，不是单月；原文：全国税收收入72459亿元,扣除留抵退税因素后增长1.4%,按自然口径计算下降13.6%;非税收入14280亿元,比上年同期增长13.1%。"
fiscal_tax_ytd,CHN,2022-06,85564,亿元,M,2022-07-14,https://gks.mof.gov.cn/tongjishuju/202207/t20220714_3827010.htm,"年内累计执行数，不是单月；原文：全国税收收入85564亿元,扣除留抵退税因素后增长0.9%,按自然口径计算下降14.8%;非税收入19657亿元,比上年同期增长18%。"
fiscal_tax_ytd,CHN,2022-07,102667,亿元,M,2022-08-17,https://gks.mof.gov.cn/tongjishuju/202208/t20220817_3834300.htm,"年内累计执行数，不是单月；原文：全国税收收入102667亿元,扣除留抵退税因素后增长0.7%,按自然口径计算下降13.8%;非税收入22314亿元,比上年同期增长19.9%。"
fiscal_tax_ytd,CHN,2022-08,113249,亿元,M,2022-09-16,https://gks.mof.gov.cn/tongjishuju/202209/t20220916_3840932.htm,"年内累计执行数，不是单月；原文：全国税收收入113249亿元,扣除留抵退税因素后增长1.1%,按自然口径计算下降12.6%;非税收入24794亿元,比上年同期增长21.2%。"
fiscal_tax_ytd,CHN,2022-09,124365,亿元,M,2022-10-25,https://gks.mof.gov.cn/tongjishuju/202210/t20221025_3847842.htm,"年内累计执行数，不是单月；原文：全国税收收入124365亿元,扣除留抵退税因素后增长1%,按自然口径计算下降11.6%;非税收入28786亿元,比上年同期增长23.5%。"
fiscal_tax_ytd,CHN,2022-10,142579,亿元,M,2022-11-17,https://gks.mof.gov.cn/tongjishuju/202211/t20221116_3851724.htm,"年内累计执行数，不是单月；原文：全国税收收入142579亿元,扣除留抵退税因素后增长2.4%,按自然口径计算下降8.9%;非税收入30818亿元,比上年同期增长23.2%。"
fiscal_tax_ytd,CHN,2022-11,152826,亿元,M,2022-12-20,https://gks.mof.gov.cn/tongjishuju/202212/t20221220_3858837.htm,"年内累计执行数，不是单月；原文：全国税收收入152826亿元,扣除留抵退税因素后增长3.5%,按自然口径计算下降7.1%;非税收入32692亿元,比上年同期增长22.2%。"
fiscal_tax_ytd,CHN,2022-12,166614,亿元,M,2023-01-30,https://gks.mof.gov.cn/tongjishuju/202301/t20230130_3864368.htm,"年内累计执行数，不是单月；原文：全国税收收入166614亿元,比上年下降3.5%,扣除留抵退税因素后增长6.6%;非税收入37089亿元,比上年增长24.4%。"
fiscal_tax_ytd,CHN,2023-02,39412,亿元,M,2023-03-17,https://gks.mof.gov.cn/tongjishuju/202303/t20230317_3873328.htm,"年内累计执行数，不是单月；原文：全国税收收入39412亿元,同比下降3.4%;非税收入6230亿元,同比增长15.6%。"
fiscal_tax_ytd,CHN,2023-03,51707,亿元,M,2023-04-18,https://gks.mof.gov.cn/tongjishuju/202304/t20230417_3879297.htm,"年内累计执行数，不是单月；原文：全国税收收入51707亿元,同比下降1.4%;非税收入10634亿元,同比增长10.9%。"
fiscal_tax_ytd,CHN,2023-04,70379,亿元,M,2023-05-18,https://gks.mof.gov.cn/tongjishuju/202305/t20230518_3885232.htm,"年内累计执行数，不是单月；原文：全国税收收入70379亿元,同比增长12.9%;非税收入12792亿元,同比增长6.8%。"
fiscal_tax_ytd,CHN,2023-05,84774,亿元,M,2023-06-16,https://gks.mof.gov.cn/tongjishuju/202306/t20230616_3891062.htm,"年内累计执行数，不是单月；原文：全国税收收入84774亿元,同比增长17%;非税收入14918亿元,同比增长4.5%。"
fiscal_tax_ytd,CHN,2023-06,99661,亿元,M,2023-07-19,https://gks.mof.gov.cn/tongjishuju/202307/t20230719_3897130.htm,"年内累计执行数，不是单月；原文：其中,税收收入99661亿元,同比增长16.5%;非税收入19542亿元,同比下降0.6%。"
fiscal_tax_ytd,CHN,2023-07,117531,亿元,M,2023-08-21,https://gks.mof.gov.cn/tongjishuju/202308/t20230821_3903162.htm,"年内累计执行数，不是单月；原文：其中,税收收入117531亿元,同比增长14.5%;非税收入21803亿元,同比下降2.3%。"
fiscal_tax_ytd,CHN,2023-08,127885,亿元,M,2023-09-15,https://gks.mof.gov.cn/tongjishuju/202309/t20230915_3907507.htm,"年内累计执行数，不是单月；原文：其中,税收收入127885亿元,同比增长12.9%;非税收入23911亿元,同比下降3.6%。"
fiscal_tax_ytd,CHN,2023-09,139105,亿元,M,2023-10-24,https://gks.mof.gov.cn/tongjishuju/202310/t20231024_3912883.htm,"年内累计执行数，不是单月；原文：其中,税收收入139105亿元,同比增长11.9%;非税收入27608亿元,同比下降4.1%。"
fiscal_tax_ytd,CHN,2023-10,157841,亿元,M,2023-11-15,https://gks.mof.gov.cn/tongjishuju/202311/t20231115_3916710.htm,"年内累计执行数，不是单月；原文：其中,税收收入157841亿元,同比增长10.7%;非税收入29653亿元,同比下降3.8%。"
fiscal_tax_ytd,CHN,2023-11,168420,亿元,M,2023-12-15,https://gks.mof.gov.cn/tongjishuju/202312/t20231215_3922522.htm,"年内累计执行数，不是单月；原文：其中,税收收入168420亿元,同比增长10.2%;非税收入31711亿元,同比下降3%。"
fiscal_tax_ytd,CHN,2023-12,181129,亿元,M,2024-02-01,https://gks.mof.gov.cn/tongjishuju/202402/t20240201_3928009.htm,"年内累计执行数，不是单月；原文：其中,税收收入181129亿元,同比增长8.7%;非税收入35655亿元,同比下降3.7%。"
fiscal_tax_ytd,CHN,2024-02,37820,亿元,M,2024-03-21,https://gks.mof.gov.cn/tongjishuju/202403/t20240321_3931078.htm,"年内累计执行数，不是单月；原文：分税收和非税收入看,1-2月,全国税收收入37820亿元,同比下降4%;非税收入6765亿元,同比增长8.6%。"
fiscal_tax_ytd,CHN,2024-03,49172,亿元,M,2024-04-22,https://gks.mof.gov.cn/tongjishuju/202404/t20240422_3933193.htm,"年内累计执行数，不是单月；原文：分税收和非税收入看,一季度,全国税收收入49172亿元,同比下降4.9%;非税收入11705亿元,同比增长10.1%。"
fiscal_tax_ytd,CHN,2024-04,66938,亿元,M,2024-05-20,https://gks.mof.gov.cn/tongjishuju/202405/t20240517_3935136.htm,"年内累计执行数，不是单月；原文：分税收和非税收入看,1-4月,全国税收收入66938亿元,同比下降4.9%,扣除特殊因素影响后可比增长0.5%左右;非税收入13988亿元,同比增长9.4%。"
fiscal_tax_ytd,CHN,2024-05,80462,亿元,M,2024-06-24,https://gks.mof.gov.cn/tongjishuju/202406/t20240624_3937803.htm,"年内累计执行数，不是单月；原文：分税收和非税收入看,1-5月,全国税收收入80462亿元,同比下降5.1%,扣除特殊因素影响后可比增长0.5%左右;非税收入16450亿元,同比增长10.3%。"
fiscal_tax_ytd,CHN,2024-06,94080,亿元,M,2024-07-22,https://gks.mof.gov.cn/tongjishuju/202407/t20240722_3939942.htm,"年内累计执行数，不是单月；原文：分税收和非税收入看,上半年,全国税收收入94080亿元,同比下降5.6%;非税收入21833亿元,同比增长11.7%。"
fiscal_tax_ytd,CHN,2024-07,111240,亿元,M,2024-08-26,https://gks.mof.gov.cn/tongjishuju/202408/t20240826_3942479.htm,"年内累计执行数，不是单月；原文：分税收和非税收入看,1-7月,全国税收收入111240亿元,同比下降5.4%;非税收入24423亿元,同比增长12%。"
fiscal_tax_ytd,CHN,2024-08,121059,亿元,M,2024-09-20,https://gks.mof.gov.cn/tongjishuju/202409/t20240920_3944086.htm,"年内累计执行数，不是单月；原文：分税收和非税收入看,1-8月,全国税收收入121059亿元,同比下降5.3%;非税收入26717亿元,同比增长11.7%。"
fiscal_tax_ytd,CHN,2024-09,131715,亿元,M,2024-10-25,https://gks.mof.gov.cn/tongjishuju/202410/t20241025_3946291.htm,"年内累计执行数，不是单月；原文：其中,全国税收收入131715亿元,同比下降5.3%;非税收入31344亿元,同比增长13.5%。"
fiscal_tax_ytd,CHN,2024-10,150782,亿元,M,2024-11-18,https://gks.mof.gov.cn/tongjishuju/202411/t20241118_3947753.htm,"年内累计执行数，不是单月；原文：其中,全国税收收入150782亿元,同比下降4.5%;非税收入34199亿元,同比增长15.3%。"
fiscal_tax_ytd,CHN,2024-11,161922,亿元,M,2024-12-16,https://gks.mof.gov.cn/tongjishuju/202412/t20241216_3949757.htm,"年内累计执行数，不是单月；原文：其中,全国税收收入161922亿元,同比下降3.9%;非税收入37088亿元,同比增长17%。"
fiscal_tax_ytd,CHN,2024-12,174972,亿元,M,2025-01-24,https://gks.mof.gov.cn/tongjishuju/202501/t20250124_3955083.htm,"年内累计执行数，不是单月；原文：其中,全国税收收入174972亿元,比上年下降3.4%;非税收入44730亿元,比上年增长25.4%。"
fiscal_tax_ytd,CHN,2025-02,36349,亿元,M,2025-03-24,https://gks.mof.gov.cn/tongjishuju/202503/t20250324_3960418.htm,"年内累计执行数，不是单月；原文：其中,全国税收收入36349亿元,同比下降3.9%;非税收入7507亿元,同比增长11%。"
fiscal_tax_ytd,CHN,2025-03,47450,亿元,M,2025-04-18,https://gks.mof.gov.cn/tongjishuju/202504/t20250418_3962244.htm,"年内累计执行数，不是单月；原文：其中,全国税收收入47450亿元,同比下降3.5%;非税收入12739亿元,同比增长8.8%。"
fiscal_tax_ytd,CHN,2025-04,65556,亿元,M,2025-05-20,https://gks.mof.gov.cn/tongjishuju/202505/t20250520_3964136.htm,"年内累计执行数，不是单月；原文：其中,全国税收收入65556亿元,同比下降2.1%;非税收入15060亿元,同比增长7.7%。"
fiscal_tax_ytd,CHN,2025-05,79156,亿元,M,2025-06-20,https://gks.mof.gov.cn/tongjishuju/202506/t20250620_3966204.htm,"年内累计执行数，不是单月；原文：其中,全国税收收入79156亿元,同比下降1.6%;非税收入17467亿元,同比增长6.2%。"
fiscal_tax_ytd,CHN,2025-06,92915,亿元,M,2025-07-25,https://gks.mof.gov.cn/tongjishuju/202507/t20250725_3968635.htm,"年内累计执行数，不是单月；原文：其中,全国税收收入92915亿元,同比下降1.2%;非税收入22651亿元,同比增长3.7%。"
fiscal_tax_ytd,CHN,2025-07,110933,亿元,M,2025-08-19,https://gks.mof.gov.cn/tongjishuju/202508/t20250819_3970405.htm,"年内累计执行数，不是单月；原文：其中,全国税收收入110933亿元,同比下降0.3%;非税收入24906亿元,同比增长2%。"
fiscal_tax_ytd,CHN,2025-08,121085,亿元,M,2025-09-17,https://gks.mof.gov.cn/tongjishuju/202509/t20250917_3972555.htm,"年内累计执行数，不是单月；原文：其中,全国税收收入121085亿元,同比微增0.02%;非税收入27113亿元,同比增长1.5%。"
fiscal_tax_ytd,CHN,2025-09,132664,亿元,M,2025-10-17,https://gks.mof.gov.cn/tongjishuju/202510/t20251017_3974400.htm,"年内累计执行数，不是单月；原文：其中,全国税收收入132664亿元,同比增长0.7%;非税收入31212亿元,同比下降0.4%。"
fiscal_tax_ytd,CHN,2025-10,153364,亿元,M,2025-11-17,https://gks.mof.gov.cn/tongjishuju/202511/t20251117_3976517.htm,"年内累计执行数，不是单月；原文：其中,全国税收收入153364亿元,同比增长1.7%;非税收入33126亿元,同比下降3.1%。"
fiscal_tax_ytd,CHN,2025-11,164814,亿元,M,2025-12-17,https://gks.mof.gov.cn/tongjishuju/202512/t20251217_3979392.htm,"年内累计执行数，不是单月；原文：其中,全国税收收入164814亿元,同比增长1.8%;非税收入35702亿元,同比下降3.7%。"
fiscal_tax_ytd,CHN,2025-12,176363,亿元,M,2026-01-30,https://gks.mof.gov.cn/tongjishuju/202601/t20260130_3982923.htm,"年内累计执行数，不是单月；原文：其中,全国税收收入176363亿元,比上年增长0.8%;非税收入39682亿元,比上年下降11.3%。"
fiscal_tax_ytd,CHN,2026-02,36393,亿元,M,2026-03-19,https://gks.mof.gov.cn/tongjishuju/202603/t20260319_3985695.htm,"年内累计执行数，不是单月；原文：其中,全国税收收入36393亿元,同比增长0.1%;非税收入7761亿元,同比增长3.4%。"
fiscal_tax_ytd,CHN,2026-03,48505,亿元,M,2026-04-24,https://gks.mof.gov.cn/tongjishuju/202604/t20260424_3988324.htm,"年内累计执行数，不是单月；原文：其中,全国税收收入48505亿元,同比增长2.2%;非税收入13108亿元,同比增长2.9%。"
fiscal_tax_ytd,CHN,2026-04,68097,亿元,M,2026-05-20,https://gks.mof.gov.cn/tongjishuju/202605/t20260515_3989956.htm,"年内累计执行数，不是单月；原文：其中,全国税收收入68097亿元,同比增长3.9%;非税收入15307亿元,同比增长1.6%。"
fiscal_tax_ytd,CHN,2026-05,82617,亿元,M,2026-06-22,https://gks.mof.gov.cn/tongjishuju/202606/t20260622_3992033.htm,"年内累计执行数，不是单月；原文：其中,全国税收收入82617亿元,同比增长4.4%;非税收入17848亿元,同比增长2.2%。"
fiscal_tax_ytd,CHN,2026-06,97865,亿元,M,2026-07-22,https://gks.mof.gov.cn/tongjishuju/202607/t20260722_3993943.htm,"年内累计执行数，不是单月；原文：其中,全国税收收入97865亿元,同比增长5.3%;非税收入23182亿元,同比增长2.3%。"
fiscal_tax_ytd,CHN,2026-07,118381,亿元,M,2026-08-21,https://gks.mof.gov.cn/tongjishuju/202608/t20260814_3995497.htm,"年内累计执行数，不是单月；原文：其中,全国税收收入118381亿元,同比增长6.7%;非税收入25315亿元,同比增长1.6%。"
fiscal_tax_ytd,CHN,2026-08,129104,亿元,M,2026-09-18,https://gks.mof.gov.cn/tongjishuju/202609/t20260918_3997709.htm,"年内累计执行数，不是单月；原文：其中,全国税收收入129104亿元,同比增长6.6%;非税收入27529亿元,同比增长1.5%。"
