series_id,country,period,value,unit,frequency,published_at,source_url,note
housing_average_all_current,CHN,2006,3367,元/平方米,A,,https://data.stats.gov.cn/dg/website/publicrelease/web/external/stream/esData,原指标：新建商品房平均销售价格 (元/平方米)；地区代码 000000000000；保留官方历史修订与显示精度
housing_average_all_current,CHN,2007,3864,元/平方米,A,,https://data.stats.gov.cn/dg/website/publicrelease/web/external/stream/esData,原指标：新建商品房平均销售价格 (元/平方米)；地区代码 000000000000；保留官方历史修订与显示精度
housing_average_all_current,CHN,2008,3800,元/平方米,A,,https://data.stats.gov.cn/dg/website/publicrelease/web/external/stream/esData,原指标：新建商品房平均销售价格 (元/平方米)；地区代码 000000000000；保留官方历史修订与显示精度
housing_average_all_current,CHN,2009,4681,元/平方米,A,,https://data.stats.gov.cn/dg/website/publicrelease/web/external/stream/esData,原指标：新建商品房平均销售价格 (元/平方米)；地区代码 000000000000；保留官方历史修订与显示精度
housing_average_all_current,CHN,2010,5045,元/平方米,A,,https://data.stats.gov.cn/dg/website/publicrelease/web/external/stream/esData,原指标：新建商品房平均销售价格 (元/平方米)；地区代码 000000000000；保留官方历史修订与显示精度
housing_average_all_current,CHN,2011,5384,元/平方米,A,,https://data.stats.gov.cn/dg/website/publicrelease/web/external/stream/esData,原指标：新建商品房平均销售价格 (元/平方米)；地区代码 000000000000；保留官方历史修订与显示精度
housing_average_all_current,CHN,2012,5839,元/平方米,A,,https://data.stats.gov.cn/dg/website/publicrelease/web/external/stream/esData,原指标：新建商品房平均销售价格 (元/平方米)；地区代码 000000000000；保留官方历史修订与显示精度
housing_average_all_current,CHN,2013,6328,元/平方米,A,,https://data.stats.gov.cn/dg/website/publicrelease/web/external/stream/esData,原指标：新建商品房平均销售价格 (元/平方米)；地区代码 000000000000；保留官方历史修订与显示精度
housing_average_all_current,CHN,2014,6427,元/平方米,A,,https://data.stats.gov.cn/dg/website/publicrelease/web/external/stream/esData,原指标：新建商品房平均销售价格 (元/平方米)；地区代码 000000000000；保留官方历史修订与显示精度
housing_average_all_current,CHN,2015,6932,元/平方米,A,,https://data.stats.gov.cn/dg/website/publicrelease/web/external/stream/esData,原指标：新建商品房平均销售价格 (元/平方米)；地区代码 000000000000；保留官方历史修订与显示精度
housing_average_all_current,CHN,2016,7699,元/平方米,A,,https://data.stats.gov.cn/dg/website/publicrelease/web/external/stream/esData,原指标：新建商品房平均销售价格 (元/平方米)；地区代码 000000000000；保留官方历史修订与显示精度
housing_average_all_current,CHN,2017,8160,元/平方米,A,,https://data.stats.gov.cn/dg/website/publicrelease/web/external/stream/esData,原指标：新建商品房平均销售价格 (元/平方米)；地区代码 000000000000；保留官方历史修订与显示精度
housing_average_all_current,CHN,2018,9045,元/平方米,A,,https://data.stats.gov.cn/dg/website/publicrelease/web/external/stream/esData,原指标：新建商品房平均销售价格 (元/平方米)；地区代码 000000000000；保留官方历史修订与显示精度
housing_average_all_current,CHN,2019,9673,元/平方米,A,,https://data.stats.gov.cn/dg/website/publicrelease/web/external/stream/esData,原指标：新建商品房平均销售价格 (元/平方米)；地区代码 000000000000；保留官方历史修订与显示精度
housing_average_all_current,CHN,2020,10248,元/平方米,A,,https://data.stats.gov.cn/dg/website/publicrelease/web/external/stream/esData,原指标：新建商品房平均销售价格 (元/平方米)；地区代码 000000000000；保留官方历史修订与显示精度
housing_average_all_current,CHN,2021,10546,元/平方米,A,,https://data.stats.gov.cn/dg/website/publicrelease/web/external/stream/esData,原指标：新建商品房平均销售价格 (元/平方米)；地区代码 000000000000；保留官方历史修订与显示精度
housing_average_all_current,CHN,2022,10210,元/平方米,A,,https://data.stats.gov.cn/dg/website/publicrelease/web/external/stream/esData,原指标：新建商品房平均销售价格 (元/平方米)；地区代码 000000000000；保留官方历史修订与显示精度
housing_average_all_current,CHN,2023,10438,元/平方米,A,,https://data.stats.gov.cn/dg/website/publicrelease/web/external/stream/esData,原指标：新建商品房平均销售价格 (元/平方米)；地区代码 000000000000；保留官方历史修订与显示精度
housing_average_all_current,CHN,2024,9935,元/平方米,A,,https://data.stats.gov.cn/dg/website/publicrelease/web/external/stream/esData,原指标：新建商品房平均销售价格 (元/平方米)；地区代码 000000000000；保留官方历史修订与显示精度
housing_average_all_legacy,CHN,1991,786,元/平方米,A,,https://www.stats.gov.cn/sj/ndsj/2005/html/F0638C.HTM,2005年鉴表6-38原值；仅补1991—1999；成交均价非同质房价；不覆盖2000年起数据库修订
housing_average_all_legacy,CHN,1992,995,元/平方米,A,,https://www.stats.gov.cn/sj/ndsj/2005/html/F0638C.HTM,2005年鉴表6-38原值；仅补1991—1999；成交均价非同质房价；不覆盖2000年起数据库修订
housing_average_all_legacy,CHN,1993,1291,元/平方米,A,,https://www.stats.gov.cn/sj/ndsj/2005/html/F0638C.HTM,2005年鉴表6-38原值；仅补1991—1999；成交均价非同质房价；不覆盖2000年起数据库修订
housing_average_all_legacy,CHN,1994,1409,元/平方米,A,,https://www.stats.gov.cn/sj/ndsj/2005/html/F0638C.HTM,2005年鉴表6-38原值；仅补1991—1999；成交均价非同质房价；不覆盖2000年起数据库修订
housing_average_all_legacy,CHN,1995,1591,元/平方米,A,,https://www.stats.gov.cn/sj/ndsj/2005/html/F0638C.HTM,2005年鉴表6-38原值；仅补1991—1999；成交均价非同质房价；不覆盖2000年起数据库修订
housing_average_all_legacy,CHN,1996,1806,元/平方米,A,,https://www.stats.gov.cn/sj/ndsj/2005/html/F0638C.HTM,2005年鉴表6-38原值；仅补1991—1999；成交均价非同质房价；不覆盖2000年起数据库修订
housing_average_all_legacy,CHN,1997,1997,元/平方米,A,,https://www.stats.gov.cn/sj/ndsj/2005/html/F0638C.HTM,2005年鉴表6-38原值；仅补1991—1999；成交均价非同质房价；不覆盖2000年起数据库修订
housing_average_all_legacy,CHN,1998,2063,元/平方米,A,,https://www.stats.gov.cn/sj/ndsj/2005/html/F0638C.HTM,2005年鉴表6-38原值；仅补1991—1999；成交均价非同质房价；不覆盖2000年起数据库修订
housing_average_all_legacy,CHN,1999,2053,元/平方米,A,,https://www.stats.gov.cn/sj/ndsj/2005/html/F0638C.HTM,2005年鉴表6-38原值；仅补1991—1999；成交均价非同质房价；不覆盖2000年起数据库修订
housing_average_all_legacy,CHN,2000,2112,元/平方米,A,,https://data.stats.gov.cn/dg/website/publicrelease/web/external/stream/esData,原指标：新建商品房平均销售价格 (元/平方米)；地区代码 000000000000；保留官方历史修订与显示精度
housing_average_all_legacy,CHN,2001,2170,元/平方米,A,,https://data.stats.gov.cn/dg/website/publicrelease/web/external/stream/esData,原指标：新建商品房平均销售价格 (元/平方米)；地区代码 000000000000；保留官方历史修订与显示精度
housing_average_all_legacy,CHN,2002,2250,元/平方米,A,,https://data.stats.gov.cn/dg/website/publicrelease/web/external/stream/esData,原指标：新建商品房平均销售价格 (元/平方米)；地区代码 000000000000；保留官方历史修订与显示精度
housing_average_all_legacy,CHN,2003,2359,元/平方米,A,,https://data.stats.gov.cn/dg/website/publicrelease/web/external/stream/esData,原指标：新建商品房平均销售价格 (元/平方米)；地区代码 000000000000；保留官方历史修订与显示精度
housing_average_all_legacy,CHN,2004,2778,元/平方米,A,,https://data.stats.gov.cn/dg/website/publicrelease/web/external/stream/esData,原指标：新建商品房平均销售价格 (元/平方米)；地区代码 000000000000；保留官方历史修订与显示精度
housing_average_all_transition,CHN,2005,3168,元/平方米,A,,https://data.stats.gov.cn/dg/website/publicrelease/web/external/stream/esData,原指标：新建商品房平均销售价格 (元/平方米)；地区代码 000000000000；保留官方历史修订与显示精度
housing_average_residential_current,CHN,2006,3119,元/平方米,A,,https://data.stats.gov.cn/dg/website/publicrelease/web/external/stream/esData,原指标：住宅商品房平均销售价格 (元/平方米)；地区代码 000000000000；保留官方历史修订与显示精度
housing_average_residential_current,CHN,2007,3645,元/平方米,A,,https://data.stats.gov.cn/dg/website/publicrelease/web/external/stream/esData,原指标：住宅商品房平均销售价格 (元/平方米)；地区代码 000000000000；保留官方历史修订与显示精度
housing_average_residential_current,CHN,2008,3576,元/平方米,A,,https://data.stats.gov.cn/dg/website/publicrelease/web/external/stream/esData,原指标：住宅商品房平均销售价格 (元/平方米)；地区代码 000000000000；保留官方历史修订与显示精度
housing_average_residential_current,CHN,2009,4459,元/平方米,A,,https://data.stats.gov.cn/dg/website/publicrelease/web/external/stream/esData,原指标：住宅商品房平均销售价格 (元/平方米)；地区代码 000000000000；保留官方历史修订与显示精度
housing_average_residential_current,CHN,2010,4738,元/平方米,A,,https://data.stats.gov.cn/dg/website/publicrelease/web/external/stream/esData,原指标：住宅商品房平均销售价格 (元/平方米)；地区代码 000000000000；保留官方历史修订与显示精度
housing_average_residential_current,CHN,2011,5029,元/平方米,A,,https://data.stats.gov.cn/dg/website/publicrelease/web/external/stream/esData,原指标：住宅商品房平均销售价格 (元/平方米)；地区代码 000000000000；保留官方历史修订与显示精度
housing_average_residential_current,CHN,2012,5486,元/平方米,A,,https://data.stats.gov.cn/dg/website/publicrelease/web/external/stream/esData,原指标：住宅商品房平均销售价格 (元/平方米)；地区代码 000000000000；保留官方历史修订与显示精度
housing_average_residential_current,CHN,2013,5946,元/平方米,A,,https://data.stats.gov.cn/dg/website/publicrelease/web/external/stream/esData,原指标：住宅商品房平均销售价格 (元/平方米)；地区代码 000000000000；保留官方历史修订与显示精度
housing_average_residential_current,CHN,2014,6048,元/平方米,A,,https://data.stats.gov.cn/dg/website/publicrelease/web/external/stream/esData,原指标：住宅商品房平均销售价格 (元/平方米)；地区代码 000000000000；保留官方历史修订与显示精度
housing_average_residential_current,CHN,2015,6622,元/平方米,A,,https://data.stats.gov.cn/dg/website/publicrelease/web/external/stream/esData,原指标：住宅商品房平均销售价格 (元/平方米)；地区代码 000000000000；保留官方历史修订与显示精度
housing_average_residential_current,CHN,2016,7433,元/平方米,A,,https://data.stats.gov.cn/dg/website/publicrelease/web/external/stream/esData,原指标：住宅商品房平均销售价格 (元/平方米)；地区代码 000000000000；保留官方历史修订与显示精度
housing_average_residential_current,CHN,2017,7893,元/平方米,A,,https://data.stats.gov.cn/dg/website/publicrelease/web/external/stream/esData,原指标：住宅商品房平均销售价格 (元/平方米)；地区代码 000000000000；保留官方历史修订与显示精度
housing_average_residential_current,CHN,2018,8886,元/平方米,A,,https://data.stats.gov.cn/dg/website/publicrelease/web/external/stream/esData,原指标：住宅商品房平均销售价格 (元/平方米)；地区代码 000000000000；保留官方历史修订与显示精度
housing_average_residential_current,CHN,2019,9667,元/平方米,A,,https://data.stats.gov.cn/dg/website/publicrelease/web/external/stream/esData,原指标：住宅商品房平均销售价格 (元/平方米)；地区代码 000000000000；保留官方历史修订与显示精度
housing_average_residential_current,CHN,2020,10385,元/平方米,A,,https://data.stats.gov.cn/dg/website/publicrelease/web/external/stream/esData,原指标：住宅商品房平均销售价格 (元/平方米)；地区代码 000000000000；保留官方历史修订与显示精度
housing_average_residential_current,CHN,2021,10825,元/平方米,A,,https://data.stats.gov.cn/dg/website/publicrelease/web/external/stream/esData,原指标：住宅商品房平均销售价格 (元/平方米)；地区代码 000000000000；保留官方历史修订与显示精度
housing_average_residential_current,CHN,2022,10608,元/平方米,A,,https://data.stats.gov.cn/dg/website/publicrelease/web/external/stream/esData,原指标：住宅商品房平均销售价格 (元/平方米)；地区代码 000000000000；保留官方历史修订与显示精度
housing_average_residential_current,CHN,2023,10864,元/平方米,A,,https://data.stats.gov.cn/dg/website/publicrelease/web/external/stream/esData,原指标：住宅商品房平均销售价格 (元/平方米)；地区代码 000000000000；保留官方历史修订与显示精度
housing_average_residential_current,CHN,2024,10419,元/平方米,A,,https://data.stats.gov.cn/dg/website/publicrelease/web/external/stream/esData,原指标：住宅商品房平均销售价格 (元/平方米)；地区代码 000000000000；保留官方历史修订与显示精度
housing_average_residential_legacy,CHN,1991,756,元/平方米,A,,https://www.stats.gov.cn/sj/ndsj/2005/html/F0638C.HTM,2005年鉴表6-38原值；仅补1991—1999；成交均价非同质房价；不覆盖2000年起数据库修订
housing_average_residential_legacy,CHN,1992,996,元/平方米,A,,https://www.stats.gov.cn/sj/ndsj/2005/html/F0638C.HTM,2005年鉴表6-38原值；仅补1991—1999；成交均价非同质房价；不覆盖2000年起数据库修订
housing_average_residential_legacy,CHN,1993,1208,元/平方米,A,,https://www.stats.gov.cn/sj/ndsj/2005/html/F0638C.HTM,2005年鉴表6-38原值；仅补1991—1999；成交均价非同质房价；不覆盖2000年起数据库修订
housing_average_residential_legacy,CHN,1994,1194,元/平方米,A,,https://www.stats.gov.cn/sj/ndsj/2005/html/F0638C.HTM,2005年鉴表6-38原值；仅补1991—1999；成交均价非同质房价；不覆盖2000年起数据库修订
housing_average_residential_legacy,CHN,1995,1509,元/平方米,A,,https://www.stats.gov.cn/sj/ndsj/2005/html/F0638C.HTM,2005年鉴表6-38原值；仅补1991—1999；成交均价非同质房价；不覆盖2000年起数据库修订
housing_average_residential_legacy,CHN,1996,1605,元/平方米,A,,https://www.stats.gov.cn/sj/ndsj/2005/html/F0638C.HTM,2005年鉴表6-38原值；仅补1991—1999；成交均价非同质房价；不覆盖2000年起数据库修订
housing_average_residential_legacy,CHN,1997,1790,元/平方米,A,,https://www.stats.gov.cn/sj/ndsj/2005/html/F0638C.HTM,2005年鉴表6-38原值；仅补1991—1999；成交均价非同质房价；不覆盖2000年起数据库修订
housing_average_residential_legacy,CHN,1998,1854,元/平方米,A,,https://www.stats.gov.cn/sj/ndsj/2005/html/F0638C.HTM,2005年鉴表6-38原值；仅补1991—1999；成交均价非同质房价；不覆盖2000年起数据库修订
housing_average_residential_legacy,CHN,1999,1857,元/平方米,A,,https://www.stats.gov.cn/sj/ndsj/2005/html/F0638C.HTM,2005年鉴表6-38原值；仅补1991—1999；成交均价非同质房价；不覆盖2000年起数据库修订
housing_average_residential_legacy,CHN,2000,1948,元/平方米,A,,https://data.stats.gov.cn/dg/website/publicrelease/web/external/stream/esData,原指标：住宅商品房平均销售价格 (元/平方米)；地区代码 000000000000；保留官方历史修订与显示精度
housing_average_residential_legacy,CHN,2001,2017,元/平方米,A,,https://data.stats.gov.cn/dg/website/publicrelease/web/external/stream/esData,原指标：住宅商品房平均销售价格 (元/平方米)；地区代码 000000000000；保留官方历史修订与显示精度
housing_average_residential_legacy,CHN,2002,2092,元/平方米,A,,https://data.stats.gov.cn/dg/website/publicrelease/web/external/stream/esData,原指标：住宅商品房平均销售价格 (元/平方米)；地区代码 000000000000；保留官方历史修订与显示精度
housing_average_residential_legacy,CHN,2003,2197,元/平方米,A,,https://data.stats.gov.cn/dg/website/publicrelease/web/external/stream/esData,原指标：住宅商品房平均销售价格 (元/平方米)；地区代码 000000000000；保留官方历史修订与显示精度
housing_average_residential_legacy,CHN,2004,2608,元/平方米,A,,https://data.stats.gov.cn/dg/website/publicrelease/web/external/stream/esData,原指标：住宅商品房平均销售价格 (元/平方米)；地区代码 000000000000；保留官方历史修订与显示精度
housing_average_residential_transition,CHN,2005,2937,元/平方米,A,,https://data.stats.gov.cn/dg/website/publicrelease/web/external/stream/esData,原指标：住宅商品房平均销售价格 (元/平方米)；地区代码 000000000000；保留官方历史修订与显示精度
housing_bis_nominal_current,CHN,2016-Q1,111.5332,指数点（2010年=100）,Q,,https://stats.bis.org/api/v1/data/WS_SPP/Q.CN.N.628?format=csv,BIS70城代表指数，2010年=100；2016年前新建住宅，之后二手住宅；名义价格指数；源状态A，保密标记F
housing_bis_nominal_current,CHN,2016-Q2,113.8325,指数点（2010年=100）,Q,,https://stats.bis.org/api/v1/data/WS_SPP/Q.CN.N.628?format=csv,BIS70城代表指数，2010年=100；2016年前新建住宅，之后二手住宅；名义价格指数；源状态A，保密标记F
housing_bis_nominal_current,CHN,2016-Q3,116.4238,指数点（2010年=100）,Q,,https://stats.bis.org/api/v1/data/WS_SPP/Q.CN.N.628?format=csv,BIS70城代表指数，2010年=100；2016年前新建住宅，之后二手住宅；名义价格指数；源状态A，保密标记F
housing_bis_nominal_current,CHN,2016-Q4,119.1975,指数点（2010年=100）,Q,,https://stats.bis.org/api/v1/data/WS_SPP/Q.CN.N.628?format=csv,BIS70城代表指数，2010年=100；2016年前新建住宅，之后二手住宅；名义价格指数；源状态A，保密标记F
housing_bis_nominal_current,CHN,2017-Q1,120.6209,指数点（2010年=100）,Q,,https://stats.bis.org/api/v1/data/WS_SPP/Q.CN.N.628?format=csv,BIS70城代表指数，2010年=100；2016年前新建住宅，之后二手住宅；名义价格指数；源状态A，保密标记F
housing_bis_nominal_current,CHN,2017-Q2,122.9931,指数点（2010年=100）,Q,,https://stats.bis.org/api/v1/data/WS_SPP/Q.CN.N.628?format=csv,BIS70城代表指数，2010年=100；2016年前新建住宅，之后二手住宅；名义价格指数；源状态A，保密标记F
housing_bis_nominal_current,CHN,2017-Q3,124.38,指数点（2010年=100）,Q,,https://stats.bis.org/api/v1/data/WS_SPP/Q.CN.N.628?format=csv,BIS70城代表指数，2010年=100；2016年前新建住宅，之后二手住宅；名义价格指数；源状态A，保密标记F
housing_bis_nominal_current,CHN,2017-Q4,125.1464,指数点（2010年=100）,Q,,https://stats.bis.org/api/v1/data/WS_SPP/Q.CN.N.628?format=csv,BIS70城代表指数，2010年=100；2016年前新建住宅，之后二手住宅；名义价格指数；源状态A，保密标记F
housing_bis_nominal_current,CHN,2018-Q1,125.8764,指数点（2010年=100）,Q,,https://stats.bis.org/api/v1/data/WS_SPP/Q.CN.N.628?format=csv,BIS70城代表指数，2010年=100；2016年前新建住宅，之后二手住宅；名义价格指数；源状态A，保密标记F
housing_bis_nominal_current,CHN,2018-Q2,127.7012,指数点（2010年=100）,Q,,https://stats.bis.org/api/v1/data/WS_SPP/Q.CN.N.628?format=csv,BIS70城代表指数，2010年=100；2016年前新建住宅，之后二手住宅；名义价格指数；源状态A，保密标记F
housing_bis_nominal_current,CHN,2018-Q3,131.5698,指数点（2010年=100）,Q,,https://stats.bis.org/api/v1/data/WS_SPP/Q.CN.N.628?format=csv,BIS70城代表指数，2010年=100；2016年前新建住宅，之后二手住宅；名义价格指数；源状态A，保密标记F
housing_bis_nominal_current,CHN,2018-Q4,134.1611,指数点（2010年=100）,Q,,https://stats.bis.org/api/v1/data/WS_SPP/Q.CN.N.628?format=csv,BIS70城代表指数，2010年=100；2016年前新建住宅，之后二手住宅；名义价格指数；源状态A，保密标记F
housing_bis_nominal_current,CHN,2019-Q1,135.4384,指数点（2010年=100）,Q,,https://stats.bis.org/api/v1/data/WS_SPP/Q.CN.N.628?format=csv,BIS70城代表指数，2010年=100；2016年前新建住宅，之后二手住宅；名义价格指数；源状态A，保密标记F
housing_bis_nominal_current,CHN,2019-Q2,137.1538,指数点（2010年=100）,Q,,https://stats.bis.org/api/v1/data/WS_SPP/Q.CN.N.628?format=csv,BIS70城代表指数，2010年=100；2016年前新建住宅，之后二手住宅；名义价格指数；源状态A，保密标记F
housing_bis_nominal_current,CHN,2019-Q3,138.5041,指数点（2010年=100）,Q,,https://stats.bis.org/api/v1/data/WS_SPP/Q.CN.N.628?format=csv,BIS70城代表指数，2010年=100；2016年前新建住宅，之后二手住宅；名义价格指数；源状态A，保密标记F
housing_bis_nominal_current,CHN,2019-Q4,139.2341,指数点（2010年=100）,Q,,https://stats.bis.org/api/v1/data/WS_SPP/Q.CN.N.628?format=csv,BIS70城代表指数，2010年=100；2016年前新建住宅，之后二手住宅；名义价格指数；源状态A，保密标记F
housing_bis_nominal_current,CHN,2020-Q1,139.4895,指数点（2010年=100）,Q,,https://stats.bis.org/api/v1/data/WS_SPP/Q.CN.N.628?format=csv,BIS70城代表指数，2010年=100；2016年前新建住宅，之后二手住宅；名义价格指数；源状态A，保密标记F
housing_bis_nominal_current,CHN,2020-Q2,140.256,指数点（2010年=100）,Q,,https://stats.bis.org/api/v1/data/WS_SPP/Q.CN.N.628?format=csv,BIS70城代表指数，2010年=100；2016年前新建住宅，之后二手住宅；名义价格指数；源状态A，保密标记F
housing_bis_nominal_current,CHN,2020-Q3,141.5698,指数点（2010年=100）,Q,,https://stats.bis.org/api/v1/data/WS_SPP/Q.CN.N.628?format=csv,BIS70城代表指数，2010年=100；2016年前新建住宅，之后二手住宅；名义价格指数；源状态A，保密标记F
housing_bis_nominal_current,CHN,2020-Q4,142.4458,指数点（2010年=100）,Q,,https://stats.bis.org/api/v1/data/WS_SPP/Q.CN.N.628?format=csv,BIS70城代表指数，2010年=100；2016年前新建住宅，之后二手住宅；名义价格指数；源状态A，保密标记F
housing_bis_nominal_current,CHN,2021-Q1,143.7231,指数点（2010年=100）,Q,,https://stats.bis.org/api/v1/data/WS_SPP/Q.CN.N.628?format=csv,BIS70城代表指数，2010年=100；2016年前新建住宅，之后二手住宅；名义价格指数；源状态A，保密标记F
housing_bis_nominal_current,CHN,2021-Q2,145.402,指数点（2010年=100）,Q,,https://stats.bis.org/api/v1/data/WS_SPP/Q.CN.N.628?format=csv,BIS70城代表指数，2010年=100；2016年前新建住宅，之后二手住宅；名义价格指数；源状态A，保密标记F
housing_bis_nominal_current,CHN,2021-Q3,145.9129,指数点（2010年=100）,Q,,https://stats.bis.org/api/v1/data/WS_SPP/Q.CN.N.628?format=csv,BIS70城代表指数，2010年=100；2016年前新建住宅，之后二手住宅；名义价格指数；源状态A，保密标记F
housing_bis_nominal_current,CHN,2021-Q4,144.745,指数点（2010年=100）,Q,,https://stats.bis.org/api/v1/data/WS_SPP/Q.CN.N.628?format=csv,BIS70城代表指数，2010年=100；2016年前新建住宅，之后二手住宅；名义价格指数；源状态A，保密标记F
housing_bis_nominal_current,CHN,2022-Q1,143.5042,指数点（2010年=100）,Q,,https://stats.bis.org/api/v1/data/WS_SPP/Q.CN.N.628?format=csv,BIS70城代表指数，2010年=100；2016年前新建住宅，之后二手住宅；名义价格指数；源状态A，保密标记F
housing_bis_nominal_current,CHN,2022-Q2,142.2268,指数点（2010年=100）,Q,,https://stats.bis.org/api/v1/data/WS_SPP/Q.CN.N.628?format=csv,BIS70城代表指数，2010年=100；2016年前新建住宅，之后二手住宅；名义价格指数；源状态A，保密标记F
housing_bis_nominal_current,CHN,2022-Q3,141.1319,指数点（2010年=100）,Q,,https://stats.bis.org/api/v1/data/WS_SPP/Q.CN.N.628?format=csv,BIS70城代表指数，2010年=100；2016年前新建住宅，之后二手住宅；名义价格指数；源状态A，保密标记F
housing_bis_nominal_current,CHN,2022-Q4,139.3801,指数点（2010年=100）,Q,,https://stats.bis.org/api/v1/data/WS_SPP/Q.CN.N.628?format=csv,BIS70城代表指数，2010年=100；2016年前新建住宅，之后二手住宅；名义价格指数；源状态A，保密标记F
housing_bis_nominal_current,CHN,2023-Q1,138.6866,指数点（2010年=100）,Q,,https://stats.bis.org/api/v1/data/WS_SPP/Q.CN.N.628?format=csv,BIS70城代表指数，2010年=100；2016年前新建住宅，之后二手住宅；名义价格指数；源状态A，保密标记F
housing_bis_nominal_current,CHN,2023-Q2,138.4311,指数点（2010年=100）,Q,,https://stats.bis.org/api/v1/data/WS_SPP/Q.CN.N.628?format=csv,BIS70城代表指数，2010年=100；2016年前新建住宅，之后二手住宅；名义价格指数；源状态A，保密标记F
housing_bis_nominal_current,CHN,2023-Q3,136.6428,指数点（2010年=100）,Q,,https://stats.bis.org/api/v1/data/WS_SPP/Q.CN.N.628?format=csv,BIS70城代表指数，2010年=100；2016年前新建住宅，之后二手住宅；名义价格指数；源状态A，保密标记F
housing_bis_nominal_current,CHN,2023-Q4,134.1976,指数点（2010年=100）,Q,,https://stats.bis.org/api/v1/data/WS_SPP/Q.CN.N.628?format=csv,BIS70城代表指数，2010年=100；2016年前新建住宅，之后二手住宅；名义价格指数；源状态A，保密标记F
housing_bis_nominal_current,CHN,2024-Q1,131.5333,指数点（2010年=100）,Q,,https://stats.bis.org/api/v1/data/WS_SPP/Q.CN.N.628?format=csv,BIS70城代表指数，2010年=100；2016年前新建住宅，之后二手住宅；名义价格指数；源状态A，保密标记F
housing_bis_nominal_current,CHN,2024-Q2,128.2121,指数点（2010年=100）,Q,,https://stats.bis.org/api/v1/data/WS_SPP/Q.CN.N.628?format=csv,BIS70城代表指数，2010年=100；2016年前新建住宅，之后二手住宅；名义价格指数；源状态A，保密标记F
housing_bis_nominal_current,CHN,2024-Q3,124.9274,指数点（2010年=100）,Q,,https://stats.bis.org/api/v1/data/WS_SPP/Q.CN.N.628?format=csv,BIS70城代表指数，2010年=100；2016年前新建住宅，之后二手住宅；名义价格指数；源状态A，保密标记F
housing_bis_nominal_current,CHN,2024-Q4,122.7012,指数点（2010年=100）,Q,,https://stats.bis.org/api/v1/data/WS_SPP/Q.CN.N.628?format=csv,BIS70城代表指数，2010年=100；2016年前新建住宅，之后二手住宅；名义价格指数；源状态A，保密标记F
housing_bis_nominal_current,CHN,2025-Q1,121.6428,指数点（2010年=100）,Q,,https://stats.bis.org/api/v1/data/WS_SPP/Q.CN.N.628?format=csv,BIS70城代表指数，2010年=100；2016年前新建住宅，之后二手住宅；名义价格指数；源状态A，保密标记F
housing_bis_nominal_current,CHN,2025-Q2,120.0004,指数点（2010年=100）,Q,,https://stats.bis.org/api/v1/data/WS_SPP/Q.CN.N.628?format=csv,BIS70城代表指数，2010年=100；2016年前新建住宅，之后二手住宅；名义价格指数；源状态A，保密标记F
housing_bis_nominal_current,CHN,2025-Q3,118.0296,指数点（2010年=100）,Q,,https://stats.bis.org/api/v1/data/WS_SPP/Q.CN.N.628?format=csv,BIS70城代表指数，2010年=100；2016年前新建住宅，之后二手住宅；名义价格指数；源状态A，保密标记F
housing_bis_nominal_current,CHN,2025-Q4,115.6573,指数点（2010年=100）,Q,,https://stats.bis.org/api/v1/data/WS_SPP/Q.CN.N.628?format=csv,BIS70城代表指数，2010年=100；2016年前新建住宅，之后二手住宅；名义价格指数；源状态A，保密标记F
housing_bis_nominal_current,CHN,2026-Q1,113.9785,指数点（2010年=100）,Q,,https://stats.bis.org/api/v1/data/WS_SPP/Q.CN.N.628?format=csv,BIS70城代表指数，2010年=100；2016年前新建住宅，之后二手住宅；名义价格指数；源状态A，保密标记F
housing_bis_nominal_current,CHN,2026-Q2,112.9201,指数点（2010年=100）,Q,,https://stats.bis.org/api/v1/data/WS_SPP/Q.CN.N.628?format=csv,BIS70城代表指数，2010年=100；2016年前新建住宅，之后二手住宅；名义价格指数；源状态A，保密标记F
housing_bis_nominal_legacy,CHN,2005-Q2,75.8675,指数点（2010年=100）,Q,,https://stats.bis.org/api/v1/data/WS_SPP/Q.CN.N.628?format=csv,BIS70城代表指数，2010年=100；2016年前新建住宅，之后二手住宅；名义价格指数；源状态A，保密标记F
housing_bis_nominal_legacy,CHN,2005-Q3,77.0645,指数点（2010年=100）,Q,,https://stats.bis.org/api/v1/data/WS_SPP/Q.CN.N.628?format=csv,BIS70城代表指数，2010年=100；2016年前新建住宅，之后二手住宅；名义价格指数；源状态A，保密标记F
housing_bis_nominal_legacy,CHN,2005-Q4,77.9195,指数点（2010年=100）,Q,,https://stats.bis.org/api/v1/data/WS_SPP/Q.CN.N.628?format=csv,BIS70城代表指数，2010年=100；2016年前新建住宅，之后二手住宅；名义价格指数；源状态A，保密标记F
housing_bis_nominal_legacy,CHN,2006-Q1,78.005,指数点（2010年=100）,Q,,https://stats.bis.org/api/v1/data/WS_SPP/Q.CN.N.628?format=csv,BIS70城代表指数，2010年=100；2016年前新建住宅，之后二手住宅；名义价格指数；源状态A，保密标记F
housing_bis_nominal_legacy,CHN,2006-Q2,79.544,指数点（2010年=100）,Q,,https://stats.bis.org/api/v1/data/WS_SPP/Q.CN.N.628?format=csv,BIS70城代表指数，2010年=100；2016年前新建住宅，之后二手住宅；名义价格指数；源状态A，保密标记F
housing_bis_nominal_legacy,CHN,2006-Q3,80.855,指数点（2010年=100）,Q,,https://stats.bis.org/api/v1/data/WS_SPP/Q.CN.N.628?format=csv,BIS70城代表指数，2010年=100；2016年前新建住宅，之后二手住宅；名义价格指数；源状态A，保密标记F
housing_bis_nominal_legacy,CHN,2006-Q4,81.824,指数点（2010年=100）,Q,,https://stats.bis.org/api/v1/data/WS_SPP/Q.CN.N.628?format=csv,BIS70城代表指数，2010年=100；2016年前新建住宅，之后二手住宅；名义价格指数；源状态A，保密标记F
housing_bis_nominal_legacy,CHN,2007-Q1,82.1375,指数点（2010年=100）,Q,,https://stats.bis.org/api/v1/data/WS_SPP/Q.CN.N.628?format=csv,BIS70城代表指数，2010年=100；2016年前新建住宅，之后二手住宅；名义价格指数；源状态A，保密标记F
housing_bis_nominal_legacy,CHN,2007-Q2,84.218,指数点（2010年=100）,Q,,https://stats.bis.org/api/v1/data/WS_SPP/Q.CN.N.628?format=csv,BIS70城代表指数，2010年=100；2016年前新建住宅，之后二手住宅；名义价格指数；源状态A，保密标记F
housing_bis_nominal_legacy,CHN,2007-Q3,86.498,指数点（2010年=100）,Q,,https://stats.bis.org/api/v1/data/WS_SPP/Q.CN.N.628?format=csv,BIS70城代表指数，2010年=100；2016年前新建住宅，之后二手住宅；名义价格指数；源状态A，保密标记F
housing_bis_nominal_legacy,CHN,2007-Q4,89.1486,指数点（2010年=100）,Q,,https://stats.bis.org/api/v1/data/WS_SPP/Q.CN.N.628?format=csv,BIS70城代表指数，2010年=100；2016年前新建住宅，之后二手住宅；名义价格指数；源状态A，保密标记F
housing_bis_nominal_legacy,CHN,2008-Q1,89.8611,指数点（2010年=100）,Q,,https://stats.bis.org/api/v1/data/WS_SPP/Q.CN.N.628?format=csv,BIS70城代表指数，2010年=100；2016年前新建住宅，之后二手住宅；名义价格指数；源状态A，保密标记F
housing_bis_nominal_legacy,CHN,2008-Q2,90.8301,指数点（2010年=100）,Q,,https://stats.bis.org/api/v1/data/WS_SPP/Q.CN.N.628?format=csv,BIS70城代表指数，2010年=100；2016年前新建住宅，之后二手住宅；名义价格指数；源状态A，保密标记F
housing_bis_nominal_legacy,CHN,2008-Q3,91.2576,指数点（2010年=100）,Q,,https://stats.bis.org/api/v1/data/WS_SPP/Q.CN.N.628?format=csv,BIS70城代表指数，2010年=100；2016年前新建住宅，之后二手住宅；名义价格指数；源状态A，保密标记F
housing_bis_nominal_legacy,CHN,2008-Q4,90.7446,指数点（2010年=100）,Q,,https://stats.bis.org/api/v1/data/WS_SPP/Q.CN.N.628?format=csv,BIS70城代表指数，2010年=100；2016年前新建住宅，之后二手住宅；名义价格指数；源状态A，保密标记F
housing_bis_nominal_legacy,CHN,2009-Q1,89.6901,指数点（2010年=100）,Q,,https://stats.bis.org/api/v1/data/WS_SPP/Q.CN.N.628?format=csv,BIS70城代表指数，2010年=100；2016年前新建住宅，之后二手住宅；名义价格指数；源状态A，保密标记F
housing_bis_nominal_legacy,CHN,2009-Q2,90.4026,指数点（2010年=100）,Q,,https://stats.bis.org/api/v1/data/WS_SPP/Q.CN.N.628?format=csv,BIS70城代表指数，2010年=100；2016年前新建住宅，之后二手住宅；名义价格指数；源状态A，保密标记F
housing_bis_nominal_legacy,CHN,2009-Q3,92.3406,指数点（2010年=100）,Q,,https://stats.bis.org/api/v1/data/WS_SPP/Q.CN.N.628?format=csv,BIS70城代表指数，2010年=100；2016年前新建住宅，之后二手住宅；名义价格指数；源状态A，保密标记F
housing_bis_nominal_legacy,CHN,2009-Q4,94.7631,指数点（2010年=100）,Q,,https://stats.bis.org/api/v1/data/WS_SPP/Q.CN.N.628?format=csv,BIS70城代表指数，2010年=100；2016年前新建住宅，之后二手住宅；名义价格指数；源状态A，保密标记F
housing_bis_nominal_legacy,CHN,2010-Q1,97.7556,指数点（2010年=100）,Q,,https://stats.bis.org/api/v1/data/WS_SPP/Q.CN.N.628?format=csv,BIS70城代表指数，2010年=100；2016年前新建住宅，之后二手住宅；名义价格指数；源状态A，保密标记F
housing_bis_nominal_legacy,CHN,2010-Q2,100.0071,指数点（2010年=100）,Q,,https://stats.bis.org/api/v1/data/WS_SPP/Q.CN.N.628?format=csv,BIS70城代表指数，2010年=100；2016年前新建住宅，之后二手住宅；名义价格指数；源状态A，保密标记F
housing_bis_nominal_legacy,CHN,2010-Q3,100.3776,指数点（2010年=100）,Q,,https://stats.bis.org/api/v1/data/WS_SPP/Q.CN.N.628?format=csv,BIS70城代表指数，2010年=100；2016年前新建住宅，之后二手住宅；名义价格指数；源状态A，保密标记F
housing_bis_nominal_legacy,CHN,2010-Q4,101.8596,指数点（2010年=100）,Q,,https://stats.bis.org/api/v1/data/WS_SPP/Q.CN.N.628?format=csv,BIS70城代表指数，2010年=100；2016年前新建住宅，之后二手住宅；名义价格指数；源状态A，保密标记F
housing_bis_nominal_legacy,CHN,2011-Q1,103.5126,指数点（2010年=100）,Q,,https://stats.bis.org/api/v1/data/WS_SPP/Q.CN.N.628?format=csv,BIS70城代表指数，2010年=100；2016年前新建住宅，之后二手住宅；名义价格指数；源状态A，保密标记F
housing_bis_nominal_legacy,CHN,2011-Q2,104.2822,指数点（2010年=100）,Q,,https://stats.bis.org/api/v1/data/WS_SPP/Q.CN.N.628?format=csv,BIS70城代表指数，2010年=100；2016年前新建住宅，之后二手住宅；名义价格指数；源状态A，保密标记F
housing_bis_nominal_legacy,CHN,2011-Q3,104.4817,指数点（2010年=100）,Q,,https://stats.bis.org/api/v1/data/WS_SPP/Q.CN.N.628?format=csv,BIS70城代表指数，2010年=100；2016年前新建住宅，之后二手住宅；名义价格指数；源状态A，保密标记F
housing_bis_nominal_legacy,CHN,2011-Q4,104.1967,指数点（2010年=100）,Q,,https://stats.bis.org/api/v1/data/WS_SPP/Q.CN.N.628?format=csv,BIS70城代表指数，2010年=100；2016年前新建住宅，之后二手住宅；名义价格指数；源状态A，保密标记F
housing_bis_nominal_legacy,CHN,2012-Q1,103.6551,指数点（2010年=100）,Q,,https://stats.bis.org/api/v1/data/WS_SPP/Q.CN.N.628?format=csv,BIS70城代表指数，2010年=100；2016年前新建住宅，之后二手住宅；名义价格指数；源状态A，保密标记F
housing_bis_nominal_legacy,CHN,2012-Q2,103.1136,指数点（2010年=100）,Q,,https://stats.bis.org/api/v1/data/WS_SPP/Q.CN.N.628?format=csv,BIS70城代表指数，2010年=100；2016年前新建住宅，之后二手住宅；名义价格指数；源状态A，保密标记F
housing_bis_nominal_legacy,CHN,2012-Q3,103.2561,指数点（2010年=100）,Q,,https://stats.bis.org/api/v1/data/WS_SPP/Q.CN.N.628?format=csv,BIS70城代表指数，2010年=100；2016年前新建住宅，之后二手住宅；名义价格指数；源状态A，保密标记F
housing_bis_nominal_legacy,CHN,2012-Q4,103.6551,指数点（2010年=100）,Q,,https://stats.bis.org/api/v1/data/WS_SPP/Q.CN.N.628?format=csv,BIS70城代表指数，2010年=100；2016年前新建住宅，之后二手住宅；名义价格指数；源状态A，保密标记F
housing_bis_nominal_legacy,CHN,2013-Q1,105.5932,指数点（2010年=100）,Q,,https://stats.bis.org/api/v1/data/WS_SPP/Q.CN.N.628?format=csv,BIS70城代表指数，2010年=100；2016年前新建住宅，之后二手住宅；名义价格指数；源状态A，保密标记F
housing_bis_nominal_legacy,CHN,2013-Q2,108.5572,指数点（2010年=100）,Q,,https://stats.bis.org/api/v1/data/WS_SPP/Q.CN.N.628?format=csv,BIS70城代表指数，2010年=100；2016年前新建住宅，之后二手住宅；名义价格指数；源状态A，保密标记F
housing_bis_nominal_legacy,CHN,2013-Q3,111.0082,指数点（2010年=100）,Q,,https://stats.bis.org/api/v1/data/WS_SPP/Q.CN.N.628?format=csv,BIS70城代表指数，2010年=100；2016年前新建住宅，之后二手住宅；名义价格指数；源状态A，保密标记F
housing_bis_nominal_legacy,CHN,2013-Q4,113.0602,指数点（2010年=100）,Q,,https://stats.bis.org/api/v1/data/WS_SPP/Q.CN.N.628?format=csv,BIS70城代表指数，2010年=100；2016年前新建住宅，之后二手住宅；名义价格指数；源状态A，保密标记F
housing_bis_nominal_legacy,CHN,2014-Q1,114.2857,指数点（2010年=100）,Q,,https://stats.bis.org/api/v1/data/WS_SPP/Q.CN.N.628?format=csv,BIS70城代表指数，2010年=100；2016年前新建住宅，之后二手住宅；名义价格指数；源状态A，保密标记F
housing_bis_nominal_legacy,CHN,2014-Q2,114.3427,指数点（2010年=100）,Q,,https://stats.bis.org/api/v1/data/WS_SPP/Q.CN.N.628?format=csv,BIS70城代表指数，2010年=100；2016年前新建住宅，之后二手住宅；名义价格指数；源状态A，保密标记F
housing_bis_nominal_legacy,CHN,2014-Q3,111.7207,指数点（2010年=100）,Q,,https://stats.bis.org/api/v1/data/WS_SPP/Q.CN.N.628?format=csv,BIS70城代表指数，2010年=100；2016年前新建住宅，之后二手住宅；名义价格指数；源状态A，保密标记F
housing_bis_nominal_legacy,CHN,2014-Q4,109.1557,指数点（2010年=100）,Q,,https://stats.bis.org/api/v1/data/WS_SPP/Q.CN.N.628?format=csv,BIS70城代表指数，2010年=100；2016年前新建住宅，之后二手住宅；名义价格指数；源状态A，保密标记F
housing_bis_nominal_legacy,CHN,2015-Q1,107.8162,指数点（2010年=100）,Q,,https://stats.bis.org/api/v1/data/WS_SPP/Q.CN.N.628?format=csv,BIS70城代表指数，2010年=100；2016年前新建住宅，之后二手住宅；名义价格指数；源状态A，保密标记F
housing_bis_nominal_legacy,CHN,2015-Q2,107.5882,指数点（2010年=100）,Q,,https://stats.bis.org/api/v1/data/WS_SPP/Q.CN.N.628?format=csv,BIS70城代表指数，2010年=100；2016年前新建住宅，之后二手住宅；名义价格指数；源状态A，保密标记F
housing_bis_nominal_legacy,CHN,2015-Q3,108.2437,指数点（2010年=100）,Q,,https://stats.bis.org/api/v1/data/WS_SPP/Q.CN.N.628?format=csv,BIS70城代表指数，2010年=100；2016年前新建住宅，之后二手住宅；名义价格指数；源状态A，保密标记F
housing_bis_nominal_legacy,CHN,2015-Q4,108.8422,指数点（2010年=100）,Q,,https://stats.bis.org/api/v1/data/WS_SPP/Q.CN.N.628?format=csv,BIS70城代表指数，2010年=100；2016年前新建住宅，之后二手住宅；名义价格指数；源状态A，保密标记F
housing_bis_real_current,CHN,2016-Q1,94.9072,指数点（2010年=100）,Q,,https://stats.bis.org/api/v1/data/WS_SPP/Q.CN.R.628?format=csv,BIS70城代表指数，2010年=100；2016年前新建住宅，之后二手住宅；按CPI平减；源状态A，保密标记F
housing_bis_real_current,CHN,2016-Q2,97.1635,指数点（2010年=100）,Q,,https://stats.bis.org/api/v1/data/WS_SPP/Q.CN.R.628?format=csv,BIS70城代表指数，2010年=100；2016年前新建住宅，之后二手住宅；按CPI平减；源状态A，保密标记F
housing_bis_real_current,CHN,2016-Q3,99.1101,指数点（2010年=100）,Q,,https://stats.bis.org/api/v1/data/WS_SPP/Q.CN.R.628?format=csv,BIS70城代表指数，2010年=100；2016年前新建住宅，之后二手住宅；按CPI平减；源状态A，保密标记F
housing_bis_real_current,CHN,2016-Q4,100.9351,指数点（2010年=100）,Q,,https://stats.bis.org/api/v1/data/WS_SPP/Q.CN.R.628?format=csv,BIS70城代表指数，2010年=100；2016年前新建住宅，之后二手住宅；按CPI平减；源状态A，保密标记F
housing_bis_real_current,CHN,2017-Q1,101.1945,指数点（2010年=100）,Q,,https://stats.bis.org/api/v1/data/WS_SPP/Q.CN.R.628?format=csv,BIS70城代表指数，2010年=100；2016年前新建住宅，之后二手住宅；按CPI平减；源状态A，保密标记F
housing_bis_real_current,CHN,2017-Q2,103.497,指数点（2010年=100）,Q,,https://stats.bis.org/api/v1/data/WS_SPP/Q.CN.R.628?format=csv,BIS70城代表指数，2010年=100；2016年前新建住宅，之后二手住宅；按CPI平减；源状态A，保密标记F
housing_bis_real_current,CHN,2017-Q3,104.2838,指数点（2010年=100）,Q,,https://stats.bis.org/api/v1/data/WS_SPP/Q.CN.R.628?format=csv,BIS70城代表指数，2010年=100；2016年前新建住宅，之后二手住宅；按CPI平减；源状态A，保密标记F
housing_bis_real_current,CHN,2017-Q4,104.2285,指数点（2010年=100）,Q,,https://stats.bis.org/api/v1/data/WS_SPP/Q.CN.R.628?format=csv,BIS70城代表指数，2010年=100；2016年前新建住宅，之后二手住宅；按CPI平减；源状态A，保密标记F
housing_bis_real_current,CHN,2018-Q1,103.5601,指数点（2010年=100）,Q,,https://stats.bis.org/api/v1/data/WS_SPP/Q.CN.R.628?format=csv,BIS70城代表指数，2010年=100；2016年前新建住宅，之后二手住宅；按CPI平减；源状态A，保密标记F
housing_bis_real_current,CHN,2018-Q2,105.8087,指数点（2010年=100）,Q,,https://stats.bis.org/api/v1/data/WS_SPP/Q.CN.R.628?format=csv,BIS70城代表指数，2010年=100；2016年前新建住宅，之后二手住宅；按CPI平减；源状态A，保密标记F
housing_bis_real_current,CHN,2018-Q3,108.0745,指数点（2010年=100）,Q,,https://stats.bis.org/api/v1/data/WS_SPP/Q.CN.R.628?format=csv,BIS70城代表指数，2010年=100；2016年前新建住宅，之后二手住宅；按CPI平减；源状态A，保密标记F
housing_bis_real_current,CHN,2018-Q4,109.4386,指数点（2010年=100）,Q,,https://stats.bis.org/api/v1/data/WS_SPP/Q.CN.R.628?format=csv,BIS70城代表指数，2010年=100；2016年前新建住宅，之后二手住宅；按CPI平减；源状态A，保密标记F
housing_bis_real_current,CHN,2019-Q1,109.4584,指数点（2010年=100）,Q,,https://stats.bis.org/api/v1/data/WS_SPP/Q.CN.R.628?format=csv,BIS70城代表指数，2010年=100；2016年前新建住宅，之后二手住宅；按CPI平减；源状态A，保密标记F
housing_bis_real_current,CHN,2019-Q2,110.5525,指数点（2010年=100）,Q,,https://stats.bis.org/api/v1/data/WS_SPP/Q.CN.R.628?format=csv,BIS70城代表指数，2010年=100；2016年前新建住宅，之后二手住宅；按CPI平减；源状态A，保密标记F
housing_bis_real_current,CHN,2019-Q3,110.3512,指数点（2010年=100）,Q,,https://stats.bis.org/api/v1/data/WS_SPP/Q.CN.R.628?format=csv,BIS70城代表指数，2010年=100；2016年前新建住宅，之后二手住宅；按CPI平减；源状态A，保密标记F
housing_bis_real_current,CHN,2019-Q4,108.7462,指数点（2010年=100）,Q,,https://stats.bis.org/api/v1/data/WS_SPP/Q.CN.R.628?format=csv,BIS70城代表指数，2010年=100；2016年前新建住宅，之后二手住宅；按CPI平减；源状态A，保密标记F
housing_bis_real_current,CHN,2020-Q1,107.1595,指数点（2010年=100）,Q,,https://stats.bis.org/api/v1/data/WS_SPP/Q.CN.R.628?format=csv,BIS70城代表指数，2010年=100；2016年前新建住宅，之后二手住宅；按CPI平减；源状态A，保密标记F
housing_bis_real_current,CHN,2020-Q2,109.9375,指数点（2010年=100）,Q,,https://stats.bis.org/api/v1/data/WS_SPP/Q.CN.R.628?format=csv,BIS70城代表指数，2010年=100；2016年前新建住宅，之后二手住宅；按CPI平减；源状态A，保密标记F
housing_bis_real_current,CHN,2020-Q3,110.3074,指数点（2010年=100）,Q,,https://stats.bis.org/api/v1/data/WS_SPP/Q.CN.R.628?format=csv,BIS70城代表指数，2010年=100；2016年前新建住宅，之后二手住宅；按CPI平减；源状态A，保密标记F
housing_bis_real_current,CHN,2020-Q4,111.2144,指数点（2010年=100）,Q,,https://stats.bis.org/api/v1/data/WS_SPP/Q.CN.R.628?format=csv,BIS70城代表指数，2010年=100；2016年前新建住宅，之后二手住宅；按CPI平减；源状态A，保密标记F
housing_bis_real_current,CHN,2021-Q1,110.5531,指数点（2010年=100）,Q,,https://stats.bis.org/api/v1/data/WS_SPP/Q.CN.R.628?format=csv,BIS70城代表指数，2010年=100；2016年前新建住宅，之后二手住宅；按CPI平减；源状态A，保密标记F
housing_bis_real_current,CHN,2021-Q2,112.6308,指数点（2010年=100）,Q,,https://stats.bis.org/api/v1/data/WS_SPP/Q.CN.R.628?format=csv,BIS70城代表指数，2010年=100；2016年前新建住宅，之后二手住宅；按CPI平减；源状态A，保密标记F
housing_bis_real_current,CHN,2021-Q3,112.9908,指数点（2010年=100）,Q,,https://stats.bis.org/api/v1/data/WS_SPP/Q.CN.R.628?format=csv,BIS70城代表指数，2010年=100；2016年前新建住宅，之后二手住宅；按CPI平减；源状态A，保密标记F
housing_bis_real_current,CHN,2021-Q4,111.0876,指数点（2010年=100）,Q,,https://stats.bis.org/api/v1/data/WS_SPP/Q.CN.R.628?format=csv,BIS70城代表指数，2010年=100；2016年前新建住宅，之后二手住宅；按CPI平减；源状态A，保密标记F
housing_bis_real_current,CHN,2022-Q1,109.3304,指数点（2010年=100）,Q,,https://stats.bis.org/api/v1/data/WS_SPP/Q.CN.R.628?format=csv,BIS70城代表指数，2010年=100；2016年前新建住宅，之后二手住宅；按CPI平减；源状态A，保密标记F
housing_bis_real_current,CHN,2022-Q2,107.8288,指数点（2010年=100）,Q,,https://stats.bis.org/api/v1/data/WS_SPP/Q.CN.R.628?format=csv,BIS70城代表指数，2010年=100；2016年前新建住宅，之后二手住宅；按CPI平减；源状态A，保密标记F
housing_bis_real_current,CHN,2022-Q3,106.4509,指数点（2010年=100）,Q,,https://stats.bis.org/api/v1/data/WS_SPP/Q.CN.R.628?format=csv,BIS70城代表指数，2010年=100；2016年前新建住宅，之后二手住宅；按CPI平减；源状态A，保密标记F
housing_bis_real_current,CHN,2022-Q4,105.0432,指数点（2010年=100）,Q,,https://stats.bis.org/api/v1/data/WS_SPP/Q.CN.R.628?format=csv,BIS70城代表指数，2010年=100；2016年前新建住宅，之后二手住宅；按CPI平减；源状态A，保密标记F
housing_bis_real_current,CHN,2023-Q1,104.3427,指数点（2010年=100）,Q,,https://stats.bis.org/api/v1/data/WS_SPP/Q.CN.R.628?format=csv,BIS70城代表指数，2010年=100；2016年前新建住宅，之后二手住宅；按CPI平减；源状态A，保密标记F
housing_bis_real_current,CHN,2023-Q2,104.8471,指数点（2010年=100）,Q,,https://stats.bis.org/api/v1/data/WS_SPP/Q.CN.R.628?format=csv,BIS70城代表指数，2010年=100；2016年前新建住宅，之后二手住宅；按CPI平减；源状态A，保密标记F
housing_bis_real_current,CHN,2023-Q3,103.1349,指数点（2010年=100）,Q,,https://stats.bis.org/api/v1/data/WS_SPP/Q.CN.R.628?format=csv,BIS70城代表指数，2010年=100；2016年前新建住宅，之后二手住宅；按CPI平减；源状态A，保密标记F
housing_bis_real_current,CHN,2023-Q4,101.4751,指数点（2010年=100）,Q,,https://stats.bis.org/api/v1/data/WS_SPP/Q.CN.R.628?format=csv,BIS70城代表指数，2010年=100；2016年前新建住宅，之后二手住宅；按CPI平减；源状态A，保密标记F
housing_bis_real_current,CHN,2024-Q1,98.9629,指数点（2010年=100）,Q,,https://stats.bis.org/api/v1/data/WS_SPP/Q.CN.R.628?format=csv,BIS70城代表指数，2010年=100；2016年前新建住宅，之后二手住宅；按CPI平减；源状态A，保密标记F
housing_bis_real_current,CHN,2024-Q2,96.8513,指数点（2010年=100）,Q,,https://stats.bis.org/api/v1/data/WS_SPP/Q.CN.R.628?format=csv,BIS70城代表指数，2010年=100；2016年前新建住宅，之后二手住宅；按CPI平减；源状态A，保密标记F
housing_bis_real_current,CHN,2024-Q3,93.823,指数点（2010年=100）,Q,,https://stats.bis.org/api/v1/data/WS_SPP/Q.CN.R.628?format=csv,BIS70城代表指数，2010年=100；2016年前新建住宅，之后二手住宅；按CPI平减；源状态A，保密标记F
housing_bis_real_current,CHN,2024-Q4,92.5967,指数点（2010年=100）,Q,,https://stats.bis.org/api/v1/data/WS_SPP/Q.CN.R.628?format=csv,BIS70城代表指数，2010年=100；2016年前新建住宅，之后二手住宅；按CPI平减；源状态A，保密标记F
housing_bis_real_current,CHN,2025-Q1,91.6149,指数点（2010年=100）,Q,,https://stats.bis.org/api/v1/data/WS_SPP/Q.CN.R.628?format=csv,BIS70城代表指数，2010年=100；2016年前新建住宅，之后二手住宅；按CPI平减；源状态A，保密标记F
housing_bis_real_current,CHN,2025-Q2,90.6763,指数点（2010年=100）,Q,,https://stats.bis.org/api/v1/data/WS_SPP/Q.CN.R.628?format=csv,BIS70城代表指数，2010年=100；2016年前新建住宅，之后二手住宅；按CPI平减；源状态A，保密标记F
housing_bis_real_current,CHN,2025-Q3,88.8506,指数点（2010年=100）,Q,,https://stats.bis.org/api/v1/data/WS_SPP/Q.CN.R.628?format=csv,BIS70城代表指数，2010年=100；2016年前新建住宅，之后二手住宅；按CPI平减；源状态A，保密标记F
housing_bis_real_current,CHN,2025-Q4,86.7897,指数点（2010年=100）,Q,,https://stats.bis.org/api/v1/data/WS_SPP/Q.CN.R.628?format=csv,BIS70城代表指数，2010年=100；2016年前新建住宅，之后二手住宅；按CPI平减；源状态A，保密标记F
housing_bis_real_current,CHN,2026-Q1,85.1336,指数点（2010年=100）,Q,,https://stats.bis.org/api/v1/data/WS_SPP/Q.CN.R.628?format=csv,BIS70城代表指数，2010年=100；2016年前新建住宅，之后二手住宅；按CPI平减；源状态A，保密标记F
housing_bis_real_current,CHN,2026-Q2,84.37,指数点（2010年=100）,Q,,https://stats.bis.org/api/v1/data/WS_SPP/Q.CN.R.628?format=csv,BIS70城代表指数，2010年=100；2016年前新建住宅，之后二手住宅；按CPI平减；源状态A，保密标记F
housing_bis_real_legacy,CHN,2005-Q2,87.95,指数点（2010年=100）,Q,,https://stats.bis.org/api/v1/data/WS_SPP/Q.CN.R.628?format=csv,BIS70城代表指数，2010年=100；2016年前新建住宅，之后二手住宅；按CPI平减；源状态A，保密标记F
housing_bis_real_legacy,CHN,2005-Q3,89.5356,指数点（2010年=100）,Q,,https://stats.bis.org/api/v1/data/WS_SPP/Q.CN.R.628?format=csv,BIS70城代表指数，2010年=100；2016年前新建住宅，之后二手住宅；按CPI平减；源状态A，保密标记F
housing_bis_real_legacy,CHN,2005-Q4,89.7334,指数点（2010年=100）,Q,,https://stats.bis.org/api/v1/data/WS_SPP/Q.CN.R.628?format=csv,BIS70城代表指数，2010年=100；2016年前新建住宅，之后二手住宅；按CPI平减；源状态A，保密标记F
housing_bis_real_legacy,CHN,2006-Q1,88.5259,指数点（2010年=100）,Q,,https://stats.bis.org/api/v1/data/WS_SPP/Q.CN.R.628?format=csv,BIS70城代表指数，2010年=100；2016年前新建住宅，之后二手住宅；按CPI平减；源状态A，保密标记F
housing_bis_real_legacy,CHN,2006-Q2,90.6989,指数点（2010年=100）,Q,,https://stats.bis.org/api/v1/data/WS_SPP/Q.CN.R.628?format=csv,BIS70城代表指数，2010年=100；2016年前新建住宅，之后二手住宅；按CPI平减；源状态A，保密标记F
housing_bis_real_legacy,CHN,2006-Q3,92.4696,指数点（2010年=100）,Q,,https://stats.bis.org/api/v1/data/WS_SPP/Q.CN.R.628?format=csv,BIS70城代表指数，2010年=100；2016年前新建住宅，之后二手住宅；按CPI平减；源状态A，保密标记F
housing_bis_real_legacy,CHN,2006-Q4,92.4653,指数点（2010年=100）,Q,,https://stats.bis.org/api/v1/data/WS_SPP/Q.CN.R.628?format=csv,BIS70城代表指数，2010年=100；2016年前新建住宅，之后二手住宅；按CPI平减；源状态A，保密标记F
housing_bis_real_legacy,CHN,2007-Q1,90.7212,指数点（2010年=100）,Q,,https://stats.bis.org/api/v1/data/WS_SPP/Q.CN.R.628?format=csv,BIS70城代表指数，2010年=100；2016年前新建住宅，之后二手住宅；按CPI平减；源状态A，保密标记F
housing_bis_real_legacy,CHN,2007-Q2,92.6815,指数点（2010年=100）,Q,,https://stats.bis.org/api/v1/data/WS_SPP/Q.CN.R.628?format=csv,BIS70城代表指数，2010年=100；2016年前新建住宅，之后二手住宅；按CPI平减；源状态A，保密标记F
housing_bis_real_legacy,CHN,2007-Q3,93.1592,指数点（2010年=100）,Q,,https://stats.bis.org/api/v1/data/WS_SPP/Q.CN.R.628?format=csv,BIS70城代表指数，2010年=100；2016年前新建住宅，之后二手住宅；按CPI平减；源状态A，保密标记F
housing_bis_real_legacy,CHN,2007-Q4,94.4012,指数点（2010年=100）,Q,,https://stats.bis.org/api/v1/data/WS_SPP/Q.CN.R.628?format=csv,BIS70城代表指数，2010年=100；2016年前新建住宅，之后二手住宅；按CPI平减；源状态A，保密标记F
housing_bis_real_legacy,CHN,2008-Q1,91.8193,指数点（2010年=100）,Q,,https://stats.bis.org/api/v1/data/WS_SPP/Q.CN.R.628?format=csv,BIS70城代表指数，2010年=100；2016年前新建住宅，之后二手住宅；按CPI平减；源状态A，保密标记F
housing_bis_real_legacy,CHN,2008-Q2,92.6727,指数点（2010年=100）,Q,,https://stats.bis.org/api/v1/data/WS_SPP/Q.CN.R.628?format=csv,BIS70城代表指数，2010年=100；2016年前新建住宅，之后二手住宅；按CPI平减；源状态A，保密标记F
housing_bis_real_legacy,CHN,2008-Q3,93.3268,指数点（2010年=100）,Q,,https://stats.bis.org/api/v1/data/WS_SPP/Q.CN.R.628?format=csv,BIS70城代表指数，2010年=100；2016年前新建住宅，之后二手住宅；按CPI平减；源状态A，保密标记F
housing_bis_real_legacy,CHN,2008-Q4,93.6743,指数点（2010年=100）,Q,,https://stats.bis.org/api/v1/data/WS_SPP/Q.CN.R.628?format=csv,BIS70城代表指数，2010年=100；2016年前新建住宅，之后二手住宅；按CPI平减；源状态A，保密标记F
housing_bis_real_legacy,CHN,2009-Q1,92.2225,指数点（2010年=100）,Q,,https://stats.bis.org/api/v1/data/WS_SPP/Q.CN.R.628?format=csv,BIS70城代表指数，2010年=100；2016年前新建住宅，之后二手住宅；按CPI平减；源状态A，保密标记F
housing_bis_real_legacy,CHN,2009-Q2,93.6717,指数点（2010年=100）,Q,,https://stats.bis.org/api/v1/data/WS_SPP/Q.CN.R.628?format=csv,BIS70城代表指数，2010年=100；2016年前新建住宅，之后二手住宅；按CPI平减；源状态A，保密标记F
housing_bis_real_legacy,CHN,2009-Q3,95.6501,指数点（2010年=100）,Q,,https://stats.bis.org/api/v1/data/WS_SPP/Q.CN.R.628?format=csv,BIS70城代表指数，2010年=100；2016年前新建住宅，之后二手住宅；按CPI平减；源状态A，保密标记F
housing_bis_real_legacy,CHN,2009-Q4,97.3105,指数点（2010年=100）,Q,,https://stats.bis.org/api/v1/data/WS_SPP/Q.CN.R.628?format=csv,BIS70城代表指数，2010年=100；2016年前新建住宅，之后二手住宅；按CPI平减；源状态A，保密标记F
housing_bis_real_legacy,CHN,2010-Q1,98.4735,指数点（2010年=100）,Q,,https://stats.bis.org/api/v1/data/WS_SPP/Q.CN.R.628?format=csv,BIS70城代表指数，2010年=100；2016年前新建住宅，之后二手住宅；按CPI平减；源状态A，保密标记F
housing_bis_real_legacy,CHN,2010-Q2,100.8828,指数点（2010年=100）,Q,,https://stats.bis.org/api/v1/data/WS_SPP/Q.CN.R.628?format=csv,BIS70城代表指数，2010年=100；2016年前新建住宅，之后二手住宅；按CPI平减；源状态A，保密标记F
housing_bis_real_legacy,CHN,2010-Q3,100.6863,指数点（2010年=100）,Q,,https://stats.bis.org/api/v1/data/WS_SPP/Q.CN.R.628?format=csv,BIS70城代表指数，2010年=100；2016年前新建住宅，之后二手住宅；按CPI平减；源状态A，保密标记F
housing_bis_real_legacy,CHN,2010-Q4,99.9567,指数点（2010年=100）,Q,,https://stats.bis.org/api/v1/data/WS_SPP/Q.CN.R.628?format=csv,BIS70城代表指数，2010年=100；2016年前新建住宅，之后二手住宅；按CPI平减；源状态A，保密标记F
housing_bis_real_legacy,CHN,2011-Q1,99.1316,指数点（2010年=100）,Q,,https://stats.bis.org/api/v1/data/WS_SPP/Q.CN.R.628?format=csv,BIS70城代表指数，2010年=100；2016年前新建住宅，之后二手住宅；按CPI平减；源状态A，保密标记F
housing_bis_real_legacy,CHN,2011-Q2,99.3216,指数点（2010年=100）,Q,,https://stats.bis.org/api/v1/data/WS_SPP/Q.CN.R.628?format=csv,BIS70城代表指数，2010年=100；2016年前新建住宅，之后二手住宅；按CPI平减；源状态A，保密标记F
housing_bis_real_legacy,CHN,2011-Q3,98.4485,指数点（2010年=100）,Q,,https://stats.bis.org/api/v1/data/WS_SPP/Q.CN.R.628?format=csv,BIS70城代表指数，2010年=100；2016年前新建住宅，之后二手住宅；按CPI平减；源状态A，保密标记F
housing_bis_real_legacy,CHN,2011-Q4,97.6907,指数点（2010年=100）,Q,,https://stats.bis.org/api/v1/data/WS_SPP/Q.CN.R.628?format=csv,BIS70城代表指数，2010年=100；2016年前新建住宅，之后二手住宅；按CPI平减；源状态A，保密标记F
housing_bis_real_legacy,CHN,2012-Q1,95.6192,指数点（2010年=100）,Q,,https://stats.bis.org/api/v1/data/WS_SPP/Q.CN.R.628?format=csv,BIS70城代表指数，2010年=100；2016年前新建住宅，之后二手住宅；按CPI平减；源状态A，保密标记F
housing_bis_real_legacy,CHN,2012-Q2,95.5014,指数点（2010年=100）,Q,,https://stats.bis.org/api/v1/data/WS_SPP/Q.CN.R.628?format=csv,BIS70城代表指数，2010年=100；2016年前新建住宅，之后二手住宅；按CPI平减；源状态A，保密标记F
housing_bis_real_legacy,CHN,2012-Q3,95.5394,指数点（2010年=100）,Q,,https://stats.bis.org/api/v1/data/WS_SPP/Q.CN.R.628?format=csv,BIS70城代表指数，2010年=100；2016年前新建住宅，之后二手住宅；按CPI平减；源状态A，保密标记F
housing_bis_real_legacy,CHN,2012-Q4,95.3053,指数点（2010年=100）,Q,,https://stats.bis.org/api/v1/data/WS_SPP/Q.CN.R.628?format=csv,BIS70城代表指数，2010年=100；2016年前新建住宅，之后二手住宅；按CPI平减；源状态A，保密标记F
housing_bis_real_legacy,CHN,2013-Q1,95.1768,指数点（2010年=100）,Q,,https://stats.bis.org/api/v1/data/WS_SPP/Q.CN.R.628?format=csv,BIS70城代表指数，2010年=100；2016年前新建住宅，之后二手住宅；按CPI平减；源状态A，保密标记F
housing_bis_real_legacy,CHN,2013-Q2,98.2806,指数点（2010年=100）,Q,,https://stats.bis.org/api/v1/data/WS_SPP/Q.CN.R.628?format=csv,BIS70城代表指数，2010年=100；2016年前新建住宅，之后二手住宅；按CPI平减；源状态A，保密标记F
housing_bis_real_legacy,CHN,2013-Q3,100.0011,指数点（2010年=100）,Q,,https://stats.bis.org/api/v1/data/WS_SPP/Q.CN.R.628?format=csv,BIS70城代表指数，2010年=100；2016年前新建住宅，之后二手住宅；按CPI平减；源状态A，保密标记F
housing_bis_real_legacy,CHN,2013-Q4,101.0089,指数点（2010年=100）,Q,,https://stats.bis.org/api/v1/data/WS_SPP/Q.CN.R.628?format=csv,BIS70城代表指数，2010年=100；2016年前新建住宅，之后二手住宅；按CPI平减；源状态A，保密标记F
housing_bis_real_legacy,CHN,2014-Q1,100.7569,指数点（2010年=100）,Q,,https://stats.bis.org/api/v1/data/WS_SPP/Q.CN.R.628?format=csv,BIS70城代表指数，2010年=100；2016年前新建住宅，之后二手住宅；按CPI平减；源状态A，保密标记F
housing_bis_real_legacy,CHN,2014-Q2,101.245,指数点（2010年=100）,Q,,https://stats.bis.org/api/v1/data/WS_SPP/Q.CN.R.628?format=csv,BIS70城代表指数，2010年=100；2016年前新建住宅，之后二手住宅；按CPI平减；源状态A，保密标记F
housing_bis_real_legacy,CHN,2014-Q3,98.5642,指数点（2010年=100）,Q,,https://stats.bis.org/api/v1/data/WS_SPP/Q.CN.R.628?format=csv,BIS70城代表指数，2010年=100；2016年前新建住宅，之后二手住宅；按CPI平减；源状态A，保密标记F
housing_bis_real_legacy,CHN,2014-Q4,95.9506,指数点（2010年=100）,Q,,https://stats.bis.org/api/v1/data/WS_SPP/Q.CN.R.628?format=csv,BIS70城代表指数，2010年=100；2016年前新建住宅，之后二手住宅；按CPI平减；源状态A，保密标记F
housing_bis_real_legacy,CHN,2015-Q1,93.7689,指数点（2010年=100）,Q,,https://stats.bis.org/api/v1/data/WS_SPP/Q.CN.R.628?format=csv,BIS70城代表指数，2010年=100；2016年前新建住宅，之后二手住宅；按CPI平减；源状态A，保密标记F
housing_bis_real_legacy,CHN,2015-Q2,93.8242,指数点（2010年=100）,Q,,https://stats.bis.org/api/v1/data/WS_SPP/Q.CN.R.628?format=csv,BIS70城代表指数，2010年=100；2016年前新建住宅，之后二手住宅；按CPI平减；源状态A，保密标记F
housing_bis_real_legacy,CHN,2015-Q3,93.8338,指数点（2010年=100）,Q,,https://stats.bis.org/api/v1/data/WS_SPP/Q.CN.R.628?format=csv,BIS70城代表指数，2010年=100；2016年前新建住宅，之后二手住宅；按CPI平减；源状态A，保密标记F
housing_bis_real_legacy,CHN,2015-Q4,94.2591,指数点（2010年=100）,Q,,https://stats.bis.org/api/v1/data/WS_SPP/Q.CN.R.628?format=csv,BIS70城代表指数，2010年=100；2016年前新建住宅，之后二手住宅；按CPI平减；源状态A，保密标记F
housing_shanghai_new_mom,CHN,2011-01,1.1,%,M,,https://data.stats.gov.cn/dg/website/publicrelease/web/external/stream/esData,上海；原指标 新建商品住宅销售价格指数 (上月=100)；原值 101.1 减100得到涨跌幅；2011年前调查方法单列
housing_shanghai_new_mom,CHN,2011-02,1.1,%,M,,https://data.stats.gov.cn/dg/website/publicrelease/web/external/stream/esData,上海；原指标 新建商品住宅销售价格指数 (上月=100)；原值 101.1 减100得到涨跌幅；2011年前调查方法单列
housing_shanghai_new_mom,CHN,2011-03,0.2,%,M,,https://data.stats.gov.cn/dg/website/publicrelease/web/external/stream/esData,上海；原指标 新建商品住宅销售价格指数 (上月=100)；原值 100.2 减100得到涨跌幅；2011年前调查方法单列
housing_shanghai_new_mom,CHN,2011-04,0.3,%,M,,https://data.stats.gov.cn/dg/website/publicrelease/web/external/stream/esData,上海；原指标 新建商品住宅销售价格指数 (上月=100)；原值 100.3 减100得到涨跌幅；2011年前调查方法单列
housing_shanghai_new_mom,CHN,2011-05,0.2,%,M,,https://data.stats.gov.cn/dg/website/publicrelease/web/external/stream/esData,上海；原指标 新建商品住宅销售价格指数 (上月=100)；原值 100.2 减100得到涨跌幅；2011年前调查方法单列
housing_shanghai_new_mom,CHN,2011-06,0.1,%,M,,https://data.stats.gov.cn/dg/website/publicrelease/web/external/stream/esData,上海；原指标 新建商品住宅销售价格指数 (上月=100)；原值 100.1 减100得到涨跌幅；2011年前调查方法单列
housing_shanghai_new_mom,CHN,2011-07,0.0,%,M,,https://data.stats.gov.cn/dg/website/publicrelease/web/external/stream/esData,上海；原指标 新建商品住宅销售价格指数 (上月=100)；原值 100.0 减100得到涨跌幅；2011年前调查方法单列
housing_shanghai_new_mom,CHN,2011-08,0.0,%,M,,https://data.stats.gov.cn/dg/website/publicrelease/web/external/stream/esData,上海；原指标 新建商品住宅销售价格指数 (上月=100)；原值 100.0 减100得到涨跌幅；2011年前调查方法单列
housing_shanghai_new_mom,CHN,2011-09,0.0,%,M,,https://data.stats.gov.cn/dg/website/publicrelease/web/external/stream/esData,上海；原指标 新建商品住宅销售价格指数 (上月=100)；原值 100.0 减100得到涨跌幅；2011年前调查方法单列
housing_shanghai_new_mom,CHN,2011-10,-0.3,%,M,,https://data.stats.gov.cn/dg/website/publicrelease/web/external/stream/esData,上海；原指标 新建商品住宅销售价格指数 (上月=100)；原值 99.7 减100得到涨跌幅；2011年前调查方法单列
housing_shanghai_new_mom,CHN,2011-11,-0.4,%,M,,https://data.stats.gov.cn/dg/website/publicrelease/web/external/stream/esData,上海；原指标 新建商品住宅销售价格指数 (上月=100)；原值 99.6 减100得到涨跌幅；2011年前调查方法单列
housing_shanghai_new_mom,CHN,2011-12,-0.4,%,M,,https://data.stats.gov.cn/dg/website/publicrelease/web/external/stream/esData,上海；原指标 新建商品住宅销售价格指数 (上月=100)；原值 99.6 减100得到涨跌幅；2011年前调查方法单列
housing_shanghai_new_mom,CHN,2012-01,-0.2,%,M,,https://data.stats.gov.cn/dg/website/publicrelease/web/external/stream/esData,上海；原指标 新建商品住宅销售价格指数 (上月=100)；原值 99.8 减100得到涨跌幅；2011年前调查方法单列
housing_shanghai_new_mom,CHN,2012-02,-0.2,%,M,,https://data.stats.gov.cn/dg/website/publicrelease/web/external/stream/esData,上海；原指标 新建商品住宅销售价格指数 (上月=100)；原值 99.8 减100得到涨跌幅；2011年前调查方法单列
housing_shanghai_new_mom,CHN,2012-03,-0.3,%,M,,https://data.stats.gov.cn/dg/website/publicrelease/web/external/stream/esData,上海；原指标 新建商品住宅销售价格指数 (上月=100)；原值 99.7 减100得到涨跌幅；2011年前调查方法单列
housing_shanghai_new_mom,CHN,2012-04,-0.2,%,M,,https://data.stats.gov.cn/dg/website/publicrelease/web/external/stream/esData,上海；原指标 新建商品住宅销售价格指数 (上月=100)；原值 99.8 减100得到涨跌幅；2011年前调查方法单列
housing_shanghai_new_mom,CHN,2012-05,-0.2,%,M,,https://data.stats.gov.cn/dg/website/publicrelease/web/external/stream/esData,上海；原指标 新建商品住宅销售价格指数 (上月=100)；原值 99.8 减100得到涨跌幅；2011年前调查方法单列
housing_shanghai_new_mom,CHN,2012-06,0.2,%,M,,https://data.stats.gov.cn/dg/website/publicrelease/web/external/stream/esData,上海；原指标 新建商品住宅销售价格指数 (上月=100)；原值 100.2 减100得到涨跌幅；2011年前调查方法单列
housing_shanghai_new_mom,CHN,2012-07,0.1,%,M,,https://data.stats.gov.cn/dg/website/publicrelease/web/external/stream/esData,上海；原指标 新建商品住宅销售价格指数 (上月=100)；原值 100.1 减100得到涨跌幅；2011年前调查方法单列
housing_shanghai_new_mom,CHN,2012-08,0.0,%,M,,https://data.stats.gov.cn/dg/website/publicrelease/web/external/stream/esData,上海；原指标 新建商品住宅销售价格指数 (上月=100)；原值 100.0 减100得到涨跌幅；2011年前调查方法单列
housing_shanghai_new_mom,CHN,2012-09,0.0,%,M,,https://data.stats.gov.cn/dg/website/publicrelease/web/external/stream/esData,上海；原指标 新建商品住宅销售价格指数 (上月=100)；原值 100.0 减100得到涨跌幅；2011年前调查方法单列
housing_shanghai_new_mom,CHN,2012-10,0.0,%,M,,https://data.stats.gov.cn/dg/website/publicrelease/web/external/stream/esData,上海；原指标 新建商品住宅销售价格指数 (上月=100)；原值 100.0 减100得到涨跌幅；2011年前调查方法单列
housing_shanghai_new_mom,CHN,2012-11,0.2,%,M,,https://data.stats.gov.cn/dg/website/publicrelease/web/external/stream/esData,上海；原指标 新建商品住宅销售价格指数 (上月=100)；原值 100.2 减100得到涨跌幅；2011年前调查方法单列
housing_shanghai_new_mom,CHN,2012-12,0.7,%,M,,https://data.stats.gov.cn/dg/website/publicrelease/web/external/stream/esData,上海；原指标 新建商品住宅销售价格指数 (上月=100)；原值 100.7 减100得到涨跌幅；2011年前调查方法单列
housing_shanghai_new_mom,CHN,2013-01,1.3,%,M,,https://data.stats.gov.cn/dg/website/publicrelease/web/external/stream/esData,上海；原指标 新建商品住宅销售价格指数 (上月=100)；原值 101.3 减100得到涨跌幅；2011年前调查方法单列
housing_shanghai_new_mom,CHN,2013-02,2.3,%,M,,https://data.stats.gov.cn/dg/website/publicrelease/web/external/stream/esData,上海；原指标 新建商品住宅销售价格指数 (上月=100)；原值 102.3 减100得到涨跌幅；2011年前调查方法单列
housing_shanghai_new_mom,CHN,2013-03,3.2,%,M,,https://data.stats.gov.cn/dg/website/publicrelease/web/external/stream/esData,上海；原指标 新建商品住宅销售价格指数 (上月=100)；原值 103.2 减100得到涨跌幅；2011年前调查方法单列
housing_shanghai_new_mom,CHN,2013-04,2.0,%,M,,https://data.stats.gov.cn/dg/website/publicrelease/web/external/stream/esData,上海；原指标 新建商品住宅销售价格指数 (上月=100)；原值 102.0 减100得到涨跌幅；2011年前调查方法单列
housing_shanghai_new_mom,CHN,2013-05,1.7,%,M,,https://data.stats.gov.cn/dg/website/publicrelease/web/external/stream/esData,上海；原指标 新建商品住宅销售价格指数 (上月=100)；原值 101.7 减100得到涨跌幅；2011年前调查方法单列
housing_shanghai_new_mom,CHN,2013-06,2.2,%,M,,https://data.stats.gov.cn/dg/website/publicrelease/web/external/stream/esData,上海；原指标 新建商品住宅销售价格指数 (上月=100)；原值 102.2 减100得到涨跌幅；2011年前调查方法单列
housing_shanghai_new_mom,CHN,2013-07,1.9,%,M,,https://data.stats.gov.cn/dg/website/publicrelease/web/external/stream/esData,上海；原指标 新建商品住宅销售价格指数 (上月=100)；原值 101.9 减100得到涨跌幅；2011年前调查方法单列
housing_shanghai_new_mom,CHN,2013-08,1.7,%,M,,https://data.stats.gov.cn/dg/website/publicrelease/web/external/stream/esData,上海；原指标 新建商品住宅销售价格指数 (上月=100)；原值 101.7 减100得到涨跌幅；2011年前调查方法单列
housing_shanghai_new_mom,CHN,2013-09,1.6,%,M,,https://data.stats.gov.cn/dg/website/publicrelease/web/external/stream/esData,上海；原指标 新建商品住宅销售价格指数 (上月=100)；原值 101.6 减100得到涨跌幅；2011年前调查方法单列
housing_shanghai_new_mom,CHN,2013-10,0.8,%,M,,https://data.stats.gov.cn/dg/website/publicrelease/web/external/stream/esData,上海；原指标 新建商品住宅销售价格指数 (上月=100)；原值 100.8 减100得到涨跌幅；2011年前调查方法单列
housing_shanghai_new_mom,CHN,2013-11,0.7,%,M,,https://data.stats.gov.cn/dg/website/publicrelease/web/external/stream/esData,上海；原指标 新建商品住宅销售价格指数 (上月=100)；原值 100.7 减100得到涨跌幅；2011年前调查方法单列
housing_shanghai_new_mom,CHN,2013-12,0.6,%,M,,https://data.stats.gov.cn/dg/website/publicrelease/web/external/stream/esData,上海；原指标 新建商品住宅销售价格指数 (上月=100)；原值 100.6 减100得到涨跌幅；2011年前调查方法单列
housing_shanghai_new_mom,CHN,2014-01,0.5,%,M,,https://data.stats.gov.cn/dg/website/publicrelease/web/external/stream/esData,上海；原指标 新建商品住宅销售价格指数 (上月=100)；原值 100.5 减100得到涨跌幅；2011年前调查方法单列
housing_shanghai_new_mom,CHN,2014-02,0.4,%,M,,https://data.stats.gov.cn/dg/website/publicrelease/web/external/stream/esData,上海；原指标 新建商品住宅销售价格指数 (上月=100)；原值 100.4 减100得到涨跌幅；2011年前调查方法单列
housing_shanghai_new_mom,CHN,2014-03,0.4,%,M,,https://data.stats.gov.cn/dg/website/publicrelease/web/external/stream/esData,上海；原指标 新建商品住宅销售价格指数 (上月=100)；原值 100.4 减100得到涨跌幅；2011年前调查方法单列
housing_shanghai_new_mom,CHN,2014-04,0.3,%,M,,https://data.stats.gov.cn/dg/website/publicrelease/web/external/stream/esData,上海；原指标 新建商品住宅销售价格指数 (上月=100)；原值 100.3 减100得到涨跌幅；2011年前调查方法单列
housing_shanghai_new_mom,CHN,2014-05,-0.3,%,M,,https://data.stats.gov.cn/dg/website/publicrelease/web/external/stream/esData,上海；原指标 新建商品住宅销售价格指数 (上月=100)；原值 99.7 减100得到涨跌幅；2011年前调查方法单列
housing_shanghai_new_mom,CHN,2014-06,-0.7,%,M,,https://data.stats.gov.cn/dg/website/publicrelease/web/external/stream/esData,上海；原指标 新建商品住宅销售价格指数 (上月=100)；原值 99.3 减100得到涨跌幅；2011年前调查方法单列
housing_shanghai_new_mom,CHN,2014-07,-1.4,%,M,,https://data.stats.gov.cn/dg/website/publicrelease/web/external/stream/esData,上海；原指标 新建商品住宅销售价格指数 (上月=100)；原值 98.6 减100得到涨跌幅；2011年前调查方法单列
housing_shanghai_new_mom,CHN,2014-08,-1.3,%,M,,https://data.stats.gov.cn/dg/website/publicrelease/web/external/stream/esData,上海；原指标 新建商品住宅销售价格指数 (上月=100)；原值 98.7 减100得到涨跌幅；2011年前调查方法单列
housing_shanghai_new_mom,CHN,2014-09,-1.1,%,M,,https://data.stats.gov.cn/dg/website/publicrelease/web/external/stream/esData,上海；原指标 新建商品住宅销售价格指数 (上月=100)；原值 98.9 减100得到涨跌幅；2011年前调查方法单列
housing_shanghai_new_mom,CHN,2014-10,-0.7,%,M,,https://data.stats.gov.cn/dg/website/publicrelease/web/external/stream/esData,上海；原指标 新建商品住宅销售价格指数 (上月=100)；原值 99.3 减100得到涨跌幅；2011年前调查方法单列
housing_shanghai_new_mom,CHN,2014-11,-0.5,%,M,,https://data.stats.gov.cn/dg/website/publicrelease/web/external/stream/esData,上海；原指标 新建商品住宅销售价格指数 (上月=100)；原值 99.5 减100得到涨跌幅；2011年前调查方法单列
housing_shanghai_new_mom,CHN,2014-12,-0.3,%,M,,https://data.stats.gov.cn/dg/website/publicrelease/web/external/stream/esData,上海；原指标 新建商品住宅销售价格指数 (上月=100)；原值 99.7 减100得到涨跌幅；2011年前调查方法单列
housing_shanghai_new_mom,CHN,2015-01,0.0,%,M,,https://data.stats.gov.cn/dg/website/publicrelease/web/external/stream/esData,上海；原指标 新建商品住宅销售价格指数 (上月=100)；原值 100.0 减100得到涨跌幅；2011年前调查方法单列
housing_shanghai_new_mom,CHN,2015-02,-0.1,%,M,,https://data.stats.gov.cn/dg/website/publicrelease/web/external/stream/esData,上海；原指标 新建商品住宅销售价格指数 (上月=100)；原值 99.9 减100得到涨跌幅；2011年前调查方法单列
housing_shanghai_new_mom,CHN,2015-03,0.0,%,M,,https://data.stats.gov.cn/dg/website/publicrelease/web/external/stream/esData,上海；原指标 新建商品住宅销售价格指数 (上月=100)；原值 100.0 减100得到涨跌幅；2011年前调查方法单列
housing_shanghai_new_mom,CHN,2015-04,0.7,%,M,,https://data.stats.gov.cn/dg/website/publicrelease/web/external/stream/esData,上海；原指标 新建商品住宅销售价格指数 (上月=100)；原值 100.7 减100得到涨跌幅；2011年前调查方法单列
housing_shanghai_new_mom,CHN,2015-05,2.6,%,M,,https://data.stats.gov.cn/dg/website/publicrelease/web/external/stream/esData,上海；原指标 新建商品住宅销售价格指数 (上月=100)；原值 102.6 减100得到涨跌幅；2011年前调查方法单列
housing_shanghai_new_mom,CHN,2015-06,2.4,%,M,,https://data.stats.gov.cn/dg/website/publicrelease/web/external/stream/esData,上海；原指标 新建商品住宅销售价格指数 (上月=100)；原值 102.4 减100得到涨跌幅；2011年前调查方法单列
housing_shanghai_new_mom,CHN,2015-07,1.9,%,M,,https://data.stats.gov.cn/dg/website/publicrelease/web/external/stream/esData,上海；原指标 新建商品住宅销售价格指数 (上月=100)；原值 101.9 减100得到涨跌幅；2011年前调查方法单列
housing_shanghai_new_mom,CHN,2015-08,1.6,%,M,,https://data.stats.gov.cn/dg/website/publicrelease/web/external/stream/esData,上海；原指标 新建商品住宅销售价格指数 (上月=100)；原值 101.6 减100得到涨跌幅；2011年前调查方法单列
housing_shanghai_new_mom,CHN,2015-09,1.9,%,M,,https://data.stats.gov.cn/dg/website/publicrelease/web/external/stream/esData,上海；原指标 新建商品住宅销售价格指数 (上月=100)；原值 101.9 减100得到涨跌幅；2011年前调查方法单列
housing_shanghai_new_mom,CHN,2015-10,2.1,%,M,,https://data.stats.gov.cn/dg/website/publicrelease/web/external/stream/esData,上海；原指标 新建商品住宅销售价格指数 (上月=100)；原值 102.1 减100得到涨跌幅；2011年前调查方法单列
housing_shanghai_new_mom,CHN,2015-11,1.9,%,M,,https://data.stats.gov.cn/dg/website/publicrelease/web/external/stream/esData,上海；原指标 新建商品住宅销售价格指数 (上月=100)；原值 101.9 减100得到涨跌幅；2011年前调查方法单列
housing_shanghai_new_mom,CHN,2015-12,2.1,%,M,,https://data.stats.gov.cn/dg/website/publicrelease/web/external/stream/esData,上海；原指标 新建商品住宅销售价格指数 (上月=100)；原值 102.1 减100得到涨跌幅；2011年前调查方法单列
housing_shanghai_new_mom,CHN,2016-01,2.6,%,M,,https://data.stats.gov.cn/dg/website/publicrelease/web/external/stream/esData,上海；原指标 新建商品住宅销售价格指数 (上月=100)；原值 102.6 减100得到涨跌幅；2011年前调查方法单列
housing_shanghai_new_mom,CHN,2016-02,2.9,%,M,,https://data.stats.gov.cn/dg/website/publicrelease/web/external/stream/esData,上海；原指标 新建商品住宅销售价格指数 (上月=100)；原值 102.9 减100得到涨跌幅；2011年前调查方法单列
housing_shanghai_new_mom,CHN,2016-03,4.3,%,M,,https://data.stats.gov.cn/dg/website/publicrelease/web/external/stream/esData,上海；原指标 新建商品住宅销售价格指数 (上月=100)；原值 104.3 减100得到涨跌幅；2011年前调查方法单列
housing_shanghai_new_mom,CHN,2016-04,3.6,%,M,,https://data.stats.gov.cn/dg/website/publicrelease/web/external/stream/esData,上海；原指标 新建商品住宅销售价格指数 (上月=100)；原值 103.6 减100得到涨跌幅；2011年前调查方法单列
housing_shanghai_new_mom,CHN,2016-05,2.3,%,M,,https://data.stats.gov.cn/dg/website/publicrelease/web/external/stream/esData,上海；原指标 新建商品住宅销售价格指数 (上月=100)；原值 102.3 减100得到涨跌幅；2011年前调查方法单列
housing_shanghai_new_mom,CHN,2016-06,2.4,%,M,,https://data.stats.gov.cn/dg/website/publicrelease/web/external/stream/esData,上海；原指标 新建商品住宅销售价格指数 (上月=100)；原值 102.4 减100得到涨跌幅；2011年前调查方法单列
housing_shanghai_new_mom,CHN,2016-07,1.4,%,M,,https://data.stats.gov.cn/dg/website/publicrelease/web/external/stream/esData,上海；原指标 新建商品住宅销售价格指数 (上月=100)；原值 101.4 减100得到涨跌幅；2011年前调查方法单列
housing_shanghai_new_mom,CHN,2016-08,5.2,%,M,,https://data.stats.gov.cn/dg/website/publicrelease/web/external/stream/esData,上海；原指标 新建商品住宅销售价格指数 (上月=100)；原值 105.2 减100得到涨跌幅；2011年前调查方法单列
housing_shanghai_new_mom,CHN,2016-09,3.2,%,M,,https://data.stats.gov.cn/dg/website/publicrelease/web/external/stream/esData,上海；原指标 新建商品住宅销售价格指数 (上月=100)；原值 103.2 减100得到涨跌幅；2011年前调查方法单列
housing_shanghai_new_mom,CHN,2016-10,0.5,%,M,,https://data.stats.gov.cn/dg/website/publicrelease/web/external/stream/esData,上海；原指标 新建商品住宅销售价格指数 (上月=100)；原值 100.5 减100得到涨跌幅；2011年前调查方法单列
housing_shanghai_new_mom,CHN,2016-11,-0.1,%,M,,https://data.stats.gov.cn/dg/website/publicrelease/web/external/stream/esData,上海；原指标 新建商品住宅销售价格指数 (上月=100)；原值 99.9 减100得到涨跌幅；2011年前调查方法单列
housing_shanghai_new_mom,CHN,2016-12,-0.2,%,M,,https://data.stats.gov.cn/dg/website/publicrelease/web/external/stream/esData,上海；原指标 新建商品住宅销售价格指数 (上月=100)；原值 99.8 减100得到涨跌幅；2011年前调查方法单列
housing_shanghai_new_mom,CHN,2017-01,-0.1,%,M,,https://data.stats.gov.cn/dg/website/publicrelease/web/external/stream/esData,上海；原指标 新建商品住宅销售价格指数 (上月=100)；原值 99.9 减100得到涨跌幅；2011年前调查方法单列
housing_shanghai_new_mom,CHN,2017-02,0.2,%,M,,https://data.stats.gov.cn/dg/website/publicrelease/web/external/stream/esData,上海；原指标 新建商品住宅销售价格指数 (上月=100)；原值 100.2 减100得到涨跌幅；2011年前调查方法单列
housing_shanghai_new_mom,CHN,2017-03,-0.1,%,M,,https://data.stats.gov.cn/dg/website/publicrelease/web/external/stream/esData,上海；原指标 新建商品住宅销售价格指数 (上月=100)；原值 99.9 减100得到涨跌幅；2011年前调查方法单列
housing_shanghai_new_mom,CHN,2017-04,-0.2,%,M,,https://data.stats.gov.cn/dg/website/publicrelease/web/external/stream/esData,上海；原指标 新建商品住宅销售价格指数 (上月=100)；原值 99.8 减100得到涨跌幅；2011年前调查方法单列
housing_shanghai_new_mom,CHN,2017-05,0.0,%,M,,https://data.stats.gov.cn/dg/website/publicrelease/web/external/stream/esData,上海；原指标 新建商品住宅销售价格指数 (上月=100)；原值 100.0 减100得到涨跌幅；2011年前调查方法单列
housing_shanghai_new_mom,CHN,2017-06,-0.2,%,M,,https://data.stats.gov.cn/dg/website/publicrelease/web/external/stream/esData,上海；原指标 新建商品住宅销售价格指数 (上月=100)；原值 99.8 减100得到涨跌幅；2011年前调查方法单列
housing_shanghai_new_mom,CHN,2017-07,0.0,%,M,,https://data.stats.gov.cn/dg/website/publicrelease/web/external/stream/esData,上海；原指标 新建商品住宅销售价格指数 (上月=100)；原值 100.0 减100得到涨跌幅；2011年前调查方法单列
housing_shanghai_new_mom,CHN,2017-08,0.0,%,M,,https://data.stats.gov.cn/dg/website/publicrelease/web/external/stream/esData,上海；原指标 新建商品住宅销售价格指数 (上月=100)；原值 100.0 减100得到涨跌幅；2011年前调查方法单列
housing_shanghai_new_mom,CHN,2017-09,-0.1,%,M,,https://data.stats.gov.cn/dg/website/publicrelease/web/external/stream/esData,上海；原指标 新建商品住宅销售价格指数 (上月=100)；原值 99.9 减100得到涨跌幅；2011年前调查方法单列
housing_shanghai_new_mom,CHN,2017-10,0.3,%,M,,https://data.stats.gov.cn/dg/website/publicrelease/web/external/stream/esData,上海；原指标 新建商品住宅销售价格指数 (上月=100)；原值 100.3 减100得到涨跌幅；2011年前调查方法单列
housing_shanghai_new_mom,CHN,2017-11,0.0,%,M,,https://data.stats.gov.cn/dg/website/publicrelease/web/external/stream/esData,上海；原指标 新建商品住宅销售价格指数 (上月=100)；原值 100.0 减100得到涨跌幅；2011年前调查方法单列
housing_shanghai_new_mom,CHN,2017-12,0.3,%,M,,https://data.stats.gov.cn/dg/website/publicrelease/web/external/stream/esData,上海；原指标 新建商品住宅销售价格指数 (上月=100)；原值 100.3 减100得到涨跌幅；2011年前调查方法单列
housing_shanghai_new_mom,CHN,2018-01,-0.4,%,M,,https://data.stats.gov.cn/dg/website/publicrelease/web/external/stream/esData,上海；原指标 新建商品住宅销售价格指数 (上月=100)；原值 99.6 减100得到涨跌幅；2011年前调查方法单列
housing_shanghai_new_mom,CHN,2018-02,-0.2,%,M,,https://data.stats.gov.cn/dg/website/publicrelease/web/external/stream/esData,上海；原指标 新建商品住宅销售价格指数 (上月=100)；原值 99.8 减100得到涨跌幅；2011年前调查方法单列
housing_shanghai_new_mom,CHN,2018-03,0.2,%,M,,https://data.stats.gov.cn/dg/website/publicrelease/web/external/stream/esData,上海；原指标 新建商品住宅销售价格指数 (上月=100)；原值 100.2 减100得到涨跌幅；2011年前调查方法单列
housing_shanghai_new_mom,CHN,2018-04,-0.1,%,M,,https://data.stats.gov.cn/dg/website/publicrelease/web/external/stream/esData,上海；原指标 新建商品住宅销售价格指数 (上月=100)；原值 99.9 减100得到涨跌幅；2011年前调查方法单列
housing_shanghai_new_mom,CHN,2018-05,-0.2,%,M,,https://data.stats.gov.cn/dg/website/publicrelease/web/external/stream/esData,上海；原指标 新建商品住宅销售价格指数 (上月=100)；原值 99.8 减100得到涨跌幅；2011年前调查方法单列
housing_shanghai_new_mom,CHN,2018-06,0.0,%,M,,https://data.stats.gov.cn/dg/website/publicrelease/web/external/stream/esData,上海；原指标 新建商品住宅销售价格指数 (上月=100)；原值 100.0 减100得到涨跌幅；2011年前调查方法单列
housing_shanghai_new_mom,CHN,2018-07,-0.1,%,M,,https://data.stats.gov.cn/dg/website/publicrelease/web/external/stream/esData,上海；原指标 新建商品住宅销售价格指数 (上月=100)；原值 99.9 减100得到涨跌幅；2011年前调查方法单列
housing_shanghai_new_mom,CHN,2018-08,0.1,%,M,,https://data.stats.gov.cn/dg/website/publicrelease/web/external/stream/esData,上海；原指标 新建商品住宅销售价格指数 (上月=100)；原值 100.1 减100得到涨跌幅；2011年前调查方法单列
housing_shanghai_new_mom,CHN,2018-09,-0.1,%,M,,https://data.stats.gov.cn/dg/website/publicrelease/web/external/stream/esData,上海；原指标 新建商品住宅销售价格指数 (上月=100)；原值 99.9 减100得到涨跌幅；2011年前调查方法单列
housing_shanghai_new_mom,CHN,2018-10,0.1,%,M,,https://data.stats.gov.cn/dg/website/publicrelease/web/external/stream/esData,上海；原指标 新建商品住宅销售价格指数 (上月=100)；原值 100.1 减100得到涨跌幅；2011年前调查方法单列
housing_shanghai_new_mom,CHN,2018-11,0.5,%,M,,https://data.stats.gov.cn/dg/website/publicrelease/web/external/stream/esData,上海；原指标 新建商品住宅销售价格指数 (上月=100)；原值 100.5 减100得到涨跌幅；2011年前调查方法单列
housing_shanghai_new_mom,CHN,2018-12,0.6,%,M,,https://data.stats.gov.cn/dg/website/publicrelease/web/external/stream/esData,上海；原指标 新建商品住宅销售价格指数 (上月=100)；原值 100.6 减100得到涨跌幅；2011年前调查方法单列
housing_shanghai_new_mom,CHN,2019-01,0.1,%,M,,https://data.stats.gov.cn/dg/website/publicrelease/web/external/stream/esData,上海；原指标 新建商品住宅销售价格指数 (上月=100)；原值 100.1 减100得到涨跌幅；2011年前调查方法单列
housing_shanghai_new_mom,CHN,2019-02,0.3,%,M,,https://data.stats.gov.cn/dg/website/publicrelease/web/external/stream/esData,上海；原指标 新建商品住宅销售价格指数 (上月=100)；原值 100.3 减100得到涨跌幅；2011年前调查方法单列
housing_shanghai_new_mom,CHN,2019-03,-0.1,%,M,,https://data.stats.gov.cn/dg/website/publicrelease/web/external/stream/esData,上海；原指标 新建商品住宅销售价格指数 (上月=100)；原值 99.9 减100得到涨跌幅；2011年前调查方法单列
housing_shanghai_new_mom,CHN,2019-04,0.3,%,M,,https://data.stats.gov.cn/dg/website/publicrelease/web/external/stream/esData,上海；原指标 新建商品住宅销售价格指数 (上月=100)；原值 100.3 减100得到涨跌幅；2011年前调查方法单列
housing_shanghai_new_mom,CHN,2019-05,-0.1,%,M,,https://data.stats.gov.cn/dg/website/publicrelease/web/external/stream/esData,上海；原指标 新建商品住宅销售价格指数 (上月=100)；原值 99.9 减100得到涨跌幅；2011年前调查方法单列
housing_shanghai_new_mom,CHN,2019-06,0.3,%,M,,https://data.stats.gov.cn/dg/website/publicrelease/web/external/stream/esData,上海；原指标 新建商品住宅销售价格指数 (上月=100)；原值 100.3 减100得到涨跌幅；2011年前调查方法单列
housing_shanghai_new_mom,CHN,2019-07,-0.1,%,M,,https://data.stats.gov.cn/dg/website/publicrelease/web/external/stream/esData,上海；原指标 新建商品住宅销售价格指数 (上月=100)；原值 99.9 减100得到涨跌幅；2011年前调查方法单列
housing_shanghai_new_mom,CHN,2019-08,0.3,%,M,,https://data.stats.gov.cn/dg/website/publicrelease/web/external/stream/esData,上海；原指标 新建商品住宅销售价格指数 (上月=100)；原值 100.3 减100得到涨跌幅；2011年前调查方法单列
housing_shanghai_new_mom,CHN,2019-09,0.5,%,M,,https://data.stats.gov.cn/dg/website/publicrelease/web/external/stream/esData,上海；原指标 新建商品住宅销售价格指数 (上月=100)；原值 100.5 减100得到涨跌幅；2011年前调查方法单列
housing_shanghai_new_mom,CHN,2019-10,0.4,%,M,,https://data.stats.gov.cn/dg/website/publicrelease/web/external/stream/esData,上海；原指标 新建商品住宅销售价格指数 (上月=100)；原值 100.4 减100得到涨跌幅；2011年前调查方法单列
housing_shanghai_new_mom,CHN,2019-11,0.3,%,M,,https://data.stats.gov.cn/dg/website/publicrelease/web/external/stream/esData,上海；原指标 新建商品住宅销售价格指数 (上月=100)；原值 100.3 减100得到涨跌幅；2011年前调查方法单列
housing_shanghai_new_mom,CHN,2019-12,0.0,%,M,,https://data.stats.gov.cn/dg/website/publicrelease/web/external/stream/esData,上海；原指标 新建商品住宅销售价格指数 (上月=100)；原值 100.0 减100得到涨跌幅；2011年前调查方法单列
housing_shanghai_new_mom,CHN,2020-01,0.5,%,M,,https://data.stats.gov.cn/dg/website/publicrelease/web/external/stream/esData,上海；原指标 新建商品住宅销售价格指数 (上月=100)；原值 100.5 减100得到涨跌幅；2011年前调查方法单列
housing_shanghai_new_mom,CHN,2020-02,0.0,%,M,,https://data.stats.gov.cn/dg/website/publicrelease/web/external/stream/esData,上海；原指标 新建商品住宅销售价格指数 (上月=100)；原值 100.0 减100得到涨跌幅；2011年前调查方法单列
housing_shanghai_new_mom,CHN,2020-03,0.1,%,M,,https://data.stats.gov.cn/dg/website/publicrelease/web/external/stream/esData,上海；原指标 新建商品住宅销售价格指数 (上月=100)；原值 100.1 减100得到涨跌幅；2011年前调查方法单列
housing_shanghai_new_mom,CHN,2020-04,0.6,%,M,,https://data.stats.gov.cn/dg/website/publicrelease/web/external/stream/esData,上海；原指标 新建商品住宅销售价格指数 (上月=100)；原值 100.6 减100得到涨跌幅；2011年前调查方法单列
housing_shanghai_new_mom,CHN,2020-05,0.8,%,M,,https://data.stats.gov.cn/dg/website/publicrelease/web/external/stream/esData,上海；原指标 新建商品住宅销售价格指数 (上月=100)；原值 100.8 减100得到涨跌幅；2011年前调查方法单列
housing_shanghai_new_mom,CHN,2020-06,0.5,%,M,,https://data.stats.gov.cn/dg/website/publicrelease/web/external/stream/esData,上海；原指标 新建商品住宅销售价格指数 (上月=100)；原值 100.5 减100得到涨跌幅；2011年前调查方法单列
housing_shanghai_new_mom,CHN,2020-07,0.4,%,M,,https://data.stats.gov.cn/dg/website/publicrelease/web/external/stream/esData,上海；原指标 新建商品住宅销售价格指数 (上月=100)；原值 100.4 减100得到涨跌幅；2011年前调查方法单列
housing_shanghai_new_mom,CHN,2020-08,0.6,%,M,,https://data.stats.gov.cn/dg/website/publicrelease/web/external/stream/esData,上海；原指标 新建商品住宅销售价格指数 (上月=100)；原值 100.6 减100得到涨跌幅；2011年前调查方法单列
housing_shanghai_new_mom,CHN,2020-09,0.5,%,M,,https://data.stats.gov.cn/dg/website/publicrelease/web/external/stream/esData,上海；原指标 新建商品住宅销售价格指数 (上月=100)；原值 100.5 减100得到涨跌幅；2011年前调查方法单列
housing_shanghai_new_mom,CHN,2020-10,0.3,%,M,,https://data.stats.gov.cn/dg/website/publicrelease/web/external/stream/esData,上海；原指标 新建商品住宅销售价格指数 (上月=100)；原值 100.3 减100得到涨跌幅；2011年前调查方法单列
housing_shanghai_new_mom,CHN,2020-11,0.0,%,M,,https://data.stats.gov.cn/dg/website/publicrelease/web/external/stream/esData,上海；原指标 新建商品住宅销售价格指数 (上月=100)；原值 100.0 减100得到涨跌幅；2011年前调查方法单列
housing_shanghai_new_mom,CHN,2020-12,0.2,%,M,,https://data.stats.gov.cn/dg/website/publicrelease/web/external/stream/esData,上海；原指标 新建商品住宅销售价格指数 (上月=100)；原值 100.2 减100得到涨跌幅；2011年前调查方法单列
housing_shanghai_new_mom,CHN,2021-01,0.6,%,M,,https://data.stats.gov.cn/dg/website/publicrelease/web/external/stream/esData,上海；原指标 新建商品住宅销售价格指数 (上月=100)；原值 100.6 减100得到涨跌幅；2011年前调查方法单列
housing_shanghai_new_mom,CHN,2021-02,0.5,%,M,,https://data.stats.gov.cn/dg/website/publicrelease/web/external/stream/esData,上海；原指标 新建商品住宅销售价格指数 (上月=100)；原值 100.5 减100得到涨跌幅；2011年前调查方法单列
housing_shanghai_new_mom,CHN,2021-03,0.3,%,M,,https://data.stats.gov.cn/dg/website/publicrelease/web/external/stream/esData,上海；原指标 新建商品住宅销售价格指数 (上月=100)；原值 100.3 减100得到涨跌幅；2011年前调查方法单列
housing_shanghai_new_mom,CHN,2021-04,0.3,%,M,,https://data.stats.gov.cn/dg/website/publicrelease/web/external/stream/esData,上海；原指标 新建商品住宅销售价格指数 (上月=100)；原值 100.3 减100得到涨跌幅；2011年前调查方法单列
housing_shanghai_new_mom,CHN,2021-05,0.4,%,M,,https://data.stats.gov.cn/dg/website/publicrelease/web/external/stream/esData,上海；原指标 新建商品住宅销售价格指数 (上月=100)；原值 100.4 减100得到涨跌幅；2011年前调查方法单列
housing_shanghai_new_mom,CHN,2021-06,0.5,%,M,,https://data.stats.gov.cn/dg/website/publicrelease/web/external/stream/esData,上海；原指标 新建商品住宅销售价格指数 (上月=100)；原值 100.5 减100得到涨跌幅；2011年前调查方法单列
housing_shanghai_new_mom,CHN,2021-07,0.4,%,M,,https://data.stats.gov.cn/dg/website/publicrelease/web/external/stream/esData,上海；原指标 新建商品住宅销售价格指数 (上月=100)；原值 100.4 减100得到涨跌幅；2011年前调查方法单列
housing_shanghai_new_mom,CHN,2021-08,0.4,%,M,,https://data.stats.gov.cn/dg/website/publicrelease/web/external/stream/esData,上海；原指标 新建商品住宅销售价格指数 (上月=100)；原值 100.4 减100得到涨跌幅；2011年前调查方法单列
housing_shanghai_new_mom,CHN,2021-09,0.2,%,M,,https://data.stats.gov.cn/dg/website/publicrelease/web/external/stream/esData,上海；原指标 新建商品住宅销售价格指数 (上月=100)；原值 100.2 减100得到涨跌幅；2011年前调查方法单列
housing_shanghai_new_mom,CHN,2021-10,0.1,%,M,,https://data.stats.gov.cn/dg/website/publicrelease/web/external/stream/esData,上海；原指标 新建商品住宅销售价格指数 (上月=100)；原值 100.1 减100得到涨跌幅；2011年前调查方法单列
housing_shanghai_new_mom,CHN,2021-11,0.2,%,M,,https://data.stats.gov.cn/dg/website/publicrelease/web/external/stream/esData,上海；原指标 新建商品住宅销售价格指数 (上月=100)；原值 100.2 减100得到涨跌幅；2011年前调查方法单列
housing_shanghai_new_mom,CHN,2021-12,0.4,%,M,,https://data.stats.gov.cn/dg/website/publicrelease/web/external/stream/esData,上海；原指标 新建商品住宅销售价格指数 (上月=100)；原值 100.4 减100得到涨跌幅；2011年前调查方法单列
housing_shanghai_new_mom,CHN,2022-01,0.6,%,M,,https://data.stats.gov.cn/dg/website/publicrelease/web/external/stream/esData,上海；原指标 新建商品住宅销售价格指数 (上月=100)；原值 100.6 减100得到涨跌幅；2011年前调查方法单列
housing_shanghai_new_mom,CHN,2022-02,0.5,%,M,,https://data.stats.gov.cn/dg/website/publicrelease/web/external/stream/esData,上海；原指标 新建商品住宅销售价格指数 (上月=100)；原值 100.5 减100得到涨跌幅；2011年前调查方法单列
housing_shanghai_new_mom,CHN,2022-03,0.3,%,M,,https://data.stats.gov.cn/dg/website/publicrelease/web/external/stream/esData,上海；原指标 新建商品住宅销售价格指数 (上月=100)；原值 100.3 减100得到涨跌幅；2011年前调查方法单列
housing_shanghai_new_mom,CHN,2022-04,0.0,%,M,,https://data.stats.gov.cn/dg/website/publicrelease/web/external/stream/esData,上海；原指标 新建商品住宅销售价格指数 (上月=100)；原值 100.0 减100得到涨跌幅；2011年前调查方法单列
housing_shanghai_new_mom,CHN,2022-05,0.0,%,M,,https://data.stats.gov.cn/dg/website/publicrelease/web/external/stream/esData,上海；原指标 新建商品住宅销售价格指数 (上月=100)；原值 100.0 减100得到涨跌幅；2011年前调查方法单列
housing_shanghai_new_mom,CHN,2022-06,0.5,%,M,,https://data.stats.gov.cn/dg/website/publicrelease/web/external/stream/esData,上海；原指标 新建商品住宅销售价格指数 (上月=100)；原值 100.5 减100得到涨跌幅；2011年前调查方法单列
housing_shanghai_new_mom,CHN,2022-07,0.5,%,M,,https://data.stats.gov.cn/dg/website/publicrelease/web/external/stream/esData,上海；原指标 新建商品住宅销售价格指数 (上月=100)；原值 100.5 减100得到涨跌幅；2011年前调查方法单列
housing_shanghai_new_mom,CHN,2022-08,0.6,%,M,,https://data.stats.gov.cn/dg/website/publicrelease/web/external/stream/esData,上海；原指标 新建商品住宅销售价格指数 (上月=100)；原值 100.6 减100得到涨跌幅；2011年前调查方法单列
housing_shanghai_new_mom,CHN,2022-09,0.2,%,M,,https://data.stats.gov.cn/dg/website/publicrelease/web/external/stream/esData,上海；原指标 新建商品住宅销售价格指数 (上月=100)；原值 100.2 减100得到涨跌幅；2011年前调查方法单列
housing_shanghai_new_mom,CHN,2022-10,0.3,%,M,,https://data.stats.gov.cn/dg/website/publicrelease/web/external/stream/esData,上海；原指标 新建商品住宅销售价格指数 (上月=100)；原值 100.3 减100得到涨跌幅；2011年前调查方法单列
housing_shanghai_new_mom,CHN,2022-11,0.3,%,M,,https://data.stats.gov.cn/dg/website/publicrelease/web/external/stream/esData,上海；原指标 新建商品住宅销售价格指数 (上月=100)；原值 100.3 减100得到涨跌幅；2011年前调查方法单列
housing_shanghai_new_mom,CHN,2022-12,0.4,%,M,,https://data.stats.gov.cn/dg/website/publicrelease/web/external/stream/esData,上海；原指标 新建商品住宅销售价格指数 (上月=100)；原值 100.4 减100得到涨跌幅；2011年前调查方法单列
housing_shanghai_new_mom,CHN,2023-01,0.7,%,M,,https://data.stats.gov.cn/dg/website/publicrelease/web/external/stream/esData,上海；原指标 新建商品住宅销售价格指数 (上月=100)；原值 100.7 减100得到涨跌幅；2011年前调查方法单列
housing_shanghai_new_mom,CHN,2023-02,0.2,%,M,,https://data.stats.gov.cn/dg/website/publicrelease/web/external/stream/esData,上海；原指标 新建商品住宅销售价格指数 (上月=100)；原值 100.2 减100得到涨跌幅；2011年前调查方法单列
housing_shanghai_new_mom,CHN,2023-03,0.4,%,M,,https://data.stats.gov.cn/dg/website/publicrelease/web/external/stream/esData,上海；原指标 新建商品住宅销售价格指数 (上月=100)；原值 100.4 减100得到涨跌幅；2011年前调查方法单列
housing_shanghai_new_mom,CHN,2023-04,0.4,%,M,,https://data.stats.gov.cn/dg/website/publicrelease/web/external/stream/esData,上海；原指标 新建商品住宅销售价格指数 (上月=100)；原值 100.4 减100得到涨跌幅；2011年前调查方法单列
housing_shanghai_new_mom,CHN,2023-05,0.3,%,M,,https://data.stats.gov.cn/dg/website/publicrelease/web/external/stream/esData,上海；原指标 新建商品住宅销售价格指数 (上月=100)；原值 100.3 减100得到涨跌幅；2011年前调查方法单列
housing_shanghai_new_mom,CHN,2023-06,0.4,%,M,,https://data.stats.gov.cn/dg/website/publicrelease/web/external/stream/esData,上海；原指标 新建商品住宅销售价格指数 (上月=100)；原值 100.4 减100得到涨跌幅；2011年前调查方法单列
housing_shanghai_new_mom,CHN,2023-07,0.2,%,M,,https://data.stats.gov.cn/dg/website/publicrelease/web/external/stream/esData,上海；原指标 新建商品住宅销售价格指数 (上月=100)；原值 100.2 减100得到涨跌幅；2011年前调查方法单列
housing_shanghai_new_mom,CHN,2023-08,0.1,%,M,,https://data.stats.gov.cn/dg/website/publicrelease/web/external/stream/esData,上海；原指标 新建商品住宅销售价格指数 (上月=100)；原值 100.1 减100得到涨跌幅；2011年前调查方法单列
housing_shanghai_new_mom,CHN,2023-09,0.5,%,M,,https://data.stats.gov.cn/dg/website/publicrelease/web/external/stream/esData,上海；原指标 新建商品住宅销售价格指数 (上月=100)；原值 100.5 减100得到涨跌幅；2011年前调查方法单列
housing_shanghai_new_mom,CHN,2023-10,0.2,%,M,,https://data.stats.gov.cn/dg/website/publicrelease/web/external/stream/esData,上海；原指标 新建商品住宅销售价格指数 (上月=100)；原值 100.2 减100得到涨跌幅；2011年前调查方法单列
housing_shanghai_new_mom,CHN,2023-11,0.6,%,M,,https://data.stats.gov.cn/dg/website/publicrelease/web/external/stream/esData,上海；原指标 新建商品住宅销售价格指数 (上月=100)；原值 100.6 减100得到涨跌幅；2011年前调查方法单列
housing_shanghai_new_mom,CHN,2023-12,0.2,%,M,,https://data.stats.gov.cn/dg/website/publicrelease/web/external/stream/esData,上海；原指标 新建商品住宅销售价格指数 (上月=100)；原值 100.2 减100得到涨跌幅；2011年前调查方法单列
housing_shanghai_new_mom,CHN,2024-01,0.4,%,M,,https://data.stats.gov.cn/dg/website/publicrelease/web/external/stream/esData,上海；原指标 新建商品住宅销售价格指数 (上月=100)；原值 100.4 减100得到涨跌幅；2011年前调查方法单列
housing_shanghai_new_mom,CHN,2024-02,0.2,%,M,,https://data.stats.gov.cn/dg/website/publicrelease/web/external/stream/esData,上海；原指标 新建商品住宅销售价格指数 (上月=100)；原值 100.2 减100得到涨跌幅；2011年前调查方法单列
housing_shanghai_new_mom,CHN,2024-03,0.5,%,M,,https://data.stats.gov.cn/dg/website/publicrelease/web/external/stream/esData,上海；原指标 新建商品住宅销售价格指数 (上月=100)；原值 100.5 减100得到涨跌幅；2011年前调查方法单列
housing_shanghai_new_mom,CHN,2024-04,0.3,%,M,,https://data.stats.gov.cn/dg/website/publicrelease/web/external/stream/esData,上海；原指标 新建商品住宅销售价格指数 (上月=100)；原值 100.3 减100得到涨跌幅；2011年前调查方法单列
housing_shanghai_new_mom,CHN,2024-05,0.6,%,M,,https://data.stats.gov.cn/dg/website/publicrelease/web/external/stream/esData,上海；原指标 新建商品住宅销售价格指数 (上月=100)；原值 100.6 减100得到涨跌幅；2011年前调查方法单列
housing_shanghai_new_mom,CHN,2024-06,0.4,%,M,,https://data.stats.gov.cn/dg/website/publicrelease/web/external/stream/esData,上海；原指标 新建商品住宅销售价格指数 (上月=100)；原值 100.4 减100得到涨跌幅；2011年前调查方法单列
housing_shanghai_new_mom,CHN,2024-07,0.2,%,M,,https://data.stats.gov.cn/dg/website/publicrelease/web/external/stream/esData,上海；原指标 新建商品住宅销售价格指数 (上月=100)；原值 100.2 减100得到涨跌幅；2011年前调查方法单列
housing_shanghai_new_mom,CHN,2024-08,0.6,%,M,,https://data.stats.gov.cn/dg/website/publicrelease/web/external/stream/esData,上海；原指标 新建商品住宅销售价格指数 (上月=100)；原值 100.6 减100得到涨跌幅；2011年前调查方法单列
housing_shanghai_new_mom,CHN,2024-09,0.6,%,M,,https://data.stats.gov.cn/dg/website/publicrelease/web/external/stream/esData,上海；原指标 新建商品住宅销售价格指数 (上月=100)；原值 100.6 减100得到涨跌幅；2011年前调查方法单列
housing_shanghai_new_mom,CHN,2024-10,0.3,%,M,,https://data.stats.gov.cn/dg/website/publicrelease/web/external/stream/esData,上海；原指标 新建商品住宅销售价格指数 (上月=100)；原值 100.3 减100得到涨跌幅；2011年前调查方法单列
housing_shanghai_new_mom,CHN,2024-11,0.6,%,M,,https://data.stats.gov.cn/dg/website/publicrelease/web/external/stream/esData,上海；原指标 新建商品住宅销售价格指数 (上月=100)；原值 100.6 减100得到涨跌幅；2011年前调查方法单列
housing_shanghai_new_mom,CHN,2024-12,0.5,%,M,,https://data.stats.gov.cn/dg/website/publicrelease/web/external/stream/esData,上海；原指标 新建商品住宅销售价格指数 (上月=100)；原值 100.5 减100得到涨跌幅；2011年前调查方法单列
housing_shanghai_new_mom,CHN,2025-01,0.6,%,M,,https://data.stats.gov.cn/dg/website/publicrelease/web/external/stream/esData,上海；原指标 新建商品住宅销售价格指数 (上月=100)；原值 100.6 减100得到涨跌幅；2011年前调查方法单列
housing_shanghai_new_mom,CHN,2025-02,0.2,%,M,,https://data.stats.gov.cn/dg/website/publicrelease/web/external/stream/esData,上海；原指标 新建商品住宅销售价格指数 (上月=100)；原值 100.2 减100得到涨跌幅；2011年前调查方法单列
housing_shanghai_new_mom,CHN,2025-03,0.7,%,M,,https://data.stats.gov.cn/dg/website/publicrelease/web/external/stream/esData,上海；原指标 新建商品住宅销售价格指数 (上月=100)；原值 100.7 减100得到涨跌幅；2011年前调查方法单列
housing_shanghai_new_mom,CHN,2025-04,0.5,%,M,,https://data.stats.gov.cn/dg/website/publicrelease/web/external/stream/esData,上海；原指标 新建商品住宅销售价格指数 (上月=100)；原值 100.5 减100得到涨跌幅；2011年前调查方法单列
housing_shanghai_new_mom,CHN,2025-05,0.7,%,M,,https://data.stats.gov.cn/dg/website/publicrelease/web/external/stream/esData,上海；原指标 新建商品住宅销售价格指数 (上月=100)；原值 100.7 减100得到涨跌幅；2011年前调查方法单列
housing_shanghai_new_mom,CHN,2025-06,0.4,%,M,,https://data.stats.gov.cn/dg/website/publicrelease/web/external/stream/esData,上海；原指标 新建商品住宅销售价格指数 (上月=100)；原值 100.4 减100得到涨跌幅；2011年前调查方法单列
housing_shanghai_new_mom,CHN,2025-07,0.3,%,M,,https://data.stats.gov.cn/dg/website/publicrelease/web/external/stream/esData,上海；原指标 新建商品住宅销售价格指数 (上月=100)；原值 100.3 减100得到涨跌幅；2011年前调查方法单列
housing_shanghai_new_mom,CHN,2025-08,0.4,%,M,,https://data.stats.gov.cn/dg/website/publicrelease/web/external/stream/esData,上海；原指标 新建商品住宅销售价格指数 (上月=100)；原值 100.4 减100得到涨跌幅；2011年前调查方法单列
housing_shanghai_new_mom,CHN,2025-09,0.3,%,M,,https://data.stats.gov.cn/dg/website/publicrelease/web/external/stream/esData,上海；原指标 新建商品住宅销售价格指数 (上月=100)；原值 100.3 减100得到涨跌幅；2011年前调查方法单列
housing_shanghai_new_mom,CHN,2025-10,0.3,%,M,,https://data.stats.gov.cn/dg/website/publicrelease/web/external/stream/esData,上海；原指标 新建商品住宅销售价格指数 (上月=100)；原值 100.3 减100得到涨跌幅；2011年前调查方法单列
housing_shanghai_new_mom,CHN,2025-11,0.1,%,M,,https://data.stats.gov.cn/dg/website/publicrelease/web/external/stream/esData,上海；原指标 新建商品住宅销售价格指数 (上月=100)；原值 100.1 减100得到涨跌幅；2011年前调查方法单列
housing_shanghai_new_mom,CHN,2025-12,0.2,%,M,,https://data.stats.gov.cn/dg/website/publicrelease/web/external/stream/esData,上海；原指标 新建商品住宅销售价格指数 (上月=100)；原值 100.2 减100得到涨跌幅；2011年前调查方法单列
housing_shanghai_new_mom,CHN,2026-01,0.0,%,M,,https://data.stats.gov.cn/dg/website/publicrelease/web/external/stream/esData,上海；原指标 新建商品住宅销售价格指数 (上月=100)；原值 100.0 减100得到涨跌幅；2011年前调查方法单列
housing_shanghai_new_mom,CHN,2026-02,0.2,%,M,,https://data.stats.gov.cn/dg/website/publicrelease/web/external/stream/esData,上海；原指标 新建商品住宅销售价格指数 (上月=100)；原值 100.2 减100得到涨跌幅；2011年前调查方法单列
housing_shanghai_new_mom,CHN,2026-03,0.3,%,M,,https://data.stats.gov.cn/dg/website/publicrelease/web/external/stream/esData,上海；原指标 新建商品住宅销售价格指数 (上月=100)；原值 100.3 减100得到涨跌幅；2011年前调查方法单列
housing_shanghai_new_mom,CHN,2026-04,0.4,%,M,,https://data.stats.gov.cn/dg/website/publicrelease/web/external/stream/esData,上海；原指标 新建商品住宅销售价格指数 (上月=100)；原值 100.4 减100得到涨跌幅；2011年前调查方法单列
housing_shanghai_new_mom,CHN,2026-05,0.2,%,M,,https://data.stats.gov.cn/dg/website/publicrelease/web/external/stream/esData,上海；原指标 新建商品住宅销售价格指数 (上月=100)；原值 100.2 减100得到涨跌幅；2011年前调查方法单列
housing_shanghai_new_mom,CHN,2026-06,0.3,%,M,,https://data.stats.gov.cn/dg/website/publicrelease/web/external/stream/esData,上海；原指标 新建商品住宅销售价格指数 (上月=100)；原值 100.3 减100得到涨跌幅；2011年前调查方法单列
housing_shanghai_new_mom,CHN,2026-07,0.2,%,M,,https://data.stats.gov.cn/dg/website/publicrelease/web/external/stream/esData,上海；原指标 新建商品住宅销售价格指数 (上月=100)；原值 100.2 减100得到涨跌幅；2011年前调查方法单列
housing_shanghai_new_mom,CHN,2026-08,0.4,%,M,,https://data.stats.gov.cn/dg/website/publicrelease/web/external/stream/esData,上海；原指标 新建商品住宅销售价格指数 (上月=100)；原值 100.4 减100得到涨跌幅；2011年前调查方法单列
housing_shanghai_new_mom_legacy,CHN,2006-01,-0.1,%,M,,https://data.stats.gov.cn/dg/website/publicrelease/web/external/stream/esData,上海；原指标 新建商品住宅销售价格指数 (上月=100)；原值 99.9 减100得到涨跌幅；2011年前调查方法单列
housing_shanghai_new_mom_legacy,CHN,2006-02,-0.1,%,M,,https://data.stats.gov.cn/dg/website/publicrelease/web/external/stream/esData,上海；原指标 新建商品住宅销售价格指数 (上月=100)；原值 99.9 减100得到涨跌幅；2011年前调查方法单列
housing_shanghai_new_mom_legacy,CHN,2006-03,-0.1,%,M,,https://data.stats.gov.cn/dg/website/publicrelease/web/external/stream/esData,上海；原指标 新建商品住宅销售价格指数 (上月=100)；原值 99.9 减100得到涨跌幅；2011年前调查方法单列
housing_shanghai_new_mom_legacy,CHN,2006-04,0.0,%,M,,https://data.stats.gov.cn/dg/website/publicrelease/web/external/stream/esData,上海；原指标 新建商品住宅销售价格指数 (上月=100)；原值 100.0 减100得到涨跌幅；2011年前调查方法单列
housing_shanghai_new_mom_legacy,CHN,2006-05,0.2,%,M,,https://data.stats.gov.cn/dg/website/publicrelease/web/external/stream/esData,上海；原指标 新建商品住宅销售价格指数 (上月=100)；原值 100.2 减100得到涨跌幅；2011年前调查方法单列
housing_shanghai_new_mom_legacy,CHN,2006-06,0.1,%,M,,https://data.stats.gov.cn/dg/website/publicrelease/web/external/stream/esData,上海；原指标 新建商品住宅销售价格指数 (上月=100)；原值 100.1 减100得到涨跌幅；2011年前调查方法单列
housing_shanghai_new_mom_legacy,CHN,2006-07,0.0,%,M,,https://data.stats.gov.cn/dg/website/publicrelease/web/external/stream/esData,上海；原指标 新建商品住宅销售价格指数 (上月=100)；原值 100.0 减100得到涨跌幅；2011年前调查方法单列
housing_shanghai_new_mom_legacy,CHN,2006-08,0.0,%,M,,https://data.stats.gov.cn/dg/website/publicrelease/web/external/stream/esData,上海；原指标 新建商品住宅销售价格指数 (上月=100)；原值 100.0 减100得到涨跌幅；2011年前调查方法单列
housing_shanghai_new_mom_legacy,CHN,2006-09,0.1,%,M,,https://data.stats.gov.cn/dg/website/publicrelease/web/external/stream/esData,上海；原指标 新建商品住宅销售价格指数 (上月=100)；原值 100.1 减100得到涨跌幅；2011年前调查方法单列
housing_shanghai_new_mom_legacy,CHN,2006-10,0.0,%,M,,https://data.stats.gov.cn/dg/website/publicrelease/web/external/stream/esData,上海；原指标 新建商品住宅销售价格指数 (上月=100)；原值 100.0 减100得到涨跌幅；2011年前调查方法单列
housing_shanghai_new_mom_legacy,CHN,2006-11,0.0,%,M,,https://data.stats.gov.cn/dg/website/publicrelease/web/external/stream/esData,上海；原指标 新建商品住宅销售价格指数 (上月=100)；原值 100.0 减100得到涨跌幅；2011年前调查方法单列
housing_shanghai_new_mom_legacy,CHN,2006-12,-0.1,%,M,,https://data.stats.gov.cn/dg/website/publicrelease/web/external/stream/esData,上海；原指标 新建商品住宅销售价格指数 (上月=100)；原值 99.9 减100得到涨跌幅；2011年前调查方法单列
housing_shanghai_new_mom_legacy,CHN,2007-01,-0.1,%,M,,https://data.stats.gov.cn/dg/website/publicrelease/web/external/stream/esData,上海；原指标 新建商品住宅销售价格指数 (上月=100)；原值 99.9 减100得到涨跌幅；2011年前调查方法单列
housing_shanghai_new_mom_legacy,CHN,2007-02,0.0,%,M,,https://data.stats.gov.cn/dg/website/publicrelease/web/external/stream/esData,上海；原指标 新建商品住宅销售价格指数 (上月=100)；原值 100.0 减100得到涨跌幅；2011年前调查方法单列
housing_shanghai_new_mom_legacy,CHN,2007-03,0.1,%,M,,https://data.stats.gov.cn/dg/website/publicrelease/web/external/stream/esData,上海；原指标 新建商品住宅销售价格指数 (上月=100)；原值 100.1 减100得到涨跌幅；2011年前调查方法单列
housing_shanghai_new_mom_legacy,CHN,2007-04,0.1,%,M,,https://data.stats.gov.cn/dg/website/publicrelease/web/external/stream/esData,上海；原指标 新建商品住宅销售价格指数 (上月=100)；原值 100.1 减100得到涨跌幅；2011年前调查方法单列
housing_shanghai_new_mom_legacy,CHN,2007-05,0.2,%,M,,https://data.stats.gov.cn/dg/website/publicrelease/web/external/stream/esData,上海；原指标 新建商品住宅销售价格指数 (上月=100)；原值 100.2 减100得到涨跌幅；2011年前调查方法单列
housing_shanghai_new_mom_legacy,CHN,2007-06,0.7,%,M,,https://data.stats.gov.cn/dg/website/publicrelease/web/external/stream/esData,上海；原指标 新建商品住宅销售价格指数 (上月=100)；原值 100.7 减100得到涨跌幅；2011年前调查方法单列
housing_shanghai_new_mom_legacy,CHN,2007-07,1.1,%,M,,https://data.stats.gov.cn/dg/website/publicrelease/web/external/stream/esData,上海；原指标 新建商品住宅销售价格指数 (上月=100)；原值 101.1 减100得到涨跌幅；2011年前调查方法单列
housing_shanghai_new_mom_legacy,CHN,2007-08,1.6,%,M,,https://data.stats.gov.cn/dg/website/publicrelease/web/external/stream/esData,上海；原指标 新建商品住宅销售价格指数 (上月=100)；原值 101.6 减100得到涨跌幅；2011年前调查方法单列
housing_shanghai_new_mom_legacy,CHN,2007-09,2.5,%,M,,https://data.stats.gov.cn/dg/website/publicrelease/web/external/stream/esData,上海；原指标 新建商品住宅销售价格指数 (上月=100)；原值 102.5 减100得到涨跌幅；2011年前调查方法单列
housing_shanghai_new_mom_legacy,CHN,2007-10,1.9,%,M,,https://data.stats.gov.cn/dg/website/publicrelease/web/external/stream/esData,上海；原指标 新建商品住宅销售价格指数 (上月=100)；原值 101.9 减100得到涨跌幅；2011年前调查方法单列
housing_shanghai_new_mom_legacy,CHN,2007-11,0.7,%,M,,https://data.stats.gov.cn/dg/website/publicrelease/web/external/stream/esData,上海；原指标 新建商品住宅销售价格指数 (上月=100)；原值 100.7 减100得到涨跌幅；2011年前调查方法单列
housing_shanghai_new_mom_legacy,CHN,2007-12,0.2,%,M,,https://data.stats.gov.cn/dg/website/publicrelease/web/external/stream/esData,上海；原指标 新建商品住宅销售价格指数 (上月=100)；原值 100.2 减100得到涨跌幅；2011年前调查方法单列
housing_shanghai_new_mom_legacy,CHN,2008-01,0.2,%,M,,https://data.stats.gov.cn/dg/website/publicrelease/web/external/stream/esData,上海；原指标 新建商品住宅销售价格指数 (上月=100)；原值 100.2 减100得到涨跌幅；2011年前调查方法单列
housing_shanghai_new_mom_legacy,CHN,2008-02,-0.1,%,M,,https://data.stats.gov.cn/dg/website/publicrelease/web/external/stream/esData,上海；原指标 新建商品住宅销售价格指数 (上月=100)；原值 99.9 减100得到涨跌幅；2011年前调查方法单列
housing_shanghai_new_mom_legacy,CHN,2008-03,0.0,%,M,,https://data.stats.gov.cn/dg/website/publicrelease/web/external/stream/esData,上海；原指标 新建商品住宅销售价格指数 (上月=100)；原值 100.0 减100得到涨跌幅；2011年前调查方法单列
housing_shanghai_new_mom_legacy,CHN,2008-04,0.1,%,M,,https://data.stats.gov.cn/dg/website/publicrelease/web/external/stream/esData,上海；原指标 新建商品住宅销售价格指数 (上月=100)；原值 100.1 减100得到涨跌幅；2011年前调查方法单列
housing_shanghai_new_mom_legacy,CHN,2008-05,0.0,%,M,,https://data.stats.gov.cn/dg/website/publicrelease/web/external/stream/esData,上海；原指标 新建商品住宅销售价格指数 (上月=100)；原值 100.0 减100得到涨跌幅；2011年前调查方法单列
housing_shanghai_new_mom_legacy,CHN,2008-06,0.1,%,M,,https://data.stats.gov.cn/dg/website/publicrelease/web/external/stream/esData,上海；原指标 新建商品住宅销售价格指数 (上月=100)；原值 100.1 减100得到涨跌幅；2011年前调查方法单列
housing_shanghai_new_mom_legacy,CHN,2008-07,-0.2,%,M,,https://data.stats.gov.cn/dg/website/publicrelease/web/external/stream/esData,上海；原指标 新建商品住宅销售价格指数 (上月=100)；原值 99.8 减100得到涨跌幅；2011年前调查方法单列
housing_shanghai_new_mom_legacy,CHN,2008-08,-0.1,%,M,,https://data.stats.gov.cn/dg/website/publicrelease/web/external/stream/esData,上海；原指标 新建商品住宅销售价格指数 (上月=100)；原值 99.9 减100得到涨跌幅；2011年前调查方法单列
housing_shanghai_new_mom_legacy,CHN,2008-09,-0.9,%,M,,https://data.stats.gov.cn/dg/website/publicrelease/web/external/stream/esData,上海；原指标 新建商品住宅销售价格指数 (上月=100)；原值 99.1 减100得到涨跌幅；2011年前调查方法单列
housing_shanghai_new_mom_legacy,CHN,2008-10,-0.3,%,M,,https://data.stats.gov.cn/dg/website/publicrelease/web/external/stream/esData,上海；原指标 新建商品住宅销售价格指数 (上月=100)；原值 99.7 减100得到涨跌幅；2011年前调查方法单列
housing_shanghai_new_mom_legacy,CHN,2008-11,-0.4,%,M,,https://data.stats.gov.cn/dg/website/publicrelease/web/external/stream/esData,上海；原指标 新建商品住宅销售价格指数 (上月=100)；原值 99.6 减100得到涨跌幅；2011年前调查方法单列
housing_shanghai_new_mom_legacy,CHN,2008-12,-0.3,%,M,,https://data.stats.gov.cn/dg/website/publicrelease/web/external/stream/esData,上海；原指标 新建商品住宅销售价格指数 (上月=100)；原值 99.7 减100得到涨跌幅；2011年前调查方法单列
housing_shanghai_new_mom_legacy,CHN,2009-01,-0.1,%,M,,https://data.stats.gov.cn/dg/website/publicrelease/web/external/stream/esData,上海；原指标 新建商品住宅销售价格指数 (上月=100)；原值 99.9 减100得到涨跌幅；2011年前调查方法单列
housing_shanghai_new_mom_legacy,CHN,2009-02,0.0,%,M,,https://data.stats.gov.cn/dg/website/publicrelease/web/external/stream/esData,上海；原指标 新建商品住宅销售价格指数 (上月=100)；原值 100.0 减100得到涨跌幅；2011年前调查方法单列
housing_shanghai_new_mom_legacy,CHN,2009-03,0.0,%,M,,https://data.stats.gov.cn/dg/website/publicrelease/web/external/stream/esData,上海；原指标 新建商品住宅销售价格指数 (上月=100)；原值 100.0 减100得到涨跌幅；2011年前调查方法单列
housing_shanghai_new_mom_legacy,CHN,2009-04,0.1,%,M,,https://data.stats.gov.cn/dg/website/publicrelease/web/external/stream/esData,上海；原指标 新建商品住宅销售价格指数 (上月=100)；原值 100.1 减100得到涨跌幅；2011年前调查方法单列
housing_shanghai_new_mom_legacy,CHN,2009-05,0.5,%,M,,https://data.stats.gov.cn/dg/website/publicrelease/web/external/stream/esData,上海；原指标 新建商品住宅销售价格指数 (上月=100)；原值 100.5 减100得到涨跌幅；2011年前调查方法单列
housing_shanghai_new_mom_legacy,CHN,2009-06,1.0,%,M,,https://data.stats.gov.cn/dg/website/publicrelease/web/external/stream/esData,上海；原指标 新建商品住宅销售价格指数 (上月=100)；原值 101.0 减100得到涨跌幅；2011年前调查方法单列
housing_shanghai_new_mom_legacy,CHN,2009-07,1.1,%,M,,https://data.stats.gov.cn/dg/website/publicrelease/web/external/stream/esData,上海；原指标 新建商品住宅销售价格指数 (上月=100)；原值 101.1 减100得到涨跌幅；2011年前调查方法单列
housing_shanghai_new_mom_legacy,CHN,2009-08,1.2,%,M,,https://data.stats.gov.cn/dg/website/publicrelease/web/external/stream/esData,上海；原指标 新建商品住宅销售价格指数 (上月=100)；原值 101.2 减100得到涨跌幅；2011年前调查方法单列
housing_shanghai_new_mom_legacy,CHN,2009-09,0.7,%,M,,https://data.stats.gov.cn/dg/website/publicrelease/web/external/stream/esData,上海；原指标 新建商品住宅销售价格指数 (上月=100)；原值 100.7 减100得到涨跌幅；2011年前调查方法单列
housing_shanghai_new_mom_legacy,CHN,2009-10,1.6,%,M,,https://data.stats.gov.cn/dg/website/publicrelease/web/external/stream/esData,上海；原指标 新建商品住宅销售价格指数 (上月=100)；原值 101.6 减100得到涨跌幅；2011年前调查方法单列
housing_shanghai_new_mom_legacy,CHN,2009-11,1.2,%,M,,https://data.stats.gov.cn/dg/website/publicrelease/web/external/stream/esData,上海；原指标 新建商品住宅销售价格指数 (上月=100)；原值 101.2 减100得到涨跌幅；2011年前调查方法单列
housing_shanghai_new_mom_legacy,CHN,2009-12,1.4,%,M,,https://data.stats.gov.cn/dg/website/publicrelease/web/external/stream/esData,上海；原指标 新建商品住宅销售价格指数 (上月=100)；原值 101.4 减100得到涨跌幅；2011年前调查方法单列
housing_shanghai_new_mom_legacy,CHN,2010-01,0.6,%,M,,https://data.stats.gov.cn/dg/website/publicrelease/web/external/stream/esData,上海；原指标 新建商品住宅销售价格指数 (上月=100)；原值 100.6 减100得到涨跌幅；2011年前调查方法单列
housing_shanghai_new_mom_legacy,CHN,2010-02,0.1,%,M,,https://data.stats.gov.cn/dg/website/publicrelease/web/external/stream/esData,上海；原指标 新建商品住宅销售价格指数 (上月=100)；原值 100.1 减100得到涨跌幅；2011年前调查方法单列
housing_shanghai_new_mom_legacy,CHN,2010-03,0.9,%,M,,https://data.stats.gov.cn/dg/website/publicrelease/web/external/stream/esData,上海；原指标 新建商品住宅销售价格指数 (上月=100)；原值 100.9 减100得到涨跌幅；2011年前调查方法单列
housing_shanghai_new_mom_legacy,CHN,2010-04,0.8,%,M,,https://data.stats.gov.cn/dg/website/publicrelease/web/external/stream/esData,上海；原指标 新建商品住宅销售价格指数 (上月=100)；原值 100.8 减100得到涨跌幅；2011年前调查方法单列
housing_shanghai_new_mom_legacy,CHN,2010-05,0.1,%,M,,https://data.stats.gov.cn/dg/website/publicrelease/web/external/stream/esData,上海；原指标 新建商品住宅销售价格指数 (上月=100)；原值 100.1 减100得到涨跌幅；2011年前调查方法单列
housing_shanghai_new_mom_legacy,CHN,2010-06,-0.8,%,M,,https://data.stats.gov.cn/dg/website/publicrelease/web/external/stream/esData,上海；原指标 新建商品住宅销售价格指数 (上月=100)；原值 99.2 减100得到涨跌幅；2011年前调查方法单列
housing_shanghai_new_mom_legacy,CHN,2010-07,-0.3,%,M,,https://data.stats.gov.cn/dg/website/publicrelease/web/external/stream/esData,上海；原指标 新建商品住宅销售价格指数 (上月=100)；原值 99.7 减100得到涨跌幅；2011年前调查方法单列
housing_shanghai_new_mom_legacy,CHN,2010-08,-0.4,%,M,,https://data.stats.gov.cn/dg/website/publicrelease/web/external/stream/esData,上海；原指标 新建商品住宅销售价格指数 (上月=100)；原值 99.6 减100得到涨跌幅；2011年前调查方法单列
housing_shanghai_new_mom_legacy,CHN,2010-09,-0.4,%,M,,https://data.stats.gov.cn/dg/website/publicrelease/web/external/stream/esData,上海；原指标 新建商品住宅销售价格指数 (上月=100)；原值 99.6 减100得到涨跌幅；2011年前调查方法单列
housing_shanghai_new_mom_legacy,CHN,2010-10,0.0,%,M,,https://data.stats.gov.cn/dg/website/publicrelease/web/external/stream/esData,上海；原指标 新建商品住宅销售价格指数 (上月=100)；原值 100.0 减100得到涨跌幅；2011年前调查方法单列
housing_shanghai_new_mom_legacy,CHN,2010-11,0.2,%,M,,https://data.stats.gov.cn/dg/website/publicrelease/web/external/stream/esData,上海；原指标 新建商品住宅销售价格指数 (上月=100)；原值 100.2 减100得到涨跌幅；2011年前调查方法单列
housing_shanghai_new_mom_legacy,CHN,2010-12,0.3,%,M,,https://data.stats.gov.cn/dg/website/publicrelease/web/external/stream/esData,上海；原指标 新建商品住宅销售价格指数 (上月=100)；原值 100.3 减100得到涨跌幅；2011年前调查方法单列
housing_shanghai_new_yoy,CHN,2011-01,1.8,%,M,,https://data.stats.gov.cn/dg/website/publicrelease/web/external/stream/esData,上海；原指标 新建商品住宅销售价格指数 (上年同月=100)；原值 101.8 减100得到涨跌幅；2011年前调查方法单列
housing_shanghai_new_yoy,CHN,2011-02,2.8,%,M,,https://data.stats.gov.cn/dg/website/publicrelease/web/external/stream/esData,上海；原指标 新建商品住宅销售价格指数 (上年同月=100)；原值 102.8 减100得到涨跌幅；2011年前调查方法单列
housing_shanghai_new_yoy,CHN,2011-03,2.0,%,M,,https://data.stats.gov.cn/dg/website/publicrelease/web/external/stream/esData,上海；原指标 新建商品住宅销售价格指数 (上年同月=100)；原值 102.0 减100得到涨跌幅；2011年前调查方法单列
housing_shanghai_new_yoy,CHN,2011-04,1.5,%,M,,https://data.stats.gov.cn/dg/website/publicrelease/web/external/stream/esData,上海；原指标 新建商品住宅销售价格指数 (上年同月=100)；原值 101.5 减100得到涨跌幅；2011年前调查方法单列
housing_shanghai_new_yoy,CHN,2011-05,1.6,%,M,,https://data.stats.gov.cn/dg/website/publicrelease/web/external/stream/esData,上海；原指标 新建商品住宅销售价格指数 (上年同月=100)；原值 101.6 减100得到涨跌幅；2011年前调查方法单列
housing_shanghai_new_yoy,CHN,2011-06,2.6,%,M,,https://data.stats.gov.cn/dg/website/publicrelease/web/external/stream/esData,上海；原指标 新建商品住宅销售价格指数 (上年同月=100)；原值 102.6 减100得到涨跌幅；2011年前调查方法单列
housing_shanghai_new_yoy,CHN,2011-07,2.9,%,M,,https://data.stats.gov.cn/dg/website/publicrelease/web/external/stream/esData,上海；原指标 新建商品住宅销售价格指数 (上年同月=100)；原值 102.9 减100得到涨跌幅；2011年前调查方法单列
housing_shanghai_new_yoy,CHN,2011-08,3.2,%,M,,https://data.stats.gov.cn/dg/website/publicrelease/web/external/stream/esData,上海；原指标 新建商品住宅销售价格指数 (上年同月=100)；原值 103.2 减100得到涨跌幅；2011年前调查方法单列
housing_shanghai_new_yoy,CHN,2011-09,3.7,%,M,,https://data.stats.gov.cn/dg/website/publicrelease/web/external/stream/esData,上海；原指标 新建商品住宅销售价格指数 (上年同月=100)；原值 103.7 减100得到涨跌幅；2011年前调查方法单列
housing_shanghai_new_yoy,CHN,2011-10,3.4,%,M,,https://data.stats.gov.cn/dg/website/publicrelease/web/external/stream/esData,上海；原指标 新建商品住宅销售价格指数 (上年同月=100)；原值 103.4 减100得到涨跌幅；2011年前调查方法单列
housing_shanghai_new_yoy,CHN,2011-11,2.8,%,M,,https://data.stats.gov.cn/dg/website/publicrelease/web/external/stream/esData,上海；原指标 新建商品住宅销售价格指数 (上年同月=100)；原值 102.8 减100得到涨跌幅；2011年前调查方法单列
housing_shanghai_new_yoy,CHN,2011-12,2.0,%,M,,https://data.stats.gov.cn/dg/website/publicrelease/web/external/stream/esData,上海；原指标 新建商品住宅销售价格指数 (上年同月=100)；原值 102.0 减100得到涨跌幅；2011年前调查方法单列
housing_shanghai_new_yoy,CHN,2012-01,0.8,%,M,,https://data.stats.gov.cn/dg/website/publicrelease/web/external/stream/esData,上海；原指标 新建商品住宅销售价格指数 (上年同月=100)；原值 100.8 减100得到涨跌幅；2011年前调查方法单列
housing_shanghai_new_yoy,CHN,2012-02,-0.6,%,M,,https://data.stats.gov.cn/dg/website/publicrelease/web/external/stream/esData,上海；原指标 新建商品住宅销售价格指数 (上年同月=100)；原值 99.4 减100得到涨跌幅；2011年前调查方法单列
housing_shanghai_new_yoy,CHN,2012-03,-1.1,%,M,,https://data.stats.gov.cn/dg/website/publicrelease/web/external/stream/esData,上海；原指标 新建商品住宅销售价格指数 (上年同月=100)；原值 98.9 减100得到涨跌幅；2011年前调查方法单列
housing_shanghai_new_yoy,CHN,2012-04,-1.6,%,M,,https://data.stats.gov.cn/dg/website/publicrelease/web/external/stream/esData,上海；原指标 新建商品住宅销售价格指数 (上年同月=100)；原值 98.4 减100得到涨跌幅；2011年前调查方法单列
housing_shanghai_new_yoy,CHN,2012-05,-2.0,%,M,,https://data.stats.gov.cn/dg/website/publicrelease/web/external/stream/esData,上海；原指标 新建商品住宅销售价格指数 (上年同月=100)；原值 98.0 减100得到涨跌幅；2011年前调查方法单列
housing_shanghai_new_yoy,CHN,2012-06,-1.9,%,M,,https://data.stats.gov.cn/dg/website/publicrelease/web/external/stream/esData,上海；原指标 新建商品住宅销售价格指数 (上年同月=100)；原值 98.1 减100得到涨跌幅；2011年前调查方法单列
housing_shanghai_new_yoy,CHN,2012-07,-1.8,%,M,,https://data.stats.gov.cn/dg/website/publicrelease/web/external/stream/esData,上海；原指标 新建商品住宅销售价格指数 (上年同月=100)；原值 98.2 减100得到涨跌幅；2011年前调查方法单列
housing_shanghai_new_yoy,CHN,2012-08,-1.8,%,M,,https://data.stats.gov.cn/dg/website/publicrelease/web/external/stream/esData,上海；原指标 新建商品住宅销售价格指数 (上年同月=100)；原值 98.2 减100得到涨跌幅；2011年前调查方法单列
housing_shanghai_new_yoy,CHN,2012-09,-1.9,%,M,,https://data.stats.gov.cn/dg/website/publicrelease/web/external/stream/esData,上海；原指标 新建商品住宅销售价格指数 (上年同月=100)；原值 98.1 减100得到涨跌幅；2011年前调查方法单列
housing_shanghai_new_yoy,CHN,2012-10,-1.6,%,M,,https://data.stats.gov.cn/dg/website/publicrelease/web/external/stream/esData,上海；原指标 新建商品住宅销售价格指数 (上年同月=100)；原值 98.4 减100得到涨跌幅；2011年前调查方法单列
housing_shanghai_new_yoy,CHN,2012-11,-1.0,%,M,,https://data.stats.gov.cn/dg/website/publicrelease/web/external/stream/esData,上海；原指标 新建商品住宅销售价格指数 (上年同月=100)；原值 99.0 减100得到涨跌幅；2011年前调查方法单列
housing_shanghai_new_yoy,CHN,2012-12,0.0,%,M,,https://data.stats.gov.cn/dg/website/publicrelease/web/external/stream/esData,上海；原指标 新建商品住宅销售价格指数 (上年同月=100)；原值 100.0 减100得到涨跌幅；2011年前调查方法单列
housing_shanghai_new_yoy,CHN,2013-01,1.5,%,M,,https://data.stats.gov.cn/dg/website/publicrelease/web/external/stream/esData,上海；原指标 新建商品住宅销售价格指数 (上年同月=100)；原值 101.5 减100得到涨跌幅；2011年前调查方法单列
housing_shanghai_new_yoy,CHN,2013-02,4.1,%,M,,https://data.stats.gov.cn/dg/website/publicrelease/web/external/stream/esData,上海；原指标 新建商品住宅销售价格指数 (上年同月=100)；原值 104.1 减100得到涨跌幅；2011年前调查方法单列
housing_shanghai_new_yoy,CHN,2013-03,7.8,%,M,,https://data.stats.gov.cn/dg/website/publicrelease/web/external/stream/esData,上海；原指标 新建商品住宅销售价格指数 (上年同月=100)；原值 107.8 减100得到涨跌幅；2011年前调查方法单列
housing_shanghai_new_yoy,CHN,2013-04,10.2,%,M,,https://data.stats.gov.cn/dg/website/publicrelease/web/external/stream/esData,上海；原指标 新建商品住宅销售价格指数 (上年同月=100)；原值 110.2 减100得到涨跌幅；2011年前调查方法单列
housing_shanghai_new_yoy,CHN,2013-05,12.2,%,M,,https://data.stats.gov.cn/dg/website/publicrelease/web/external/stream/esData,上海；原指标 新建商品住宅销售价格指数 (上年同月=100)；原值 112.2 减100得到涨跌幅；2011年前调查方法单列
housing_shanghai_new_yoy,CHN,2013-06,14.4,%,M,,https://data.stats.gov.cn/dg/website/publicrelease/web/external/stream/esData,上海；原指标 新建商品住宅销售价格指数 (上年同月=100)；原值 114.4 减100得到涨跌幅；2011年前调查方法单列
housing_shanghai_new_yoy,CHN,2013-07,16.5,%,M,,https://data.stats.gov.cn/dg/website/publicrelease/web/external/stream/esData,上海；原指标 新建商品住宅销售价格指数 (上年同月=100)；原值 116.5 减100得到涨跌幅；2011年前调查方法单列
housing_shanghai_new_yoy,CHN,2013-08,18.5,%,M,,https://data.stats.gov.cn/dg/website/publicrelease/web/external/stream/esData,上海；原指标 新建商品住宅销售价格指数 (上年同月=100)；原值 118.5 减100得到涨跌幅；2011年前调查方法单列
housing_shanghai_new_yoy,CHN,2013-09,20.4,%,M,,https://data.stats.gov.cn/dg/website/publicrelease/web/external/stream/esData,上海；原指标 新建商品住宅销售价格指数 (上年同月=100)；原值 120.4 减100得到涨跌幅；2011年前调查方法单列
housing_shanghai_new_yoy,CHN,2013-10,21.4,%,M,,https://data.stats.gov.cn/dg/website/publicrelease/web/external/stream/esData,上海；原指标 新建商品住宅销售价格指数 (上年同月=100)；原值 121.4 减100得到涨跌幅；2011年前调查方法单列
housing_shanghai_new_yoy,CHN,2013-11,21.9,%,M,,https://data.stats.gov.cn/dg/website/publicrelease/web/external/stream/esData,上海；原指标 新建商品住宅销售价格指数 (上年同月=100)；原值 121.9 减100得到涨跌幅；2011年前调查方法单列
housing_shanghai_new_yoy,CHN,2013-12,21.9,%,M,,https://data.stats.gov.cn/dg/website/publicrelease/web/external/stream/esData,上海；原指标 新建商品住宅销售价格指数 (上年同月=100)；原值 121.9 减100得到涨跌幅；2011年前调查方法单列
housing_shanghai_new_yoy,CHN,2014-01,20.9,%,M,,https://data.stats.gov.cn/dg/website/publicrelease/web/external/stream/esData,上海；原指标 新建商品住宅销售价格指数 (上年同月=100)；原值 120.9 减100得到涨跌幅；2011年前调查方法单列
housing_shanghai_new_yoy,CHN,2014-02,18.7,%,M,,https://data.stats.gov.cn/dg/website/publicrelease/web/external/stream/esData,上海；原指标 新建商品住宅销售价格指数 (上年同月=100)；原值 118.7 减100得到涨跌幅；2011年前调查方法单列
housing_shanghai_new_yoy,CHN,2014-03,15.5,%,M,,https://data.stats.gov.cn/dg/website/publicrelease/web/external/stream/esData,上海；原指标 新建商品住宅销售价格指数 (上年同月=100)；原值 115.5 减100得到涨跌幅；2011年前调查方法单列
housing_shanghai_new_yoy,CHN,2014-04,13.6,%,M,,https://data.stats.gov.cn/dg/website/publicrelease/web/external/stream/esData,上海；原指标 新建商品住宅销售价格指数 (上年同月=100)；原值 113.6 减100得到涨跌幅；2011年前调查方法单列
housing_shanghai_new_yoy,CHN,2014-05,11.3,%,M,,https://data.stats.gov.cn/dg/website/publicrelease/web/external/stream/esData,上海；原指标 新建商品住宅销售价格指数 (上年同月=100)；原值 111.3 减100得到涨跌幅；2011年前调查方法单列
housing_shanghai_new_yoy,CHN,2014-06,8.2,%,M,,https://data.stats.gov.cn/dg/website/publicrelease/web/external/stream/esData,上海；原指标 新建商品住宅销售价格指数 (上年同月=100)；原值 108.2 减100得到涨跌幅；2011年前调查方法单列
housing_shanghai_new_yoy,CHN,2014-07,4.8,%,M,,https://data.stats.gov.cn/dg/website/publicrelease/web/external/stream/esData,上海；原指标 新建商品住宅销售价格指数 (上年同月=100)；原值 104.8 减100得到涨跌幅；2011年前调查方法单列
housing_shanghai_new_yoy,CHN,2014-08,1.7,%,M,,https://data.stats.gov.cn/dg/website/publicrelease/web/external/stream/esData,上海；原指标 新建商品住宅销售价格指数 (上年同月=100)；原值 101.7 减100得到涨跌幅；2011年前调查方法单列
housing_shanghai_new_yoy,CHN,2014-09,-0.9,%,M,,https://data.stats.gov.cn/dg/website/publicrelease/web/external/stream/esData,上海；原指标 新建商品住宅销售价格指数 (上年同月=100)；原值 99.1 减100得到涨跌幅；2011年前调查方法单列
housing_shanghai_new_yoy,CHN,2014-10,-2.4,%,M,,https://data.stats.gov.cn/dg/website/publicrelease/web/external/stream/esData,上海；原指标 新建商品住宅销售价格指数 (上年同月=100)；原值 97.6 减100得到涨跌幅；2011年前调查方法单列
housing_shanghai_new_yoy,CHN,2014-11,-3.5,%,M,,https://data.stats.gov.cn/dg/website/publicrelease/web/external/stream/esData,上海；原指标 新建商品住宅销售价格指数 (上年同月=100)；原值 96.5 减100得到涨跌幅；2011年前调查方法单列
housing_shanghai_new_yoy,CHN,2014-12,-4.4,%,M,,https://data.stats.gov.cn/dg/website/publicrelease/web/external/stream/esData,上海；原指标 新建商品住宅销售价格指数 (上年同月=100)；原值 95.6 减100得到涨跌幅；2011年前调查方法单列
housing_shanghai_new_yoy,CHN,2015-01,-4.9,%,M,,https://data.stats.gov.cn/dg/website/publicrelease/web/external/stream/esData,上海；原指标 新建商品住宅销售价格指数 (上年同月=100)；原值 95.1 减100得到涨跌幅；2011年前调查方法单列
housing_shanghai_new_yoy,CHN,2015-02,-5.5,%,M,,https://data.stats.gov.cn/dg/website/publicrelease/web/external/stream/esData,上海；原指标 新建商品住宅销售价格指数 (上年同月=100)；原值 94.5 减100得到涨跌幅；2011年前调查方法单列
housing_shanghai_new_yoy,CHN,2015-03,-5.9,%,M,,https://data.stats.gov.cn/dg/website/publicrelease/web/external/stream/esData,上海；原指标 新建商品住宅销售价格指数 (上年同月=100)；原值 94.1 减100得到涨跌幅；2011年前调查方法单列
housing_shanghai_new_yoy,CHN,2015-04,-5.5,%,M,,https://data.stats.gov.cn/dg/website/publicrelease/web/external/stream/esData,上海；原指标 新建商品住宅销售价格指数 (上年同月=100)；原值 94.5 减100得到涨跌幅；2011年前调查方法单列
housing_shanghai_new_yoy,CHN,2015-05,-2.8,%,M,,https://data.stats.gov.cn/dg/website/publicrelease/web/external/stream/esData,上海；原指标 新建商品住宅销售价格指数 (上年同月=100)；原值 97.2 减100得到涨跌幅；2011年前调查方法单列
housing_shanghai_new_yoy,CHN,2015-06,0.2,%,M,,https://data.stats.gov.cn/dg/website/publicrelease/web/external/stream/esData,上海；原指标 新建商品住宅销售价格指数 (上年同月=100)；原值 100.2 减100得到涨跌幅；2011年前调查方法单列
housing_shanghai_new_yoy,CHN,2015-07,3.6,%,M,,https://data.stats.gov.cn/dg/website/publicrelease/web/external/stream/esData,上海；原指标 新建商品住宅销售价格指数 (上年同月=100)；原值 103.6 减100得到涨跌幅；2011年前调查方法单列
housing_shanghai_new_yoy,CHN,2015-08,6.5,%,M,,https://data.stats.gov.cn/dg/website/publicrelease/web/external/stream/esData,上海；原指标 新建商品住宅销售价格指数 (上年同月=100)；原值 106.5 减100得到涨跌幅；2011年前调查方法单列
housing_shanghai_new_yoy,CHN,2015-09,9.7,%,M,,https://data.stats.gov.cn/dg/website/publicrelease/web/external/stream/esData,上海；原指标 新建商品住宅销售价格指数 (上年同月=100)；原值 109.7 减100得到涨跌幅；2011年前调查方法单列
housing_shanghai_new_yoy,CHN,2015-10,12.7,%,M,,https://data.stats.gov.cn/dg/website/publicrelease/web/external/stream/esData,上海；原指标 新建商品住宅销售价格指数 (上年同月=100)；原值 112.7 减100得到涨跌幅；2011年前调查方法单列
housing_shanghai_new_yoy,CHN,2015-11,15.4,%,M,,https://data.stats.gov.cn/dg/website/publicrelease/web/external/stream/esData,上海；原指标 新建商品住宅销售价格指数 (上年同月=100)；原值 115.4 减100得到涨跌幅；2011年前调查方法单列
housing_shanghai_new_yoy,CHN,2015-12,18.2,%,M,,https://data.stats.gov.cn/dg/website/publicrelease/web/external/stream/esData,上海；原指标 新建商品住宅销售价格指数 (上年同月=100)；原值 118.2 减100得到涨跌幅；2011年前调查方法单列
housing_shanghai_new_yoy,CHN,2016-01,21.4,%,M,,https://data.stats.gov.cn/dg/website/publicrelease/web/external/stream/esData,上海；原指标 新建商品住宅销售价格指数 (上年同月=100)；原值 121.4 减100得到涨跌幅；2011年前调查方法单列
housing_shanghai_new_yoy,CHN,2016-02,25.1,%,M,,https://data.stats.gov.cn/dg/website/publicrelease/web/external/stream/esData,上海；原指标 新建商品住宅销售价格指数 (上年同月=100)；原值 125.1 减100得到涨跌幅；2011年前调查方法单列
housing_shanghai_new_yoy,CHN,2016-03,30.5,%,M,,https://data.stats.gov.cn/dg/website/publicrelease/web/external/stream/esData,上海；原指标 新建商品住宅销售价格指数 (上年同月=100)；原值 130.5 减100得到涨跌幅；2011年前调查方法单列
housing_shanghai_new_yoy,CHN,2016-04,34.2,%,M,,https://data.stats.gov.cn/dg/website/publicrelease/web/external/stream/esData,上海；原指标 新建商品住宅销售价格指数 (上年同月=100)；原值 134.2 减100得到涨跌幅；2011年前调查方法单列
housing_shanghai_new_yoy,CHN,2016-05,33.8,%,M,,https://data.stats.gov.cn/dg/website/publicrelease/web/external/stream/esData,上海；原指标 新建商品住宅销售价格指数 (上年同月=100)；原值 133.8 减100得到涨跌幅；2011年前调查方法单列
housing_shanghai_new_yoy,CHN,2016-06,33.7,%,M,,https://data.stats.gov.cn/dg/website/publicrelease/web/external/stream/esData,上海；原指标 新建商品住宅销售价格指数 (上年同月=100)；原值 133.7 减100得到涨跌幅；2011年前调查方法单列
housing_shanghai_new_yoy,CHN,2016-07,33.1,%,M,,https://data.stats.gov.cn/dg/website/publicrelease/web/external/stream/esData,上海；原指标 新建商品住宅销售价格指数 (上年同月=100)；原值 133.1 减100得到涨跌幅；2011年前调查方法单列
housing_shanghai_new_yoy,CHN,2016-08,37.8,%,M,,https://data.stats.gov.cn/dg/website/publicrelease/web/external/stream/esData,上海；原指标 新建商品住宅销售价格指数 (上年同月=100)；原值 137.8 减100得到涨跌幅；2011年前调查方法单列
housing_shanghai_new_yoy,CHN,2016-09,39.5,%,M,,https://data.stats.gov.cn/dg/website/publicrelease/web/external/stream/esData,上海；原指标 新建商品住宅销售价格指数 (上年同月=100)；原值 139.5 减100得到涨跌幅；2011年前调查方法单列
housing_shanghai_new_yoy,CHN,2016-10,37.4,%,M,,https://data.stats.gov.cn/dg/website/publicrelease/web/external/stream/esData,上海；原指标 新建商品住宅销售价格指数 (上年同月=100)；原值 137.4 减100得到涨跌幅；2011年前调查方法单列
housing_shanghai_new_yoy,CHN,2016-11,34.8,%,M,,https://data.stats.gov.cn/dg/website/publicrelease/web/external/stream/esData,上海；原指标 新建商品住宅销售价格指数 (上年同月=100)；原值 134.8 减100得到涨跌幅；2011年前调查方法单列
housing_shanghai_new_yoy,CHN,2016-12,31.7,%,M,,https://data.stats.gov.cn/dg/website/publicrelease/web/external/stream/esData,上海；原指标 新建商品住宅销售价格指数 (上年同月=100)；原值 131.7 减100得到涨跌幅；2011年前调查方法单列
housing_shanghai_new_yoy,CHN,2017-01,28.3,%,M,,https://data.stats.gov.cn/dg/website/publicrelease/web/external/stream/esData,上海；原指标 新建商品住宅销售价格指数 (上年同月=100)；原值 128.3 减100得到涨跌幅；2011年前调查方法单列
housing_shanghai_new_yoy,CHN,2017-02,25.0,%,M,,https://data.stats.gov.cn/dg/website/publicrelease/web/external/stream/esData,上海；原指标 新建商品住宅销售价格指数 (上年同月=100)；原值 125.0 减100得到涨跌幅；2011年前调查方法单列
housing_shanghai_new_yoy,CHN,2017-03,19.8,%,M,,https://data.stats.gov.cn/dg/website/publicrelease/web/external/stream/esData,上海；原指标 新建商品住宅销售价格指数 (上年同月=100)；原值 119.8 减100得到涨跌幅；2011年前调查方法单列
housing_shanghai_new_yoy,CHN,2017-04,15.4,%,M,,https://data.stats.gov.cn/dg/website/publicrelease/web/external/stream/esData,上海；原指标 新建商品住宅销售价格指数 (上年同月=100)；原值 115.4 减100得到涨跌幅；2011年前调查方法单列
housing_shanghai_new_yoy,CHN,2017-05,12.9,%,M,,https://data.stats.gov.cn/dg/website/publicrelease/web/external/stream/esData,上海；原指标 新建商品住宅销售价格指数 (上年同月=100)；原值 112.9 减100得到涨跌幅；2011年前调查方法单列
housing_shanghai_new_yoy,CHN,2017-06,10.0,%,M,,https://data.stats.gov.cn/dg/website/publicrelease/web/external/stream/esData,上海；原指标 新建商品住宅销售价格指数 (上年同月=100)；原值 110.0 减100得到涨跌幅；2011年前调查方法单列
housing_shanghai_new_yoy,CHN,2017-07,8.4,%,M,,https://data.stats.gov.cn/dg/website/publicrelease/web/external/stream/esData,上海；原指标 新建商品住宅销售价格指数 (上年同月=100)；原值 108.4 减100得到涨跌幅；2011年前调查方法单列
housing_shanghai_new_yoy,CHN,2017-08,3.2,%,M,,https://data.stats.gov.cn/dg/website/publicrelease/web/external/stream/esData,上海；原指标 新建商品住宅销售价格指数 (上年同月=100)；原值 103.2 减100得到涨跌幅；2011年前调查方法单列
housing_shanghai_new_yoy,CHN,2017-09,-0.1,%,M,,https://data.stats.gov.cn/dg/website/publicrelease/web/external/stream/esData,上海；原指标 新建商品住宅销售价格指数 (上年同月=100)；原值 99.9 减100得到涨跌幅；2011年前调查方法单列
housing_shanghai_new_yoy,CHN,2017-10,-0.3,%,M,,https://data.stats.gov.cn/dg/website/publicrelease/web/external/stream/esData,上海；原指标 新建商品住宅销售价格指数 (上年同月=100)；原值 99.7 减100得到涨跌幅；2011年前调查方法单列
housing_shanghai_new_yoy,CHN,2017-11,-0.3,%,M,,https://data.stats.gov.cn/dg/website/publicrelease/web/external/stream/esData,上海；原指标 新建商品住宅销售价格指数 (上年同月=100)；原值 99.7 减100得到涨跌幅；2011年前调查方法单列
housing_shanghai_new_yoy,CHN,2017-12,0.2,%,M,,https://data.stats.gov.cn/dg/website/publicrelease/web/external/stream/esData,上海；原指标 新建商品住宅销售价格指数 (上年同月=100)；原值 100.2 减100得到涨跌幅；2011年前调查方法单列
housing_shanghai_new_yoy,CHN,2018-01,-0.2,%,M,,https://data.stats.gov.cn/dg/website/publicrelease/web/external/stream/esData,上海；原指标 新建商品住宅销售价格指数 (上年同月=100)；原值 99.8 减100得到涨跌幅；2011年前调查方法单列
housing_shanghai_new_yoy,CHN,2018-02,-0.6,%,M,,https://data.stats.gov.cn/dg/website/publicrelease/web/external/stream/esData,上海；原指标 新建商品住宅销售价格指数 (上年同月=100)；原值 99.4 减100得到涨跌幅；2011年前调查方法单列
housing_shanghai_new_yoy,CHN,2018-03,-0.3,%,M,,https://data.stats.gov.cn/dg/website/publicrelease/web/external/stream/esData,上海；原指标 新建商品住宅销售价格指数 (上年同月=100)；原值 99.7 减100得到涨跌幅；2011年前调查方法单列
housing_shanghai_new_yoy,CHN,2018-04,-0.2,%,M,,https://data.stats.gov.cn/dg/website/publicrelease/web/external/stream/esData,上海；原指标 新建商品住宅销售价格指数 (上年同月=100)；原值 99.8 减100得到涨跌幅；2011年前调查方法单列
housing_shanghai_new_yoy,CHN,2018-05,-0.4,%,M,,https://data.stats.gov.cn/dg/website/publicrelease/web/external/stream/esData,上海；原指标 新建商品住宅销售价格指数 (上年同月=100)；原值 99.6 减100得到涨跌幅；2011年前调查方法单列
housing_shanghai_new_yoy,CHN,2018-06,-0.2,%,M,,https://data.stats.gov.cn/dg/website/publicrelease/web/external/stream/esData,上海；原指标 新建商品住宅销售价格指数 (上年同月=100)；原值 99.8 减100得到涨跌幅；2011年前调查方法单列
housing_shanghai_new_yoy,CHN,2018-07,-0.2,%,M,,https://data.stats.gov.cn/dg/website/publicrelease/web/external/stream/esData,上海；原指标 新建商品住宅销售价格指数 (上年同月=100)；原值 99.8 减100得到涨跌幅；2011年前调查方法单列
housing_shanghai_new_yoy,CHN,2018-08,-0.2,%,M,,https://data.stats.gov.cn/dg/website/publicrelease/web/external/stream/esData,上海；原指标 新建商品住宅销售价格指数 (上年同月=100)；原值 99.8 减100得到涨跌幅；2011年前调查方法单列
housing_shanghai_new_yoy,CHN,2018-09,-0.2,%,M,,https://data.stats.gov.cn/dg/website/publicrelease/web/external/stream/esData,上海；原指标 新建商品住宅销售价格指数 (上年同月=100)；原值 99.8 减100得到涨跌幅；2011年前调查方法单列
housing_shanghai_new_yoy,CHN,2018-10,-0.4,%,M,,https://data.stats.gov.cn/dg/website/publicrelease/web/external/stream/esData,上海；原指标 新建商品住宅销售价格指数 (上年同月=100)；原值 99.6 减100得到涨跌幅；2011年前调查方法单列
housing_shanghai_new_yoy,CHN,2018-11,0.1,%,M,,https://data.stats.gov.cn/dg/website/publicrelease/web/external/stream/esData,上海；原指标 新建商品住宅销售价格指数 (上年同月=100)；原值 100.1 减100得到涨跌幅；2011年前调查方法单列
housing_shanghai_new_yoy,CHN,2018-12,0.4,%,M,,https://data.stats.gov.cn/dg/website/publicrelease/web/external/stream/esData,上海；原指标 新建商品住宅销售价格指数 (上年同月=100)；原值 100.4 减100得到涨跌幅；2011年前调查方法单列
housing_shanghai_new_yoy,CHN,2019-01,0.9,%,M,,https://data.stats.gov.cn/dg/website/publicrelease/web/external/stream/esData,上海；原指标 新建商品住宅销售价格指数 (上年同月=100)；原值 100.9 减100得到涨跌幅；2011年前调查方法单列
housing_shanghai_new_yoy,CHN,2019-02,1.5,%,M,,https://data.stats.gov.cn/dg/website/publicrelease/web/external/stream/esData,上海；原指标 新建商品住宅销售价格指数 (上年同月=100)；原值 101.5 减100得到涨跌幅；2011年前调查方法单列
housing_shanghai_new_yoy,CHN,2019-03,1.2,%,M,,https://data.stats.gov.cn/dg/website/publicrelease/web/external/stream/esData,上海；原指标 新建商品住宅销售价格指数 (上年同月=100)；原值 101.2 减100得到涨跌幅；2011年前调查方法单列
housing_shanghai_new_yoy,CHN,2019-04,1.5,%,M,,https://data.stats.gov.cn/dg/website/publicrelease/web/external/stream/esData,上海；原指标 新建商品住宅销售价格指数 (上年同月=100)；原值 101.5 减100得到涨跌幅；2011年前调查方法单列
housing_shanghai_new_yoy,CHN,2019-05,1.7,%,M,,https://data.stats.gov.cn/dg/website/publicrelease/web/external/stream/esData,上海；原指标 新建商品住宅销售价格指数 (上年同月=100)；原值 101.7 减100得到涨跌幅；2011年前调查方法单列
housing_shanghai_new_yoy,CHN,2019-06,2.0,%,M,,https://data.stats.gov.cn/dg/website/publicrelease/web/external/stream/esData,上海；原指标 新建商品住宅销售价格指数 (上年同月=100)；原值 102.0 减100得到涨跌幅；2011年前调查方法单列
housing_shanghai_new_yoy,CHN,2019-07,1.9,%,M,,https://data.stats.gov.cn/dg/website/publicrelease/web/external/stream/esData,上海；原指标 新建商品住宅销售价格指数 (上年同月=100)；原值 101.9 减100得到涨跌幅；2011年前调查方法单列
housing_shanghai_new_yoy,CHN,2019-08,2.2,%,M,,https://data.stats.gov.cn/dg/website/publicrelease/web/external/stream/esData,上海；原指标 新建商品住宅销售价格指数 (上年同月=100)；原值 102.2 减100得到涨跌幅；2011年前调查方法单列
housing_shanghai_new_yoy,CHN,2019-09,2.7,%,M,,https://data.stats.gov.cn/dg/website/publicrelease/web/external/stream/esData,上海；原指标 新建商品住宅销售价格指数 (上年同月=100)；原值 102.7 减100得到涨跌幅；2011年前调查方法单列
housing_shanghai_new_yoy,CHN,2019-10,3.0,%,M,,https://data.stats.gov.cn/dg/website/publicrelease/web/external/stream/esData,上海；原指标 新建商品住宅销售价格指数 (上年同月=100)；原值 103.0 减100得到涨跌幅；2011年前调查方法单列
housing_shanghai_new_yoy,CHN,2019-11,2.8,%,M,,https://data.stats.gov.cn/dg/website/publicrelease/web/external/stream/esData,上海；原指标 新建商品住宅销售价格指数 (上年同月=100)；原值 102.8 减100得到涨跌幅；2011年前调查方法单列
housing_shanghai_new_yoy,CHN,2019-12,2.3,%,M,,https://data.stats.gov.cn/dg/website/publicrelease/web/external/stream/esData,上海；原指标 新建商品住宅销售价格指数 (上年同月=100)；原值 102.3 减100得到涨跌幅；2011年前调查方法单列
housing_shanghai_new_yoy,CHN,2020-01,2.7,%,M,,https://data.stats.gov.cn/dg/website/publicrelease/web/external/stream/esData,上海；原指标 新建商品住宅销售价格指数 (上年同月=100)；原值 102.7 减100得到涨跌幅；2011年前调查方法单列
housing_shanghai_new_yoy,CHN,2020-02,2.3,%,M,,https://data.stats.gov.cn/dg/website/publicrelease/web/external/stream/esData,上海；原指标 新建商品住宅销售价格指数 (上年同月=100)；原值 102.3 减100得到涨跌幅；2011年前调查方法单列
housing_shanghai_new_yoy,CHN,2020-03,2.4,%,M,,https://data.stats.gov.cn/dg/website/publicrelease/web/external/stream/esData,上海；原指标 新建商品住宅销售价格指数 (上年同月=100)；原值 102.4 减100得到涨跌幅；2011年前调查方法单列
housing_shanghai_new_yoy,CHN,2020-04,2.7,%,M,,https://data.stats.gov.cn/dg/website/publicrelease/web/external/stream/esData,上海；原指标 新建商品住宅销售价格指数 (上年同月=100)；原值 102.7 减100得到涨跌幅；2011年前调查方法单列
housing_shanghai_new_yoy,CHN,2020-05,3.5,%,M,,https://data.stats.gov.cn/dg/website/publicrelease/web/external/stream/esData,上海；原指标 新建商品住宅销售价格指数 (上年同月=100)；原值 103.5 减100得到涨跌幅；2011年前调查方法单列
housing_shanghai_new_yoy,CHN,2020-06,3.7,%,M,,https://data.stats.gov.cn/dg/website/publicrelease/web/external/stream/esData,上海；原指标 新建商品住宅销售价格指数 (上年同月=100)；原值 103.7 减100得到涨跌幅；2011年前调查方法单列
housing_shanghai_new_yoy,CHN,2020-07,4.2,%,M,,https://data.stats.gov.cn/dg/website/publicrelease/web/external/stream/esData,上海；原指标 新建商品住宅销售价格指数 (上年同月=100)；原值 104.2 减100得到涨跌幅；2011年前调查方法单列
housing_shanghai_new_yoy,CHN,2020-08,4.5,%,M,,https://data.stats.gov.cn/dg/website/publicrelease/web/external/stream/esData,上海；原指标 新建商品住宅销售价格指数 (上年同月=100)；原值 104.5 减100得到涨跌幅；2011年前调查方法单列
housing_shanghai_new_yoy,CHN,2020-09,4.5,%,M,,https://data.stats.gov.cn/dg/website/publicrelease/web/external/stream/esData,上海；原指标 新建商品住宅销售价格指数 (上年同月=100)；原值 104.5 减100得到涨跌幅；2011年前调查方法单列
housing_shanghai_new_yoy,CHN,2020-10,4.4,%,M,,https://data.stats.gov.cn/dg/website/publicrelease/web/external/stream/esData,上海；原指标 新建商品住宅销售价格指数 (上年同月=100)；原值 104.4 减100得到涨跌幅；2011年前调查方法单列
housing_shanghai_new_yoy,CHN,2020-11,4.1,%,M,,https://data.stats.gov.cn/dg/website/publicrelease/web/external/stream/esData,上海；原指标 新建商品住宅销售价格指数 (上年同月=100)；原值 104.1 减100得到涨跌幅；2011年前调查方法单列
housing_shanghai_new_yoy,CHN,2020-12,4.2,%,M,,https://data.stats.gov.cn/dg/website/publicrelease/web/external/stream/esData,上海；原指标 新建商品住宅销售价格指数 (上年同月=100)；原值 104.2 减100得到涨跌幅；2011年前调查方法单列
housing_shanghai_new_yoy,CHN,2021-01,4.4,%,M,,https://data.stats.gov.cn/dg/website/publicrelease/web/external/stream/esData,上海；原指标 新建商品住宅销售价格指数 (上年同月=100)；原值 104.4 减100得到涨跌幅；2011年前调查方法单列
housing_shanghai_new_yoy,CHN,2021-02,5.0,%,M,,https://data.stats.gov.cn/dg/website/publicrelease/web/external/stream/esData,上海；原指标 新建商品住宅销售价格指数 (上年同月=100)；原值 105.0 减100得到涨跌幅；2011年前调查方法单列
housing_shanghai_new_yoy,CHN,2021-03,5.3,%,M,,https://data.stats.gov.cn/dg/website/publicrelease/web/external/stream/esData,上海；原指标 新建商品住宅销售价格指数 (上年同月=100)；原值 105.3 减100得到涨跌幅；2011年前调查方法单列
housing_shanghai_new_yoy,CHN,2021-04,4.9,%,M,,https://data.stats.gov.cn/dg/website/publicrelease/web/external/stream/esData,上海；原指标 新建商品住宅销售价格指数 (上年同月=100)；原值 104.9 减100得到涨跌幅；2011年前调查方法单列
housing_shanghai_new_yoy,CHN,2021-05,4.5,%,M,,https://data.stats.gov.cn/dg/website/publicrelease/web/external/stream/esData,上海；原指标 新建商品住宅销售价格指数 (上年同月=100)；原值 104.5 减100得到涨跌幅；2011年前调查方法单列
housing_shanghai_new_yoy,CHN,2021-06,4.6,%,M,,https://data.stats.gov.cn/dg/website/publicrelease/web/external/stream/esData,上海；原指标 新建商品住宅销售价格指数 (上年同月=100)；原值 104.6 减100得到涨跌幅；2011年前调查方法单列
housing_shanghai_new_yoy,CHN,2021-07,4.5,%,M,,https://data.stats.gov.cn/dg/website/publicrelease/web/external/stream/esData,上海；原指标 新建商品住宅销售价格指数 (上年同月=100)；原值 104.5 减100得到涨跌幅；2011年前调查方法单列
housing_shanghai_new_yoy,CHN,2021-08,4.3,%,M,,https://data.stats.gov.cn/dg/website/publicrelease/web/external/stream/esData,上海；原指标 新建商品住宅销售价格指数 (上年同月=100)；原值 104.3 减100得到涨跌幅；2011年前调查方法单列
housing_shanghai_new_yoy,CHN,2021-09,4.0,%,M,,https://data.stats.gov.cn/dg/website/publicrelease/web/external/stream/esData,上海；原指标 新建商品住宅销售价格指数 (上年同月=100)；原值 104.0 减100得到涨跌幅；2011年前调查方法单列
housing_shanghai_new_yoy,CHN,2021-10,3.8,%,M,,https://data.stats.gov.cn/dg/website/publicrelease/web/external/stream/esData,上海；原指标 新建商品住宅销售价格指数 (上年同月=100)；原值 103.8 减100得到涨跌幅；2011年前调查方法单列
housing_shanghai_new_yoy,CHN,2021-11,4.0,%,M,,https://data.stats.gov.cn/dg/website/publicrelease/web/external/stream/esData,上海；原指标 新建商品住宅销售价格指数 (上年同月=100)；原值 104.0 减100得到涨跌幅；2011年前调查方法单列
housing_shanghai_new_yoy,CHN,2021-12,4.2,%,M,,https://data.stats.gov.cn/dg/website/publicrelease/web/external/stream/esData,上海；原指标 新建商品住宅销售价格指数 (上年同月=100)；原值 104.2 减100得到涨跌幅；2011年前调查方法单列
housing_shanghai_new_yoy,CHN,2022-01,4.2,%,M,,https://data.stats.gov.cn/dg/website/publicrelease/web/external/stream/esData,上海；原指标 新建商品住宅销售价格指数 (上年同月=100)；原值 104.2 减100得到涨跌幅；2011年前调查方法单列
housing_shanghai_new_yoy,CHN,2022-02,4.1,%,M,,https://data.stats.gov.cn/dg/website/publicrelease/web/external/stream/esData,上海；原指标 新建商品住宅销售价格指数 (上年同月=100)；原值 104.1 减100得到涨跌幅；2011年前调查方法单列
housing_shanghai_new_yoy,CHN,2022-03,4.1,%,M,,https://data.stats.gov.cn/dg/website/publicrelease/web/external/stream/esData,上海；原指标 新建商品住宅销售价格指数 (上年同月=100)；原值 104.1 减100得到涨跌幅；2011年前调查方法单列
housing_shanghai_new_yoy,CHN,2022-04,3.8,%,M,,https://data.stats.gov.cn/dg/website/publicrelease/web/external/stream/esData,上海；原指标 新建商品住宅销售价格指数 (上年同月=100)；原值 103.8 减100得到涨跌幅；2011年前调查方法单列
housing_shanghai_new_yoy,CHN,2022-05,3.4,%,M,,https://data.stats.gov.cn/dg/website/publicrelease/web/external/stream/esData,上海；原指标 新建商品住宅销售价格指数 (上年同月=100)；原值 103.4 减100得到涨跌幅；2011年前调查方法单列
housing_shanghai_new_yoy,CHN,2022-06,3.4,%,M,,https://data.stats.gov.cn/dg/website/publicrelease/web/external/stream/esData,上海；原指标 新建商品住宅销售价格指数 (上年同月=100)；原值 103.4 减100得到涨跌幅；2011年前调查方法单列
housing_shanghai_new_yoy,CHN,2022-07,3.5,%,M,,https://data.stats.gov.cn/dg/website/publicrelease/web/external/stream/esData,上海；原指标 新建商品住宅销售价格指数 (上年同月=100)；原值 103.5 减100得到涨跌幅；2011年前调查方法单列
housing_shanghai_new_yoy,CHN,2022-08,3.7,%,M,,https://data.stats.gov.cn/dg/website/publicrelease/web/external/stream/esData,上海；原指标 新建商品住宅销售价格指数 (上年同月=100)；原值 103.7 减100得到涨跌幅；2011年前调查方法单列
housing_shanghai_new_yoy,CHN,2022-09,3.8,%,M,,https://data.stats.gov.cn/dg/website/publicrelease/web/external/stream/esData,上海；原指标 新建商品住宅销售价格指数 (上年同月=100)；原值 103.8 减100得到涨跌幅；2011年前调查方法单列
housing_shanghai_new_yoy,CHN,2022-10,4.0,%,M,,https://data.stats.gov.cn/dg/website/publicrelease/web/external/stream/esData,上海；原指标 新建商品住宅销售价格指数 (上年同月=100)；原值 104.0 减100得到涨跌幅；2011年前调查方法单列
housing_shanghai_new_yoy,CHN,2022-11,4.0,%,M,,https://data.stats.gov.cn/dg/website/publicrelease/web/external/stream/esData,上海；原指标 新建商品住宅销售价格指数 (上年同月=100)；原值 104.0 减100得到涨跌幅；2011年前调查方法单列
housing_shanghai_new_yoy,CHN,2022-12,4.1,%,M,,https://data.stats.gov.cn/dg/website/publicrelease/web/external/stream/esData,上海；原指标 新建商品住宅销售价格指数 (上年同月=100)；原值 104.1 减100得到涨跌幅；2011年前调查方法单列
housing_shanghai_new_yoy,CHN,2023-01,4.2,%,M,,https://data.stats.gov.cn/dg/website/publicrelease/web/external/stream/esData,上海；原指标 新建商品住宅销售价格指数 (上年同月=100)；原值 104.2 减100得到涨跌幅；2011年前调查方法单列
housing_shanghai_new_yoy,CHN,2023-02,3.9,%,M,,https://data.stats.gov.cn/dg/website/publicrelease/web/external/stream/esData,上海；原指标 新建商品住宅销售价格指数 (上年同月=100)；原值 103.9 减100得到涨跌幅；2011年前调查方法单列
housing_shanghai_new_yoy,CHN,2023-03,4.1,%,M,,https://data.stats.gov.cn/dg/website/publicrelease/web/external/stream/esData,上海；原指标 新建商品住宅销售价格指数 (上年同月=100)；原值 104.1 减100得到涨跌幅；2011年前调查方法单列
housing_shanghai_new_yoy,CHN,2023-04,4.6,%,M,,https://data.stats.gov.cn/dg/website/publicrelease/web/external/stream/esData,上海；原指标 新建商品住宅销售价格指数 (上年同月=100)；原值 104.6 减100得到涨跌幅；2011年前调查方法单列
housing_shanghai_new_yoy,CHN,2023-05,4.9,%,M,,https://data.stats.gov.cn/dg/website/publicrelease/web/external/stream/esData,上海；原指标 新建商品住宅销售价格指数 (上年同月=100)；原值 104.9 减100得到涨跌幅；2011年前调查方法单列
housing_shanghai_new_yoy,CHN,2023-06,4.8,%,M,,https://data.stats.gov.cn/dg/website/publicrelease/web/external/stream/esData,上海；原指标 新建商品住宅销售价格指数 (上年同月=100)；原值 104.8 减100得到涨跌幅；2011年前调查方法单列
housing_shanghai_new_yoy,CHN,2023-07,4.5,%,M,,https://data.stats.gov.cn/dg/website/publicrelease/web/external/stream/esData,上海；原指标 新建商品住宅销售价格指数 (上年同月=100)；原值 104.5 减100得到涨跌幅；2011年前调查方法单列
housing_shanghai_new_yoy,CHN,2023-08,4.1,%,M,,https://data.stats.gov.cn/dg/website/publicrelease/web/external/stream/esData,上海；原指标 新建商品住宅销售价格指数 (上年同月=100)；原值 104.1 减100得到涨跌幅；2011年前调查方法单列
housing_shanghai_new_yoy,CHN,2023-09,4.4,%,M,,https://data.stats.gov.cn/dg/website/publicrelease/web/external/stream/esData,上海；原指标 新建商品住宅销售价格指数 (上年同月=100)；原值 104.4 减100得到涨跌幅；2011年前调查方法单列
housing_shanghai_new_yoy,CHN,2023-10,4.4,%,M,,https://data.stats.gov.cn/dg/website/publicrelease/web/external/stream/esData,上海；原指标 新建商品住宅销售价格指数 (上年同月=100)；原值 104.4 减100得到涨跌幅；2011年前调查方法单列
housing_shanghai_new_yoy,CHN,2023-11,4.7,%,M,,https://data.stats.gov.cn/dg/website/publicrelease/web/external/stream/esData,上海；原指标 新建商品住宅销售价格指数 (上年同月=100)；原值 104.7 减100得到涨跌幅；2011年前调查方法单列
housing_shanghai_new_yoy,CHN,2023-12,4.5,%,M,,https://data.stats.gov.cn/dg/website/publicrelease/web/external/stream/esData,上海；原指标 新建商品住宅销售价格指数 (上年同月=100)；原值 104.5 减100得到涨跌幅；2011年前调查方法单列
housing_shanghai_new_yoy,CHN,2024-01,4.2,%,M,,https://data.stats.gov.cn/dg/website/publicrelease/web/external/stream/esData,上海；原指标 新建商品住宅销售价格指数 (上年同月=100)；原值 104.2 减100得到涨跌幅；2011年前调查方法单列
housing_shanghai_new_yoy,CHN,2024-02,4.2,%,M,,https://data.stats.gov.cn/dg/website/publicrelease/web/external/stream/esData,上海；原指标 新建商品住宅销售价格指数 (上年同月=100)；原值 104.2 减100得到涨跌幅；2011年前调查方法单列
housing_shanghai_new_yoy,CHN,2024-03,4.3,%,M,,https://data.stats.gov.cn/dg/website/publicrelease/web/external/stream/esData,上海；原指标 新建商品住宅销售价格指数 (上年同月=100)；原值 104.3 减100得到涨跌幅；2011年前调查方法单列
housing_shanghai_new_yoy,CHN,2024-04,4.2,%,M,,https://data.stats.gov.cn/dg/website/publicrelease/web/external/stream/esData,上海；原指标 新建商品住宅销售价格指数 (上年同月=100)；原值 104.2 减100得到涨跌幅；2011年前调查方法单列
housing_shanghai_new_yoy,CHN,2024-05,4.5,%,M,,https://data.stats.gov.cn/dg/website/publicrelease/web/external/stream/esData,上海；原指标 新建商品住宅销售价格指数 (上年同月=100)；原值 104.5 减100得到涨跌幅；2011年前调查方法单列
housing_shanghai_new_yoy,CHN,2024-06,4.4,%,M,,https://data.stats.gov.cn/dg/website/publicrelease/web/external/stream/esData,上海；原指标 新建商品住宅销售价格指数 (上年同月=100)；原值 104.4 减100得到涨跌幅；2011年前调查方法单列
housing_shanghai_new_yoy,CHN,2024-07,4.4,%,M,,https://data.stats.gov.cn/dg/website/publicrelease/web/external/stream/esData,上海；原指标 新建商品住宅销售价格指数 (上年同月=100)；原值 104.4 减100得到涨跌幅；2011年前调查方法单列
housing_shanghai_new_yoy,CHN,2024-08,4.9,%,M,,https://data.stats.gov.cn/dg/website/publicrelease/web/external/stream/esData,上海；原指标 新建商品住宅销售价格指数 (上年同月=100)；原值 104.9 减100得到涨跌幅；2011年前调查方法单列
housing_shanghai_new_yoy,CHN,2024-09,4.9,%,M,,https://data.stats.gov.cn/dg/website/publicrelease/web/external/stream/esData,上海；原指标 新建商品住宅销售价格指数 (上年同月=100)；原值 104.9 减100得到涨跌幅；2011年前调查方法单列
housing_shanghai_new_yoy,CHN,2024-10,5.0,%,M,,https://data.stats.gov.cn/dg/website/publicrelease/web/external/stream/esData,上海；原指标 新建商品住宅销售价格指数 (上年同月=100)；原值 105.0 减100得到涨跌幅；2011年前调查方法单列
housing_shanghai_new_yoy,CHN,2024-11,5.0,%,M,,https://data.stats.gov.cn/dg/website/publicrelease/web/external/stream/esData,上海；原指标 新建商品住宅销售价格指数 (上年同月=100)；原值 105.0 减100得到涨跌幅；2011年前调查方法单列
housing_shanghai_new_yoy,CHN,2024-12,5.3,%,M,,https://data.stats.gov.cn/dg/website/publicrelease/web/external/stream/esData,上海；原指标 新建商品住宅销售价格指数 (上年同月=100)；原值 105.3 减100得到涨跌幅；2011年前调查方法单列
housing_shanghai_new_yoy,CHN,2025-01,5.6,%,M,,https://data.stats.gov.cn/dg/website/publicrelease/web/external/stream/esData,上海；原指标 新建商品住宅销售价格指数 (上年同月=100)；原值 105.6 减100得到涨跌幅；2011年前调查方法单列
housing_shanghai_new_yoy,CHN,2025-02,5.6,%,M,,https://data.stats.gov.cn/dg/website/publicrelease/web/external/stream/esData,上海；原指标 新建商品住宅销售价格指数 (上年同月=100)；原值 105.6 减100得到涨跌幅；2011年前调查方法单列
housing_shanghai_new_yoy,CHN,2025-03,5.7,%,M,,https://data.stats.gov.cn/dg/website/publicrelease/web/external/stream/esData,上海；原指标 新建商品住宅销售价格指数 (上年同月=100)；原值 105.7 减100得到涨跌幅；2011年前调查方法单列
housing_shanghai_new_yoy,CHN,2025-04,5.9,%,M,,https://data.stats.gov.cn/dg/website/publicrelease/web/external/stream/esData,上海；原指标 新建商品住宅销售价格指数 (上年同月=100)；原值 105.9 减100得到涨跌幅；2011年前调查方法单列
housing_shanghai_new_yoy,CHN,2025-05,5.9,%,M,,https://data.stats.gov.cn/dg/website/publicrelease/web/external/stream/esData,上海；原指标 新建商品住宅销售价格指数 (上年同月=100)；原值 105.9 减100得到涨跌幅；2011年前调查方法单列
housing_shanghai_new_yoy,CHN,2025-06,6.0,%,M,,https://data.stats.gov.cn/dg/website/publicrelease/web/external/stream/esData,上海；原指标 新建商品住宅销售价格指数 (上年同月=100)；原值 106.0 减100得到涨跌幅；2011年前调查方法单列
housing_shanghai_new_yoy,CHN,2025-07,6.1,%,M,,https://data.stats.gov.cn/dg/website/publicrelease/web/external/stream/esData,上海；原指标 新建商品住宅销售价格指数 (上年同月=100)；原值 106.1 减100得到涨跌幅；2011年前调查方法单列
housing_shanghai_new_yoy,CHN,2025-08,5.9,%,M,,https://data.stats.gov.cn/dg/website/publicrelease/web/external/stream/esData,上海；原指标 新建商品住宅销售价格指数 (上年同月=100)；原值 105.9 减100得到涨跌幅；2011年前调查方法单列
housing_shanghai_new_yoy,CHN,2025-09,5.6,%,M,,https://data.stats.gov.cn/dg/website/publicrelease/web/external/stream/esData,上海；原指标 新建商品住宅销售价格指数 (上年同月=100)；原值 105.6 减100得到涨跌幅；2011年前调查方法单列
housing_shanghai_new_yoy,CHN,2025-10,5.7,%,M,,https://data.stats.gov.cn/dg/website/publicrelease/web/external/stream/esData,上海；原指标 新建商品住宅销售价格指数 (上年同月=100)；原值 105.7 减100得到涨跌幅；2011年前调查方法单列
housing_shanghai_new_yoy,CHN,2025-11,5.1,%,M,,https://data.stats.gov.cn/dg/website/publicrelease/web/external/stream/esData,上海；原指标 新建商品住宅销售价格指数 (上年同月=100)；原值 105.1 减100得到涨跌幅；2011年前调查方法单列
housing_shanghai_new_yoy,CHN,2025-12,4.8,%,M,,https://data.stats.gov.cn/dg/website/publicrelease/web/external/stream/esData,上海；原指标 新建商品住宅销售价格指数 (上年同月=100)；原值 104.8 减100得到涨跌幅；2011年前调查方法单列
housing_shanghai_new_yoy,CHN,2026-01,4.2,%,M,,https://data.stats.gov.cn/dg/website/publicrelease/web/external/stream/esData,上海；原指标 新建商品住宅销售价格指数 (上年同月=100)；原值 104.2 减100得到涨跌幅；2011年前调查方法单列
housing_shanghai_new_yoy,CHN,2026-02,4.2,%,M,,https://data.stats.gov.cn/dg/website/publicrelease/web/external/stream/esData,上海；原指标 新建商品住宅销售价格指数 (上年同月=100)；原值 104.2 减100得到涨跌幅；2011年前调查方法单列
housing_shanghai_new_yoy,CHN,2026-03,3.7,%,M,,https://data.stats.gov.cn/dg/website/publicrelease/web/external/stream/esData,上海；原指标 新建商品住宅销售价格指数 (上年同月=100)；原值 103.7 减100得到涨跌幅；2011年前调查方法单列
housing_shanghai_new_yoy,CHN,2026-04,3.7,%,M,,https://data.stats.gov.cn/dg/website/publicrelease/web/external/stream/esData,上海；原指标 新建商品住宅销售价格指数 (上年同月=100)；原值 103.7 减100得到涨跌幅；2011年前调查方法单列
housing_shanghai_new_yoy,CHN,2026-05,3.2,%,M,,https://data.stats.gov.cn/dg/website/publicrelease/web/external/stream/esData,上海；原指标 新建商品住宅销售价格指数 (上年同月=100)；原值 103.2 减100得到涨跌幅；2011年前调查方法单列
housing_shanghai_new_yoy,CHN,2026-06,3.1,%,M,,https://data.stats.gov.cn/dg/website/publicrelease/web/external/stream/esData,上海；原指标 新建商品住宅销售价格指数 (上年同月=100)；原值 103.1 减100得到涨跌幅；2011年前调查方法单列
housing_shanghai_new_yoy,CHN,2026-07,3.0,%,M,,https://data.stats.gov.cn/dg/website/publicrelease/web/external/stream/esData,上海；原指标 新建商品住宅销售价格指数 (上年同月=100)；原值 103.0 减100得到涨跌幅；2011年前调查方法单列
housing_shanghai_new_yoy,CHN,2026-08,3.0,%,M,,https://data.stats.gov.cn/dg/website/publicrelease/web/external/stream/esData,上海；原指标 新建商品住宅销售价格指数 (上年同月=100)；原值 103.0 减100得到涨跌幅；2011年前调查方法单列
housing_shanghai_new_yoy_legacy,CHN,2006-01,-3.1,%,M,,https://data.stats.gov.cn/dg/website/publicrelease/web/external/stream/esData,上海；原指标 新建商品住宅销售价格指数 (上年同月=100)；原值 96.9 减100得到涨跌幅；2011年前调查方法单列
housing_shanghai_new_yoy_legacy,CHN,2006-02,-4.1,%,M,,https://data.stats.gov.cn/dg/website/publicrelease/web/external/stream/esData,上海；原指标 新建商品住宅销售价格指数 (上年同月=100)；原值 95.9 减100得到涨跌幅；2011年前调查方法单列
housing_shanghai_new_yoy_legacy,CHN,2006-03,-6.0,%,M,,https://data.stats.gov.cn/dg/website/publicrelease/web/external/stream/esData,上海；原指标 新建商品住宅销售价格指数 (上年同月=100)；原值 94.0 减100得到涨跌幅；2011年前调查方法单列
housing_shanghai_new_yoy_legacy,CHN,2006-04,-6.2,%,M,,https://data.stats.gov.cn/dg/website/publicrelease/web/external/stream/esData,上海；原指标 新建商品住宅销售价格指数 (上年同月=100)；原值 93.8 减100得到涨跌幅；2011年前调查方法单列
housing_shanghai_new_yoy_legacy,CHN,2006-05,-6.2,%,M,,https://data.stats.gov.cn/dg/website/publicrelease/web/external/stream/esData,上海；原指标 新建商品住宅销售价格指数 (上年同月=100)；原值 93.8 减100得到涨跌幅；2011年前调查方法单列
housing_shanghai_new_yoy_legacy,CHN,2006-06,-5.4,%,M,,https://data.stats.gov.cn/dg/website/publicrelease/web/external/stream/esData,上海；原指标 新建商品住宅销售价格指数 (上年同月=100)；原值 94.6 减100得到涨跌幅；2011年前调查方法单列
housing_shanghai_new_yoy_legacy,CHN,2006-07,-3.5,%,M,,https://data.stats.gov.cn/dg/website/publicrelease/web/external/stream/esData,上海；原指标 新建商品住宅销售价格指数 (上年同月=100)；原值 96.5 减100得到涨跌幅；2011年前调查方法单列
housing_shanghai_new_yoy_legacy,CHN,2006-08,-2.2,%,M,,https://data.stats.gov.cn/dg/website/publicrelease/web/external/stream/esData,上海；原指标 新建商品住宅销售价格指数 (上年同月=100)；原值 97.8 减100得到涨跌幅；2011年前调查方法单列
housing_shanghai_new_yoy_legacy,CHN,2006-09,-1.3,%,M,,https://data.stats.gov.cn/dg/website/publicrelease/web/external/stream/esData,上海；原指标 新建商品住宅销售价格指数 (上年同月=100)；原值 98.7 减100得到涨跌幅；2011年前调查方法单列
housing_shanghai_new_yoy_legacy,CHN,2006-10,-0.6,%,M,,https://data.stats.gov.cn/dg/website/publicrelease/web/external/stream/esData,上海；原指标 新建商品住宅销售价格指数 (上年同月=100)；原值 99.4 减100得到涨跌幅；2011年前调查方法单列
housing_shanghai_new_yoy_legacy,CHN,2006-11,-0.1,%,M,,https://data.stats.gov.cn/dg/website/publicrelease/web/external/stream/esData,上海；原指标 新建商品住宅销售价格指数 (上年同月=100)；原值 99.9 减100得到涨跌幅；2011年前调查方法单列
housing_shanghai_new_yoy_legacy,CHN,2006-12,-0.1,%,M,,https://data.stats.gov.cn/dg/website/publicrelease/web/external/stream/esData,上海；原指标 新建商品住宅销售价格指数 (上年同月=100)；原值 99.9 减100得到涨跌幅；2011年前调查方法单列
housing_shanghai_new_yoy_legacy,CHN,2007-01,-0.1,%,M,,https://data.stats.gov.cn/dg/website/publicrelease/web/external/stream/esData,上海；原指标 新建商品住宅销售价格指数 (上年同月=100)；原值 99.9 减100得到涨跌幅；2011年前调查方法单列
housing_shanghai_new_yoy_legacy,CHN,2007-02,0.1,%,M,,https://data.stats.gov.cn/dg/website/publicrelease/web/external/stream/esData,上海；原指标 新建商品住宅销售价格指数 (上年同月=100)；原值 100.1 减100得到涨跌幅；2011年前调查方法单列
housing_shanghai_new_yoy_legacy,CHN,2007-03,0.2,%,M,,https://data.stats.gov.cn/dg/website/publicrelease/web/external/stream/esData,上海；原指标 新建商品住宅销售价格指数 (上年同月=100)；原值 100.2 减100得到涨跌幅；2011年前调查方法单列
housing_shanghai_new_yoy_legacy,CHN,2007-04,0.3,%,M,,https://data.stats.gov.cn/dg/website/publicrelease/web/external/stream/esData,上海；原指标 新建商品住宅销售价格指数 (上年同月=100)；原值 100.3 减100得到涨跌幅；2011年前调查方法单列
housing_shanghai_new_yoy_legacy,CHN,2007-05,0.3,%,M,,https://data.stats.gov.cn/dg/website/publicrelease/web/external/stream/esData,上海；原指标 新建商品住宅销售价格指数 (上年同月=100)；原值 100.3 减100得到涨跌幅；2011年前调查方法单列
housing_shanghai_new_yoy_legacy,CHN,2007-06,0.9,%,M,,https://data.stats.gov.cn/dg/website/publicrelease/web/external/stream/esData,上海；原指标 新建商品住宅销售价格指数 (上年同月=100)；原值 100.9 减100得到涨跌幅；2011年前调查方法单列
housing_shanghai_new_yoy_legacy,CHN,2007-07,2.0,%,M,,https://data.stats.gov.cn/dg/website/publicrelease/web/external/stream/esData,上海；原指标 新建商品住宅销售价格指数 (上年同月=100)；原值 102.0 减100得到涨跌幅；2011年前调查方法单列
housing_shanghai_new_yoy_legacy,CHN,2007-08,3.7,%,M,,https://data.stats.gov.cn/dg/website/publicrelease/web/external/stream/esData,上海；原指标 新建商品住宅销售价格指数 (上年同月=100)；原值 103.7 减100得到涨跌幅；2011年前调查方法单列
housing_shanghai_new_yoy_legacy,CHN,2007-09,6.2,%,M,,https://data.stats.gov.cn/dg/website/publicrelease/web/external/stream/esData,上海；原指标 新建商品住宅销售价格指数 (上年同月=100)；原值 106.2 减100得到涨跌幅；2011年前调查方法单列
housing_shanghai_new_yoy_legacy,CHN,2007-10,8.3,%,M,,https://data.stats.gov.cn/dg/website/publicrelease/web/external/stream/esData,上海；原指标 新建商品住宅销售价格指数 (上年同月=100)；原值 108.3 减100得到涨跌幅；2011年前调查方法单列
housing_shanghai_new_yoy_legacy,CHN,2007-11,9.0,%,M,,https://data.stats.gov.cn/dg/website/publicrelease/web/external/stream/esData,上海；原指标 新建商品住宅销售价格指数 (上年同月=100)；原值 109.0 减100得到涨跌幅；2011年前调查方法单列
housing_shanghai_new_yoy_legacy,CHN,2007-12,9.3,%,M,,https://data.stats.gov.cn/dg/website/publicrelease/web/external/stream/esData,上海；原指标 新建商品住宅销售价格指数 (上年同月=100)；原值 109.3 减100得到涨跌幅；2011年前调查方法单列
housing_shanghai_new_yoy_legacy,CHN,2008-01,10.1,%,M,,https://data.stats.gov.cn/dg/website/publicrelease/web/external/stream/esData,上海；原指标 新建商品住宅销售价格指数 (上年同月=100)；原值 110.1 减100得到涨跌幅；2011年前调查方法单列
housing_shanghai_new_yoy_legacy,CHN,2008-02,10.0,%,M,,https://data.stats.gov.cn/dg/website/publicrelease/web/external/stream/esData,上海；原指标 新建商品住宅销售价格指数 (上年同月=100)；原值 110.0 减100得到涨跌幅；2011年前调查方法单列
housing_shanghai_new_yoy_legacy,CHN,2008-03,9.9,%,M,,https://data.stats.gov.cn/dg/website/publicrelease/web/external/stream/esData,上海；原指标 新建商品住宅销售价格指数 (上年同月=100)；原值 109.9 减100得到涨跌幅；2011年前调查方法单列
housing_shanghai_new_yoy_legacy,CHN,2008-04,9.8,%,M,,https://data.stats.gov.cn/dg/website/publicrelease/web/external/stream/esData,上海；原指标 新建商品住宅销售价格指数 (上年同月=100)；原值 109.8 减100得到涨跌幅；2011年前调查方法单列
housing_shanghai_new_yoy_legacy,CHN,2008-05,9.6,%,M,,https://data.stats.gov.cn/dg/website/publicrelease/web/external/stream/esData,上海；原指标 新建商品住宅销售价格指数 (上年同月=100)；原值 109.6 减100得到涨跌幅；2011年前调查方法单列
housing_shanghai_new_yoy_legacy,CHN,2008-06,8.8,%,M,,https://data.stats.gov.cn/dg/website/publicrelease/web/external/stream/esData,上海；原指标 新建商品住宅销售价格指数 (上年同月=100)；原值 108.8 减100得到涨跌幅；2011年前调查方法单列
housing_shanghai_new_yoy_legacy,CHN,2008-07,7.3,%,M,,https://data.stats.gov.cn/dg/website/publicrelease/web/external/stream/esData,上海；原指标 新建商品住宅销售价格指数 (上年同月=100)；原值 107.3 减100得到涨跌幅；2011年前调查方法单列
housing_shanghai_new_yoy_legacy,CHN,2008-08,5.4,%,M,,https://data.stats.gov.cn/dg/website/publicrelease/web/external/stream/esData,上海；原指标 新建商品住宅销售价格指数 (上年同月=100)；原值 105.4 减100得到涨跌幅；2011年前调查方法单列
housing_shanghai_new_yoy_legacy,CHN,2008-09,1.9,%,M,,https://data.stats.gov.cn/dg/website/publicrelease/web/external/stream/esData,上海；原指标 新建商品住宅销售价格指数 (上年同月=100)；原值 101.9 减100得到涨跌幅；2011年前调查方法单列
housing_shanghai_new_yoy_legacy,CHN,2008-10,-0.3,%,M,,https://data.stats.gov.cn/dg/website/publicrelease/web/external/stream/esData,上海；原指标 新建商品住宅销售价格指数 (上年同月=100)；原值 99.7 减100得到涨跌幅；2011年前调查方法单列
housing_shanghai_new_yoy_legacy,CHN,2008-11,-1.4,%,M,,https://data.stats.gov.cn/dg/website/publicrelease/web/external/stream/esData,上海；原指标 新建商品住宅销售价格指数 (上年同月=100)；原值 98.6 减100得到涨跌幅；2011年前调查方法单列
housing_shanghai_new_yoy_legacy,CHN,2008-12,-1.9,%,M,,https://data.stats.gov.cn/dg/website/publicrelease/web/external/stream/esData,上海；原指标 新建商品住宅销售价格指数 (上年同月=100)；原值 98.1 减100得到涨跌幅；2011年前调查方法单列
housing_shanghai_new_yoy_legacy,CHN,2009-01,-2.7,%,M,,https://data.stats.gov.cn/dg/website/publicrelease/web/external/stream/esData,上海；原指标 新建商品住宅销售价格指数 (上年同月=100)；原值 97.3 减100得到涨跌幅；2011年前调查方法单列
housing_shanghai_new_yoy_legacy,CHN,2009-02,-2.6,%,M,,https://data.stats.gov.cn/dg/website/publicrelease/web/external/stream/esData,上海；原指标 新建商品住宅销售价格指数 (上年同月=100)；原值 97.4 减100得到涨跌幅；2011年前调查方法单列
housing_shanghai_new_yoy_legacy,CHN,2009-03,-2.7,%,M,,https://data.stats.gov.cn/dg/website/publicrelease/web/external/stream/esData,上海；原指标 新建商品住宅销售价格指数 (上年同月=100)；原值 97.3 减100得到涨跌幅；2011年前调查方法单列
housing_shanghai_new_yoy_legacy,CHN,2009-04,-2.7,%,M,,https://data.stats.gov.cn/dg/website/publicrelease/web/external/stream/esData,上海；原指标 新建商品住宅销售价格指数 (上年同月=100)；原值 97.3 减100得到涨跌幅；2011年前调查方法单列
housing_shanghai_new_yoy_legacy,CHN,2009-05,-2.3,%,M,,https://data.stats.gov.cn/dg/website/publicrelease/web/external/stream/esData,上海；原指标 新建商品住宅销售价格指数 (上年同月=100)；原值 97.7 减100得到涨跌幅；2011年前调查方法单列
housing_shanghai_new_yoy_legacy,CHN,2009-06,-1.2,%,M,,https://data.stats.gov.cn/dg/website/publicrelease/web/external/stream/esData,上海；原指标 新建商品住宅销售价格指数 (上年同月=100)；原值 98.8 减100得到涨跌幅；2011年前调查方法单列
housing_shanghai_new_yoy_legacy,CHN,2009-07,-0.1,%,M,,https://data.stats.gov.cn/dg/website/publicrelease/web/external/stream/esData,上海；原指标 新建商品住宅销售价格指数 (上年同月=100)；原值 99.9 减100得到涨跌幅；2011年前调查方法单列
housing_shanghai_new_yoy_legacy,CHN,2009-08,1.4,%,M,,https://data.stats.gov.cn/dg/website/publicrelease/web/external/stream/esData,上海；原指标 新建商品住宅销售价格指数 (上年同月=100)；原值 101.4 减100得到涨跌幅；2011年前调查方法单列
housing_shanghai_new_yoy_legacy,CHN,2009-09,3.3,%,M,,https://data.stats.gov.cn/dg/website/publicrelease/web/external/stream/esData,上海；原指标 新建商品住宅销售价格指数 (上年同月=100)；原值 103.3 减100得到涨跌幅；2011年前调查方法单列
housing_shanghai_new_yoy_legacy,CHN,2009-10,5.6,%,M,,https://data.stats.gov.cn/dg/website/publicrelease/web/external/stream/esData,上海；原指标 新建商品住宅销售价格指数 (上年同月=100)；原值 105.6 减100得到涨跌幅；2011年前调查方法单列
housing_shanghai_new_yoy_legacy,CHN,2009-11,7.4,%,M,,https://data.stats.gov.cn/dg/website/publicrelease/web/external/stream/esData,上海；原指标 新建商品住宅销售价格指数 (上年同月=100)；原值 107.4 减100得到涨跌幅；2011年前调查方法单列
housing_shanghai_new_yoy_legacy,CHN,2009-12,9.2,%,M,,https://data.stats.gov.cn/dg/website/publicrelease/web/external/stream/esData,上海；原指标 新建商品住宅销售价格指数 (上年同月=100)；原值 109.2 减100得到涨跌幅；2011年前调查方法单列
housing_shanghai_new_yoy_legacy,CHN,2010-01,10.2,%,M,,https://data.stats.gov.cn/dg/website/publicrelease/web/external/stream/esData,上海；原指标 新建商品住宅销售价格指数 (上年同月=100)；原值 110.2 减100得到涨跌幅；2011年前调查方法单列
housing_shanghai_new_yoy_legacy,CHN,2010-02,10.3,%,M,,https://data.stats.gov.cn/dg/website/publicrelease/web/external/stream/esData,上海；原指标 新建商品住宅销售价格指数 (上年同月=100)；原值 110.3 减100得到涨跌幅；2011年前调查方法单列
housing_shanghai_new_yoy_legacy,CHN,2010-03,11.2,%,M,,https://data.stats.gov.cn/dg/website/publicrelease/web/external/stream/esData,上海；原指标 新建商品住宅销售价格指数 (上年同月=100)；原值 111.2 减100得到涨跌幅；2011年前调查方法单列
housing_shanghai_new_yoy_legacy,CHN,2010-04,12.0,%,M,,https://data.stats.gov.cn/dg/website/publicrelease/web/external/stream/esData,上海；原指标 新建商品住宅销售价格指数 (上年同月=100)；原值 112.0 减100得到涨跌幅；2011年前调查方法单列
housing_shanghai_new_yoy_legacy,CHN,2010-05,11.5,%,M,,https://data.stats.gov.cn/dg/website/publicrelease/web/external/stream/esData,上海；原指标 新建商品住宅销售价格指数 (上年同月=100)；原值 111.5 减100得到涨跌幅；2011年前调查方法单列
housing_shanghai_new_yoy_legacy,CHN,2010-06,9.5,%,M,,https://data.stats.gov.cn/dg/website/publicrelease/web/external/stream/esData,上海；原指标 新建商品住宅销售价格指数 (上年同月=100)；原值 109.5 减100得到涨跌幅；2011年前调查方法单列
housing_shanghai_new_yoy_legacy,CHN,2010-07,8.0,%,M,,https://data.stats.gov.cn/dg/website/publicrelease/web/external/stream/esData,上海；原指标 新建商品住宅销售价格指数 (上年同月=100)；原值 108.0 减100得到涨跌幅；2011年前调查方法单列
housing_shanghai_new_yoy_legacy,CHN,2010-08,6.3,%,M,,https://data.stats.gov.cn/dg/website/publicrelease/web/external/stream/esData,上海；原指标 新建商品住宅销售价格指数 (上年同月=100)；原值 106.3 减100得到涨跌幅；2011年前调查方法单列
housing_shanghai_new_yoy_legacy,CHN,2010-09,4.9,%,M,,https://data.stats.gov.cn/dg/website/publicrelease/web/external/stream/esData,上海；原指标 新建商品住宅销售价格指数 (上年同月=100)；原值 104.9 减100得到涨跌幅；2011年前调查方法单列
housing_shanghai_new_yoy_legacy,CHN,2010-10,3.3,%,M,,https://data.stats.gov.cn/dg/website/publicrelease/web/external/stream/esData,上海；原指标 新建商品住宅销售价格指数 (上年同月=100)；原值 103.3 减100得到涨跌幅；2011年前调查方法单列
housing_shanghai_new_yoy_legacy,CHN,2010-11,2.3,%,M,,https://data.stats.gov.cn/dg/website/publicrelease/web/external/stream/esData,上海；原指标 新建商品住宅销售价格指数 (上年同月=100)；原值 102.3 减100得到涨跌幅；2011年前调查方法单列
housing_shanghai_new_yoy_legacy,CHN,2010-12,1.3,%,M,,https://data.stats.gov.cn/dg/website/publicrelease/web/external/stream/esData,上海；原指标 新建商品住宅销售价格指数 (上年同月=100)；原值 101.3 减100得到涨跌幅；2011年前调查方法单列
housing_shanghai_used_mom,CHN,2011-01,0.5,%,M,,https://data.stats.gov.cn/dg/website/publicrelease/web/external/stream/esData,上海；原指标 二手住宅销售价格指数 (上月=100)；原值 100.5 减100得到涨跌幅；2011年前调查方法单列
housing_shanghai_used_mom,CHN,2011-02,0.4,%,M,,https://data.stats.gov.cn/dg/website/publicrelease/web/external/stream/esData,上海；原指标 二手住宅销售价格指数 (上月=100)；原值 100.4 减100得到涨跌幅；2011年前调查方法单列
housing_shanghai_used_mom,CHN,2011-03,0.4,%,M,,https://data.stats.gov.cn/dg/website/publicrelease/web/external/stream/esData,上海；原指标 二手住宅销售价格指数 (上月=100)；原值 100.4 减100得到涨跌幅；2011年前调查方法单列
housing_shanghai_used_mom,CHN,2011-04,0.6,%,M,,https://data.stats.gov.cn/dg/website/publicrelease/web/external/stream/esData,上海；原指标 二手住宅销售价格指数 (上月=100)；原值 100.6 减100得到涨跌幅；2011年前调查方法单列
housing_shanghai_used_mom,CHN,2011-05,0.2,%,M,,https://data.stats.gov.cn/dg/website/publicrelease/web/external/stream/esData,上海；原指标 二手住宅销售价格指数 (上月=100)；原值 100.2 减100得到涨跌幅；2011年前调查方法单列
housing_shanghai_used_mom,CHN,2011-06,0.2,%,M,,https://data.stats.gov.cn/dg/website/publicrelease/web/external/stream/esData,上海；原指标 二手住宅销售价格指数 (上月=100)；原值 100.2 减100得到涨跌幅；2011年前调查方法单列
housing_shanghai_used_mom,CHN,2011-07,0.3,%,M,,https://data.stats.gov.cn/dg/website/publicrelease/web/external/stream/esData,上海；原指标 二手住宅销售价格指数 (上月=100)；原值 100.3 减100得到涨跌幅；2011年前调查方法单列
housing_shanghai_used_mom,CHN,2011-08,0.1,%,M,,https://data.stats.gov.cn/dg/website/publicrelease/web/external/stream/esData,上海；原指标 二手住宅销售价格指数 (上月=100)；原值 100.1 减100得到涨跌幅；2011年前调查方法单列
housing_shanghai_used_mom,CHN,2011-09,0.1,%,M,,https://data.stats.gov.cn/dg/website/publicrelease/web/external/stream/esData,上海；原指标 二手住宅销售价格指数 (上月=100)；原值 100.1 减100得到涨跌幅；2011年前调查方法单列
housing_shanghai_used_mom,CHN,2011-10,-0.2,%,M,,https://data.stats.gov.cn/dg/website/publicrelease/web/external/stream/esData,上海；原指标 二手住宅销售价格指数 (上月=100)；原值 99.8 减100得到涨跌幅；2011年前调查方法单列
housing_shanghai_used_mom,CHN,2011-11,-0.5,%,M,,https://data.stats.gov.cn/dg/website/publicrelease/web/external/stream/esData,上海；原指标 二手住宅销售价格指数 (上月=100)；原值 99.5 减100得到涨跌幅；2011年前调查方法单列
housing_shanghai_used_mom,CHN,2011-12,-0.4,%,M,,https://data.stats.gov.cn/dg/website/publicrelease/web/external/stream/esData,上海；原指标 二手住宅销售价格指数 (上月=100)；原值 99.6 减100得到涨跌幅；2011年前调查方法单列
housing_shanghai_used_mom,CHN,2012-01,-0.7,%,M,,https://data.stats.gov.cn/dg/website/publicrelease/web/external/stream/esData,上海；原指标 二手住宅销售价格指数 (上月=100)；原值 99.3 减100得到涨跌幅；2011年前调查方法单列
housing_shanghai_used_mom,CHN,2012-02,-0.3,%,M,,https://data.stats.gov.cn/dg/website/publicrelease/web/external/stream/esData,上海；原指标 二手住宅销售价格指数 (上月=100)；原值 99.7 减100得到涨跌幅；2011年前调查方法单列
housing_shanghai_used_mom,CHN,2012-03,-0.5,%,M,,https://data.stats.gov.cn/dg/website/publicrelease/web/external/stream/esData,上海；原指标 二手住宅销售价格指数 (上月=100)；原值 99.5 减100得到涨跌幅；2011年前调查方法单列
housing_shanghai_used_mom,CHN,2012-04,0.1,%,M,,https://data.stats.gov.cn/dg/website/publicrelease/web/external/stream/esData,上海；原指标 二手住宅销售价格指数 (上月=100)；原值 100.1 减100得到涨跌幅；2011年前调查方法单列
housing_shanghai_used_mom,CHN,2012-05,0.3,%,M,,https://data.stats.gov.cn/dg/website/publicrelease/web/external/stream/esData,上海；原指标 二手住宅销售价格指数 (上月=100)；原值 100.3 减100得到涨跌幅；2011年前调查方法单列
housing_shanghai_used_mom,CHN,2012-06,0.2,%,M,,https://data.stats.gov.cn/dg/website/publicrelease/web/external/stream/esData,上海；原指标 二手住宅销售价格指数 (上月=100)；原值 100.2 减100得到涨跌幅；2011年前调查方法单列
housing_shanghai_used_mom,CHN,2012-07,0.2,%,M,,https://data.stats.gov.cn/dg/website/publicrelease/web/external/stream/esData,上海；原指标 二手住宅销售价格指数 (上月=100)；原值 100.2 减100得到涨跌幅；2011年前调查方法单列
housing_shanghai_used_mom,CHN,2012-08,0.3,%,M,,https://data.stats.gov.cn/dg/website/publicrelease/web/external/stream/esData,上海；原指标 二手住宅销售价格指数 (上月=100)；原值 100.3 减100得到涨跌幅；2011年前调查方法单列
housing_shanghai_used_mom,CHN,2012-09,0.2,%,M,,https://data.stats.gov.cn/dg/website/publicrelease/web/external/stream/esData,上海；原指标 二手住宅销售价格指数 (上月=100)；原值 100.2 减100得到涨跌幅；2011年前调查方法单列
housing_shanghai_used_mom,CHN,2012-10,0.2,%,M,,https://data.stats.gov.cn/dg/website/publicrelease/web/external/stream/esData,上海；原指标 二手住宅销售价格指数 (上月=100)；原值 100.2 减100得到涨跌幅；2011年前调查方法单列
housing_shanghai_used_mom,CHN,2012-11,0.2,%,M,,https://data.stats.gov.cn/dg/website/publicrelease/web/external/stream/esData,上海；原指标 二手住宅销售价格指数 (上月=100)；原值 100.2 减100得到涨跌幅；2011年前调查方法单列
housing_shanghai_used_mom,CHN,2012-12,0.4,%,M,,https://data.stats.gov.cn/dg/website/publicrelease/web/external/stream/esData,上海；原指标 二手住宅销售价格指数 (上月=100)；原值 100.4 减100得到涨跌幅；2011年前调查方法单列
housing_shanghai_used_mom,CHN,2013-01,0.8,%,M,,https://data.stats.gov.cn/dg/website/publicrelease/web/external/stream/esData,上海；原指标 二手住宅销售价格指数 (上月=100)；原值 100.8 减100得到涨跌幅；2011年前调查方法单列
housing_shanghai_used_mom,CHN,2013-02,1.6,%,M,,https://data.stats.gov.cn/dg/website/publicrelease/web/external/stream/esData,上海；原指标 二手住宅销售价格指数 (上月=100)；原值 101.6 减100得到涨跌幅；2011年前调查方法单列
housing_shanghai_used_mom,CHN,2013-03,2.6,%,M,,https://data.stats.gov.cn/dg/website/publicrelease/web/external/stream/esData,上海；原指标 二手住宅销售价格指数 (上月=100)；原值 102.6 减100得到涨跌幅；2011年前调查方法单列
housing_shanghai_used_mom,CHN,2013-04,1.3,%,M,,https://data.stats.gov.cn/dg/website/publicrelease/web/external/stream/esData,上海；原指标 二手住宅销售价格指数 (上月=100)；原值 101.3 减100得到涨跌幅；2011年前调查方法单列
housing_shanghai_used_mom,CHN,2013-05,0.9,%,M,,https://data.stats.gov.cn/dg/website/publicrelease/web/external/stream/esData,上海；原指标 二手住宅销售价格指数 (上月=100)；原值 100.9 减100得到涨跌幅；2011年前调查方法单列
housing_shanghai_used_mom,CHN,2013-06,1.1,%,M,,https://data.stats.gov.cn/dg/website/publicrelease/web/external/stream/esData,上海；原指标 二手住宅销售价格指数 (上月=100)；原值 101.1 减100得到涨跌幅；2011年前调查方法单列
housing_shanghai_used_mom,CHN,2013-07,0.8,%,M,,https://data.stats.gov.cn/dg/website/publicrelease/web/external/stream/esData,上海；原指标 二手住宅销售价格指数 (上月=100)；原值 100.8 减100得到涨跌幅；2011年前调查方法单列
housing_shanghai_used_mom,CHN,2013-08,0.8,%,M,,https://data.stats.gov.cn/dg/website/publicrelease/web/external/stream/esData,上海；原指标 二手住宅销售价格指数 (上月=100)；原值 100.8 减100得到涨跌幅；2011年前调查方法单列
housing_shanghai_used_mom,CHN,2013-09,1.0,%,M,,https://data.stats.gov.cn/dg/website/publicrelease/web/external/stream/esData,上海；原指标 二手住宅销售价格指数 (上月=100)；原值 101.0 减100得到涨跌幅；2011年前调查方法单列
housing_shanghai_used_mom,CHN,2013-10,0.9,%,M,,https://data.stats.gov.cn/dg/website/publicrelease/web/external/stream/esData,上海；原指标 二手住宅销售价格指数 (上月=100)；原值 100.9 减100得到涨跌幅；2011年前调查方法单列
housing_shanghai_used_mom,CHN,2013-11,0.7,%,M,,https://data.stats.gov.cn/dg/website/publicrelease/web/external/stream/esData,上海；原指标 二手住宅销售价格指数 (上月=100)；原值 100.7 减100得到涨跌幅；2011年前调查方法单列
housing_shanghai_used_mom,CHN,2013-12,0.5,%,M,,https://data.stats.gov.cn/dg/website/publicrelease/web/external/stream/esData,上海；原指标 二手住宅销售价格指数 (上月=100)；原值 100.5 减100得到涨跌幅；2011年前调查方法单列
housing_shanghai_used_mom,CHN,2014-01,0.1,%,M,,https://data.stats.gov.cn/dg/website/publicrelease/web/external/stream/esData,上海；原指标 二手住宅销售价格指数 (上月=100)；原值 100.1 减100得到涨跌幅；2011年前调查方法单列
housing_shanghai_used_mom,CHN,2014-02,0.6,%,M,,https://data.stats.gov.cn/dg/website/publicrelease/web/external/stream/esData,上海；原指标 二手住宅销售价格指数 (上月=100)；原值 100.6 减100得到涨跌幅；2011年前调查方法单列
housing_shanghai_used_mom,CHN,2014-03,0.2,%,M,,https://data.stats.gov.cn/dg/website/publicrelease/web/external/stream/esData,上海；原指标 二手住宅销售价格指数 (上月=100)；原值 100.2 减100得到涨跌幅；2011年前调查方法单列
housing_shanghai_used_mom,CHN,2014-04,0.0,%,M,,https://data.stats.gov.cn/dg/website/publicrelease/web/external/stream/esData,上海；原指标 二手住宅销售价格指数 (上月=100)；原值 100.0 减100得到涨跌幅；2011年前调查方法单列
housing_shanghai_used_mom,CHN,2014-05,-0.2,%,M,,https://data.stats.gov.cn/dg/website/publicrelease/web/external/stream/esData,上海；原指标 二手住宅销售价格指数 (上月=100)；原值 99.8 减100得到涨跌幅；2011年前调查方法单列
housing_shanghai_used_mom,CHN,2014-06,-0.7,%,M,,https://data.stats.gov.cn/dg/website/publicrelease/web/external/stream/esData,上海；原指标 二手住宅销售价格指数 (上月=100)；原值 99.3 减100得到涨跌幅；2011年前调查方法单列
housing_shanghai_used_mom,CHN,2014-07,-0.9,%,M,,https://data.stats.gov.cn/dg/website/publicrelease/web/external/stream/esData,上海；原指标 二手住宅销售价格指数 (上月=100)；原值 99.1 减100得到涨跌幅；2011年前调查方法单列
housing_shanghai_used_mom,CHN,2014-08,-0.7,%,M,,https://data.stats.gov.cn/dg/website/publicrelease/web/external/stream/esData,上海；原指标 二手住宅销售价格指数 (上月=100)；原值 99.3 减100得到涨跌幅；2011年前调查方法单列
housing_shanghai_used_mom,CHN,2014-09,-0.8,%,M,,https://data.stats.gov.cn/dg/website/publicrelease/web/external/stream/esData,上海；原指标 二手住宅销售价格指数 (上月=100)；原值 99.2 减100得到涨跌幅；2011年前调查方法单列
housing_shanghai_used_mom,CHN,2014-10,0.0,%,M,,https://data.stats.gov.cn/dg/website/publicrelease/web/external/stream/esData,上海；原指标 二手住宅销售价格指数 (上月=100)；原值 100.0 减100得到涨跌幅；2011年前调查方法单列
housing_shanghai_used_mom,CHN,2014-11,0.0,%,M,,https://data.stats.gov.cn/dg/website/publicrelease/web/external/stream/esData,上海；原指标 二手住宅销售价格指数 (上月=100)；原值 100.0 减100得到涨跌幅；2011年前调查方法单列
housing_shanghai_used_mom,CHN,2014-12,0.4,%,M,,https://data.stats.gov.cn/dg/website/publicrelease/web/external/stream/esData,上海；原指标 二手住宅销售价格指数 (上月=100)；原值 100.4 减100得到涨跌幅；2011年前调查方法单列
housing_shanghai_used_mom,CHN,2015-01,0.3,%,M,,https://data.stats.gov.cn/dg/website/publicrelease/web/external/stream/esData,上海；原指标 二手住宅销售价格指数 (上月=100)；原值 100.3 减100得到涨跌幅；2011年前调查方法单列
housing_shanghai_used_mom,CHN,2015-02,0.1,%,M,,https://data.stats.gov.cn/dg/website/publicrelease/web/external/stream/esData,上海；原指标 二手住宅销售价格指数 (上月=100)；原值 100.1 减100得到涨跌幅；2011年前调查方法单列
housing_shanghai_used_mom,CHN,2015-03,0.0,%,M,,https://data.stats.gov.cn/dg/website/publicrelease/web/external/stream/esData,上海；原指标 二手住宅销售价格指数 (上月=100)；原值 100.0 减100得到涨跌幅；2011年前调查方法单列
housing_shanghai_used_mom,CHN,2015-04,0.6,%,M,,https://data.stats.gov.cn/dg/website/publicrelease/web/external/stream/esData,上海；原指标 二手住宅销售价格指数 (上月=100)；原值 100.6 减100得到涨跌幅；2011年前调查方法单列
housing_shanghai_used_mom,CHN,2015-05,2.2,%,M,,https://data.stats.gov.cn/dg/website/publicrelease/web/external/stream/esData,上海；原指标 二手住宅销售价格指数 (上月=100)；原值 102.2 减100得到涨跌幅；2011年前调查方法单列
housing_shanghai_used_mom,CHN,2015-06,1.2,%,M,,https://data.stats.gov.cn/dg/website/publicrelease/web/external/stream/esData,上海；原指标 二手住宅销售价格指数 (上月=100)；原值 101.2 减100得到涨跌幅；2011年前调查方法单列
housing_shanghai_used_mom,CHN,2015-07,1.6,%,M,,https://data.stats.gov.cn/dg/website/publicrelease/web/external/stream/esData,上海；原指标 二手住宅销售价格指数 (上月=100)；原值 101.6 减100得到涨跌幅；2011年前调查方法单列
housing_shanghai_used_mom,CHN,2015-08,1.1,%,M,,https://data.stats.gov.cn/dg/website/publicrelease/web/external/stream/esData,上海；原指标 二手住宅销售价格指数 (上月=100)；原值 101.1 减100得到涨跌幅；2011年前调查方法单列
housing_shanghai_used_mom,CHN,2015-09,1.0,%,M,,https://data.stats.gov.cn/dg/website/publicrelease/web/external/stream/esData,上海；原指标 二手住宅销售价格指数 (上月=100)；原值 101.0 减100得到涨跌幅；2011年前调查方法单列
housing_shanghai_used_mom,CHN,2015-10,0.8,%,M,,https://data.stats.gov.cn/dg/website/publicrelease/web/external/stream/esData,上海；原指标 二手住宅销售价格指数 (上月=100)；原值 100.8 减100得到涨跌幅；2011年前调查方法单列
housing_shanghai_used_mom,CHN,2015-11,1.0,%,M,,https://data.stats.gov.cn/dg/website/publicrelease/web/external/stream/esData,上海；原指标 二手住宅销售价格指数 (上月=100)；原值 101.0 减100得到涨跌幅；2011年前调查方法单列
housing_shanghai_used_mom,CHN,2015-12,1.2,%,M,,https://data.stats.gov.cn/dg/website/publicrelease/web/external/stream/esData,上海；原指标 二手住宅销售价格指数 (上月=100)；原值 101.2 减100得到涨跌幅；2011年前调查方法单列
housing_shanghai_used_mom,CHN,2016-01,2.7,%,M,,https://data.stats.gov.cn/dg/website/publicrelease/web/external/stream/esData,上海；原指标 二手住宅销售价格指数 (上月=100)；原值 102.7 减100得到涨跌幅；2011年前调查方法单列
housing_shanghai_used_mom,CHN,2016-02,5.3,%,M,,https://data.stats.gov.cn/dg/website/publicrelease/web/external/stream/esData,上海；原指标 二手住宅销售价格指数 (上月=100)；原值 105.3 减100得到涨跌幅；2011年前调查方法单列
housing_shanghai_used_mom,CHN,2016-03,6.2,%,M,,https://data.stats.gov.cn/dg/website/publicrelease/web/external/stream/esData,上海；原指标 二手住宅销售价格指数 (上月=100)；原值 106.2 减100得到涨跌幅；2011年前调查方法单列
housing_shanghai_used_mom,CHN,2016-04,2.5,%,M,,https://data.stats.gov.cn/dg/website/publicrelease/web/external/stream/esData,上海；原指标 二手住宅销售价格指数 (上月=100)；原值 102.5 减100得到涨跌幅；2011年前调查方法单列
housing_shanghai_used_mom,CHN,2016-05,1.4,%,M,,https://data.stats.gov.cn/dg/website/publicrelease/web/external/stream/esData,上海；原指标 二手住宅销售价格指数 (上月=100)；原值 101.4 减100得到涨跌幅；2011年前调查方法单列
housing_shanghai_used_mom,CHN,2016-06,2.2,%,M,,https://data.stats.gov.cn/dg/website/publicrelease/web/external/stream/esData,上海；原指标 二手住宅销售价格指数 (上月=100)；原值 102.2 减100得到涨跌幅；2011年前调查方法单列
housing_shanghai_used_mom,CHN,2016-07,2.0,%,M,,https://data.stats.gov.cn/dg/website/publicrelease/web/external/stream/esData,上海；原指标 二手住宅销售价格指数 (上月=100)；原值 102.0 减100得到涨跌幅；2011年前调查方法单列
housing_shanghai_used_mom,CHN,2016-08,3.7,%,M,,https://data.stats.gov.cn/dg/website/publicrelease/web/external/stream/esData,上海；原指标 二手住宅销售价格指数 (上月=100)；原值 103.7 减100得到涨跌幅；2011年前调查方法单列
housing_shanghai_used_mom,CHN,2016-09,3.4,%,M,,https://data.stats.gov.cn/dg/website/publicrelease/web/external/stream/esData,上海；原指标 二手住宅销售价格指数 (上月=100)；原值 103.4 减100得到涨跌幅；2011年前调查方法单列
housing_shanghai_used_mom,CHN,2016-10,0.3,%,M,,https://data.stats.gov.cn/dg/website/publicrelease/web/external/stream/esData,上海；原指标 二手住宅销售价格指数 (上月=100)；原值 100.3 减100得到涨跌幅；2011年前调查方法单列
housing_shanghai_used_mom,CHN,2016-11,-0.2,%,M,,https://data.stats.gov.cn/dg/website/publicrelease/web/external/stream/esData,上海；原指标 二手住宅销售价格指数 (上月=100)；原值 99.8 减100得到涨跌幅；2011年前调查方法单列
housing_shanghai_used_mom,CHN,2016-12,-0.5,%,M,,https://data.stats.gov.cn/dg/website/publicrelease/web/external/stream/esData,上海；原指标 二手住宅销售价格指数 (上月=100)；原值 99.5 减100得到涨跌幅；2011年前调查方法单列
housing_shanghai_used_mom,CHN,2017-01,-0.4,%,M,,https://data.stats.gov.cn/dg/website/publicrelease/web/external/stream/esData,上海；原指标 二手住宅销售价格指数 (上月=100)；原值 99.6 减100得到涨跌幅；2011年前调查方法单列
housing_shanghai_used_mom,CHN,2017-02,0.2,%,M,,https://data.stats.gov.cn/dg/website/publicrelease/web/external/stream/esData,上海；原指标 二手住宅销售价格指数 (上月=100)；原值 100.2 减100得到涨跌幅；2011年前调查方法单列
housing_shanghai_used_mom,CHN,2017-03,0.7,%,M,,https://data.stats.gov.cn/dg/website/publicrelease/web/external/stream/esData,上海；原指标 二手住宅销售价格指数 (上月=100)；原值 100.7 减100得到涨跌幅；2011年前调查方法单列
housing_shanghai_used_mom,CHN,2017-04,0.8,%,M,,https://data.stats.gov.cn/dg/website/publicrelease/web/external/stream/esData,上海；原指标 二手住宅销售价格指数 (上月=100)；原值 100.8 减100得到涨跌幅；2011年前调查方法单列
housing_shanghai_used_mom,CHN,2017-05,0.0,%,M,,https://data.stats.gov.cn/dg/website/publicrelease/web/external/stream/esData,上海；原指标 二手住宅销售价格指数 (上月=100)；原值 100.0 减100得到涨跌幅；2011年前调查方法单列
housing_shanghai_used_mom,CHN,2017-06,-0.1,%,M,,https://data.stats.gov.cn/dg/website/publicrelease/web/external/stream/esData,上海；原指标 二手住宅销售价格指数 (上月=100)；原值 99.9 减100得到涨跌幅；2011年前调查方法单列
housing_shanghai_used_mom,CHN,2017-07,-0.4,%,M,,https://data.stats.gov.cn/dg/website/publicrelease/web/external/stream/esData,上海；原指标 二手住宅销售价格指数 (上月=100)；原值 99.6 减100得到涨跌幅；2011年前调查方法单列
housing_shanghai_used_mom,CHN,2017-08,-0.2,%,M,,https://data.stats.gov.cn/dg/website/publicrelease/web/external/stream/esData,上海；原指标 二手住宅销售价格指数 (上月=100)；原值 99.8 减100得到涨跌幅；2011年前调查方法单列
housing_shanghai_used_mom,CHN,2017-09,-0.1,%,M,,https://data.stats.gov.cn/dg/website/publicrelease/web/external/stream/esData,上海；原指标 二手住宅销售价格指数 (上月=100)；原值 99.9 减100得到涨跌幅；2011年前调查方法单列
housing_shanghai_used_mom,CHN,2017-10,0.3,%,M,,https://data.stats.gov.cn/dg/website/publicrelease/web/external/stream/esData,上海；原指标 二手住宅销售价格指数 (上月=100)；原值 100.3 减100得到涨跌幅；2011年前调查方法单列
housing_shanghai_used_mom,CHN,2017-11,-0.3,%,M,,https://data.stats.gov.cn/dg/website/publicrelease/web/external/stream/esData,上海；原指标 二手住宅销售价格指数 (上月=100)；原值 99.7 减100得到涨跌幅；2011年前调查方法单列
housing_shanghai_used_mom,CHN,2017-12,-0.1,%,M,,https://data.stats.gov.cn/dg/website/publicrelease/web/external/stream/esData,上海；原指标 二手住宅销售价格指数 (上月=100)；原值 99.9 减100得到涨跌幅；2011年前调查方法单列
housing_shanghai_used_mom,CHN,2018-01,0.1,%,M,,https://data.stats.gov.cn/dg/website/publicrelease/web/external/stream/esData,上海；原指标 二手住宅销售价格指数 (上月=100)；原值 100.1 减100得到涨跌幅；2011年前调查方法单列
housing_shanghai_used_mom,CHN,2018-02,-0.4,%,M,,https://data.stats.gov.cn/dg/website/publicrelease/web/external/stream/esData,上海；原指标 二手住宅销售价格指数 (上月=100)；原值 99.6 减100得到涨跌幅；2011年前调查方法单列
housing_shanghai_used_mom,CHN,2018-03,-0.6,%,M,,https://data.stats.gov.cn/dg/website/publicrelease/web/external/stream/esData,上海；原指标 二手住宅销售价格指数 (上月=100)；原值 99.4 减100得到涨跌幅；2011年前调查方法单列
housing_shanghai_used_mom,CHN,2018-04,-0.2,%,M,,https://data.stats.gov.cn/dg/website/publicrelease/web/external/stream/esData,上海；原指标 二手住宅销售价格指数 (上月=100)；原值 99.8 减100得到涨跌幅；2011年前调查方法单列
housing_shanghai_used_mom,CHN,2018-05,-0.3,%,M,,https://data.stats.gov.cn/dg/website/publicrelease/web/external/stream/esData,上海；原指标 二手住宅销售价格指数 (上月=100)；原值 99.7 减100得到涨跌幅；2011年前调查方法单列
housing_shanghai_used_mom,CHN,2018-06,-0.3,%,M,,https://data.stats.gov.cn/dg/website/publicrelease/web/external/stream/esData,上海；原指标 二手住宅销售价格指数 (上月=100)；原值 99.7 减100得到涨跌幅；2011年前调查方法单列
housing_shanghai_used_mom,CHN,2018-07,-0.1,%,M,,https://data.stats.gov.cn/dg/website/publicrelease/web/external/stream/esData,上海；原指标 二手住宅销售价格指数 (上月=100)；原值 99.9 减100得到涨跌幅；2011年前调查方法单列
housing_shanghai_used_mom,CHN,2018-08,-0.1,%,M,,https://data.stats.gov.cn/dg/website/publicrelease/web/external/stream/esData,上海；原指标 二手住宅销售价格指数 (上月=100)；原值 99.9 减100得到涨跌幅；2011年前调查方法单列
housing_shanghai_used_mom,CHN,2018-09,-0.2,%,M,,https://data.stats.gov.cn/dg/website/publicrelease/web/external/stream/esData,上海；原指标 二手住宅销售价格指数 (上月=100)；原值 99.8 减100得到涨跌幅；2011年前调查方法单列
housing_shanghai_used_mom,CHN,2018-10,-0.2,%,M,,https://data.stats.gov.cn/dg/website/publicrelease/web/external/stream/esData,上海；原指标 二手住宅销售价格指数 (上月=100)；原值 99.8 减100得到涨跌幅；2011年前调查方法单列
housing_shanghai_used_mom,CHN,2018-11,-0.1,%,M,,https://data.stats.gov.cn/dg/website/publicrelease/web/external/stream/esData,上海；原指标 二手住宅销售价格指数 (上月=100)；原值 99.9 减100得到涨跌幅；2011年前调查方法单列
housing_shanghai_used_mom,CHN,2018-12,-0.3,%,M,,https://data.stats.gov.cn/dg/website/publicrelease/web/external/stream/esData,上海；原指标 二手住宅销售价格指数 (上月=100)；原值 99.7 减100得到涨跌幅；2011年前调查方法单列
housing_shanghai_used_mom,CHN,2019-01,0.0,%,M,,https://data.stats.gov.cn/dg/website/publicrelease/web/external/stream/esData,上海；原指标 二手住宅销售价格指数 (上月=100)；原值 100.0 减100得到涨跌幅；2011年前调查方法单列
housing_shanghai_used_mom,CHN,2019-02,-0.1,%,M,,https://data.stats.gov.cn/dg/website/publicrelease/web/external/stream/esData,上海；原指标 二手住宅销售价格指数 (上月=100)；原值 99.9 减100得到涨跌幅；2011年前调查方法单列
housing_shanghai_used_mom,CHN,2019-03,0.3,%,M,,https://data.stats.gov.cn/dg/website/publicrelease/web/external/stream/esData,上海；原指标 二手住宅销售价格指数 (上月=100)；原值 100.3 减100得到涨跌幅；2011年前调查方法单列
housing_shanghai_used_mom,CHN,2019-04,0.5,%,M,,https://data.stats.gov.cn/dg/website/publicrelease/web/external/stream/esData,上海；原指标 二手住宅销售价格指数 (上月=100)；原值 100.5 减100得到涨跌幅；2011年前调查方法单列
housing_shanghai_used_mom,CHN,2019-05,0.1,%,M,,https://data.stats.gov.cn/dg/website/publicrelease/web/external/stream/esData,上海；原指标 二手住宅销售价格指数 (上月=100)；原值 100.1 减100得到涨跌幅；2011年前调查方法单列
housing_shanghai_used_mom,CHN,2019-06,-0.1,%,M,,https://data.stats.gov.cn/dg/website/publicrelease/web/external/stream/esData,上海；原指标 二手住宅销售价格指数 (上月=100)；原值 99.9 减100得到涨跌幅；2011年前调查方法单列
housing_shanghai_used_mom,CHN,2019-07,0.4,%,M,,https://data.stats.gov.cn/dg/website/publicrelease/web/external/stream/esData,上海；原指标 二手住宅销售价格指数 (上月=100)；原值 100.4 减100得到涨跌幅；2011年前调查方法单列
housing_shanghai_used_mom,CHN,2019-08,0.0,%,M,,https://data.stats.gov.cn/dg/website/publicrelease/web/external/stream/esData,上海；原指标 二手住宅销售价格指数 (上月=100)；原值 100.0 减100得到涨跌幅；2011年前调查方法单列
housing_shanghai_used_mom,CHN,2019-09,0.6,%,M,,https://data.stats.gov.cn/dg/website/publicrelease/web/external/stream/esData,上海；原指标 二手住宅销售价格指数 (上月=100)；原值 100.6 减100得到涨跌幅；2011年前调查方法单列
housing_shanghai_used_mom,CHN,2019-10,-0.2,%,M,,https://data.stats.gov.cn/dg/website/publicrelease/web/external/stream/esData,上海；原指标 二手住宅销售价格指数 (上月=100)；原值 99.8 减100得到涨跌幅；2011年前调查方法单列
housing_shanghai_used_mom,CHN,2019-11,0.0,%,M,,https://data.stats.gov.cn/dg/website/publicrelease/web/external/stream/esData,上海；原指标 二手住宅销售价格指数 (上月=100)；原值 100.0 减100得到涨跌幅；2011年前调查方法单列
housing_shanghai_used_mom,CHN,2019-12,-0.2,%,M,,https://data.stats.gov.cn/dg/website/publicrelease/web/external/stream/esData,上海；原指标 二手住宅销售价格指数 (上月=100)；原值 99.8 减100得到涨跌幅；2011年前调查方法单列
housing_shanghai_used_mom,CHN,2020-01,0.2,%,M,,https://data.stats.gov.cn/dg/website/publicrelease/web/external/stream/esData,上海；原指标 二手住宅销售价格指数 (上月=100)；原值 100.2 减100得到涨跌幅；2011年前调查方法单列
housing_shanghai_used_mom,CHN,2020-02,0.2,%,M,,https://data.stats.gov.cn/dg/website/publicrelease/web/external/stream/esData,上海；原指标 二手住宅销售价格指数 (上月=100)；原值 100.2 减100得到涨跌幅；2011年前调查方法单列
housing_shanghai_used_mom,CHN,2020-03,0.3,%,M,,https://data.stats.gov.cn/dg/website/publicrelease/web/external/stream/esData,上海；原指标 二手住宅销售价格指数 (上月=100)；原值 100.3 减100得到涨跌幅；2011年前调查方法单列
housing_shanghai_used_mom,CHN,2020-04,1.2,%,M,,https://data.stats.gov.cn/dg/website/publicrelease/web/external/stream/esData,上海；原指标 二手住宅销售价格指数 (上月=100)；原值 101.2 减100得到涨跌幅；2011年前调查方法单列
housing_shanghai_used_mom,CHN,2020-05,0.6,%,M,,https://data.stats.gov.cn/dg/website/publicrelease/web/external/stream/esData,上海；原指标 二手住宅销售价格指数 (上月=100)；原值 100.6 减100得到涨跌幅；2011年前调查方法单列
housing_shanghai_used_mom,CHN,2020-06,0.4,%,M,,https://data.stats.gov.cn/dg/website/publicrelease/web/external/stream/esData,上海；原指标 二手住宅销售价格指数 (上月=100)；原值 100.4 减100得到涨跌幅；2011年前调查方法单列
housing_shanghai_used_mom,CHN,2020-07,0.5,%,M,,https://data.stats.gov.cn/dg/website/publicrelease/web/external/stream/esData,上海；原指标 二手住宅销售价格指数 (上月=100)；原值 100.5 减100得到涨跌幅；2011年前调查方法单列
housing_shanghai_used_mom,CHN,2020-08,0.8,%,M,,https://data.stats.gov.cn/dg/website/publicrelease/web/external/stream/esData,上海；原指标 二手住宅销售价格指数 (上月=100)；原值 100.8 减100得到涨跌幅；2011年前调查方法单列
housing_shanghai_used_mom,CHN,2020-09,1.0,%,M,,https://data.stats.gov.cn/dg/website/publicrelease/web/external/stream/esData,上海；原指标 二手住宅销售价格指数 (上月=100)；原值 101.0 减100得到涨跌幅；2011年前调查方法单列
housing_shanghai_used_mom,CHN,2020-10,0.5,%,M,,https://data.stats.gov.cn/dg/website/publicrelease/web/external/stream/esData,上海；原指标 二手住宅销售价格指数 (上月=100)；原值 100.5 减100得到涨跌幅；2011年前调查方法单列
housing_shanghai_used_mom,CHN,2020-11,0.3,%,M,,https://data.stats.gov.cn/dg/website/publicrelease/web/external/stream/esData,上海；原指标 二手住宅销售价格指数 (上月=100)；原值 100.3 减100得到涨跌幅；2011年前调查方法单列
housing_shanghai_used_mom,CHN,2020-12,0.6,%,M,,https://data.stats.gov.cn/dg/website/publicrelease/web/external/stream/esData,上海；原指标 二手住宅销售价格指数 (上月=100)；原值 100.6 减100得到涨跌幅；2011年前调查方法单列
housing_shanghai_used_mom,CHN,2021-01,1.3,%,M,,https://data.stats.gov.cn/dg/website/publicrelease/web/external/stream/esData,上海；原指标 二手住宅销售价格指数 (上月=100)；原值 101.3 减100得到涨跌幅；2011年前调查方法单列
housing_shanghai_used_mom,CHN,2021-02,1.3,%,M,,https://data.stats.gov.cn/dg/website/publicrelease/web/external/stream/esData,上海；原指标 二手住宅销售价格指数 (上月=100)；原值 101.3 减100得到涨跌幅；2011年前调查方法单列
housing_shanghai_used_mom,CHN,2021-03,1.1,%,M,,https://data.stats.gov.cn/dg/website/publicrelease/web/external/stream/esData,上海；原指标 二手住宅销售价格指数 (上月=100)；原值 101.1 减100得到涨跌幅；2011年前调查方法单列
housing_shanghai_used_mom,CHN,2021-04,0.9,%,M,,https://data.stats.gov.cn/dg/website/publicrelease/web/external/stream/esData,上海；原指标 二手住宅销售价格指数 (上月=100)；原值 100.9 减100得到涨跌幅；2011年前调查方法单列
housing_shanghai_used_mom,CHN,2021-05,0.7,%,M,,https://data.stats.gov.cn/dg/website/publicrelease/web/external/stream/esData,上海；原指标 二手住宅销售价格指数 (上月=100)；原值 100.7 减100得到涨跌幅；2011年前调查方法单列
housing_shanghai_used_mom,CHN,2021-06,1.0,%,M,,https://data.stats.gov.cn/dg/website/publicrelease/web/external/stream/esData,上海；原指标 二手住宅销售价格指数 (上月=100)；原值 101.0 减100得到涨跌幅；2011年前调查方法单列
housing_shanghai_used_mom,CHN,2021-07,0.7,%,M,,https://data.stats.gov.cn/dg/website/publicrelease/web/external/stream/esData,上海；原指标 二手住宅销售价格指数 (上月=100)；原值 100.7 减100得到涨跌幅；2011年前调查方法单列
housing_shanghai_used_mom,CHN,2021-08,0.2,%,M,,https://data.stats.gov.cn/dg/website/publicrelease/web/external/stream/esData,上海；原指标 二手住宅销售价格指数 (上月=100)；原值 100.2 减100得到涨跌幅；2011年前调查方法单列
housing_shanghai_used_mom,CHN,2021-09,-0.6,%,M,,https://data.stats.gov.cn/dg/website/publicrelease/web/external/stream/esData,上海；原指标 二手住宅销售价格指数 (上月=100)；原值 99.4 减100得到涨跌幅；2011年前调查方法单列
housing_shanghai_used_mom,CHN,2021-10,-0.4,%,M,,https://data.stats.gov.cn/dg/website/publicrelease/web/external/stream/esData,上海；原指标 二手住宅销售价格指数 (上月=100)；原值 99.6 减100得到涨跌幅；2011年前调查方法单列
housing_shanghai_used_mom,CHN,2021-11,-0.1,%,M,,https://data.stats.gov.cn/dg/website/publicrelease/web/external/stream/esData,上海；原指标 二手住宅销售价格指数 (上月=100)；原值 99.9 减100得到涨跌幅；2011年前调查方法单列
housing_shanghai_used_mom,CHN,2021-12,0.4,%,M,,https://data.stats.gov.cn/dg/website/publicrelease/web/external/stream/esData,上海；原指标 二手住宅销售价格指数 (上月=100)；原值 100.4 减100得到涨跌幅；2011年前调查方法单列
housing_shanghai_used_mom,CHN,2022-01,0.6,%,M,,https://data.stats.gov.cn/dg/website/publicrelease/web/external/stream/esData,上海；原指标 二手住宅销售价格指数 (上月=100)；原值 100.6 减100得到涨跌幅；2011年前调查方法单列
housing_shanghai_used_mom,CHN,2022-02,0.9,%,M,,https://data.stats.gov.cn/dg/website/publicrelease/web/external/stream/esData,上海；原指标 二手住宅销售价格指数 (上月=100)；原值 100.9 减100得到涨跌幅；2011年前调查方法单列
housing_shanghai_used_mom,CHN,2022-03,0.4,%,M,,https://data.stats.gov.cn/dg/website/publicrelease/web/external/stream/esData,上海；原指标 二手住宅销售价格指数 (上月=100)；原值 100.4 减100得到涨跌幅；2011年前调查方法单列
housing_shanghai_used_mom,CHN,2022-04,0.0,%,M,,https://data.stats.gov.cn/dg/website/publicrelease/web/external/stream/esData,上海；原指标 二手住宅销售价格指数 (上月=100)；原值 100.0 减100得到涨跌幅；2011年前调查方法单列
housing_shanghai_used_mom,CHN,2022-05,0.0,%,M,,https://data.stats.gov.cn/dg/website/publicrelease/web/external/stream/esData,上海；原指标 二手住宅销售价格指数 (上月=100)；原值 100.0 减100得到涨跌幅；2011年前调查方法单列
housing_shanghai_used_mom,CHN,2022-06,0.2,%,M,,https://data.stats.gov.cn/dg/website/publicrelease/web/external/stream/esData,上海；原指标 二手住宅销售价格指数 (上月=100)；原值 100.2 减100得到涨跌幅；2011年前调查方法单列
housing_shanghai_used_mom,CHN,2022-07,0.8,%,M,,https://data.stats.gov.cn/dg/website/publicrelease/web/external/stream/esData,上海；原指标 二手住宅销售价格指数 (上月=100)；原值 100.8 减100得到涨跌幅；2011年前调查方法单列
housing_shanghai_used_mom,CHN,2022-08,0.6,%,M,,https://data.stats.gov.cn/dg/website/publicrelease/web/external/stream/esData,上海；原指标 二手住宅销售价格指数 (上月=100)；原值 100.6 减100得到涨跌幅；2011年前调查方法单列
housing_shanghai_used_mom,CHN,2022-09,0.5,%,M,,https://data.stats.gov.cn/dg/website/publicrelease/web/external/stream/esData,上海；原指标 二手住宅销售价格指数 (上月=100)；原值 100.5 减100得到涨跌幅；2011年前调查方法单列
housing_shanghai_used_mom,CHN,2022-10,-0.4,%,M,,https://data.stats.gov.cn/dg/website/publicrelease/web/external/stream/esData,上海；原指标 二手住宅销售价格指数 (上月=100)；原值 99.6 减100得到涨跌幅；2011年前调查方法单列
housing_shanghai_used_mom,CHN,2022-11,-0.5,%,M,,https://data.stats.gov.cn/dg/website/publicrelease/web/external/stream/esData,上海；原指标 二手住宅销售价格指数 (上月=100)；原值 99.5 减100得到涨跌幅；2011年前调查方法单列
housing_shanghai_used_mom,CHN,2022-12,-0.5,%,M,,https://data.stats.gov.cn/dg/website/publicrelease/web/external/stream/esData,上海；原指标 二手住宅销售价格指数 (上月=100)；原值 99.5 减100得到涨跌幅；2011年前调查方法单列
housing_shanghai_used_mom,CHN,2023-01,0.4,%,M,,https://data.stats.gov.cn/dg/website/publicrelease/web/external/stream/esData,上海；原指标 二手住宅销售价格指数 (上月=100)；原值 100.4 减100得到涨跌幅；2011年前调查方法单列
housing_shanghai_used_mom,CHN,2023-02,1.0,%,M,,https://data.stats.gov.cn/dg/website/publicrelease/web/external/stream/esData,上海；原指标 二手住宅销售价格指数 (上月=100)；原值 101.0 减100得到涨跌幅；2011年前调查方法单列
housing_shanghai_used_mom,CHN,2023-03,0.7,%,M,,https://data.stats.gov.cn/dg/website/publicrelease/web/external/stream/esData,上海；原指标 二手住宅销售价格指数 (上月=100)；原值 100.7 减100得到涨跌幅；2011年前调查方法单列
housing_shanghai_used_mom,CHN,2023-04,-0.2,%,M,,https://data.stats.gov.cn/dg/website/publicrelease/web/external/stream/esData,上海；原指标 二手住宅销售价格指数 (上月=100)；原值 99.8 减100得到涨跌幅；2011年前调查方法单列
housing_shanghai_used_mom,CHN,2023-05,-0.8,%,M,,https://data.stats.gov.cn/dg/website/publicrelease/web/external/stream/esData,上海；原指标 二手住宅销售价格指数 (上月=100)；原值 99.2 减100得到涨跌幅；2011年前调查方法单列
housing_shanghai_used_mom,CHN,2023-06,-1.2,%,M,,https://data.stats.gov.cn/dg/website/publicrelease/web/external/stream/esData,上海；原指标 二手住宅销售价格指数 (上月=100)；原值 98.8 减100得到涨跌幅；2011年前调查方法单列
housing_shanghai_used_mom,CHN,2023-07,-0.7,%,M,,https://data.stats.gov.cn/dg/website/publicrelease/web/external/stream/esData,上海；原指标 二手住宅销售价格指数 (上月=100)；原值 99.3 减100得到涨跌幅；2011年前调查方法单列
housing_shanghai_used_mom,CHN,2023-08,-0.3,%,M,,https://data.stats.gov.cn/dg/website/publicrelease/web/external/stream/esData,上海；原指标 二手住宅销售价格指数 (上月=100)；原值 99.7 减100得到涨跌幅；2011年前调查方法单列
housing_shanghai_used_mom,CHN,2023-09,0.6,%,M,,https://data.stats.gov.cn/dg/website/publicrelease/web/external/stream/esData,上海；原指标 二手住宅销售价格指数 (上月=100)；原值 100.6 减100得到涨跌幅；2011年前调查方法单列
housing_shanghai_used_mom,CHN,2023-10,-0.8,%,M,,https://data.stats.gov.cn/dg/website/publicrelease/web/external/stream/esData,上海；原指标 二手住宅销售价格指数 (上月=100)；原值 99.2 减100得到涨跌幅；2011年前调查方法单列
housing_shanghai_used_mom,CHN,2023-11,-1.5,%,M,,https://data.stats.gov.cn/dg/website/publicrelease/web/external/stream/esData,上海；原指标 二手住宅销售价格指数 (上月=100)；原值 98.5 减100得到涨跌幅；2011年前调查方法单列
housing_shanghai_used_mom,CHN,2023-12,-0.6,%,M,,https://data.stats.gov.cn/dg/website/publicrelease/web/external/stream/esData,上海；原指标 二手住宅销售价格指数 (上月=100)；原值 99.4 减100得到涨跌幅；2011年前调查方法单列
housing_shanghai_used_mom,CHN,2024-01,-0.8,%,M,,https://data.stats.gov.cn/dg/website/publicrelease/web/external/stream/esData,上海；原指标 二手住宅销售价格指数 (上月=100)；原值 99.2 减100得到涨跌幅；2011年前调查方法单列
housing_shanghai_used_mom,CHN,2024-02,-0.6,%,M,,https://data.stats.gov.cn/dg/website/publicrelease/web/external/stream/esData,上海；原指标 二手住宅销售价格指数 (上月=100)；原值 99.4 减100得到涨跌幅；2011年前调查方法单列
housing_shanghai_used_mom,CHN,2024-03,-0.3,%,M,,https://data.stats.gov.cn/dg/website/publicrelease/web/external/stream/esData,上海；原指标 二手住宅销售价格指数 (上月=100)；原值 99.7 减100得到涨跌幅；2011年前调查方法单列
housing_shanghai_used_mom,CHN,2024-04,-0.8,%,M,,https://data.stats.gov.cn/dg/website/publicrelease/web/external/stream/esData,上海；原指标 二手住宅销售价格指数 (上月=100)；原值 99.2 减100得到涨跌幅；2011年前调查方法单列
housing_shanghai_used_mom,CHN,2024-05,-1.3,%,M,,https://data.stats.gov.cn/dg/website/publicrelease/web/external/stream/esData,上海；原指标 二手住宅销售价格指数 (上月=100)；原值 98.7 减100得到涨跌幅；2011年前调查方法单列
housing_shanghai_used_mom,CHN,2024-06,0.5,%,M,,https://data.stats.gov.cn/dg/website/publicrelease/web/external/stream/esData,上海；原指标 二手住宅销售价格指数 (上月=100)；原值 100.5 减100得到涨跌幅；2011年前调查方法单列
housing_shanghai_used_mom,CHN,2024-07,0.1,%,M,,https://data.stats.gov.cn/dg/website/publicrelease/web/external/stream/esData,上海；原指标 二手住宅销售价格指数 (上月=100)；原值 100.1 减100得到涨跌幅；2011年前调查方法单列
housing_shanghai_used_mom,CHN,2024-08,-0.6,%,M,,https://data.stats.gov.cn/dg/website/publicrelease/web/external/stream/esData,上海；原指标 二手住宅销售价格指数 (上月=100)；原值 99.4 减100得到涨跌幅；2011年前调查方法单列
housing_shanghai_used_mom,CHN,2024-09,-1.2,%,M,,https://data.stats.gov.cn/dg/website/publicrelease/web/external/stream/esData,上海；原指标 二手住宅销售价格指数 (上月=100)；原值 98.8 减100得到涨跌幅；2011年前调查方法单列
housing_shanghai_used_mom,CHN,2024-10,0.2,%,M,,https://data.stats.gov.cn/dg/website/publicrelease/web/external/stream/esData,上海；原指标 二手住宅销售价格指数 (上月=100)；原值 100.2 减100得到涨跌幅；2011年前调查方法单列
housing_shanghai_used_mom,CHN,2024-11,0.4,%,M,,https://data.stats.gov.cn/dg/website/publicrelease/web/external/stream/esData,上海；原指标 二手住宅销售价格指数 (上月=100)；原值 100.4 减100得到涨跌幅；2011年前调查方法单列
housing_shanghai_used_mom,CHN,2024-12,0.9,%,M,,https://data.stats.gov.cn/dg/website/publicrelease/web/external/stream/esData,上海；原指标 二手住宅销售价格指数 (上月=100)；原值 100.9 减100得到涨跌幅；2011年前调查方法单列
housing_shanghai_used_mom,CHN,2025-01,0.4,%,M,,https://data.stats.gov.cn/dg/website/publicrelease/web/external/stream/esData,上海；原指标 二手住宅销售价格指数 (上月=100)；原值 100.4 减100得到涨跌幅；2011年前调查方法单列
housing_shanghai_used_mom,CHN,2025-02,-0.4,%,M,,https://data.stats.gov.cn/dg/website/publicrelease/web/external/stream/esData,上海；原指标 二手住宅销售价格指数 (上月=100)；原值 99.6 减100得到涨跌幅；2011年前调查方法单列
housing_shanghai_used_mom,CHN,2025-03,0.4,%,M,,https://data.stats.gov.cn/dg/website/publicrelease/web/external/stream/esData,上海；原指标 二手住宅销售价格指数 (上月=100)；原值 100.4 减100得到涨跌幅；2011年前调查方法单列
housing_shanghai_used_mom,CHN,2025-04,0.1,%,M,,https://data.stats.gov.cn/dg/website/publicrelease/web/external/stream/esData,上海；原指标 二手住宅销售价格指数 (上月=100)；原值 100.1 减100得到涨跌幅；2011年前调查方法单列
housing_shanghai_used_mom,CHN,2025-05,-0.7,%,M,,https://data.stats.gov.cn/dg/website/publicrelease/web/external/stream/esData,上海；原指标 二手住宅销售价格指数 (上月=100)；原值 99.3 减100得到涨跌幅；2011年前调查方法单列
housing_shanghai_used_mom,CHN,2025-06,-0.7,%,M,,https://data.stats.gov.cn/dg/website/publicrelease/web/external/stream/esData,上海；原指标 二手住宅销售价格指数 (上月=100)；原值 99.3 减100得到涨跌幅；2011年前调查方法单列
housing_shanghai_used_mom,CHN,2025-07,-0.9,%,M,,https://data.stats.gov.cn/dg/website/publicrelease/web/external/stream/esData,上海；原指标 二手住宅销售价格指数 (上月=100)；原值 99.1 减100得到涨跌幅；2011年前调查方法单列
housing_shanghai_used_mom,CHN,2025-08,-1.0,%,M,,https://data.stats.gov.cn/dg/website/publicrelease/web/external/stream/esData,上海；原指标 二手住宅销售价格指数 (上月=100)；原值 99.0 减100得到涨跌幅；2011年前调查方法单列
housing_shanghai_used_mom,CHN,2025-09,-1.0,%,M,,https://data.stats.gov.cn/dg/website/publicrelease/web/external/stream/esData,上海；原指标 二手住宅销售价格指数 (上月=100)；原值 99.0 减100得到涨跌幅；2011年前调查方法单列
housing_shanghai_used_mom,CHN,2025-10,-0.9,%,M,,https://data.stats.gov.cn/dg/website/publicrelease/web/external/stream/esData,上海；原指标 二手住宅销售价格指数 (上月=100)；原值 99.1 减100得到涨跌幅；2011年前调查方法单列
housing_shanghai_used_mom,CHN,2025-11,-0.8,%,M,,https://data.stats.gov.cn/dg/website/publicrelease/web/external/stream/esData,上海；原指标 二手住宅销售价格指数 (上月=100)；原值 99.2 减100得到涨跌幅；2011年前调查方法单列
housing_shanghai_used_mom,CHN,2025-12,-0.6,%,M,,https://data.stats.gov.cn/dg/website/publicrelease/web/external/stream/esData,上海；原指标 二手住宅销售价格指数 (上月=100)；原值 99.4 减100得到涨跌幅；2011年前调查方法单列
housing_shanghai_used_mom,CHN,2026-01,-0.4,%,M,,https://data.stats.gov.cn/dg/website/publicrelease/web/external/stream/esData,上海；原指标 二手住宅销售价格指数 (上月=100)；原值 99.6 减100得到涨跌幅；2011年前调查方法单列
housing_shanghai_used_mom,CHN,2026-02,0.2,%,M,,https://data.stats.gov.cn/dg/website/publicrelease/web/external/stream/esData,上海；原指标 二手住宅销售价格指数 (上月=100)；原值 100.2 减100得到涨跌幅；2011年前调查方法单列
housing_shanghai_used_mom,CHN,2026-03,0.4,%,M,,https://data.stats.gov.cn/dg/website/publicrelease/web/external/stream/esData,上海；原指标 二手住宅销售价格指数 (上月=100)；原值 100.4 减100得到涨跌幅；2011年前调查方法单列
housing_shanghai_used_mom,CHN,2026-04,0.7,%,M,,https://data.stats.gov.cn/dg/website/publicrelease/web/external/stream/esData,上海；原指标 二手住宅销售价格指数 (上月=100)；原值 100.7 减100得到涨跌幅；2011年前调查方法单列
housing_shanghai_used_mom,CHN,2026-05,0.6,%,M,,https://data.stats.gov.cn/dg/website/publicrelease/web/external/stream/esData,上海；原指标 二手住宅销售价格指数 (上月=100)；原值 100.6 减100得到涨跌幅；2011年前调查方法单列
housing_shanghai_used_mom,CHN,2026-06,0.4,%,M,,https://data.stats.gov.cn/dg/website/publicrelease/web/external/stream/esData,上海；原指标 二手住宅销售价格指数 (上月=100)；原值 100.4 减100得到涨跌幅；2011年前调查方法单列
housing_shanghai_used_mom,CHN,2026-07,0.3,%,M,,https://data.stats.gov.cn/dg/website/publicrelease/web/external/stream/esData,上海；原指标 二手住宅销售价格指数 (上月=100)；原值 100.3 减100得到涨跌幅；2011年前调查方法单列
housing_shanghai_used_mom,CHN,2026-08,0.3,%,M,,https://data.stats.gov.cn/dg/website/publicrelease/web/external/stream/esData,上海；原指标 二手住宅销售价格指数 (上月=100)；原值 100.3 减100得到涨跌幅；2011年前调查方法单列
housing_shanghai_used_mom_legacy,CHN,2006-01,-0.2,%,M,,https://data.stats.gov.cn/dg/website/publicrelease/web/external/stream/esData,上海；原指标 二手住宅销售价格指数 (上月=100)；原值 99.8 减100得到涨跌幅；2011年前调查方法单列
housing_shanghai_used_mom_legacy,CHN,2006-02,0.0,%,M,,https://data.stats.gov.cn/dg/website/publicrelease/web/external/stream/esData,上海；原指标 二手住宅销售价格指数 (上月=100)；原值 100.0 减100得到涨跌幅；2011年前调查方法单列
housing_shanghai_used_mom_legacy,CHN,2006-03,-0.3,%,M,,https://data.stats.gov.cn/dg/website/publicrelease/web/external/stream/esData,上海；原指标 二手住宅销售价格指数 (上月=100)；原值 99.7 减100得到涨跌幅；2011年前调查方法单列
housing_shanghai_used_mom_legacy,CHN,2006-04,-0.2,%,M,,https://data.stats.gov.cn/dg/website/publicrelease/web/external/stream/esData,上海；原指标 二手住宅销售价格指数 (上月=100)；原值 99.8 减100得到涨跌幅；2011年前调查方法单列
housing_shanghai_used_mom_legacy,CHN,2006-05,0.3,%,M,,https://data.stats.gov.cn/dg/website/publicrelease/web/external/stream/esData,上海；原指标 二手住宅销售价格指数 (上月=100)；原值 100.3 减100得到涨跌幅；2011年前调查方法单列
housing_shanghai_used_mom_legacy,CHN,2006-06,0.2,%,M,,https://data.stats.gov.cn/dg/website/publicrelease/web/external/stream/esData,上海；原指标 二手住宅销售价格指数 (上月=100)；原值 100.2 减100得到涨跌幅；2011年前调查方法单列
housing_shanghai_used_mom_legacy,CHN,2006-07,0.2,%,M,,https://data.stats.gov.cn/dg/website/publicrelease/web/external/stream/esData,上海；原指标 二手住宅销售价格指数 (上月=100)；原值 100.2 减100得到涨跌幅；2011年前调查方法单列
housing_shanghai_used_mom_legacy,CHN,2006-08,-0.1,%,M,,https://data.stats.gov.cn/dg/website/publicrelease/web/external/stream/esData,上海；原指标 二手住宅销售价格指数 (上月=100)；原值 99.9 减100得到涨跌幅；2011年前调查方法单列
housing_shanghai_used_mom_legacy,CHN,2006-09,0.1,%,M,,https://data.stats.gov.cn/dg/website/publicrelease/web/external/stream/esData,上海；原指标 二手住宅销售价格指数 (上月=100)；原值 100.1 减100得到涨跌幅；2011年前调查方法单列
housing_shanghai_used_mom_legacy,CHN,2006-10,0.1,%,M,,https://data.stats.gov.cn/dg/website/publicrelease/web/external/stream/esData,上海；原指标 二手住宅销售价格指数 (上月=100)；原值 100.1 减100得到涨跌幅；2011年前调查方法单列
housing_shanghai_used_mom_legacy,CHN,2006-11,0.0,%,M,,https://data.stats.gov.cn/dg/website/publicrelease/web/external/stream/esData,上海；原指标 二手住宅销售价格指数 (上月=100)；原值 100.0 减100得到涨跌幅；2011年前调查方法单列
housing_shanghai_used_mom_legacy,CHN,2006-12,-0.3,%,M,,https://data.stats.gov.cn/dg/website/publicrelease/web/external/stream/esData,上海；原指标 二手住宅销售价格指数 (上月=100)；原值 99.7 减100得到涨跌幅；2011年前调查方法单列
housing_shanghai_used_mom_legacy,CHN,2007-01,0.1,%,M,,https://data.stats.gov.cn/dg/website/publicrelease/web/external/stream/esData,上海；原指标 二手住宅销售价格指数 (上月=100)；原值 100.1 减100得到涨跌幅；2011年前调查方法单列
housing_shanghai_used_mom_legacy,CHN,2007-02,0.0,%,M,,https://data.stats.gov.cn/dg/website/publicrelease/web/external/stream/esData,上海；原指标 二手住宅销售价格指数 (上月=100)；原值 100.0 减100得到涨跌幅；2011年前调查方法单列
housing_shanghai_used_mom_legacy,CHN,2007-03,0.2,%,M,,https://data.stats.gov.cn/dg/website/publicrelease/web/external/stream/esData,上海；原指标 二手住宅销售价格指数 (上月=100)；原值 100.2 减100得到涨跌幅；2011年前调查方法单列
housing_shanghai_used_mom_legacy,CHN,2007-04,0.1,%,M,,https://data.stats.gov.cn/dg/website/publicrelease/web/external/stream/esData,上海；原指标 二手住宅销售价格指数 (上月=100)；原值 100.1 减100得到涨跌幅；2011年前调查方法单列
housing_shanghai_used_mom_legacy,CHN,2007-05,0.3,%,M,,https://data.stats.gov.cn/dg/website/publicrelease/web/external/stream/esData,上海；原指标 二手住宅销售价格指数 (上月=100)；原值 100.3 减100得到涨跌幅；2011年前调查方法单列
housing_shanghai_used_mom_legacy,CHN,2007-06,0.8,%,M,,https://data.stats.gov.cn/dg/website/publicrelease/web/external/stream/esData,上海；原指标 二手住宅销售价格指数 (上月=100)；原值 100.8 减100得到涨跌幅；2011年前调查方法单列
housing_shanghai_used_mom_legacy,CHN,2007-07,1.0,%,M,,https://data.stats.gov.cn/dg/website/publicrelease/web/external/stream/esData,上海；原指标 二手住宅销售价格指数 (上月=100)；原值 101.0 减100得到涨跌幅；2011年前调查方法单列
housing_shanghai_used_mom_legacy,CHN,2007-08,1.5,%,M,,https://data.stats.gov.cn/dg/website/publicrelease/web/external/stream/esData,上海；原指标 二手住宅销售价格指数 (上月=100)；原值 101.5 减100得到涨跌幅；2011年前调查方法单列
housing_shanghai_used_mom_legacy,CHN,2007-09,3.0,%,M,,https://data.stats.gov.cn/dg/website/publicrelease/web/external/stream/esData,上海；原指标 二手住宅销售价格指数 (上月=100)；原值 103.0 减100得到涨跌幅；2011年前调查方法单列
housing_shanghai_used_mom_legacy,CHN,2007-10,2.0,%,M,,https://data.stats.gov.cn/dg/website/publicrelease/web/external/stream/esData,上海；原指标 二手住宅销售价格指数 (上月=100)；原值 102.0 减100得到涨跌幅；2011年前调查方法单列
housing_shanghai_used_mom_legacy,CHN,2007-11,0.9,%,M,,https://data.stats.gov.cn/dg/website/publicrelease/web/external/stream/esData,上海；原指标 二手住宅销售价格指数 (上月=100)；原值 100.9 减100得到涨跌幅；2011年前调查方法单列
housing_shanghai_used_mom_legacy,CHN,2007-12,0.4,%,M,,https://data.stats.gov.cn/dg/website/publicrelease/web/external/stream/esData,上海；原指标 二手住宅销售价格指数 (上月=100)；原值 100.4 减100得到涨跌幅；2011年前调查方法单列
housing_shanghai_used_mom_legacy,CHN,2008-01,0.1,%,M,,https://data.stats.gov.cn/dg/website/publicrelease/web/external/stream/esData,上海；原指标 二手住宅销售价格指数 (上月=100)；原值 100.1 减100得到涨跌幅；2011年前调查方法单列
housing_shanghai_used_mom_legacy,CHN,2008-02,0.0,%,M,,https://data.stats.gov.cn/dg/website/publicrelease/web/external/stream/esData,上海；原指标 二手住宅销售价格指数 (上月=100)；原值 100.0 减100得到涨跌幅；2011年前调查方法单列
housing_shanghai_used_mom_legacy,CHN,2008-03,0.1,%,M,,https://data.stats.gov.cn/dg/website/publicrelease/web/external/stream/esData,上海；原指标 二手住宅销售价格指数 (上月=100)；原值 100.1 减100得到涨跌幅；2011年前调查方法单列
housing_shanghai_used_mom_legacy,CHN,2008-04,0.3,%,M,,https://data.stats.gov.cn/dg/website/publicrelease/web/external/stream/esData,上海；原指标 二手住宅销售价格指数 (上月=100)；原值 100.3 减100得到涨跌幅；2011年前调查方法单列
housing_shanghai_used_mom_legacy,CHN,2008-05,0.2,%,M,,https://data.stats.gov.cn/dg/website/publicrelease/web/external/stream/esData,上海；原指标 二手住宅销售价格指数 (上月=100)；原值 100.2 减100得到涨跌幅；2011年前调查方法单列
housing_shanghai_used_mom_legacy,CHN,2008-06,0.0,%,M,,https://data.stats.gov.cn/dg/website/publicrelease/web/external/stream/esData,上海；原指标 二手住宅销售价格指数 (上月=100)；原值 100.0 减100得到涨跌幅；2011年前调查方法单列
housing_shanghai_used_mom_legacy,CHN,2008-07,-0.1,%,M,,https://data.stats.gov.cn/dg/website/publicrelease/web/external/stream/esData,上海；原指标 二手住宅销售价格指数 (上月=100)；原值 99.9 减100得到涨跌幅；2011年前调查方法单列
housing_shanghai_used_mom_legacy,CHN,2008-08,-0.4,%,M,,https://data.stats.gov.cn/dg/website/publicrelease/web/external/stream/esData,上海；原指标 二手住宅销售价格指数 (上月=100)；原值 99.6 减100得到涨跌幅；2011年前调查方法单列
housing_shanghai_used_mom_legacy,CHN,2008-09,-0.3,%,M,,https://data.stats.gov.cn/dg/website/publicrelease/web/external/stream/esData,上海；原指标 二手住宅销售价格指数 (上月=100)；原值 99.7 减100得到涨跌幅；2011年前调查方法单列
housing_shanghai_used_mom_legacy,CHN,2008-10,-0.6,%,M,,https://data.stats.gov.cn/dg/website/publicrelease/web/external/stream/esData,上海；原指标 二手住宅销售价格指数 (上月=100)；原值 99.4 减100得到涨跌幅；2011年前调查方法单列
housing_shanghai_used_mom_legacy,CHN,2008-11,-0.5,%,M,,https://data.stats.gov.cn/dg/website/publicrelease/web/external/stream/esData,上海；原指标 二手住宅销售价格指数 (上月=100)；原值 99.5 减100得到涨跌幅；2011年前调查方法单列
housing_shanghai_used_mom_legacy,CHN,2008-12,-0.7,%,M,,https://data.stats.gov.cn/dg/website/publicrelease/web/external/stream/esData,上海；原指标 二手住宅销售价格指数 (上月=100)；原值 99.3 减100得到涨跌幅；2011年前调查方法单列
housing_shanghai_used_mom_legacy,CHN,2009-01,-0.2,%,M,,https://data.stats.gov.cn/dg/website/publicrelease/web/external/stream/esData,上海；原指标 二手住宅销售价格指数 (上月=100)；原值 99.8 减100得到涨跌幅；2011年前调查方法单列
housing_shanghai_used_mom_legacy,CHN,2009-02,-0.2,%,M,,https://data.stats.gov.cn/dg/website/publicrelease/web/external/stream/esData,上海；原指标 二手住宅销售价格指数 (上月=100)；原值 99.8 减100得到涨跌幅；2011年前调查方法单列
housing_shanghai_used_mom_legacy,CHN,2009-03,0.8,%,M,,https://data.stats.gov.cn/dg/website/publicrelease/web/external/stream/esData,上海；原指标 二手住宅销售价格指数 (上月=100)；原值 100.8 减100得到涨跌幅；2011年前调查方法单列
housing_shanghai_used_mom_legacy,CHN,2009-04,0.5,%,M,,https://data.stats.gov.cn/dg/website/publicrelease/web/external/stream/esData,上海；原指标 二手住宅销售价格指数 (上月=100)；原值 100.5 减100得到涨跌幅；2011年前调查方法单列
housing_shanghai_used_mom_legacy,CHN,2009-05,0.8,%,M,,https://data.stats.gov.cn/dg/website/publicrelease/web/external/stream/esData,上海；原指标 二手住宅销售价格指数 (上月=100)；原值 100.8 减100得到涨跌幅；2011年前调查方法单列
housing_shanghai_used_mom_legacy,CHN,2009-06,1.3,%,M,,https://data.stats.gov.cn/dg/website/publicrelease/web/external/stream/esData,上海；原指标 二手住宅销售价格指数 (上月=100)；原值 101.3 减100得到涨跌幅；2011年前调查方法单列
housing_shanghai_used_mom_legacy,CHN,2009-07,0.3,%,M,,https://data.stats.gov.cn/dg/website/publicrelease/web/external/stream/esData,上海；原指标 二手住宅销售价格指数 (上月=100)；原值 100.3 减100得到涨跌幅；2011年前调查方法单列
housing_shanghai_used_mom_legacy,CHN,2009-08,0.3,%,M,,https://data.stats.gov.cn/dg/website/publicrelease/web/external/stream/esData,上海；原指标 二手住宅销售价格指数 (上月=100)；原值 100.3 减100得到涨跌幅；2011年前调查方法单列
housing_shanghai_used_mom_legacy,CHN,2009-09,0.3,%,M,,https://data.stats.gov.cn/dg/website/publicrelease/web/external/stream/esData,上海；原指标 二手住宅销售价格指数 (上月=100)；原值 100.3 减100得到涨跌幅；2011年前调查方法单列
housing_shanghai_used_mom_legacy,CHN,2009-10,0.6,%,M,,https://data.stats.gov.cn/dg/website/publicrelease/web/external/stream/esData,上海；原指标 二手住宅销售价格指数 (上月=100)；原值 100.6 减100得到涨跌幅；2011年前调查方法单列
housing_shanghai_used_mom_legacy,CHN,2009-11,1.1,%,M,,https://data.stats.gov.cn/dg/website/publicrelease/web/external/stream/esData,上海；原指标 二手住宅销售价格指数 (上月=100)；原值 101.1 减100得到涨跌幅；2011年前调查方法单列
housing_shanghai_used_mom_legacy,CHN,2009-12,1.6,%,M,,https://data.stats.gov.cn/dg/website/publicrelease/web/external/stream/esData,上海；原指标 二手住宅销售价格指数 (上月=100)；原值 101.6 减100得到涨跌幅；2011年前调查方法单列
housing_shanghai_used_mom_legacy,CHN,2010-01,1.1,%,M,,https://data.stats.gov.cn/dg/website/publicrelease/web/external/stream/esData,上海；原指标 二手住宅销售价格指数 (上月=100)；原值 101.1 减100得到涨跌幅；2011年前调查方法单列
housing_shanghai_used_mom_legacy,CHN,2010-02,0.0,%,M,,https://data.stats.gov.cn/dg/website/publicrelease/web/external/stream/esData,上海；原指标 二手住宅销售价格指数 (上月=100)；原值 100.0 减100得到涨跌幅；2011年前调查方法单列
housing_shanghai_used_mom_legacy,CHN,2010-03,3.3,%,M,,https://data.stats.gov.cn/dg/website/publicrelease/web/external/stream/esData,上海；原指标 二手住宅销售价格指数 (上月=100)；原值 103.3 减100得到涨跌幅；2011年前调查方法单列
housing_shanghai_used_mom_legacy,CHN,2010-04,1.2,%,M,,https://data.stats.gov.cn/dg/website/publicrelease/web/external/stream/esData,上海；原指标 二手住宅销售价格指数 (上月=100)；原值 101.2 减100得到涨跌幅；2011年前调查方法单列
housing_shanghai_used_mom_legacy,CHN,2010-05,-0.2,%,M,,https://data.stats.gov.cn/dg/website/publicrelease/web/external/stream/esData,上海；原指标 二手住宅销售价格指数 (上月=100)；原值 99.8 减100得到涨跌幅；2011年前调查方法单列
housing_shanghai_used_mom_legacy,CHN,2010-06,-2.0,%,M,,https://data.stats.gov.cn/dg/website/publicrelease/web/external/stream/esData,上海；原指标 二手住宅销售价格指数 (上月=100)；原值 98.0 减100得到涨跌幅；2011年前调查方法单列
housing_shanghai_used_mom_legacy,CHN,2010-07,-1.1,%,M,,https://data.stats.gov.cn/dg/website/publicrelease/web/external/stream/esData,上海；原指标 二手住宅销售价格指数 (上月=100)；原值 98.9 减100得到涨跌幅；2011年前调查方法单列
housing_shanghai_used_mom_legacy,CHN,2010-08,0.3,%,M,,https://data.stats.gov.cn/dg/website/publicrelease/web/external/stream/esData,上海；原指标 二手住宅销售价格指数 (上月=100)；原值 100.3 减100得到涨跌幅；2011年前调查方法单列
housing_shanghai_used_mom_legacy,CHN,2010-09,0.4,%,M,,https://data.stats.gov.cn/dg/website/publicrelease/web/external/stream/esData,上海；原指标 二手住宅销售价格指数 (上月=100)；原值 100.4 减100得到涨跌幅；2011年前调查方法单列
housing_shanghai_used_mom_legacy,CHN,2010-10,-0.2,%,M,,https://data.stats.gov.cn/dg/website/publicrelease/web/external/stream/esData,上海；原指标 二手住宅销售价格指数 (上月=100)；原值 99.8 减100得到涨跌幅；2011年前调查方法单列
housing_shanghai_used_mom_legacy,CHN,2010-11,0.0,%,M,,https://data.stats.gov.cn/dg/website/publicrelease/web/external/stream/esData,上海；原指标 二手住宅销售价格指数 (上月=100)；原值 100.0 减100得到涨跌幅；2011年前调查方法单列
housing_shanghai_used_mom_legacy,CHN,2010-12,0.6,%,M,,https://data.stats.gov.cn/dg/website/publicrelease/web/external/stream/esData,上海；原指标 二手住宅销售价格指数 (上月=100)；原值 100.6 减100得到涨跌幅；2011年前调查方法单列
housing_shanghai_used_yoy,CHN,2011-01,1.7,%,M,,https://data.stats.gov.cn/dg/website/publicrelease/web/external/stream/esData,上海；原指标 二手住宅销售价格指数 (上年同月=100)；原值 101.7 减100得到涨跌幅；2011年前调查方法单列
housing_shanghai_used_yoy,CHN,2011-02,2.0,%,M,,https://data.stats.gov.cn/dg/website/publicrelease/web/external/stream/esData,上海；原指标 二手住宅销售价格指数 (上年同月=100)；原值 102.0 减100得到涨跌幅；2011年前调查方法单列
housing_shanghai_used_yoy,CHN,2011-03,0.5,%,M,,https://data.stats.gov.cn/dg/website/publicrelease/web/external/stream/esData,上海；原指标 二手住宅销售价格指数 (上年同月=100)；原值 100.5 减100得到涨跌幅；2011年前调查方法单列
housing_shanghai_used_yoy,CHN,2011-04,0.2,%,M,,https://data.stats.gov.cn/dg/website/publicrelease/web/external/stream/esData,上海；原指标 二手住宅销售价格指数 (上年同月=100)；原值 100.2 减100得到涨跌幅；2011年前调查方法单列
housing_shanghai_used_yoy,CHN,2011-05,0.5,%,M,,https://data.stats.gov.cn/dg/website/publicrelease/web/external/stream/esData,上海；原指标 二手住宅销售价格指数 (上年同月=100)；原值 100.5 减100得到涨跌幅；2011年前调查方法单列
housing_shanghai_used_yoy,CHN,2011-06,2.4,%,M,,https://data.stats.gov.cn/dg/website/publicrelease/web/external/stream/esData,上海；原指标 二手住宅销售价格指数 (上年同月=100)；原值 102.4 减100得到涨跌幅；2011年前调查方法单列
housing_shanghai_used_yoy,CHN,2011-07,3.8,%,M,,https://data.stats.gov.cn/dg/website/publicrelease/web/external/stream/esData,上海；原指标 二手住宅销售价格指数 (上年同月=100)；原值 103.8 减100得到涨跌幅；2011年前调查方法单列
housing_shanghai_used_yoy,CHN,2011-08,3.7,%,M,,https://data.stats.gov.cn/dg/website/publicrelease/web/external/stream/esData,上海；原指标 二手住宅销售价格指数 (上年同月=100)；原值 103.7 减100得到涨跌幅；2011年前调查方法单列
housing_shanghai_used_yoy,CHN,2011-09,3.4,%,M,,https://data.stats.gov.cn/dg/website/publicrelease/web/external/stream/esData,上海；原指标 二手住宅销售价格指数 (上年同月=100)；原值 103.4 减100得到涨跌幅；2011年前调查方法单列
housing_shanghai_used_yoy,CHN,2011-10,3.3,%,M,,https://data.stats.gov.cn/dg/website/publicrelease/web/external/stream/esData,上海；原指标 二手住宅销售价格指数 (上年同月=100)；原值 103.3 减100得到涨跌幅；2011年前调查方法单列
housing_shanghai_used_yoy,CHN,2011-11,2.6,%,M,,https://data.stats.gov.cn/dg/website/publicrelease/web/external/stream/esData,上海；原指标 二手住宅销售价格指数 (上年同月=100)；原值 102.6 减100得到涨跌幅；2011年前调查方法单列
housing_shanghai_used_yoy,CHN,2011-12,1.7,%,M,,https://data.stats.gov.cn/dg/website/publicrelease/web/external/stream/esData,上海；原指标 二手住宅销售价格指数 (上年同月=100)；原值 101.7 减100得到涨跌幅；2011年前调查方法单列
housing_shanghai_used_yoy,CHN,2012-01,0.6,%,M,,https://data.stats.gov.cn/dg/website/publicrelease/web/external/stream/esData,上海；原指标 二手住宅销售价格指数 (上年同月=100)；原值 100.6 减100得到涨跌幅；2011年前调查方法单列
housing_shanghai_used_yoy,CHN,2012-02,-0.1,%,M,,https://data.stats.gov.cn/dg/website/publicrelease/web/external/stream/esData,上海；原指标 二手住宅销售价格指数 (上年同月=100)；原值 99.9 减100得到涨跌幅；2011年前调查方法单列
housing_shanghai_used_yoy,CHN,2012-03,-1.0,%,M,,https://data.stats.gov.cn/dg/website/publicrelease/web/external/stream/esData,上海；原指标 二手住宅销售价格指数 (上年同月=100)；原值 99.0 减100得到涨跌幅；2011年前调查方法单列
housing_shanghai_used_yoy,CHN,2012-04,-1.5,%,M,,https://data.stats.gov.cn/dg/website/publicrelease/web/external/stream/esData,上海；原指标 二手住宅销售价格指数 (上年同月=100)；原值 98.5 减100得到涨跌幅；2011年前调查方法单列
housing_shanghai_used_yoy,CHN,2012-05,-1.5,%,M,,https://data.stats.gov.cn/dg/website/publicrelease/web/external/stream/esData,上海；原指标 二手住宅销售价格指数 (上年同月=100)；原值 98.5 减100得到涨跌幅；2011年前调查方法单列
housing_shanghai_used_yoy,CHN,2012-06,-1.5,%,M,,https://data.stats.gov.cn/dg/website/publicrelease/web/external/stream/esData,上海；原指标 二手住宅销售价格指数 (上年同月=100)；原值 98.5 减100得到涨跌幅；2011年前调查方法单列
housing_shanghai_used_yoy,CHN,2012-07,-1.6,%,M,,https://data.stats.gov.cn/dg/website/publicrelease/web/external/stream/esData,上海；原指标 二手住宅销售价格指数 (上年同月=100)；原值 98.4 减100得到涨跌幅；2011年前调查方法单列
housing_shanghai_used_yoy,CHN,2012-08,-1.5,%,M,,https://data.stats.gov.cn/dg/website/publicrelease/web/external/stream/esData,上海；原指标 二手住宅销售价格指数 (上年同月=100)；原值 98.5 减100得到涨跌幅；2011年前调查方法单列
housing_shanghai_used_yoy,CHN,2012-09,-1.4,%,M,,https://data.stats.gov.cn/dg/website/publicrelease/web/external/stream/esData,上海；原指标 二手住宅销售价格指数 (上年同月=100)；原值 98.6 减100得到涨跌幅；2011年前调查方法单列
housing_shanghai_used_yoy,CHN,2012-10,-1.0,%,M,,https://data.stats.gov.cn/dg/website/publicrelease/web/external/stream/esData,上海；原指标 二手住宅销售价格指数 (上年同月=100)；原值 99.0 减100得到涨跌幅；2011年前调查方法单列
housing_shanghai_used_yoy,CHN,2012-11,-0.3,%,M,,https://data.stats.gov.cn/dg/website/publicrelease/web/external/stream/esData,上海；原指标 二手住宅销售价格指数 (上年同月=100)；原值 99.7 减100得到涨跌幅；2011年前调查方法单列
housing_shanghai_used_yoy,CHN,2012-12,0.4,%,M,,https://data.stats.gov.cn/dg/website/publicrelease/web/external/stream/esData,上海；原指标 二手住宅销售价格指数 (上年同月=100)；原值 100.4 减100得到涨跌幅；2011年前调查方法单列
housing_shanghai_used_yoy,CHN,2013-01,2.0,%,M,,https://data.stats.gov.cn/dg/website/publicrelease/web/external/stream/esData,上海；原指标 二手住宅销售价格指数 (上年同月=100)；原值 102.0 减100得到涨跌幅；2011年前调查方法单列
housing_shanghai_used_yoy,CHN,2013-02,3.9,%,M,,https://data.stats.gov.cn/dg/website/publicrelease/web/external/stream/esData,上海；原指标 二手住宅销售价格指数 (上年同月=100)；原值 103.9 减100得到涨跌幅；2011年前调查方法单列
housing_shanghai_used_yoy,CHN,2013-03,7.2,%,M,,https://data.stats.gov.cn/dg/website/publicrelease/web/external/stream/esData,上海；原指标 二手住宅销售价格指数 (上年同月=100)；原值 107.2 减100得到涨跌幅；2011年前调查方法单列
housing_shanghai_used_yoy,CHN,2013-04,8.5,%,M,,https://data.stats.gov.cn/dg/website/publicrelease/web/external/stream/esData,上海；原指标 二手住宅销售价格指数 (上年同月=100)；原值 108.5 减100得到涨跌幅；2011年前调查方法单列
housing_shanghai_used_yoy,CHN,2013-05,9.2,%,M,,https://data.stats.gov.cn/dg/website/publicrelease/web/external/stream/esData,上海；原指标 二手住宅销售价格指数 (上年同月=100)；原值 109.2 减100得到涨跌幅；2011年前调查方法单列
housing_shanghai_used_yoy,CHN,2013-06,10.2,%,M,,https://data.stats.gov.cn/dg/website/publicrelease/web/external/stream/esData,上海；原指标 二手住宅销售价格指数 (上年同月=100)；原值 110.2 减100得到涨跌幅；2011年前调查方法单列
housing_shanghai_used_yoy,CHN,2013-07,10.9,%,M,,https://data.stats.gov.cn/dg/website/publicrelease/web/external/stream/esData,上海；原指标 二手住宅销售价格指数 (上年同月=100)；原值 110.9 减100得到涨跌幅；2011年前调查方法单列
housing_shanghai_used_yoy,CHN,2013-08,11.4,%,M,,https://data.stats.gov.cn/dg/website/publicrelease/web/external/stream/esData,上海；原指标 二手住宅销售价格指数 (上年同月=100)；原值 111.4 减100得到涨跌幅；2011年前调查方法单列
housing_shanghai_used_yoy,CHN,2013-09,12.3,%,M,,https://data.stats.gov.cn/dg/website/publicrelease/web/external/stream/esData,上海；原指标 二手住宅销售价格指数 (上年同月=100)；原值 112.3 减100得到涨跌幅；2011年前调查方法单列
housing_shanghai_used_yoy,CHN,2013-10,13.2,%,M,,https://data.stats.gov.cn/dg/website/publicrelease/web/external/stream/esData,上海；原指标 二手住宅销售价格指数 (上年同月=100)；原值 113.2 减100得到涨跌幅；2011年前调查方法单列
housing_shanghai_used_yoy,CHN,2013-11,13.7,%,M,,https://data.stats.gov.cn/dg/website/publicrelease/web/external/stream/esData,上海；原指标 二手住宅销售价格指数 (上年同月=100)；原值 113.7 减100得到涨跌幅；2011年前调查方法单列
housing_shanghai_used_yoy,CHN,2013-12,13.9,%,M,,https://data.stats.gov.cn/dg/website/publicrelease/web/external/stream/esData,上海；原指标 二手住宅销售价格指数 (上年同月=100)；原值 113.9 减100得到涨跌幅；2011年前调查方法单列
housing_shanghai_used_yoy,CHN,2014-01,13.2,%,M,,https://data.stats.gov.cn/dg/website/publicrelease/web/external/stream/esData,上海；原指标 二手住宅销售价格指数 (上年同月=100)；原值 113.2 减100得到涨跌幅；2011年前调查方法单列
housing_shanghai_used_yoy,CHN,2014-02,12.1,%,M,,https://data.stats.gov.cn/dg/website/publicrelease/web/external/stream/esData,上海；原指标 二手住宅销售价格指数 (上年同月=100)；原值 112.1 减100得到涨跌幅；2011年前调查方法单列
housing_shanghai_used_yoy,CHN,2014-03,9.5,%,M,,https://data.stats.gov.cn/dg/website/publicrelease/web/external/stream/esData,上海；原指标 二手住宅销售价格指数 (上年同月=100)；原值 109.5 减100得到涨跌幅；2011年前调查方法单列
housing_shanghai_used_yoy,CHN,2014-04,8.1,%,M,,https://data.stats.gov.cn/dg/website/publicrelease/web/external/stream/esData,上海；原指标 二手住宅销售价格指数 (上年同月=100)；原值 108.1 减100得到涨跌幅；2011年前调查方法单列
housing_shanghai_used_yoy,CHN,2014-05,6.8,%,M,,https://data.stats.gov.cn/dg/website/publicrelease/web/external/stream/esData,上海；原指标 二手住宅销售价格指数 (上年同月=100)；原值 106.8 减100得到涨跌幅；2011年前调查方法单列
housing_shanghai_used_yoy,CHN,2014-06,5.0,%,M,,https://data.stats.gov.cn/dg/website/publicrelease/web/external/stream/esData,上海；原指标 二手住宅销售价格指数 (上年同月=100)；原值 105.0 减100得到涨跌幅；2011年前调查方法单列
housing_shanghai_used_yoy,CHN,2014-07,3.2,%,M,,https://data.stats.gov.cn/dg/website/publicrelease/web/external/stream/esData,上海；原指标 二手住宅销售价格指数 (上年同月=100)；原值 103.2 减100得到涨跌幅；2011年前调查方法单列
housing_shanghai_used_yoy,CHN,2014-08,1.7,%,M,,https://data.stats.gov.cn/dg/website/publicrelease/web/external/stream/esData,上海；原指标 二手住宅销售价格指数 (上年同月=100)；原值 101.7 减100得到涨跌幅；2011年前调查方法单列
housing_shanghai_used_yoy,CHN,2014-09,-0.1,%,M,,https://data.stats.gov.cn/dg/website/publicrelease/web/external/stream/esData,上海；原指标 二手住宅销售价格指数 (上年同月=100)；原值 99.9 减100得到涨跌幅；2011年前调查方法单列
housing_shanghai_used_yoy,CHN,2014-10,-1.0,%,M,,https://data.stats.gov.cn/dg/website/publicrelease/web/external/stream/esData,上海；原指标 二手住宅销售价格指数 (上年同月=100)；原值 99.0 减100得到涨跌幅；2011年前调查方法单列
housing_shanghai_used_yoy,CHN,2014-11,-1.7,%,M,,https://data.stats.gov.cn/dg/website/publicrelease/web/external/stream/esData,上海；原指标 二手住宅销售价格指数 (上年同月=100)；原值 98.3 减100得到涨跌幅；2011年前调查方法单列
housing_shanghai_used_yoy,CHN,2014-12,-1.8,%,M,,https://data.stats.gov.cn/dg/website/publicrelease/web/external/stream/esData,上海；原指标 二手住宅销售价格指数 (上年同月=100)；原值 98.2 减100得到涨跌幅；2011年前调查方法单列
housing_shanghai_used_yoy,CHN,2015-01,-1.6,%,M,,https://data.stats.gov.cn/dg/website/publicrelease/web/external/stream/esData,上海；原指标 二手住宅销售价格指数 (上年同月=100)；原值 98.4 减100得到涨跌幅；2011年前调查方法单列
housing_shanghai_used_yoy,CHN,2015-02,-2.1,%,M,,https://data.stats.gov.cn/dg/website/publicrelease/web/external/stream/esData,上海；原指标 二手住宅销售价格指数 (上年同月=100)；原值 97.9 减100得到涨跌幅；2011年前调查方法单列
housing_shanghai_used_yoy,CHN,2015-03,-2.4,%,M,,https://data.stats.gov.cn/dg/website/publicrelease/web/external/stream/esData,上海；原指标 二手住宅销售价格指数 (上年同月=100)；原值 97.6 减100得到涨跌幅；2011年前调查方法单列
housing_shanghai_used_yoy,CHN,2015-04,-1.8,%,M,,https://data.stats.gov.cn/dg/website/publicrelease/web/external/stream/esData,上海；原指标 二手住宅销售价格指数 (上年同月=100)；原值 98.2 减100得到涨跌幅；2011年前调查方法单列
housing_shanghai_used_yoy,CHN,2015-05,0.6,%,M,,https://data.stats.gov.cn/dg/website/publicrelease/web/external/stream/esData,上海；原指标 二手住宅销售价格指数 (上年同月=100)；原值 100.6 减100得到涨跌幅；2011年前调查方法单列
housing_shanghai_used_yoy,CHN,2015-06,2.5,%,M,,https://data.stats.gov.cn/dg/website/publicrelease/web/external/stream/esData,上海；原指标 二手住宅销售价格指数 (上年同月=100)；原值 102.5 减100得到涨跌幅；2011年前调查方法单列
housing_shanghai_used_yoy,CHN,2015-07,5.0,%,M,,https://data.stats.gov.cn/dg/website/publicrelease/web/external/stream/esData,上海；原指标 二手住宅销售价格指数 (上年同月=100)；原值 105.0 减100得到涨跌幅；2011年前调查方法单列
housing_shanghai_used_yoy,CHN,2015-08,6.9,%,M,,https://data.stats.gov.cn/dg/website/publicrelease/web/external/stream/esData,上海；原指标 二手住宅销售价格指数 (上年同月=100)；原值 106.9 减100得到涨跌幅；2011年前调查方法单列
housing_shanghai_used_yoy,CHN,2015-09,8.8,%,M,,https://data.stats.gov.cn/dg/website/publicrelease/web/external/stream/esData,上海；原指标 二手住宅销售价格指数 (上年同月=100)；原值 108.8 减100得到涨跌幅；2011年前调查方法单列
housing_shanghai_used_yoy,CHN,2015-10,9.7,%,M,,https://data.stats.gov.cn/dg/website/publicrelease/web/external/stream/esData,上海；原指标 二手住宅销售价格指数 (上年同月=100)；原值 109.7 减100得到涨跌幅；2011年前调查方法单列
housing_shanghai_used_yoy,CHN,2015-11,10.8,%,M,,https://data.stats.gov.cn/dg/website/publicrelease/web/external/stream/esData,上海；原指标 二手住宅销售价格指数 (上年同月=100)；原值 110.8 减100得到涨跌幅；2011年前调查方法单列
housing_shanghai_used_yoy,CHN,2015-12,11.7,%,M,,https://data.stats.gov.cn/dg/website/publicrelease/web/external/stream/esData,上海；原指标 二手住宅销售价格指数 (上年同月=100)；原值 111.7 减100得到涨跌幅；2011年前调查方法单列
housing_shanghai_used_yoy,CHN,2016-01,14.4,%,M,,https://data.stats.gov.cn/dg/website/publicrelease/web/external/stream/esData,上海；原指标 二手住宅销售价格指数 (上年同月=100)；原值 114.4 减100得到涨跌幅；2011年前调查方法单列
housing_shanghai_used_yoy,CHN,2016-02,20.3,%,M,,https://data.stats.gov.cn/dg/website/publicrelease/web/external/stream/esData,上海；原指标 二手住宅销售价格指数 (上年同月=100)；原值 120.3 减100得到涨跌幅；2011年前调查方法单列
housing_shanghai_used_yoy,CHN,2016-03,27.8,%,M,,https://data.stats.gov.cn/dg/website/publicrelease/web/external/stream/esData,上海；原指标 二手住宅销售价格指数 (上年同月=100)；原值 127.8 减100得到涨跌幅；2011年前调查方法单列
housing_shanghai_used_yoy,CHN,2016-04,30.2,%,M,,https://data.stats.gov.cn/dg/website/publicrelease/web/external/stream/esData,上海；原指标 二手住宅销售价格指数 (上年同月=100)；原值 130.2 减100得到涨跌幅；2011年前调查方法单列
housing_shanghai_used_yoy,CHN,2016-05,29.2,%,M,,https://data.stats.gov.cn/dg/website/publicrelease/web/external/stream/esData,上海；原指标 二手住宅销售价格指数 (上年同月=100)；原值 129.2 减100得到涨跌幅；2011年前调查方法单列
housing_shanghai_used_yoy,CHN,2016-06,30.5,%,M,,https://data.stats.gov.cn/dg/website/publicrelease/web/external/stream/esData,上海；原指标 二手住宅销售价格指数 (上年同月=100)；原值 130.5 减100得到涨跌幅；2011年前调查方法单列
housing_shanghai_used_yoy,CHN,2016-07,31.0,%,M,,https://data.stats.gov.cn/dg/website/publicrelease/web/external/stream/esData,上海；原指标 二手住宅销售价格指数 (上年同月=100)；原值 131.0 减100得到涨跌幅；2011年前调查方法单列
housing_shanghai_used_yoy,CHN,2016-08,34.4,%,M,,https://data.stats.gov.cn/dg/website/publicrelease/web/external/stream/esData,上海；原指标 二手住宅销售价格指数 (上年同月=100)；原值 134.4 减100得到涨跌幅；2011年前调查方法单列
housing_shanghai_used_yoy,CHN,2016-09,37.4,%,M,,https://data.stats.gov.cn/dg/website/publicrelease/web/external/stream/esData,上海；原指标 二手住宅销售价格指数 (上年同月=100)；原值 137.4 减100得到涨跌幅；2011年前调查方法单列
housing_shanghai_used_yoy,CHN,2016-10,36.7,%,M,,https://data.stats.gov.cn/dg/website/publicrelease/web/external/stream/esData,上海；原指标 二手住宅销售价格指数 (上年同月=100)；原值 136.7 减100得到涨跌幅；2011年前调查方法单列
housing_shanghai_used_yoy,CHN,2016-11,35.1,%,M,,https://data.stats.gov.cn/dg/website/publicrelease/web/external/stream/esData,上海；原指标 二手住宅销售价格指数 (上年同月=100)；原值 135.1 减100得到涨跌幅；2011年前调查方法单列
housing_shanghai_used_yoy,CHN,2016-12,32.8,%,M,,https://data.stats.gov.cn/dg/website/publicrelease/web/external/stream/esData,上海；原指标 二手住宅销售价格指数 (上年同月=100)；原值 132.8 减100得到涨跌幅；2011年前调查方法单列
housing_shanghai_used_yoy,CHN,2017-01,28.7,%,M,,https://data.stats.gov.cn/dg/website/publicrelease/web/external/stream/esData,上海；原指标 二手住宅销售价格指数 (上年同月=100)；原值 128.7 减100得到涨跌幅；2011年前调查方法单列
housing_shanghai_used_yoy,CHN,2017-02,22.5,%,M,,https://data.stats.gov.cn/dg/website/publicrelease/web/external/stream/esData,上海；原指标 二手住宅销售价格指数 (上年同月=100)；原值 122.5 减100得到涨跌幅；2011年前调查方法单列
housing_shanghai_used_yoy,CHN,2017-03,16.1,%,M,,https://data.stats.gov.cn/dg/website/publicrelease/web/external/stream/esData,上海；原指标 二手住宅销售价格指数 (上年同月=100)；原值 116.1 减100得到涨跌幅；2011年前调查方法单列
housing_shanghai_used_yoy,CHN,2017-04,14.2,%,M,,https://data.stats.gov.cn/dg/website/publicrelease/web/external/stream/esData,上海；原指标 二手住宅销售价格指数 (上年同月=100)；原值 114.2 减100得到涨跌幅；2011年前调查方法单列
housing_shanghai_used_yoy,CHN,2017-05,12.6,%,M,,https://data.stats.gov.cn/dg/website/publicrelease/web/external/stream/esData,上海；原指标 二手住宅销售价格指数 (上年同月=100)；原值 112.6 减100得到涨跌幅；2011年前调查方法单列
housing_shanghai_used_yoy,CHN,2017-06,10.0,%,M,,https://data.stats.gov.cn/dg/website/publicrelease/web/external/stream/esData,上海；原指标 二手住宅销售价格指数 (上年同月=100)；原值 110.0 减100得到涨跌幅；2011年前调查方法单列
housing_shanghai_used_yoy,CHN,2017-07,7.4,%,M,,https://data.stats.gov.cn/dg/website/publicrelease/web/external/stream/esData,上海；原指标 二手住宅销售价格指数 (上年同月=100)；原值 107.4 减100得到涨跌幅；2011年前调查方法单列
housing_shanghai_used_yoy,CHN,2017-08,3.4,%,M,,https://data.stats.gov.cn/dg/website/publicrelease/web/external/stream/esData,上海；原指标 二手住宅销售价格指数 (上年同月=100)；原值 103.4 减100得到涨跌幅；2011年前调查方法单列
housing_shanghai_used_yoy,CHN,2017-09,-0.1,%,M,,https://data.stats.gov.cn/dg/website/publicrelease/web/external/stream/esData,上海；原指标 二手住宅销售价格指数 (上年同月=100)；原值 99.9 减100得到涨跌幅；2011年前调查方法单列
housing_shanghai_used_yoy,CHN,2017-10,-0.1,%,M,,https://data.stats.gov.cn/dg/website/publicrelease/web/external/stream/esData,上海；原指标 二手住宅销售价格指数 (上年同月=100)；原值 99.9 减100得到涨跌幅；2011年前调查方法单列
housing_shanghai_used_yoy,CHN,2017-11,-0.1,%,M,,https://data.stats.gov.cn/dg/website/publicrelease/web/external/stream/esData,上海；原指标 二手住宅销售价格指数 (上年同月=100)；原值 99.9 减100得到涨跌幅；2011年前调查方法单列
housing_shanghai_used_yoy,CHN,2017-12,0.3,%,M,,https://data.stats.gov.cn/dg/website/publicrelease/web/external/stream/esData,上海；原指标 二手住宅销售价格指数 (上年同月=100)；原值 100.3 减100得到涨跌幅；2011年前调查方法单列
housing_shanghai_used_yoy,CHN,2018-01,0.8,%,M,,https://data.stats.gov.cn/dg/website/publicrelease/web/external/stream/esData,上海；原指标 二手住宅销售价格指数 (上年同月=100)；原值 100.8 减100得到涨跌幅；2011年前调查方法单列
housing_shanghai_used_yoy,CHN,2018-02,0.2,%,M,,https://data.stats.gov.cn/dg/website/publicrelease/web/external/stream/esData,上海；原指标 二手住宅销售价格指数 (上年同月=100)；原值 100.2 减100得到涨跌幅；2011年前调查方法单列
housing_shanghai_used_yoy,CHN,2018-03,-1.1,%,M,,https://data.stats.gov.cn/dg/website/publicrelease/web/external/stream/esData,上海；原指标 二手住宅销售价格指数 (上年同月=100)；原值 98.9 减100得到涨跌幅；2011年前调查方法单列
housing_shanghai_used_yoy,CHN,2018-04,-2.0,%,M,,https://data.stats.gov.cn/dg/website/publicrelease/web/external/stream/esData,上海；原指标 二手住宅销售价格指数 (上年同月=100)；原值 98.0 减100得到涨跌幅；2011年前调查方法单列
housing_shanghai_used_yoy,CHN,2018-05,-2.3,%,M,,https://data.stats.gov.cn/dg/website/publicrelease/web/external/stream/esData,上海；原指标 二手住宅销售价格指数 (上年同月=100)；原值 97.7 减100得到涨跌幅；2011年前调查方法单列
housing_shanghai_used_yoy,CHN,2018-06,-2.5,%,M,,https://data.stats.gov.cn/dg/website/publicrelease/web/external/stream/esData,上海；原指标 二手住宅销售价格指数 (上年同月=100)；原值 97.5 减100得到涨跌幅；2011年前调查方法单列
housing_shanghai_used_yoy,CHN,2018-07,-2.2,%,M,,https://data.stats.gov.cn/dg/website/publicrelease/web/external/stream/esData,上海；原指标 二手住宅销售价格指数 (上年同月=100)；原值 97.8 减100得到涨跌幅；2011年前调查方法单列
housing_shanghai_used_yoy,CHN,2018-08,-2.1,%,M,,https://data.stats.gov.cn/dg/website/publicrelease/web/external/stream/esData,上海；原指标 二手住宅销售价格指数 (上年同月=100)；原值 97.9 减100得到涨跌幅；2011年前调查方法单列
housing_shanghai_used_yoy,CHN,2018-09,-2.1,%,M,,https://data.stats.gov.cn/dg/website/publicrelease/web/external/stream/esData,上海；原指标 二手住宅销售价格指数 (上年同月=100)；原值 97.9 减100得到涨跌幅；2011年前调查方法单列
housing_shanghai_used_yoy,CHN,2018-10,-2.6,%,M,,https://data.stats.gov.cn/dg/website/publicrelease/web/external/stream/esData,上海；原指标 二手住宅销售价格指数 (上年同月=100)；原值 97.4 减100得到涨跌幅；2011年前调查方法单列
housing_shanghai_used_yoy,CHN,2018-11,-2.5,%,M,,https://data.stats.gov.cn/dg/website/publicrelease/web/external/stream/esData,上海；原指标 二手住宅销售价格指数 (上年同月=100)；原值 97.5 减100得到涨跌幅；2011年前调查方法单列
housing_shanghai_used_yoy,CHN,2018-12,-2.7,%,M,,https://data.stats.gov.cn/dg/website/publicrelease/web/external/stream/esData,上海；原指标 二手住宅销售价格指数 (上年同月=100)；原值 97.3 减100得到涨跌幅；2011年前调查方法单列
housing_shanghai_used_yoy,CHN,2019-01,-2.8,%,M,,https://data.stats.gov.cn/dg/website/publicrelease/web/external/stream/esData,上海；原指标 二手住宅销售价格指数 (上年同月=100)；原值 97.2 减100得到涨跌幅；2011年前调查方法单列
housing_shanghai_used_yoy,CHN,2019-02,-2.5,%,M,,https://data.stats.gov.cn/dg/website/publicrelease/web/external/stream/esData,上海；原指标 二手住宅销售价格指数 (上年同月=100)；原值 97.5 减100得到涨跌幅；2011年前调查方法单列
housing_shanghai_used_yoy,CHN,2019-03,-1.6,%,M,,https://data.stats.gov.cn/dg/website/publicrelease/web/external/stream/esData,上海；原指标 二手住宅销售价格指数 (上年同月=100)；原值 98.4 减100得到涨跌幅；2011年前调查方法单列
housing_shanghai_used_yoy,CHN,2019-04,-1.0,%,M,,https://data.stats.gov.cn/dg/website/publicrelease/web/external/stream/esData,上海；原指标 二手住宅销售价格指数 (上年同月=100)；原值 99.0 减100得到涨跌幅；2011年前调查方法单列
housing_shanghai_used_yoy,CHN,2019-05,-0.6,%,M,,https://data.stats.gov.cn/dg/website/publicrelease/web/external/stream/esData,上海；原指标 二手住宅销售价格指数 (上年同月=100)；原值 99.4 减100得到涨跌幅；2011年前调查方法单列
housing_shanghai_used_yoy,CHN,2019-06,-0.3,%,M,,https://data.stats.gov.cn/dg/website/publicrelease/web/external/stream/esData,上海；原指标 二手住宅销售价格指数 (上年同月=100)；原值 99.7 减100得到涨跌幅；2011年前调查方法单列
housing_shanghai_used_yoy,CHN,2019-07,0.2,%,M,,https://data.stats.gov.cn/dg/website/publicrelease/web/external/stream/esData,上海；原指标 二手住宅销售价格指数 (上年同月=100)；原值 100.2 减100得到涨跌幅；2011年前调查方法单列
housing_shanghai_used_yoy,CHN,2019-08,0.3,%,M,,https://data.stats.gov.cn/dg/website/publicrelease/web/external/stream/esData,上海；原指标 二手住宅销售价格指数 (上年同月=100)；原值 100.3 减100得到涨跌幅；2011年前调查方法单列
housing_shanghai_used_yoy,CHN,2019-09,1.0,%,M,,https://data.stats.gov.cn/dg/website/publicrelease/web/external/stream/esData,上海；原指标 二手住宅销售价格指数 (上年同月=100)；原值 101.0 减100得到涨跌幅；2011年前调查方法单列
housing_shanghai_used_yoy,CHN,2019-10,1.1,%,M,,https://data.stats.gov.cn/dg/website/publicrelease/web/external/stream/esData,上海；原指标 二手住宅销售价格指数 (上年同月=100)；原值 101.1 减100得到涨跌幅；2011年前调查方法单列
housing_shanghai_used_yoy,CHN,2019-11,1.2,%,M,,https://data.stats.gov.cn/dg/website/publicrelease/web/external/stream/esData,上海；原指标 二手住宅销售价格指数 (上年同月=100)；原值 101.2 减100得到涨跌幅；2011年前调查方法单列
housing_shanghai_used_yoy,CHN,2019-12,1.3,%,M,,https://data.stats.gov.cn/dg/website/publicrelease/web/external/stream/esData,上海；原指标 二手住宅销售价格指数 (上年同月=100)；原值 101.3 减100得到涨跌幅；2011年前调查方法单列
housing_shanghai_used_yoy,CHN,2020-01,1.4,%,M,,https://data.stats.gov.cn/dg/website/publicrelease/web/external/stream/esData,上海；原指标 二手住宅销售价格指数 (上年同月=100)；原值 101.4 减100得到涨跌幅；2011年前调查方法单列
housing_shanghai_used_yoy,CHN,2020-02,1.6,%,M,,https://data.stats.gov.cn/dg/website/publicrelease/web/external/stream/esData,上海；原指标 二手住宅销售价格指数 (上年同月=100)；原值 101.6 减100得到涨跌幅；2011年前调查方法单列
housing_shanghai_used_yoy,CHN,2020-03,1.6,%,M,,https://data.stats.gov.cn/dg/website/publicrelease/web/external/stream/esData,上海；原指标 二手住宅销售价格指数 (上年同月=100)；原值 101.6 减100得到涨跌幅；2011年前调查方法单列
housing_shanghai_used_yoy,CHN,2020-04,2.3,%,M,,https://data.stats.gov.cn/dg/website/publicrelease/web/external/stream/esData,上海；原指标 二手住宅销售价格指数 (上年同月=100)；原值 102.3 减100得到涨跌幅；2011年前调查方法单列
housing_shanghai_used_yoy,CHN,2020-05,2.8,%,M,,https://data.stats.gov.cn/dg/website/publicrelease/web/external/stream/esData,上海；原指标 二手住宅销售价格指数 (上年同月=100)；原值 102.8 减100得到涨跌幅；2011年前调查方法单列
housing_shanghai_used_yoy,CHN,2020-06,3.3,%,M,,https://data.stats.gov.cn/dg/website/publicrelease/web/external/stream/esData,上海；原指标 二手住宅销售价格指数 (上年同月=100)；原值 103.3 减100得到涨跌幅；2011年前调查方法单列
housing_shanghai_used_yoy,CHN,2020-07,3.3,%,M,,https://data.stats.gov.cn/dg/website/publicrelease/web/external/stream/esData,上海；原指标 二手住宅销售价格指数 (上年同月=100)；原值 103.3 减100得到涨跌幅；2011年前调查方法单列
housing_shanghai_used_yoy,CHN,2020-08,4.1,%,M,,https://data.stats.gov.cn/dg/website/publicrelease/web/external/stream/esData,上海；原指标 二手住宅销售价格指数 (上年同月=100)；原值 104.1 减100得到涨跌幅；2011年前调查方法单列
housing_shanghai_used_yoy,CHN,2020-09,4.6,%,M,,https://data.stats.gov.cn/dg/website/publicrelease/web/external/stream/esData,上海；原指标 二手住宅销售价格指数 (上年同月=100)；原值 104.6 减100得到涨跌幅；2011年前调查方法单列
housing_shanghai_used_yoy,CHN,2020-10,5.2,%,M,,https://data.stats.gov.cn/dg/website/publicrelease/web/external/stream/esData,上海；原指标 二手住宅销售价格指数 (上年同月=100)；原值 105.2 减100得到涨跌幅；2011年前调查方法单列
housing_shanghai_used_yoy,CHN,2020-11,5.5,%,M,,https://data.stats.gov.cn/dg/website/publicrelease/web/external/stream/esData,上海；原指标 二手住宅销售价格指数 (上年同月=100)；原值 105.5 减100得到涨跌幅；2011年前调查方法单列
housing_shanghai_used_yoy,CHN,2020-12,6.3,%,M,,https://data.stats.gov.cn/dg/website/publicrelease/web/external/stream/esData,上海；原指标 二手住宅销售价格指数 (上年同月=100)；原值 106.3 减100得到涨跌幅；2011年前调查方法单列
housing_shanghai_used_yoy,CHN,2021-01,7.6,%,M,,https://data.stats.gov.cn/dg/website/publicrelease/web/external/stream/esData,上海；原指标 二手住宅销售价格指数 (上年同月=100)；原值 107.6 减100得到涨跌幅；2011年前调查方法单列
housing_shanghai_used_yoy,CHN,2021-02,8.8,%,M,,https://data.stats.gov.cn/dg/website/publicrelease/web/external/stream/esData,上海；原指标 二手住宅销售价格指数 (上年同月=100)；原值 108.8 减100得到涨跌幅；2011年前调查方法单列
housing_shanghai_used_yoy,CHN,2021-03,9.7,%,M,,https://data.stats.gov.cn/dg/website/publicrelease/web/external/stream/esData,上海；原指标 二手住宅销售价格指数 (上年同月=100)；原值 109.7 减100得到涨跌幅；2011年前调查方法单列
housing_shanghai_used_yoy,CHN,2021-04,9.3,%,M,,https://data.stats.gov.cn/dg/website/publicrelease/web/external/stream/esData,上海；原指标 二手住宅销售价格指数 (上年同月=100)；原值 109.3 减100得到涨跌幅；2011年前调查方法单列
housing_shanghai_used_yoy,CHN,2021-05,9.4,%,M,,https://data.stats.gov.cn/dg/website/publicrelease/web/external/stream/esData,上海；原指标 二手住宅销售价格指数 (上年同月=100)；原值 109.4 减100得到涨跌幅；2011年前调查方法单列
housing_shanghai_used_yoy,CHN,2021-06,10.1,%,M,,https://data.stats.gov.cn/dg/website/publicrelease/web/external/stream/esData,上海；原指标 二手住宅销售价格指数 (上年同月=100)；原值 110.1 减100得到涨跌幅；2011年前调查方法单列
housing_shanghai_used_yoy,CHN,2021-07,10.3,%,M,,https://data.stats.gov.cn/dg/website/publicrelease/web/external/stream/esData,上海；原指标 二手住宅销售价格指数 (上年同月=100)；原值 110.3 减100得到涨跌幅；2011年前调查方法单列
housing_shanghai_used_yoy,CHN,2021-08,9.7,%,M,,https://data.stats.gov.cn/dg/website/publicrelease/web/external/stream/esData,上海；原指标 二手住宅销售价格指数 (上年同月=100)；原值 109.7 减100得到涨跌幅；2011年前调查方法单列
housing_shanghai_used_yoy,CHN,2021-09,8.0,%,M,,https://data.stats.gov.cn/dg/website/publicrelease/web/external/stream/esData,上海；原指标 二手住宅销售价格指数 (上年同月=100)；原值 108.0 减100得到涨跌幅；2011年前调查方法单列
housing_shanghai_used_yoy,CHN,2021-10,7.0,%,M,,https://data.stats.gov.cn/dg/website/publicrelease/web/external/stream/esData,上海；原指标 二手住宅销售价格指数 (上年同月=100)；原值 107.0 减100得到涨跌幅；2011年前调查方法单列
housing_shanghai_used_yoy,CHN,2021-11,6.7,%,M,,https://data.stats.gov.cn/dg/website/publicrelease/web/external/stream/esData,上海；原指标 二手住宅销售价格指数 (上年同月=100)；原值 106.7 减100得到涨跌幅；2011年前调查方法单列
housing_shanghai_used_yoy,CHN,2021-12,6.5,%,M,,https://data.stats.gov.cn/dg/website/publicrelease/web/external/stream/esData,上海；原指标 二手住宅销售价格指数 (上年同月=100)；原值 106.5 减100得到涨跌幅；2011年前调查方法单列
housing_shanghai_used_yoy,CHN,2022-01,5.8,%,M,,https://data.stats.gov.cn/dg/website/publicrelease/web/external/stream/esData,上海；原指标 二手住宅销售价格指数 (上年同月=100)；原值 105.8 减100得到涨跌幅；2011年前调查方法单列
housing_shanghai_used_yoy,CHN,2022-02,5.3,%,M,,https://data.stats.gov.cn/dg/website/publicrelease/web/external/stream/esData,上海；原指标 二手住宅销售价格指数 (上年同月=100)；原值 105.3 减100得到涨跌幅；2011年前调查方法单列
housing_shanghai_used_yoy,CHN,2022-03,4.6,%,M,,https://data.stats.gov.cn/dg/website/publicrelease/web/external/stream/esData,上海；原指标 二手住宅销售价格指数 (上年同月=100)；原值 104.6 减100得到涨跌幅；2011年前调查方法单列
housing_shanghai_used_yoy,CHN,2022-04,3.7,%,M,,https://data.stats.gov.cn/dg/website/publicrelease/web/external/stream/esData,上海；原指标 二手住宅销售价格指数 (上年同月=100)；原值 103.7 减100得到涨跌幅；2011年前调查方法单列
housing_shanghai_used_yoy,CHN,2022-05,3.0,%,M,,https://data.stats.gov.cn/dg/website/publicrelease/web/external/stream/esData,上海；原指标 二手住宅销售价格指数 (上年同月=100)；原值 103.0 减100得到涨跌幅；2011年前调查方法单列
housing_shanghai_used_yoy,CHN,2022-06,2.3,%,M,,https://data.stats.gov.cn/dg/website/publicrelease/web/external/stream/esData,上海；原指标 二手住宅销售价格指数 (上年同月=100)；原值 102.3 减100得到涨跌幅；2011年前调查方法单列
housing_shanghai_used_yoy,CHN,2022-07,2.4,%,M,,https://data.stats.gov.cn/dg/website/publicrelease/web/external/stream/esData,上海；原指标 二手住宅销售价格指数 (上年同月=100)；原值 102.4 减100得到涨跌幅；2011年前调查方法单列
housing_shanghai_used_yoy,CHN,2022-08,2.8,%,M,,https://data.stats.gov.cn/dg/website/publicrelease/web/external/stream/esData,上海；原指标 二手住宅销售价格指数 (上年同月=100)；原值 102.8 减100得到涨跌幅；2011年前调查方法单列
housing_shanghai_used_yoy,CHN,2022-09,3.9,%,M,,https://data.stats.gov.cn/dg/website/publicrelease/web/external/stream/esData,上海；原指标 二手住宅销售价格指数 (上年同月=100)；原值 103.9 减100得到涨跌幅；2011年前调查方法单列
housing_shanghai_used_yoy,CHN,2022-10,3.9,%,M,,https://data.stats.gov.cn/dg/website/publicrelease/web/external/stream/esData,上海；原指标 二手住宅销售价格指数 (上年同月=100)；原值 103.9 减100得到涨跌幅；2011年前调查方法单列
housing_shanghai_used_yoy,CHN,2022-11,3.5,%,M,,https://data.stats.gov.cn/dg/website/publicrelease/web/external/stream/esData,上海；原指标 二手住宅销售价格指数 (上年同月=100)；原值 103.5 减100得到涨跌幅；2011年前调查方法单列
housing_shanghai_used_yoy,CHN,2022-12,2.6,%,M,,https://data.stats.gov.cn/dg/website/publicrelease/web/external/stream/esData,上海；原指标 二手住宅销售价格指数 (上年同月=100)；原值 102.6 减100得到涨跌幅；2011年前调查方法单列
housing_shanghai_used_yoy,CHN,2023-01,2.3,%,M,,https://data.stats.gov.cn/dg/website/publicrelease/web/external/stream/esData,上海；原指标 二手住宅销售价格指数 (上年同月=100)；原值 102.3 减100得到涨跌幅；2011年前调查方法单列
housing_shanghai_used_yoy,CHN,2023-02,2.5,%,M,,https://data.stats.gov.cn/dg/website/publicrelease/web/external/stream/esData,上海；原指标 二手住宅销售价格指数 (上年同月=100)；原值 102.5 减100得到涨跌幅；2011年前调查方法单列
housing_shanghai_used_yoy,CHN,2023-03,2.8,%,M,,https://data.stats.gov.cn/dg/website/publicrelease/web/external/stream/esData,上海；原指标 二手住宅销售价格指数 (上年同月=100)；原值 102.8 减100得到涨跌幅；2011年前调查方法单列
housing_shanghai_used_yoy,CHN,2023-04,2.5,%,M,,https://data.stats.gov.cn/dg/website/publicrelease/web/external/stream/esData,上海；原指标 二手住宅销售价格指数 (上年同月=100)；原值 102.5 减100得到涨跌幅；2011年前调查方法单列
housing_shanghai_used_yoy,CHN,2023-05,1.7,%,M,,https://data.stats.gov.cn/dg/website/publicrelease/web/external/stream/esData,上海；原指标 二手住宅销售价格指数 (上年同月=100)；原值 101.7 减100得到涨跌幅；2011年前调查方法单列
housing_shanghai_used_yoy,CHN,2023-06,0.2,%,M,,https://data.stats.gov.cn/dg/website/publicrelease/web/external/stream/esData,上海；原指标 二手住宅销售价格指数 (上年同月=100)；原值 100.2 减100得到涨跌幅；2011年前调查方法单列
housing_shanghai_used_yoy,CHN,2023-07,-1.2,%,M,,https://data.stats.gov.cn/dg/website/publicrelease/web/external/stream/esData,上海；原指标 二手住宅销售价格指数 (上年同月=100)；原值 98.8 减100得到涨跌幅；2011年前调查方法单列
housing_shanghai_used_yoy,CHN,2023-08,-2.0,%,M,,https://data.stats.gov.cn/dg/website/publicrelease/web/external/stream/esData,上海；原指标 二手住宅销售价格指数 (上年同月=100)；原值 98.0 减100得到涨跌幅；2011年前调查方法单列
housing_shanghai_used_yoy,CHN,2023-09,-1.9,%,M,,https://data.stats.gov.cn/dg/website/publicrelease/web/external/stream/esData,上海；原指标 二手住宅销售价格指数 (上年同月=100)；原值 98.1 减100得到涨跌幅；2011年前调查方法单列
housing_shanghai_used_yoy,CHN,2023-10,-2.3,%,M,,https://data.stats.gov.cn/dg/website/publicrelease/web/external/stream/esData,上海；原指标 二手住宅销售价格指数 (上年同月=100)；原值 97.7 减100得到涨跌幅；2011年前调查方法单列
housing_shanghai_used_yoy,CHN,2023-11,-3.3,%,M,,https://data.stats.gov.cn/dg/website/publicrelease/web/external/stream/esData,上海；原指标 二手住宅销售价格指数 (上年同月=100)；原值 96.7 减100得到涨跌幅；2011年前调查方法单列
housing_shanghai_used_yoy,CHN,2023-12,-3.4,%,M,,https://data.stats.gov.cn/dg/website/publicrelease/web/external/stream/esData,上海；原指标 二手住宅销售价格指数 (上年同月=100)；原值 96.6 减100得到涨跌幅；2011年前调查方法单列
housing_shanghai_used_yoy,CHN,2024-01,-4.5,%,M,,https://data.stats.gov.cn/dg/website/publicrelease/web/external/stream/esData,上海；原指标 二手住宅销售价格指数 (上年同月=100)；原值 95.5 减100得到涨跌幅；2011年前调查方法单列
housing_shanghai_used_yoy,CHN,2024-02,-6.0,%,M,,https://data.stats.gov.cn/dg/website/publicrelease/web/external/stream/esData,上海；原指标 二手住宅销售价格指数 (上年同月=100)；原值 94.0 减100得到涨跌幅；2011年前调查方法单列
housing_shanghai_used_yoy,CHN,2024-03,-6.9,%,M,,https://data.stats.gov.cn/dg/website/publicrelease/web/external/stream/esData,上海；原指标 二手住宅销售价格指数 (上年同月=100)；原值 93.1 减100得到涨跌幅；2011年前调查方法单列
housing_shanghai_used_yoy,CHN,2024-04,-7.5,%,M,,https://data.stats.gov.cn/dg/website/publicrelease/web/external/stream/esData,上海；原指标 二手住宅销售价格指数 (上年同月=100)；原值 92.5 减100得到涨跌幅；2011年前调查方法单列
housing_shanghai_used_yoy,CHN,2024-05,-7.9,%,M,,https://data.stats.gov.cn/dg/website/publicrelease/web/external/stream/esData,上海；原指标 二手住宅销售价格指数 (上年同月=100)；原值 92.1 减100得到涨跌幅；2011年前调查方法单列
housing_shanghai_used_yoy,CHN,2024-06,-6.3,%,M,,https://data.stats.gov.cn/dg/website/publicrelease/web/external/stream/esData,上海；原指标 二手住宅销售价格指数 (上年同月=100)；原值 93.7 减100得到涨跌幅；2011年前调查方法单列
housing_shanghai_used_yoy,CHN,2024-07,-5.6,%,M,,https://data.stats.gov.cn/dg/website/publicrelease/web/external/stream/esData,上海；原指标 二手住宅销售价格指数 (上年同月=100)；原值 94.4 减100得到涨跌幅；2011年前调查方法单列
housing_shanghai_used_yoy,CHN,2024-08,-5.8,%,M,,https://data.stats.gov.cn/dg/website/publicrelease/web/external/stream/esData,上海；原指标 二手住宅销售价格指数 (上年同月=100)；原值 94.2 减100得到涨跌幅；2011年前调查方法单列
housing_shanghai_used_yoy,CHN,2024-09,-7.6,%,M,,https://data.stats.gov.cn/dg/website/publicrelease/web/external/stream/esData,上海；原指标 二手住宅销售价格指数 (上年同月=100)；原值 92.4 减100得到涨跌幅；2011年前调查方法单列
housing_shanghai_used_yoy,CHN,2024-10,-6.7,%,M,,https://data.stats.gov.cn/dg/website/publicrelease/web/external/stream/esData,上海；原指标 二手住宅销售价格指数 (上年同月=100)；原值 93.3 减100得到涨跌幅；2011年前调查方法单列
housing_shanghai_used_yoy,CHN,2024-11,-4.9,%,M,,https://data.stats.gov.cn/dg/website/publicrelease/web/external/stream/esData,上海；原指标 二手住宅销售价格指数 (上年同月=100)；原值 95.1 减100得到涨跌幅；2011年前调查方法单列
housing_shanghai_used_yoy,CHN,2024-12,-3.4,%,M,,https://data.stats.gov.cn/dg/website/publicrelease/web/external/stream/esData,上海；原指标 二手住宅销售价格指数 (上年同月=100)；原值 96.6 减100得到涨跌幅；2011年前调查方法单列
housing_shanghai_used_yoy,CHN,2025-01,-2.3,%,M,,https://data.stats.gov.cn/dg/website/publicrelease/web/external/stream/esData,上海；原指标 二手住宅销售价格指数 (上年同月=100)；原值 97.7 减100得到涨跌幅；2011年前调查方法单列
housing_shanghai_used_yoy,CHN,2025-02,-2.1,%,M,,https://data.stats.gov.cn/dg/website/publicrelease/web/external/stream/esData,上海；原指标 二手住宅销售价格指数 (上年同月=100)；原值 97.9 减100得到涨跌幅；2011年前调查方法单列
housing_shanghai_used_yoy,CHN,2025-03,-1.4,%,M,,https://data.stats.gov.cn/dg/website/publicrelease/web/external/stream/esData,上海；原指标 二手住宅销售价格指数 (上年同月=100)；原值 98.6 减100得到涨跌幅；2011年前调查方法单列
housing_shanghai_used_yoy,CHN,2025-04,-0.6,%,M,,https://data.stats.gov.cn/dg/website/publicrelease/web/external/stream/esData,上海；原指标 二手住宅销售价格指数 (上年同月=100)；原值 99.4 减100得到涨跌幅；2011年前调查方法单列
housing_shanghai_used_yoy,CHN,2025-05,-0.1,%,M,,https://data.stats.gov.cn/dg/website/publicrelease/web/external/stream/esData,上海；原指标 二手住宅销售价格指数 (上年同月=100)；原值 99.9 减100得到涨跌幅；2011年前调查方法单列
housing_shanghai_used_yoy,CHN,2025-06,-1.3,%,M,,https://data.stats.gov.cn/dg/website/publicrelease/web/external/stream/esData,上海；原指标 二手住宅销售价格指数 (上年同月=100)；原值 98.7 减100得到涨跌幅；2011年前调查方法单列
housing_shanghai_used_yoy,CHN,2025-07,-2.2,%,M,,https://data.stats.gov.cn/dg/website/publicrelease/web/external/stream/esData,上海；原指标 二手住宅销售价格指数 (上年同月=100)；原值 97.8 减100得到涨跌幅；2011年前调查方法单列
housing_shanghai_used_yoy,CHN,2025-08,-2.6,%,M,,https://data.stats.gov.cn/dg/website/publicrelease/web/external/stream/esData,上海；原指标 二手住宅销售价格指数 (上年同月=100)；原值 97.4 减100得到涨跌幅；2011年前调查方法单列
housing_shanghai_used_yoy,CHN,2025-09,-2.4,%,M,,https://data.stats.gov.cn/dg/website/publicrelease/web/external/stream/esData,上海；原指标 二手住宅销售价格指数 (上年同月=100)；原值 97.6 减100得到涨跌幅；2011年前调查方法单列
housing_shanghai_used_yoy,CHN,2025-10,-3.4,%,M,,https://data.stats.gov.cn/dg/website/publicrelease/web/external/stream/esData,上海；原指标 二手住宅销售价格指数 (上年同月=100)；原值 96.6 减100得到涨跌幅；2011年前调查方法单列
housing_shanghai_used_yoy,CHN,2025-11,-4.6,%,M,,https://data.stats.gov.cn/dg/website/publicrelease/web/external/stream/esData,上海；原指标 二手住宅销售价格指数 (上年同月=100)；原值 95.4 减100得到涨跌幅；2011年前调查方法单列
housing_shanghai_used_yoy,CHN,2025-12,-6.1,%,M,,https://data.stats.gov.cn/dg/website/publicrelease/web/external/stream/esData,上海；原指标 二手住宅销售价格指数 (上年同月=100)；原值 93.9 减100得到涨跌幅；2011年前调查方法单列
housing_shanghai_used_yoy,CHN,2026-01,-6.8,%,M,,https://data.stats.gov.cn/dg/website/publicrelease/web/external/stream/esData,上海；原指标 二手住宅销售价格指数 (上年同月=100)；原值 93.2 减100得到涨跌幅；2011年前调查方法单列
housing_shanghai_used_yoy,CHN,2026-02,-6.2,%,M,,https://data.stats.gov.cn/dg/website/publicrelease/web/external/stream/esData,上海；原指标 二手住宅销售价格指数 (上年同月=100)；原值 93.8 减100得到涨跌幅；2011年前调查方法单列
housing_shanghai_used_yoy,CHN,2026-03,-6.2,%,M,,https://data.stats.gov.cn/dg/website/publicrelease/web/external/stream/esData,上海；原指标 二手住宅销售价格指数 (上年同月=100)；原值 93.8 减100得到涨跌幅；2011年前调查方法单列
housing_shanghai_used_yoy,CHN,2026-04,-5.6,%,M,,https://data.stats.gov.cn/dg/website/publicrelease/web/external/stream/esData,上海；原指标 二手住宅销售价格指数 (上年同月=100)；原值 94.4 减100得到涨跌幅；2011年前调查方法单列
housing_shanghai_used_yoy,CHN,2026-05,-4.3,%,M,,https://data.stats.gov.cn/dg/website/publicrelease/web/external/stream/esData,上海；原指标 二手住宅销售价格指数 (上年同月=100)；原值 95.7 减100得到涨跌幅；2011年前调查方法单列
housing_shanghai_used_yoy,CHN,2026-06,-3.2,%,M,,https://data.stats.gov.cn/dg/website/publicrelease/web/external/stream/esData,上海；原指标 二手住宅销售价格指数 (上年同月=100)；原值 96.8 减100得到涨跌幅；2011年前调查方法单列
housing_shanghai_used_yoy,CHN,2026-07,-2.0,%,M,,https://data.stats.gov.cn/dg/website/publicrelease/web/external/stream/esData,上海；原指标 二手住宅销售价格指数 (上年同月=100)；原值 98.0 减100得到涨跌幅；2011年前调查方法单列
housing_shanghai_used_yoy,CHN,2026-08,-0.8,%,M,,https://data.stats.gov.cn/dg/website/publicrelease/web/external/stream/esData,上海；原指标 二手住宅销售价格指数 (上年同月=100)；原值 99.2 减100得到涨跌幅；2011年前调查方法单列
housing_shanghai_used_yoy_legacy,CHN,2006-01,3.6,%,M,,https://data.stats.gov.cn/dg/website/publicrelease/web/external/stream/esData,上海；原指标 二手住宅销售价格指数 (上年同月=100)；原值 103.6 减100得到涨跌幅；2011年前调查方法单列
housing_shanghai_used_yoy_legacy,CHN,2006-02,3.6,%,M,,https://data.stats.gov.cn/dg/website/publicrelease/web/external/stream/esData,上海；原指标 二手住宅销售价格指数 (上年同月=100)；原值 103.6 减100得到涨跌幅；2011年前调查方法单列
housing_shanghai_used_yoy_legacy,CHN,2006-03,2.9,%,M,,https://data.stats.gov.cn/dg/website/publicrelease/web/external/stream/esData,上海；原指标 二手住宅销售价格指数 (上年同月=100)；原值 102.9 减100得到涨跌幅；2011年前调查方法单列
housing_shanghai_used_yoy_legacy,CHN,2006-04,2.7,%,M,,https://data.stats.gov.cn/dg/website/publicrelease/web/external/stream/esData,上海；原指标 二手住宅销售价格指数 (上年同月=100)；原值 102.7 减100得到涨跌幅；2011年前调查方法单列
housing_shanghai_used_yoy_legacy,CHN,2006-05,2.4,%,M,,https://data.stats.gov.cn/dg/website/publicrelease/web/external/stream/esData,上海；原指标 二手住宅销售价格指数 (上年同月=100)；原值 102.4 减100得到涨跌幅；2011年前调查方法单列
housing_shanghai_used_yoy_legacy,CHN,2006-06,2.0,%,M,,https://data.stats.gov.cn/dg/website/publicrelease/web/external/stream/esData,上海；原指标 二手住宅销售价格指数 (上年同月=100)；原值 102.0 减100得到涨跌幅；2011年前调查方法单列
housing_shanghai_used_yoy_legacy,CHN,2006-07,1.8,%,M,,https://data.stats.gov.cn/dg/website/publicrelease/web/external/stream/esData,上海；原指标 二手住宅销售价格指数 (上年同月=100)；原值 101.8 减100得到涨跌幅；2011年前调查方法单列
housing_shanghai_used_yoy_legacy,CHN,2006-08,1.4,%,M,,https://data.stats.gov.cn/dg/website/publicrelease/web/external/stream/esData,上海；原指标 二手住宅销售价格指数 (上年同月=100)；原值 101.4 减100得到涨跌幅；2011年前调查方法单列
housing_shanghai_used_yoy_legacy,CHN,2006-09,0.6,%,M,,https://data.stats.gov.cn/dg/website/publicrelease/web/external/stream/esData,上海；原指标 二手住宅销售价格指数 (上年同月=100)；原值 100.6 减100得到涨跌幅；2011年前调查方法单列
housing_shanghai_used_yoy_legacy,CHN,2006-10,0.2,%,M,,https://data.stats.gov.cn/dg/website/publicrelease/web/external/stream/esData,上海；原指标 二手住宅销售价格指数 (上年同月=100)；原值 100.2 减100得到涨跌幅；2011年前调查方法单列
housing_shanghai_used_yoy_legacy,CHN,2006-11,0.3,%,M,,https://data.stats.gov.cn/dg/website/publicrelease/web/external/stream/esData,上海；原指标 二手住宅销售价格指数 (上年同月=100)；原值 100.3 减100得到涨跌幅；2011年前调查方法单列
housing_shanghai_used_yoy_legacy,CHN,2006-12,0.3,%,M,,https://data.stats.gov.cn/dg/website/publicrelease/web/external/stream/esData,上海；原指标 二手住宅销售价格指数 (上年同月=100)；原值 100.3 减100得到涨跌幅；2011年前调查方法单列
housing_shanghai_used_yoy_legacy,CHN,2007-01,0.1,%,M,,https://data.stats.gov.cn/dg/website/publicrelease/web/external/stream/esData,上海；原指标 二手住宅销售价格指数 (上年同月=100)；原值 100.1 减100得到涨跌幅；2011年前调查方法单列
housing_shanghai_used_yoy_legacy,CHN,2007-02,0.1,%,M,,https://data.stats.gov.cn/dg/website/publicrelease/web/external/stream/esData,上海；原指标 二手住宅销售价格指数 (上年同月=100)；原值 100.1 减100得到涨跌幅；2011年前调查方法单列
housing_shanghai_used_yoy_legacy,CHN,2007-03,0.6,%,M,,https://data.stats.gov.cn/dg/website/publicrelease/web/external/stream/esData,上海；原指标 二手住宅销售价格指数 (上年同月=100)；原值 100.6 减100得到涨跌幅；2011年前调查方法单列
housing_shanghai_used_yoy_legacy,CHN,2007-04,0.9,%,M,,https://data.stats.gov.cn/dg/website/publicrelease/web/external/stream/esData,上海；原指标 二手住宅销售价格指数 (上年同月=100)；原值 100.9 减100得到涨跌幅；2011年前调查方法单列
housing_shanghai_used_yoy_legacy,CHN,2007-05,0.9,%,M,,https://data.stats.gov.cn/dg/website/publicrelease/web/external/stream/esData,上海；原指标 二手住宅销售价格指数 (上年同月=100)；原值 100.9 减100得到涨跌幅；2011年前调查方法单列
housing_shanghai_used_yoy_legacy,CHN,2007-06,1.5,%,M,,https://data.stats.gov.cn/dg/website/publicrelease/web/external/stream/esData,上海；原指标 二手住宅销售价格指数 (上年同月=100)；原值 101.5 减100得到涨跌幅；2011年前调查方法单列
housing_shanghai_used_yoy_legacy,CHN,2007-07,2.3,%,M,,https://data.stats.gov.cn/dg/website/publicrelease/web/external/stream/esData,上海；原指标 二手住宅销售价格指数 (上年同月=100)；原值 102.3 减100得到涨跌幅；2011年前调查方法单列
housing_shanghai_used_yoy_legacy,CHN,2007-08,4.0,%,M,,https://data.stats.gov.cn/dg/website/publicrelease/web/external/stream/esData,上海；原指标 二手住宅销售价格指数 (上年同月=100)；原值 104.0 减100得到涨跌幅；2011年前调查方法单列
housing_shanghai_used_yoy_legacy,CHN,2007-09,6.5,%,M,,https://data.stats.gov.cn/dg/website/publicrelease/web/external/stream/esData,上海；原指标 二手住宅销售价格指数 (上年同月=100)；原值 106.5 减100得到涨跌幅；2011年前调查方法单列
housing_shanghai_used_yoy_legacy,CHN,2007-10,8.9,%,M,,https://data.stats.gov.cn/dg/website/publicrelease/web/external/stream/esData,上海；原指标 二手住宅销售价格指数 (上年同月=100)；原值 108.9 减100得到涨跌幅；2011年前调查方法单列
housing_shanghai_used_yoy_legacy,CHN,2007-11,9.9,%,M,,https://data.stats.gov.cn/dg/website/publicrelease/web/external/stream/esData,上海；原指标 二手住宅销售价格指数 (上年同月=100)；原值 109.9 减100得到涨跌幅；2011年前调查方法单列
housing_shanghai_used_yoy_legacy,CHN,2007-12,10.8,%,M,,https://data.stats.gov.cn/dg/website/publicrelease/web/external/stream/esData,上海；原指标 二手住宅销售价格指数 (上年同月=100)；原值 110.8 减100得到涨跌幅；2011年前调查方法单列
housing_shanghai_used_yoy_legacy,CHN,2008-01,10.8,%,M,,https://data.stats.gov.cn/dg/website/publicrelease/web/external/stream/esData,上海；原指标 二手住宅销售价格指数 (上年同月=100)；原值 110.8 减100得到涨跌幅；2011年前调查方法单列
housing_shanghai_used_yoy_legacy,CHN,2008-02,10.8,%,M,,https://data.stats.gov.cn/dg/website/publicrelease/web/external/stream/esData,上海；原指标 二手住宅销售价格指数 (上年同月=100)；原值 110.8 减100得到涨跌幅；2011年前调查方法单列
housing_shanghai_used_yoy_legacy,CHN,2008-03,10.7,%,M,,https://data.stats.gov.cn/dg/website/publicrelease/web/external/stream/esData,上海；原指标 二手住宅销售价格指数 (上年同月=100)；原值 110.7 减100得到涨跌幅；2011年前调查方法单列
housing_shanghai_used_yoy_legacy,CHN,2008-04,11.0,%,M,,https://data.stats.gov.cn/dg/website/publicrelease/web/external/stream/esData,上海；原指标 二手住宅销售价格指数 (上年同月=100)；原值 111.0 减100得到涨跌幅；2011年前调查方法单列
housing_shanghai_used_yoy_legacy,CHN,2008-05,10.9,%,M,,https://data.stats.gov.cn/dg/website/publicrelease/web/external/stream/esData,上海；原指标 二手住宅销售价格指数 (上年同月=100)；原值 110.9 减100得到涨跌幅；2011年前调查方法单列
housing_shanghai_used_yoy_legacy,CHN,2008-06,10.0,%,M,,https://data.stats.gov.cn/dg/website/publicrelease/web/external/stream/esData,上海；原指标 二手住宅销售价格指数 (上年同月=100)；原值 110.0 减100得到涨跌幅；2011年前调查方法单列
housing_shanghai_used_yoy_legacy,CHN,2008-07,8.9,%,M,,https://data.stats.gov.cn/dg/website/publicrelease/web/external/stream/esData,上海；原指标 二手住宅销售价格指数 (上年同月=100)；原值 108.9 减100得到涨跌幅；2011年前调查方法单列
housing_shanghai_used_yoy_legacy,CHN,2008-08,6.8,%,M,,https://data.stats.gov.cn/dg/website/publicrelease/web/external/stream/esData,上海；原指标 二手住宅销售价格指数 (上年同月=100)；原值 106.8 减100得到涨跌幅；2011年前调查方法单列
housing_shanghai_used_yoy_legacy,CHN,2008-09,3.4,%,M,,https://data.stats.gov.cn/dg/website/publicrelease/web/external/stream/esData,上海；原指标 二手住宅销售价格指数 (上年同月=100)；原值 103.4 减100得到涨跌幅；2011年前调查方法单列
housing_shanghai_used_yoy_legacy,CHN,2008-10,0.8,%,M,,https://data.stats.gov.cn/dg/website/publicrelease/web/external/stream/esData,上海；原指标 二手住宅销售价格指数 (上年同月=100)；原值 100.8 减100得到涨跌幅；2011年前调查方法单列
housing_shanghai_used_yoy_legacy,CHN,2008-11,-0.6,%,M,,https://data.stats.gov.cn/dg/website/publicrelease/web/external/stream/esData,上海；原指标 二手住宅销售价格指数 (上年同月=100)；原值 99.4 减100得到涨跌幅；2011年前调查方法单列
housing_shanghai_used_yoy_legacy,CHN,2008-12,-1.7,%,M,,https://data.stats.gov.cn/dg/website/publicrelease/web/external/stream/esData,上海；原指标 二手住宅销售价格指数 (上年同月=100)；原值 98.3 减100得到涨跌幅；2011年前调查方法单列
housing_shanghai_used_yoy_legacy,CHN,2009-01,-2.0,%,M,,https://data.stats.gov.cn/dg/website/publicrelease/web/external/stream/esData,上海；原指标 二手住宅销售价格指数 (上年同月=100)；原值 98.0 减100得到涨跌幅；2011年前调查方法单列
housing_shanghai_used_yoy_legacy,CHN,2009-02,-2.2,%,M,,https://data.stats.gov.cn/dg/website/publicrelease/web/external/stream/esData,上海；原指标 二手住宅销售价格指数 (上年同月=100)；原值 97.8 减100得到涨跌幅；2011年前调查方法单列
housing_shanghai_used_yoy_legacy,CHN,2009-03,-1.5,%,M,,https://data.stats.gov.cn/dg/website/publicrelease/web/external/stream/esData,上海；原指标 二手住宅销售价格指数 (上年同月=100)；原值 98.5 减100得到涨跌幅；2011年前调查方法单列
housing_shanghai_used_yoy_legacy,CHN,2009-04,-1.4,%,M,,https://data.stats.gov.cn/dg/website/publicrelease/web/external/stream/esData,上海；原指标 二手住宅销售价格指数 (上年同月=100)；原值 98.6 减100得到涨跌幅；2011年前调查方法单列
housing_shanghai_used_yoy_legacy,CHN,2009-05,-0.9,%,M,,https://data.stats.gov.cn/dg/website/publicrelease/web/external/stream/esData,上海；原指标 二手住宅销售价格指数 (上年同月=100)；原值 99.1 减100得到涨跌幅；2011年前调查方法单列
housing_shanghai_used_yoy_legacy,CHN,2009-06,0.4,%,M,,https://data.stats.gov.cn/dg/website/publicrelease/web/external/stream/esData,上海；原指标 二手住宅销售价格指数 (上年同月=100)；原值 100.4 减100得到涨跌幅；2011年前调查方法单列
housing_shanghai_used_yoy_legacy,CHN,2009-07,0.8,%,M,,https://data.stats.gov.cn/dg/website/publicrelease/web/external/stream/esData,上海；原指标 二手住宅销售价格指数 (上年同月=100)；原值 100.8 减100得到涨跌幅；2011年前调查方法单列
housing_shanghai_used_yoy_legacy,CHN,2009-08,1.5,%,M,,https://data.stats.gov.cn/dg/website/publicrelease/web/external/stream/esData,上海；原指标 二手住宅销售价格指数 (上年同月=100)；原值 101.5 减100得到涨跌幅；2011年前调查方法单列
housing_shanghai_used_yoy_legacy,CHN,2009-09,2.1,%,M,,https://data.stats.gov.cn/dg/website/publicrelease/web/external/stream/esData,上海；原指标 二手住宅销售价格指数 (上年同月=100)；原值 102.1 减100得到涨跌幅；2011年前调查方法单列
housing_shanghai_used_yoy_legacy,CHN,2009-10,3.3,%,M,,https://data.stats.gov.cn/dg/website/publicrelease/web/external/stream/esData,上海；原指标 二手住宅销售价格指数 (上年同月=100)；原值 103.3 减100得到涨跌幅；2011年前调查方法单列
housing_shanghai_used_yoy_legacy,CHN,2009-11,5.0,%,M,,https://data.stats.gov.cn/dg/website/publicrelease/web/external/stream/esData,上海；原指标 二手住宅销售价格指数 (上年同月=100)；原值 105.0 减100得到涨跌幅；2011年前调查方法单列
housing_shanghai_used_yoy_legacy,CHN,2009-12,7.5,%,M,,https://data.stats.gov.cn/dg/website/publicrelease/web/external/stream/esData,上海；原指标 二手住宅销售价格指数 (上年同月=100)；原值 107.5 减100得到涨跌幅；2011年前调查方法单列
housing_shanghai_used_yoy_legacy,CHN,2010-01,8.9,%,M,,https://data.stats.gov.cn/dg/website/publicrelease/web/external/stream/esData,上海；原指标 二手住宅销售价格指数 (上年同月=100)；原值 108.9 减100得到涨跌幅；2011年前调查方法单列
housing_shanghai_used_yoy_legacy,CHN,2010-02,9.1,%,M,,https://data.stats.gov.cn/dg/website/publicrelease/web/external/stream/esData,上海；原指标 二手住宅销售价格指数 (上年同月=100)；原值 109.1 减100得到涨跌幅；2011年前调查方法单列
housing_shanghai_used_yoy_legacy,CHN,2010-03,11.7,%,M,,https://data.stats.gov.cn/dg/website/publicrelease/web/external/stream/esData,上海；原指标 二手住宅销售价格指数 (上年同月=100)；原值 111.7 减100得到涨跌幅；2011年前调查方法单列
housing_shanghai_used_yoy_legacy,CHN,2010-04,12.5,%,M,,https://data.stats.gov.cn/dg/website/publicrelease/web/external/stream/esData,上海；原指标 二手住宅销售价格指数 (上年同月=100)；原值 112.5 减100得到涨跌幅；2011年前调查方法单列
housing_shanghai_used_yoy_legacy,CHN,2010-05,11.5,%,M,,https://data.stats.gov.cn/dg/website/publicrelease/web/external/stream/esData,上海；原指标 二手住宅销售价格指数 (上年同月=100)；原值 111.5 减100得到涨跌幅；2011年前调查方法单列
housing_shanghai_used_yoy_legacy,CHN,2010-06,7.8,%,M,,https://data.stats.gov.cn/dg/website/publicrelease/web/external/stream/esData,上海；原指标 二手住宅销售价格指数 (上年同月=100)；原值 107.8 减100得到涨跌幅；2011年前调查方法单列
housing_shanghai_used_yoy_legacy,CHN,2010-07,6.3,%,M,,https://data.stats.gov.cn/dg/website/publicrelease/web/external/stream/esData,上海；原指标 二手住宅销售价格指数 (上年同月=100)；原值 106.3 减100得到涨跌幅；2011年前调查方法单列
housing_shanghai_used_yoy_legacy,CHN,2010-08,6.2,%,M,,https://data.stats.gov.cn/dg/website/publicrelease/web/external/stream/esData,上海；原指标 二手住宅销售价格指数 (上年同月=100)；原值 106.2 减100得到涨跌幅；2011年前调查方法单列
housing_shanghai_used_yoy_legacy,CHN,2010-09,6.4,%,M,,https://data.stats.gov.cn/dg/website/publicrelease/web/external/stream/esData,上海；原指标 二手住宅销售价格指数 (上年同月=100)；原值 106.4 减100得到涨跌幅；2011年前调查方法单列
housing_shanghai_used_yoy_legacy,CHN,2010-10,5.6,%,M,,https://data.stats.gov.cn/dg/website/publicrelease/web/external/stream/esData,上海；原指标 二手住宅销售价格指数 (上年同月=100)；原值 105.6 减100得到涨跌幅；2011年前调查方法单列
housing_shanghai_used_yoy_legacy,CHN,2010-11,4.4,%,M,,https://data.stats.gov.cn/dg/website/publicrelease/web/external/stream/esData,上海；原指标 二手住宅销售价格指数 (上年同月=100)；原值 104.4 减100得到涨跌幅；2011年前调查方法单列
housing_shanghai_used_yoy_legacy,CHN,2010-12,3.3,%,M,,https://data.stats.gov.cn/dg/website/publicrelease/web/external/stream/esData,上海；原指标 二手住宅销售价格指数 (上年同月=100)；原值 103.3 减100得到涨跌幅；2011年前调查方法单列
