series_id,country,period,value,unit,frequency,published_at,source_url,note
gdp_primary_q_nominal,CHN,1992-Q1,649.3,亿元,Q,,https://data.stats.gov.cn/dg/website/publicrelease/web/external/stream/esData,来源指标：第一产业增加值当季值 (亿元)；原始值 649.3；直接采用官方值
gdp_primary_q_nominal,CHN,1992-Q2,1257.9,亿元,Q,,https://data.stats.gov.cn/dg/website/publicrelease/web/external/stream/esData,来源指标：第一产业增加值当季值 (亿元)；原始值 1257.9；直接采用官方值
gdp_primary_q_nominal,CHN,1992-Q3,1709.1,亿元,Q,,https://data.stats.gov.cn/dg/website/publicrelease/web/external/stream/esData,来源指标：第一产业增加值当季值 (亿元)；原始值 1709.1；直接采用官方值
gdp_primary_q_nominal,CHN,1992-Q4,2184.0,亿元,Q,,https://data.stats.gov.cn/dg/website/publicrelease/web/external/stream/esData,来源指标：第一产业增加值当季值 (亿元)；原始值 2184.0；直接采用官方值
gdp_primary_q_nominal,CHN,1993-Q1,730.1,亿元,Q,,https://data.stats.gov.cn/dg/website/publicrelease/web/external/stream/esData,来源指标：第一产业增加值当季值 (亿元)；原始值 730.1；直接采用官方值
gdp_primary_q_nominal,CHN,1993-Q2,1415.8,亿元,Q,,https://data.stats.gov.cn/dg/website/publicrelease/web/external/stream/esData,来源指标：第一产业增加值当季值 (亿元)；原始值 1415.8；直接采用官方值
gdp_primary_q_nominal,CHN,1993-Q3,2010.2,亿元,Q,,https://data.stats.gov.cn/dg/website/publicrelease/web/external/stream/esData,来源指标：第一产业增加值当季值 (亿元)；原始值 2010.2；直接采用官方值
gdp_primary_q_nominal,CHN,1993-Q4,2731.5,亿元,Q,,https://data.stats.gov.cn/dg/website/publicrelease/web/external/stream/esData,来源指标：第一产业增加值当季值 (亿元)；原始值 2731.5；直接采用官方值
gdp_primary_q_nominal,CHN,1994-Q1,980.5,亿元,Q,,https://data.stats.gov.cn/dg/website/publicrelease/web/external/stream/esData,来源指标：第一产业增加值当季值 (亿元)；原始值 980.5；直接采用官方值
gdp_primary_q_nominal,CHN,1994-Q2,1913.6,亿元,Q,,https://data.stats.gov.cn/dg/website/publicrelease/web/external/stream/esData,来源指标：第一产业增加值当季值 (亿元)；原始值 1913.6；直接采用官方值
gdp_primary_q_nominal,CHN,1994-Q3,2808.8,亿元,Q,,https://data.stats.gov.cn/dg/website/publicrelease/web/external/stream/esData,来源指标：第一产业增加值当季值 (亿元)；原始值 2808.8；直接采用官方值
gdp_primary_q_nominal,CHN,1994-Q4,3768.8,亿元,Q,,https://data.stats.gov.cn/dg/website/publicrelease/web/external/stream/esData,来源指标：第一产业增加值当季值 (亿元)；原始值 3768.8；直接采用官方值
gdp_primary_q_nominal,CHN,1995-Q1,1343.8,亿元,Q,,https://data.stats.gov.cn/dg/website/publicrelease/web/external/stream/esData,来源指标：第一产业增加值当季值 (亿元)；原始值 1343.8；直接采用官方值
gdp_primary_q_nominal,CHN,1995-Q2,2498.6,亿元,Q,,https://data.stats.gov.cn/dg/website/publicrelease/web/external/stream/esData,来源指标：第一产业增加值当季值 (亿元)；原始值 2498.6；直接采用官方值
gdp_primary_q_nominal,CHN,1995-Q3,3551.0,亿元,Q,,https://data.stats.gov.cn/dg/website/publicrelease/web/external/stream/esData,来源指标：第一产业增加值当季值 (亿元)；原始值 3551.0；直接采用官方值
gdp_primary_q_nominal,CHN,1995-Q4,4627.1,亿元,Q,,https://data.stats.gov.cn/dg/website/publicrelease/web/external/stream/esData,来源指标：第一产业增加值当季值 (亿元)；原始值 4627.1；直接采用官方值
gdp_primary_q_nominal,CHN,1996-Q1,1638.4,亿元,Q,,https://data.stats.gov.cn/dg/website/publicrelease/web/external/stream/esData,来源指标：第一产业增加值当季值 (亿元)；原始值 1638.4；直接采用官方值
gdp_primary_q_nominal,CHN,1996-Q2,3006.6,亿元,Q,,https://data.stats.gov.cn/dg/website/publicrelease/web/external/stream/esData,来源指标：第一产业增加值当季值 (亿元)；原始值 3006.6；直接采用官方值
gdp_primary_q_nominal,CHN,1996-Q3,3948.4,亿元,Q,,https://data.stats.gov.cn/dg/website/publicrelease/web/external/stream/esData,来源指标：第一产业增加值当季值 (亿元)；原始值 3948.4；直接采用官方值
gdp_primary_q_nominal,CHN,1996-Q4,5285.0,亿元,Q,,https://data.stats.gov.cn/dg/website/publicrelease/web/external/stream/esData,来源指标：第一产业增加值当季值 (亿元)；原始值 5285.0；直接采用官方值
gdp_primary_q_nominal,CHN,1997-Q1,1752.9,亿元,Q,,https://data.stats.gov.cn/dg/website/publicrelease/web/external/stream/esData,来源指标：第一产业增加值当季值 (亿元)；原始值 1752.9；直接采用官方值
gdp_primary_q_nominal,CHN,1997-Q2,3127.6,亿元,Q,,https://data.stats.gov.cn/dg/website/publicrelease/web/external/stream/esData,来源指标：第一产业增加值当季值 (亿元)；原始值 3127.6；直接采用官方值
gdp_primary_q_nominal,CHN,1997-Q3,4036.7,亿元,Q,,https://data.stats.gov.cn/dg/website/publicrelease/web/external/stream/esData,来源指标：第一产业增加值当季值 (亿元)；原始值 4036.7；直接采用官方值
gdp_primary_q_nominal,CHN,1997-Q4,5348.0,亿元,Q,,https://data.stats.gov.cn/dg/website/publicrelease/web/external/stream/esData,来源指标：第一产业增加值当季值 (亿元)；原始值 5348.0；直接采用官方值
gdp_primary_q_nominal,CHN,1998-Q1,1855.4,亿元,Q,,https://data.stats.gov.cn/dg/website/publicrelease/web/external/stream/esData,来源指标：第一产业增加值当季值 (亿元)；原始值 1855.4；直接采用官方值
gdp_primary_q_nominal,CHN,1998-Q2,3147.6,亿元,Q,,https://data.stats.gov.cn/dg/website/publicrelease/web/external/stream/esData,来源指标：第一产业增加值当季值 (亿元)；原始值 3147.6；直接采用官方值
gdp_primary_q_nominal,CHN,1998-Q3,4089.3,亿元,Q,,https://data.stats.gov.cn/dg/website/publicrelease/web/external/stream/esData,来源指标：第一产业增加值当季值 (亿元)；原始值 4089.3；直接采用官方值
gdp_primary_q_nominal,CHN,1998-Q4,5526.3,亿元,Q,,https://data.stats.gov.cn/dg/website/publicrelease/web/external/stream/esData,来源指标：第一产业增加值当季值 (亿元)；原始值 5526.3；直接采用官方值
gdp_primary_q_nominal,CHN,1999-Q1,1878.2,亿元,Q,,https://data.stats.gov.cn/dg/website/publicrelease/web/external/stream/esData,来源指标：第一产业增加值当季值 (亿元)；原始值 1878.2；直接采用官方值
gdp_primary_q_nominal,CHN,1999-Q2,3143.7,亿元,Q,,https://data.stats.gov.cn/dg/website/publicrelease/web/external/stream/esData,来源指标：第一产业增加值当季值 (亿元)；原始值 3143.7；直接采用官方值
gdp_primary_q_nominal,CHN,1999-Q3,4068.2,亿元,Q,,https://data.stats.gov.cn/dg/website/publicrelease/web/external/stream/esData,来源指标：第一产业增加值当季值 (亿元)；原始值 4068.2；直接采用官方值
gdp_primary_q_nominal,CHN,1999-Q4,5458.8,亿元,Q,,https://data.stats.gov.cn/dg/website/publicrelease/web/external/stream/esData,来源指标：第一产业增加值当季值 (亿元)；原始值 5458.8；直接采用官方值
gdp_primary_q_nominal,CHN,2000-Q1,1908.3,亿元,Q,,https://data.stats.gov.cn/dg/website/publicrelease/web/external/stream/esData,来源指标：第一产业增加值当季值 (亿元)；原始值 1908.3；直接采用官方值
gdp_primary_q_nominal,CHN,2000-Q2,3158.2,亿元,Q,,https://data.stats.gov.cn/dg/website/publicrelease/web/external/stream/esData,来源指标：第一产业增加值当季值 (亿元)；原始值 3158.2；直接采用官方值
gdp_primary_q_nominal,CHN,2000-Q3,4140.6,亿元,Q,,https://data.stats.gov.cn/dg/website/publicrelease/web/external/stream/esData,来源指标：第一产业增加值当季值 (亿元)；原始值 4140.6；直接采用官方值
gdp_primary_q_nominal,CHN,2000-Q4,5510.2,亿元,Q,,https://data.stats.gov.cn/dg/website/publicrelease/web/external/stream/esData,来源指标：第一产业增加值当季值 (亿元)；原始值 5510.2；直接采用官方值
gdp_primary_q_nominal,CHN,2001-Q1,2015.3,亿元,Q,,https://data.stats.gov.cn/dg/website/publicrelease/web/external/stream/esData,来源指标：第一产业增加值当季值 (亿元)；原始值 2015.3；直接采用官方值
gdp_primary_q_nominal,CHN,2001-Q2,3235.0,亿元,Q,,https://data.stats.gov.cn/dg/website/publicrelease/web/external/stream/esData,来源指标：第一产业增加值当季值 (亿元)；原始值 3235.0；直接采用官方值
gdp_primary_q_nominal,CHN,2001-Q3,4453.8,亿元,Q,,https://data.stats.gov.cn/dg/website/publicrelease/web/external/stream/esData,来源指标：第一产业增加值当季值 (亿元)；原始值 4453.8；直接采用官方值
gdp_primary_q_nominal,CHN,2001-Q4,5798.4,亿元,Q,,https://data.stats.gov.cn/dg/website/publicrelease/web/external/stream/esData,来源指标：第一产业增加值当季值 (亿元)；原始值 5798.4；直接采用官方值
gdp_primary_q_nominal,CHN,2002-Q1,2147.6,亿元,Q,,https://data.stats.gov.cn/dg/website/publicrelease/web/external/stream/esData,来源指标：第一产业增加值当季值 (亿元)；原始值 2147.6；直接采用官方值
gdp_primary_q_nominal,CHN,2002-Q2,3385.8,亿元,Q,,https://data.stats.gov.cn/dg/website/publicrelease/web/external/stream/esData,来源指标：第一产业增加值当季值 (亿元)；原始值 3385.8；直接采用官方值
gdp_primary_q_nominal,CHN,2002-Q3,4731.2,亿元,Q,,https://data.stats.gov.cn/dg/website/publicrelease/web/external/stream/esData,来源指标：第一产业增加值当季值 (亿元)；原始值 4731.2；直接采用官方值
gdp_primary_q_nominal,CHN,2002-Q4,5925.6,亿元,Q,,https://data.stats.gov.cn/dg/website/publicrelease/web/external/stream/esData,来源指标：第一产业增加值当季值 (亿元)；原始值 5925.6；直接采用官方值
gdp_primary_q_nominal,CHN,2003-Q1,2222.5,亿元,Q,,https://data.stats.gov.cn/dg/website/publicrelease/web/external/stream/esData,来源指标：第一产业增加值当季值 (亿元)；原始值 2222.5；直接采用官方值
gdp_primary_q_nominal,CHN,2003-Q2,3447.2,亿元,Q,,https://data.stats.gov.cn/dg/website/publicrelease/web/external/stream/esData,来源指标：第一产业增加值当季值 (亿元)；原始值 3447.2；直接采用官方值
gdp_primary_q_nominal,CHN,2003-Q3,5046.1,亿元,Q,,https://data.stats.gov.cn/dg/website/publicrelease/web/external/stream/esData,来源指标：第一产业增加值当季值 (亿元)；原始值 5046.1；直接采用官方值
gdp_primary_q_nominal,CHN,2003-Q4,6254.4,亿元,Q,,https://data.stats.gov.cn/dg/website/publicrelease/web/external/stream/esData,来源指标：第一产业增加值当季值 (亿元)；原始值 6254.4；直接采用官方值
gdp_primary_q_nominal,CHN,2004-Q1,2615.6,亿元,Q,,https://data.stats.gov.cn/dg/website/publicrelease/web/external/stream/esData,来源指标：第一产业增加值当季值 (亿元)；原始值 2615.6；直接采用官方值
gdp_primary_q_nominal,CHN,2004-Q2,4250.5,亿元,Q,,https://data.stats.gov.cn/dg/website/publicrelease/web/external/stream/esData,来源指标：第一产业增加值当季值 (亿元)；原始值 4250.5；直接采用官方值
gdp_primary_q_nominal,CHN,2004-Q3,6358.6,亿元,Q,,https://data.stats.gov.cn/dg/website/publicrelease/web/external/stream/esData,来源指标：第一产业增加值当季值 (亿元)；原始值 6358.6；直接采用官方值
gdp_primary_q_nominal,CHN,2004-Q4,7679.7,亿元,Q,,https://data.stats.gov.cn/dg/website/publicrelease/web/external/stream/esData,来源指标：第一产业增加值当季值 (亿元)；原始值 7679.7；直接采用官方值
gdp_primary_q_nominal,CHN,2005-Q1,2884.0,亿元,Q,,https://data.stats.gov.cn/dg/website/publicrelease/web/external/stream/esData,来源指标：第一产业增加值当季值 (亿元)；原始值 2884.0；直接采用官方值
gdp_primary_q_nominal,CHN,2005-Q2,4438.6,亿元,Q,,https://data.stats.gov.cn/dg/website/publicrelease/web/external/stream/esData,来源指标：第一产业增加值当季值 (亿元)；原始值 4438.6；直接采用官方值
gdp_primary_q_nominal,CHN,2005-Q3,6527.7,亿元,Q,,https://data.stats.gov.cn/dg/website/publicrelease/web/external/stream/esData,来源指标：第一产业增加值当季值 (亿元)；原始值 6527.7；直接采用官方值
gdp_primary_q_nominal,CHN,2005-Q4,7956.4,亿元,Q,,https://data.stats.gov.cn/dg/website/publicrelease/web/external/stream/esData,来源指标：第一产业增加值当季值 (亿元)；原始值 7956.4；直接采用官方值
gdp_primary_q_nominal,CHN,2006-Q1,3012.7,亿元,Q,,https://data.stats.gov.cn/dg/website/publicrelease/web/external/stream/esData,来源指标：第一产业增加值当季值 (亿元)；原始值 3012.7；直接采用官方值
gdp_primary_q_nominal,CHN,2006-Q2,4750.0,亿元,Q,,https://data.stats.gov.cn/dg/website/publicrelease/web/external/stream/esData,来源指标：第一产业增加值当季值 (亿元)；原始值 4750.0；直接采用官方值
gdp_primary_q_nominal,CHN,2006-Q3,6937.7,亿元,Q,,https://data.stats.gov.cn/dg/website/publicrelease/web/external/stream/esData,来源指标：第一产业增加值当季值 (亿元)；原始值 6937.7；直接采用官方值
gdp_primary_q_nominal,CHN,2006-Q4,8616.6,亿元,Q,,https://data.stats.gov.cn/dg/website/publicrelease/web/external/stream/esData,来源指标：第一产业增加值当季值 (亿元)；原始值 8616.6；直接采用官方值
gdp_primary_q_nominal,CHN,2007-Q1,3473.0,亿元,Q,,https://data.stats.gov.cn/dg/website/publicrelease/web/external/stream/esData,来源指标：第一产业增加值当季值 (亿元)；原始值 3473.0；直接采用官方值
gdp_primary_q_nominal,CHN,2007-Q2,5510.1,亿元,Q,,https://data.stats.gov.cn/dg/website/publicrelease/web/external/stream/esData,来源指标：第一产业增加值当季值 (亿元)；原始值 5510.1；直接采用官方值
gdp_primary_q_nominal,CHN,2007-Q3,8352.6,亿元,Q,,https://data.stats.gov.cn/dg/website/publicrelease/web/external/stream/esData,来源指标：第一产业增加值当季值 (亿元)；原始值 8352.6；直接采用官方值
gdp_primary_q_nominal,CHN,2007-Q4,10338.4,亿元,Q,,https://data.stats.gov.cn/dg/website/publicrelease/web/external/stream/esData,来源指标：第一产业增加值当季值 (亿元)；原始值 10338.4；直接采用官方值
gdp_primary_q_nominal,CHN,2008-Q1,4367.5,亿元,Q,,https://data.stats.gov.cn/dg/website/publicrelease/web/external/stream/esData,来源指标：第一产业增加值当季值 (亿元)；原始值 4367.5；直接采用官方值
gdp_primary_q_nominal,CHN,2008-Q2,6831.2,亿元,Q,,https://data.stats.gov.cn/dg/website/publicrelease/web/external/stream/esData,来源指标：第一产业增加值当季值 (亿元)；原始值 6831.2；直接采用官方值
gdp_primary_q_nominal,CHN,2008-Q3,9825.3,亿元,Q,,https://data.stats.gov.cn/dg/website/publicrelease/web/external/stream/esData,来源指标：第一产业增加值当季值 (亿元)；原始值 9825.3；直接采用官方值
gdp_primary_q_nominal,CHN,2008-Q4,11440.1,亿元,Q,,https://data.stats.gov.cn/dg/website/publicrelease/web/external/stream/esData,来源指标：第一产业增加值当季值 (亿元)；原始值 11440.1；直接采用官方值
gdp_primary_q_nominal,CHN,2009-Q1,4364.8,亿元,Q,,https://data.stats.gov.cn/dg/website/publicrelease/web/external/stream/esData,来源指标：第一产业增加值当季值 (亿元)；原始值 4364.8；直接采用官方值
gdp_primary_q_nominal,CHN,2009-Q2,6868.3,亿元,Q,,https://data.stats.gov.cn/dg/website/publicrelease/web/external/stream/esData,来源指标：第一产业增加值当季值 (亿元)；原始值 6868.3；直接采用官方值
gdp_primary_q_nominal,CHN,2009-Q3,9994.8,亿元,Q,,https://data.stats.gov.cn/dg/website/publicrelease/web/external/stream/esData,来源指标：第一产业增加值当季值 (亿元)；原始值 9994.8；直接采用官方值
gdp_primary_q_nominal,CHN,2009-Q4,12355.9,亿元,Q,,https://data.stats.gov.cn/dg/website/publicrelease/web/external/stream/esData,来源指标：第一产业增加值当季值 (亿元)；原始值 12355.9；直接采用官方值
gdp_primary_q_nominal,CHN,2010-Q1,4826.0,亿元,Q,,https://data.stats.gov.cn/dg/website/publicrelease/web/external/stream/esData,来源指标：第一产业增加值当季值 (亿元)；原始值 4826.0；直接采用官方值
gdp_primary_q_nominal,CHN,2010-Q2,7785.6,亿元,Q,,https://data.stats.gov.cn/dg/website/publicrelease/web/external/stream/esData,来源指标：第一产业增加值当季值 (亿元)；原始值 7785.6；直接采用官方值
gdp_primary_q_nominal,CHN,2010-Q3,11633.8,亿元,Q,,https://data.stats.gov.cn/dg/website/publicrelease/web/external/stream/esData,来源指标：第一产业增加值当季值 (亿元)；原始值 11633.8；直接采用官方值
gdp_primary_q_nominal,CHN,2010-Q4,14185.4,亿元,Q,,https://data.stats.gov.cn/dg/website/publicrelease/web/external/stream/esData,来源指标：第一产业增加值当季值 (亿元)；原始值 14185.4；直接采用官方值
gdp_primary_q_nominal,CHN,2011-Q1,5592.8,亿元,Q,,https://data.stats.gov.cn/dg/website/publicrelease/web/external/stream/esData,来源指标：第一产业增加值当季值 (亿元)；原始值 5592.8；直接采用官方值
gdp_primary_q_nominal,CHN,2011-Q2,9143.3,亿元,Q,,https://data.stats.gov.cn/dg/website/publicrelease/web/external/stream/esData,来源指标：第一产业增加值当季值 (亿元)；原始值 9143.3；直接采用官方值
gdp_primary_q_nominal,CHN,2011-Q3,13855.6,亿元,Q,,https://data.stats.gov.cn/dg/website/publicrelease/web/external/stream/esData,来源指标：第一产业增加值当季值 (亿元)；原始值 13855.6；直接采用官方值
gdp_primary_q_nominal,CHN,2011-Q4,16189.7,亿元,Q,,https://data.stats.gov.cn/dg/website/publicrelease/web/external/stream/esData,来源指标：第一产业增加值当季值 (亿元)；原始值 16189.7；直接采用官方值
gdp_primary_q_nominal,CHN,2012-Q1,6446.0,亿元,Q,,https://data.stats.gov.cn/dg/website/publicrelease/web/external/stream/esData,来源指标：第一产业增加值当季值 (亿元)；原始值 6446.0；直接采用官方值
gdp_primary_q_nominal,CHN,2012-Q2,9911.4,亿元,Q,,https://data.stats.gov.cn/dg/website/publicrelease/web/external/stream/esData,来源指标：第一产业增加值当季值 (亿元)；原始值 9911.4；直接采用官方值
gdp_primary_q_nominal,CHN,2012-Q3,14656.0,亿元,Q,,https://data.stats.gov.cn/dg/website/publicrelease/web/external/stream/esData,来源指标：第一产业增加值当季值 (亿元)；原始值 14656.0；直接采用官方值
gdp_primary_q_nominal,CHN,2012-Q4,18071.3,亿元,Q,,https://data.stats.gov.cn/dg/website/publicrelease/web/external/stream/esData,来源指标：第一产业增加值当季值 (亿元)；原始值 18071.3；直接采用官方值
gdp_primary_q_nominal,CHN,2013-Q1,6869.1,亿元,Q,,https://data.stats.gov.cn/dg/website/publicrelease/web/external/stream/esData,来源指标：第一产业增加值当季值 (亿元)；原始值 6869.1；直接采用官方值
gdp_primary_q_nominal,CHN,2013-Q2,10389.7,亿元,Q,,https://data.stats.gov.cn/dg/website/publicrelease/web/external/stream/esData,来源指标：第一产业增加值当季值 (亿元)；原始值 10389.7；直接采用官方值
gdp_primary_q_nominal,CHN,2013-Q3,15904.9,亿元,Q,,https://data.stats.gov.cn/dg/website/publicrelease/web/external/stream/esData,来源指标：第一产业增加值当季值 (亿元)；原始值 15904.9；直接采用官方值
gdp_primary_q_nominal,CHN,2013-Q4,19864.3,亿元,Q,,https://data.stats.gov.cn/dg/website/publicrelease/web/external/stream/esData,来源指标：第一产业增加值当季值 (亿元)；原始值 19864.3；直接采用官方值
gdp_primary_q_nominal,CHN,2014-Q1,7140.0,亿元,Q,,https://data.stats.gov.cn/dg/website/publicrelease/web/external/stream/esData,来源指标：第一产业增加值当季值 (亿元)；原始值 7140.0；直接采用官方值
gdp_primary_q_nominal,CHN,2014-Q2,11109.4,亿元,Q,,https://data.stats.gov.cn/dg/website/publicrelease/web/external/stream/esData,来源指标：第一产业增加值当季值 (亿元)；原始值 11109.4；直接采用官方值
gdp_primary_q_nominal,CHN,2014-Q3,16854.9,亿元,Q,,https://data.stats.gov.cn/dg/website/publicrelease/web/external/stream/esData,来源指标：第一产业增加值当季值 (亿元)；原始值 16854.9；直接采用官方值
gdp_primary_q_nominal,CHN,2014-Q4,20522.1,亿元,Q,,https://data.stats.gov.cn/dg/website/publicrelease/web/external/stream/esData,来源指标：第一产业增加值当季值 (亿元)；原始值 20522.1；直接采用官方值
gdp_primary_q_nominal,CHN,2015-Q1,7373.2,亿元,Q,,https://data.stats.gov.cn/dg/website/publicrelease/web/external/stream/esData,来源指标：第一产业增加值当季值 (亿元)；原始值 7373.2；直接采用官方值
gdp_primary_q_nominal,CHN,2015-Q2,11852.2,亿元,Q,,https://data.stats.gov.cn/dg/website/publicrelease/web/external/stream/esData,来源指标：第一产业增加值当季值 (亿元)；原始值 11852.2；直接采用官方值
gdp_primary_q_nominal,CHN,2015-Q3,17173.1,亿元,Q,,https://data.stats.gov.cn/dg/website/publicrelease/web/external/stream/esData,来源指标：第一产业增加值当季值 (亿元)；原始值 17173.1；直接采用官方值
gdp_primary_q_nominal,CHN,2015-Q4,21376.1,亿元,Q,,https://data.stats.gov.cn/dg/website/publicrelease/web/external/stream/esData,来源指标：第一产业增加值当季值 (亿元)；原始值 21376.1；直接采用官方值
gdp_primary_q_nominal,CHN,2016-Q1,8312.7,亿元,Q,,https://data.stats.gov.cn/dg/website/publicrelease/web/external/stream/esData,来源指标：第一产业增加值当季值 (亿元)；原始值 8312.7；直接采用官方值
gdp_primary_q_nominal,CHN,2016-Q2,12555.9,亿元,Q,,https://data.stats.gov.cn/dg/website/publicrelease/web/external/stream/esData,来源指标：第一产业增加值当季值 (亿元)；原始值 12555.9；直接采用官方值
gdp_primary_q_nominal,CHN,2016-Q3,17542.4,亿元,Q,,https://data.stats.gov.cn/dg/website/publicrelease/web/external/stream/esData,来源指标：第一产业增加值当季值 (亿元)；原始值 17542.4；直接采用官方值
gdp_primary_q_nominal,CHN,2016-Q4,21728.2,亿元,Q,,https://data.stats.gov.cn/dg/website/publicrelease/web/external/stream/esData,来源指标：第一产业增加值当季值 (亿元)；原始值 21728.2；直接采用官方值
gdp_primary_q_nominal,CHN,2017-Q1,8205.9,亿元,Q,,https://data.stats.gov.cn/dg/website/publicrelease/web/external/stream/esData,来源指标：第一产业增加值当季值 (亿元)；原始值 8205.9；直接采用官方值
gdp_primary_q_nominal,CHN,2017-Q2,12644.9,亿元,Q,,https://data.stats.gov.cn/dg/website/publicrelease/web/external/stream/esData,来源指标：第一产业增加值当季值 (亿元)；原始值 12644.9；直接采用官方值
gdp_primary_q_nominal,CHN,2017-Q3,18255.8,亿元,Q,,https://data.stats.gov.cn/dg/website/publicrelease/web/external/stream/esData,来源指标：第一产业增加值当季值 (亿元)；原始值 18255.8；直接采用官方值
gdp_primary_q_nominal,CHN,2017-Q4,22992.9,亿元,Q,,https://data.stats.gov.cn/dg/website/publicrelease/web/external/stream/esData,来源指标：第一产业增加值当季值 (亿元)；原始值 22992.9；直接采用官方值
gdp_primary_q_nominal,CHN,2018-Q1,8575.7,亿元,Q,,https://data.stats.gov.cn/dg/website/publicrelease/web/external/stream/esData,来源指标：第一产业增加值当季值 (亿元)；原始值 8575.7；直接采用官方值
gdp_primary_q_nominal,CHN,2018-Q2,13003.8,亿元,Q,,https://data.stats.gov.cn/dg/website/publicrelease/web/external/stream/esData,来源指标：第一产业增加值当季值 (亿元)；原始值 13003.8；直接采用官方值
gdp_primary_q_nominal,CHN,2018-Q3,18226.9,亿元,Q,,https://data.stats.gov.cn/dg/website/publicrelease/web/external/stream/esData,来源指标：第一产业增加值当季值 (亿元)；原始值 18226.9；直接采用官方值
gdp_primary_q_nominal,CHN,2018-Q4,24938.7,亿元,Q,,https://data.stats.gov.cn/dg/website/publicrelease/web/external/stream/esData,来源指标：第一产业增加值当季值 (亿元)；原始值 24938.7；直接采用官方值
gdp_primary_q_nominal,CHN,2019-Q1,8768.3,亿元,Q,,https://data.stats.gov.cn/dg/website/publicrelease/web/external/stream/esData,来源指标：第一产业增加值当季值 (亿元)；原始值 8768.3；直接采用官方值
gdp_primary_q_nominal,CHN,2019-Q2,14439.9,亿元,Q,,https://data.stats.gov.cn/dg/website/publicrelease/web/external/stream/esData,来源指标：第一产业增加值当季值 (亿元)；原始值 14439.9；直接采用官方值
gdp_primary_q_nominal,CHN,2019-Q3,19801.0,亿元,Q,,https://data.stats.gov.cn/dg/website/publicrelease/web/external/stream/esData,来源指标：第一产业增加值当季值 (亿元)；原始值 19801.0；直接采用官方值
gdp_primary_q_nominal,CHN,2019-Q4,27464.4,亿元,Q,,https://data.stats.gov.cn/dg/website/publicrelease/web/external/stream/esData,来源指标：第一产业增加值当季值 (亿元)；原始值 27464.4；直接采用官方值
gdp_primary_q_nominal,CHN,2020-Q1,10222.5,亿元,Q,,https://data.stats.gov.cn/dg/website/publicrelease/web/external/stream/esData,来源指标：第一产业增加值当季值 (亿元)；原始值 10222.5；直接采用官方值
gdp_primary_q_nominal,CHN,2020-Q2,15934.5,亿元,Q,,https://data.stats.gov.cn/dg/website/publicrelease/web/external/stream/esData,来源指标：第一产业增加值当季值 (亿元)；原始值 15934.5；直接采用官方值
gdp_primary_q_nominal,CHN,2020-Q3,22158.1,亿元,Q,,https://data.stats.gov.cn/dg/website/publicrelease/web/external/stream/esData,来源指标：第一产业增加值当季值 (亿元)；原始值 22158.1；直接采用官方值
gdp_primary_q_nominal,CHN,2020-Q4,29715.7,亿元,Q,,https://data.stats.gov.cn/dg/website/publicrelease/web/external/stream/esData,来源指标：第一产业增加值当季值 (亿元)；原始值 29715.7；直接采用官方值
gdp_primary_q_nominal,CHN,2021-Q1,11369.3,亿元,Q,,https://data.stats.gov.cn/dg/website/publicrelease/web/external/stream/esData,来源指标：第一产业增加值当季值 (亿元)；原始值 11369.3；直接采用官方值
gdp_primary_q_nominal,CHN,2021-Q2,17165.5,亿元,Q,,https://data.stats.gov.cn/dg/website/publicrelease/web/external/stream/esData,来源指标：第一产业增加值当季值 (亿元)；原始值 17165.5；直接采用官方值
gdp_primary_q_nominal,CHN,2021-Q3,23142.6,亿元,Q,,https://data.stats.gov.cn/dg/website/publicrelease/web/external/stream/esData,来源指标：第一产业增加值当季值 (亿元)；原始值 23142.6；直接采用官方值
gdp_primary_q_nominal,CHN,2021-Q4,31539.1,亿元,Q,,https://data.stats.gov.cn/dg/website/publicrelease/web/external/stream/esData,来源指标：第一产业增加值当季值 (亿元)；原始值 31539.1；直接采用官方值
gdp_primary_q_nominal,CHN,2022-Q1,10920.7,亿元,Q,,https://data.stats.gov.cn/dg/website/publicrelease/web/external/stream/esData,来源指标：第一产业增加值当季值 (亿元)；原始值 10920.7；直接采用官方值
gdp_primary_q_nominal,CHN,2022-Q2,18182.7,亿元,Q,,https://data.stats.gov.cn/dg/website/publicrelease/web/external/stream/esData,来源指标：第一产业增加值当季值 (亿元)；原始值 18182.7；直接采用官方值
gdp_primary_q_nominal,CHN,2022-Q3,25653.5,亿元,Q,,https://data.stats.gov.cn/dg/website/publicrelease/web/external/stream/esData,来源指标：第一产业增加值当季值 (亿元)；原始值 25653.5；直接采用官方值
gdp_primary_q_nominal,CHN,2022-Q4,33450.1,亿元,Q,,https://data.stats.gov.cn/dg/website/publicrelease/web/external/stream/esData,来源指标：第一产业增加值当季值 (亿元)；原始值 33450.1；直接采用官方值
gdp_primary_q_nominal,CHN,2023-Q1,11500.4,亿元,Q,,https://data.stats.gov.cn/dg/website/publicrelease/web/external/stream/esData,来源指标：第一产业增加值当季值 (亿元)；原始值 11500.4；直接采用官方值
gdp_primary_q_nominal,CHN,2023-Q2,18695.5,亿元,Q,,https://data.stats.gov.cn/dg/website/publicrelease/web/external/stream/esData,来源指标：第一产业增加值当季值 (亿元)；原始值 18695.5；直接采用官方值
gdp_primary_q_nominal,CHN,2023-Q3,25759.7,亿元,Q,,https://data.stats.gov.cn/dg/website/publicrelease/web/external/stream/esData,来源指标：第一产业增加值当季值 (亿元)；原始值 25759.7；直接采用官方值
gdp_primary_q_nominal,CHN,2023-Q4,33213.5,亿元,Q,,https://data.stats.gov.cn/dg/website/publicrelease/web/external/stream/esData,来源指标：第一产业增加值当季值 (亿元)；原始值 33213.5；直接采用官方值
gdp_primary_q_nominal,CHN,2024-Q1,11475.6,亿元,Q,,https://data.stats.gov.cn/dg/website/publicrelease/web/external/stream/esData,来源指标：第一产业增加值当季值 (亿元)；原始值 11475.6；直接采用官方值
gdp_primary_q_nominal,CHN,2024-Q2,19057.5,亿元,Q,,https://data.stats.gov.cn/dg/website/publicrelease/web/external/stream/esData,来源指标：第一产业增加值当季值 (亿元)；原始值 19057.5；直接采用官方值
gdp_primary_q_nominal,CHN,2024-Q3,26964.5,亿元,Q,,https://data.stats.gov.cn/dg/website/publicrelease/web/external/stream/esData,来源指标：第一产业增加值当季值 (亿元)；原始值 26964.5；直接采用官方值
gdp_primary_q_nominal,CHN,2024-Q4,34138.3,亿元,Q,,https://data.stats.gov.cn/dg/website/publicrelease/web/external/stream/esData,来源指标：第一产业增加值当季值 (亿元)；原始值 34138.3；直接采用官方值
gdp_primary_q_nominal,CHN,2025-Q1,11729.8,亿元,Q,,https://data.stats.gov.cn/dg/website/publicrelease/web/external/stream/esData,来源指标：第一产业增加值当季值 (亿元)；原始值 11729.8；直接采用官方值
gdp_primary_q_nominal,CHN,2025-Q2,19505.0,亿元,Q,,https://data.stats.gov.cn/dg/website/publicrelease/web/external/stream/esData,来源指标：第一产业增加值当季值 (亿元)；原始值 19505.0；直接采用官方值
gdp_primary_q_nominal,CHN,2025-Q3,26952.3,亿元,Q,,https://data.stats.gov.cn/dg/website/publicrelease/web/external/stream/esData,来源指标：第一产业增加值当季值 (亿元)；原始值 26952.3；直接采用官方值
gdp_primary_q_nominal,CHN,2025-Q4,35159.7,亿元,Q,,https://data.stats.gov.cn/dg/website/publicrelease/web/external/stream/esData,来源指标：第一产业增加值当季值 (亿元)；原始值 35159.7；直接采用官方值
gdp_primary_q_nominal,CHN,2026-Q1,11940.8,亿元,Q,,https://data.stats.gov.cn/dg/website/publicrelease/web/external/stream/esData,来源指标：第一产业增加值当季值 (亿元)；原始值 11940.8；直接采用官方值
gdp_primary_q_nominal,CHN,2026-Q2,19581.0,亿元,Q,,https://data.stats.gov.cn/dg/website/publicrelease/web/external/stream/esData,来源指标：第一产业增加值当季值 (亿元)；原始值 19581.0；直接采用官方值
gdp_primary_q_yoy,CHN,1993-Q1,5.0,%,Q,,https://data.stats.gov.cn/dg/website/publicrelease/web/external/stream/esData,来源指标：第一产业增加值指数 (上年同期=100) 当季值；原始值 105.0；不变价同比指数减100得到增长率
gdp_primary_q_yoy,CHN,1993-Q2,4.0,%,Q,,https://data.stats.gov.cn/dg/website/publicrelease/web/external/stream/esData,来源指标：第一产业增加值指数 (上年同期=100) 当季值；原始值 104.0；不变价同比指数减100得到增长率
gdp_primary_q_yoy,CHN,1993-Q3,4.2,%,Q,,https://data.stats.gov.cn/dg/website/publicrelease/web/external/stream/esData,来源指标：第一产业增加值指数 (上年同期=100) 当季值；原始值 104.2；不变价同比指数减100得到增长率
gdp_primary_q_yoy,CHN,1993-Q4,5.3,%,Q,,https://data.stats.gov.cn/dg/website/publicrelease/web/external/stream/esData,来源指标：第一产业增加值指数 (上年同期=100) 当季值；原始值 105.3；不变价同比指数减100得到增长率
gdp_primary_q_yoy,CHN,1994-Q1,5.1,%,Q,,https://data.stats.gov.cn/dg/website/publicrelease/web/external/stream/esData,来源指标：第一产业增加值指数 (上年同期=100) 当季值；原始值 105.1；不变价同比指数减100得到增长率
gdp_primary_q_yoy,CHN,1994-Q2,4.0,%,Q,,https://data.stats.gov.cn/dg/website/publicrelease/web/external/stream/esData,来源指标：第一产业增加值指数 (上年同期=100) 当季值；原始值 104.0；不变价同比指数减100得到增长率
gdp_primary_q_yoy,CHN,1994-Q3,3.8,%,Q,,https://data.stats.gov.cn/dg/website/publicrelease/web/external/stream/esData,来源指标：第一产业增加值指数 (上年同期=100) 当季值；原始值 103.8；不变价同比指数减100得到增长率
gdp_primary_q_yoy,CHN,1994-Q4,3.6,%,Q,,https://data.stats.gov.cn/dg/website/publicrelease/web/external/stream/esData,来源指标：第一产业增加值指数 (上年同期=100) 当季值；原始值 103.6；不变价同比指数减100得到增长率
gdp_primary_q_yoy,CHN,1995-Q1,5.4,%,Q,,https://data.stats.gov.cn/dg/website/publicrelease/web/external/stream/esData,来源指标：第一产业增加值指数 (上年同期=100) 当季值；原始值 105.4；不变价同比指数减100得到增长率
gdp_primary_q_yoy,CHN,1995-Q2,5.8,%,Q,,https://data.stats.gov.cn/dg/website/publicrelease/web/external/stream/esData,来源指标：第一产业增加值指数 (上年同期=100) 当季值；原始值 105.8；不变价同比指数减100得到增长率
gdp_primary_q_yoy,CHN,1995-Q3,4.8,%,Q,,https://data.stats.gov.cn/dg/website/publicrelease/web/external/stream/esData,来源指标：第一产业增加值指数 (上年同期=100) 当季值；原始值 104.8；不变价同比指数减100得到增长率
gdp_primary_q_yoy,CHN,1995-Q4,4.4,%,Q,,https://data.stats.gov.cn/dg/website/publicrelease/web/external/stream/esData,来源指标：第一产业增加值指数 (上年同期=100) 当季值；原始值 104.4；不变价同比指数减100得到增长率
gdp_primary_q_yoy,CHN,1996-Q1,5.2,%,Q,,https://data.stats.gov.cn/dg/website/publicrelease/web/external/stream/esData,来源指标：第一产业增加值指数 (上年同期=100) 当季值；原始值 105.2；不变价同比指数减100得到增长率
gdp_primary_q_yoy,CHN,1996-Q2,4.8,%,Q,,https://data.stats.gov.cn/dg/website/publicrelease/web/external/stream/esData,来源指标：第一产业增加值指数 (上年同期=100) 当季值；原始值 104.8；不变价同比指数减100得到增长率
gdp_primary_q_yoy,CHN,1996-Q3,4.7,%,Q,,https://data.stats.gov.cn/dg/website/publicrelease/web/external/stream/esData,来源指标：第一产业增加值指数 (上年同期=100) 当季值；原始值 104.7；不变价同比指数减100得到增长率
gdp_primary_q_yoy,CHN,1996-Q4,5.4,%,Q,,https://data.stats.gov.cn/dg/website/publicrelease/web/external/stream/esData,来源指标：第一产业增加值指数 (上年同期=100) 当季值；原始值 105.4；不变价同比指数减100得到增长率
gdp_primary_q_yoy,CHN,1997-Q1,4.8,%,Q,,https://data.stats.gov.cn/dg/website/publicrelease/web/external/stream/esData,来源指标：第一产业增加值指数 (上年同期=100) 当季值；原始值 104.8；不变价同比指数减100得到增长率
gdp_primary_q_yoy,CHN,1997-Q2,4.5,%,Q,,https://data.stats.gov.cn/dg/website/publicrelease/web/external/stream/esData,来源指标：第一产业增加值指数 (上年同期=100) 当季值；原始值 104.5；不变价同比指数减100得到增长率
gdp_primary_q_yoy,CHN,1997-Q3,2.8,%,Q,,https://data.stats.gov.cn/dg/website/publicrelease/web/external/stream/esData,来源指标：第一产业增加值指数 (上年同期=100) 当季值；原始值 102.8；不变价同比指数减100得到增长率
gdp_primary_q_yoy,CHN,1997-Q4,2.8,%,Q,,https://data.stats.gov.cn/dg/website/publicrelease/web/external/stream/esData,来源指标：第一产业增加值指数 (上年同期=100) 当季值；原始值 102.8；不变价同比指数减100得到增长率
gdp_primary_q_yoy,CHN,1998-Q1,3.5,%,Q,,https://data.stats.gov.cn/dg/website/publicrelease/web/external/stream/esData,来源指标：第一产业增加值指数 (上年同期=100) 当季值；原始值 103.5；不变价同比指数减100得到增长率
gdp_primary_q_yoy,CHN,1998-Q2,1.9,%,Q,,https://data.stats.gov.cn/dg/website/publicrelease/web/external/stream/esData,来源指标：第一产业增加值指数 (上年同期=100) 当季值；原始值 101.9；不变价同比指数减100得到增长率
gdp_primary_q_yoy,CHN,1998-Q3,3.0,%,Q,,https://data.stats.gov.cn/dg/website/publicrelease/web/external/stream/esData,来源指标：第一产业增加值指数 (上年同期=100) 当季值；原始值 103.0；不变价同比指数减100得到增长率
gdp_primary_q_yoy,CHN,1998-Q4,4.7,%,Q,,https://data.stats.gov.cn/dg/website/publicrelease/web/external/stream/esData,来源指标：第一产业增加值指数 (上年同期=100) 当季值；原始值 104.7；不变价同比指数减100得到增长率
gdp_primary_q_yoy,CHN,1999-Q1,3.7,%,Q,,https://data.stats.gov.cn/dg/website/publicrelease/web/external/stream/esData,来源指标：第一产业增加值指数 (上年同期=100) 当季值；原始值 103.7；不变价同比指数减100得到增长率
gdp_primary_q_yoy,CHN,1999-Q2,2.6,%,Q,,https://data.stats.gov.cn/dg/website/publicrelease/web/external/stream/esData,来源指标：第一产业增加值指数 (上年同期=100) 当季值；原始值 102.6；不变价同比指数减100得到增长率
gdp_primary_q_yoy,CHN,1999-Q3,3.1,%,Q,,https://data.stats.gov.cn/dg/website/publicrelease/web/external/stream/esData,来源指标：第一产业增加值指数 (上年同期=100) 当季值；原始值 103.1；不变价同比指数减100得到增长率
gdp_primary_q_yoy,CHN,1999-Q4,2.2,%,Q,,https://data.stats.gov.cn/dg/website/publicrelease/web/external/stream/esData,来源指标：第一产业增加值指数 (上年同期=100) 当季值；原始值 102.2；不变价同比指数减100得到增长率
gdp_primary_q_yoy,CHN,2000-Q1,2.5,%,Q,,https://data.stats.gov.cn/dg/website/publicrelease/web/external/stream/esData,来源指标：第一产业增加值指数 (上年同期=100) 当季值；原始值 102.5；不变价同比指数减100得到增长率
gdp_primary_q_yoy,CHN,2000-Q2,1.2,%,Q,,https://data.stats.gov.cn/dg/website/publicrelease/web/external/stream/esData,来源指标：第一产业增加值指数 (上年同期=100) 当季值；原始值 101.2；不变价同比指数减100得到增长率
gdp_primary_q_yoy,CHN,2000-Q3,2.6,%,Q,,https://data.stats.gov.cn/dg/website/publicrelease/web/external/stream/esData,来源指标：第一产业增加值指数 (上年同期=100) 当季值；原始值 102.6；不变价同比指数减100得到增长率
gdp_primary_q_yoy,CHN,2000-Q4,2.7,%,Q,,https://data.stats.gov.cn/dg/website/publicrelease/web/external/stream/esData,来源指标：第一产业增加值指数 (上年同期=100) 当季值；原始值 102.7；不变价同比指数减100得到增长率
gdp_primary_q_yoy,CHN,2001-Q1,3.4,%,Q,,https://data.stats.gov.cn/dg/website/publicrelease/web/external/stream/esData,来源指标：第一产业增加值指数 (上年同期=100) 当季值；原始值 103.4；不变价同比指数减100得到增长率
gdp_primary_q_yoy,CHN,2001-Q2,1.1,%,Q,,https://data.stats.gov.cn/dg/website/publicrelease/web/external/stream/esData,来源指标：第一产业增加值指数 (上年同期=100) 当季值；原始值 101.1；不变价同比指数减100得到增长率
gdp_primary_q_yoy,CHN,2001-Q3,3.4,%,Q,,https://data.stats.gov.cn/dg/website/publicrelease/web/external/stream/esData,来源指标：第一产业增加值指数 (上年同期=100) 当季值；原始值 103.4；不变价同比指数减100得到增长率
gdp_primary_q_yoy,CHN,2001-Q4,2.7,%,Q,,https://data.stats.gov.cn/dg/website/publicrelease/web/external/stream/esData,来源指标：第一产业增加值指数 (上年同期=100) 当季值；原始值 102.7；不变价同比指数减100得到增长率
gdp_primary_q_yoy,CHN,2002-Q1,2.6,%,Q,,https://data.stats.gov.cn/dg/website/publicrelease/web/external/stream/esData,来源指标：第一产业增加值指数 (上年同期=100) 当季值；原始值 102.6；不变价同比指数减100得到增长率
gdp_primary_q_yoy,CHN,2002-Q2,1.7,%,Q,,https://data.stats.gov.cn/dg/website/publicrelease/web/external/stream/esData,来源指标：第一产业增加值指数 (上年同期=100) 当季值；原始值 101.7；不变价同比指数减100得到增长率
gdp_primary_q_yoy,CHN,2002-Q3,3.9,%,Q,,https://data.stats.gov.cn/dg/website/publicrelease/web/external/stream/esData,来源指标：第一产业增加值指数 (上年同期=100) 当季值；原始值 103.9；不变价同比指数减100得到增长率
gdp_primary_q_yoy,CHN,2002-Q4,2.4,%,Q,,https://data.stats.gov.cn/dg/website/publicrelease/web/external/stream/esData,来源指标：第一产业增加值指数 (上年同期=100) 当季值；原始值 102.4；不变价同比指数减100得到增长率
gdp_primary_q_yoy,CHN,2003-Q1,2.8,%,Q,,https://data.stats.gov.cn/dg/website/publicrelease/web/external/stream/esData,来源指标：第一产业增加值指数 (上年同期=100) 当季值；原始值 102.8；不变价同比指数减100得到增长率
gdp_primary_q_yoy,CHN,2003-Q2,1.7,%,Q,,https://data.stats.gov.cn/dg/website/publicrelease/web/external/stream/esData,来源指标：第一产业增加值指数 (上年同期=100) 当季值；原始值 101.7；不变价同比指数减100得到增长率
gdp_primary_q_yoy,CHN,2003-Q3,3.3,%,Q,,https://data.stats.gov.cn/dg/website/publicrelease/web/external/stream/esData,来源指标：第一产业增加值指数 (上年同期=100) 当季值；原始值 103.3；不变价同比指数减100得到增长率
gdp_primary_q_yoy,CHN,2003-Q4,1.9,%,Q,,https://data.stats.gov.cn/dg/website/publicrelease/web/external/stream/esData,来源指标：第一产业增加值指数 (上年同期=100) 当季值；原始值 101.9；不变价同比指数减100得到增长率
gdp_primary_q_yoy,CHN,2004-Q1,4.1,%,Q,,https://data.stats.gov.cn/dg/website/publicrelease/web/external/stream/esData,来源指标：第一产业增加值指数 (上年同期=100) 当季值；原始值 104.1；不变价同比指数减100得到增长率
gdp_primary_q_yoy,CHN,2004-Q2,4.7,%,Q,,https://data.stats.gov.cn/dg/website/publicrelease/web/external/stream/esData,来源指标：第一产业增加值指数 (上年同期=100) 当季值；原始值 104.7；不变价同比指数减100得到增长率
gdp_primary_q_yoy,CHN,2004-Q3,7.3,%,Q,,https://data.stats.gov.cn/dg/website/publicrelease/web/external/stream/esData,来源指标：第一产业增加值指数 (上年同期=100) 当季值；原始值 107.3；不变价同比指数减100得到增长率
gdp_primary_q_yoy,CHN,2004-Q4,6.7,%,Q,,https://data.stats.gov.cn/dg/website/publicrelease/web/external/stream/esData,来源指标：第一产业增加值指数 (上年同期=100) 当季值；原始值 106.7；不变价同比指数减100得到增长率
gdp_primary_q_yoy,CHN,2005-Q1,4.7,%,Q,,https://data.stats.gov.cn/dg/website/publicrelease/web/external/stream/esData,来源指标：第一产业增加值指数 (上年同期=100) 当季值；原始值 104.7；不变价同比指数减100得到增长率
gdp_primary_q_yoy,CHN,2005-Q2,5.0,%,Q,,https://data.stats.gov.cn/dg/website/publicrelease/web/external/stream/esData,来源指标：第一产业增加值指数 (上年同期=100) 当季值；原始值 105.0；不变价同比指数减100得到增长率
gdp_primary_q_yoy,CHN,2005-Q3,5.0,%,Q,,https://data.stats.gov.cn/dg/website/publicrelease/web/external/stream/esData,来源指标：第一产业增加值指数 (上年同期=100) 当季值；原始值 105.0；不变价同比指数减100得到增长率
gdp_primary_q_yoy,CHN,2005-Q4,5.3,%,Q,,https://data.stats.gov.cn/dg/website/publicrelease/web/external/stream/esData,来源指标：第一产业增加值指数 (上年同期=100) 当季值；原始值 105.3；不变价同比指数减100得到增长率
gdp_primary_q_yoy,CHN,2006-Q1,4.4,%,Q,,https://data.stats.gov.cn/dg/website/publicrelease/web/external/stream/esData,来源指标：第一产业增加值指数 (上年同期=100) 当季值；原始值 104.4；不变价同比指数减100得到增长率
gdp_primary_q_yoy,CHN,2006-Q2,5.0,%,Q,,https://data.stats.gov.cn/dg/website/publicrelease/web/external/stream/esData,来源指标：第一产业增加值指数 (上年同期=100) 当季值；原始值 105.0；不变价同比指数减100得到增长率
gdp_primary_q_yoy,CHN,2006-Q3,4.7,%,Q,,https://data.stats.gov.cn/dg/website/publicrelease/web/external/stream/esData,来源指标：第一产业增加值指数 (上年同期=100) 当季值；原始值 104.7；不变价同比指数减100得到增长率
gdp_primary_q_yoy,CHN,2006-Q4,4.8,%,Q,,https://data.stats.gov.cn/dg/website/publicrelease/web/external/stream/esData,来源指标：第一产业增加值指数 (上年同期=100) 当季值；原始值 104.8；不变价同比指数减100得到增长率
gdp_primary_q_yoy,CHN,2007-Q1,4.1,%,Q,,https://data.stats.gov.cn/dg/website/publicrelease/web/external/stream/esData,来源指标：第一产业增加值指数 (上年同期=100) 当季值；原始值 104.1；不变价同比指数减100得到增长率
gdp_primary_q_yoy,CHN,2007-Q2,3.8,%,Q,,https://data.stats.gov.cn/dg/website/publicrelease/web/external/stream/esData,来源指标：第一产业增加值指数 (上年同期=100) 当季值；原始值 103.8；不变价同比指数减100得到增长率
gdp_primary_q_yoy,CHN,2007-Q3,4.1,%,Q,,https://data.stats.gov.cn/dg/website/publicrelease/web/external/stream/esData,来源指标：第一产业增加值指数 (上年同期=100) 当季值；原始值 104.1；不变价同比指数减100得到增长率
gdp_primary_q_yoy,CHN,2007-Q4,2.8,%,Q,,https://data.stats.gov.cn/dg/website/publicrelease/web/external/stream/esData,来源指标：第一产业增加值指数 (上年同期=100) 当季值；原始值 102.8；不变价同比指数减100得到增长率
gdp_primary_q_yoy,CHN,2008-Q1,2.7,%,Q,,https://data.stats.gov.cn/dg/website/publicrelease/web/external/stream/esData,来源指标：第一产业增加值指数 (上年同期=100) 当季值；原始值 102.7；不变价同比指数减100得到增长率
gdp_primary_q_yoy,CHN,2008-Q2,3.9,%,Q,,https://data.stats.gov.cn/dg/website/publicrelease/web/external/stream/esData,来源指标：第一产业增加值指数 (上年同期=100) 当季值；原始值 103.9；不变价同比指数减100得到增长率
gdp_primary_q_yoy,CHN,2008-Q3,5.5,%,Q,,https://data.stats.gov.cn/dg/website/publicrelease/web/external/stream/esData,来源指标：第一产业增加值指数 (上年同期=100) 当季值；原始值 105.5；不变价同比指数减100得到增长率
gdp_primary_q_yoy,CHN,2008-Q4,6.5,%,Q,,https://data.stats.gov.cn/dg/website/publicrelease/web/external/stream/esData,来源指标：第一产业增加值指数 (上年同期=100) 当季值；原始值 106.5；不变价同比指数减100得到增长率
gdp_primary_q_yoy,CHN,2009-Q1,3.8,%,Q,,https://data.stats.gov.cn/dg/website/publicrelease/web/external/stream/esData,来源指标：第一产业增加值指数 (上年同期=100) 当季值；原始值 103.8；不变价同比指数减100得到增长率
gdp_primary_q_yoy,CHN,2009-Q2,3.7,%,Q,,https://data.stats.gov.cn/dg/website/publicrelease/web/external/stream/esData,来源指标：第一产业增加值指数 (上年同期=100) 当季值；原始值 103.7；不变价同比指数减100得到增长率
gdp_primary_q_yoy,CHN,2009-Q3,4.1,%,Q,,https://data.stats.gov.cn/dg/website/publicrelease/web/external/stream/esData,来源指标：第一产业增加值指数 (上年同期=100) 当季值；原始值 104.1；不变价同比指数减100得到增长率
gdp_primary_q_yoy,CHN,2009-Q4,4.1,%,Q,,https://data.stats.gov.cn/dg/website/publicrelease/web/external/stream/esData,来源指标：第一产业增加值指数 (上年同期=100) 当季值；原始值 104.1；不变价同比指数减100得到增长率
gdp_primary_q_yoy,CHN,2010-Q1,3.9,%,Q,,https://data.stats.gov.cn/dg/website/publicrelease/web/external/stream/esData,来源指标：第一产业增加值指数 (上年同期=100) 当季值；原始值 103.9；不变价同比指数减100得到增长率
gdp_primary_q_yoy,CHN,2010-Q2,3.6,%,Q,,https://data.stats.gov.cn/dg/website/publicrelease/web/external/stream/esData,来源指标：第一产业增加值指数 (上年同期=100) 当季值；原始值 103.6；不变价同比指数减100得到增长率
gdp_primary_q_yoy,CHN,2010-Q3,4.3,%,Q,,https://data.stats.gov.cn/dg/website/publicrelease/web/external/stream/esData,来源指标：第一产业增加值指数 (上年同期=100) 当季值；原始值 104.3；不变价同比指数减100得到增长率
gdp_primary_q_yoy,CHN,2010-Q4,4.7,%,Q,,https://data.stats.gov.cn/dg/website/publicrelease/web/external/stream/esData,来源指标：第一产业增加值指数 (上年同期=100) 当季值；原始值 104.7；不变价同比指数减100得到增长率
gdp_primary_q_yoy,CHN,2011-Q1,3.1,%,Q,,https://data.stats.gov.cn/dg/website/publicrelease/web/external/stream/esData,来源指标：第一产业增加值指数 (上年同期=100) 当季值；原始值 103.1；不变价同比指数减100得到增长率
gdp_primary_q_yoy,CHN,2011-Q2,2.7,%,Q,,https://data.stats.gov.cn/dg/website/publicrelease/web/external/stream/esData,来源指标：第一产业增加值指数 (上年同期=100) 当季值；原始值 102.7；不变价同比指数减100得到增长率
gdp_primary_q_yoy,CHN,2011-Q3,4.1,%,Q,,https://data.stats.gov.cn/dg/website/publicrelease/web/external/stream/esData,来源指标：第一产业增加值指数 (上年同期=100) 当季值；原始值 104.1；不变价同比指数减100得到增长率
gdp_primary_q_yoy,CHN,2011-Q4,5.4,%,Q,,https://data.stats.gov.cn/dg/website/publicrelease/web/external/stream/esData,来源指标：第一产业增加值指数 (上年同期=100) 当季值；原始值 105.4；不变价同比指数减100得到增长率
gdp_primary_q_yoy,CHN,2012-Q1,3.7,%,Q,,https://data.stats.gov.cn/dg/website/publicrelease/web/external/stream/esData,来源指标：第一产业增加值指数 (上年同期=100) 当季值；原始值 103.7；不变价同比指数减100得到增长率
gdp_primary_q_yoy,CHN,2012-Q2,4.6,%,Q,,https://data.stats.gov.cn/dg/website/publicrelease/web/external/stream/esData,来源指标：第一产业增加值指数 (上年同期=100) 当季值；原始值 104.6；不变价同比指数减100得到增长率
gdp_primary_q_yoy,CHN,2012-Q3,4.1,%,Q,,https://data.stats.gov.cn/dg/website/publicrelease/web/external/stream/esData,来源指标：第一产业增加值指数 (上年同期=100) 当季值；原始值 104.1；不变价同比指数减100得到增长率
gdp_primary_q_yoy,CHN,2012-Q4,5.0,%,Q,,https://data.stats.gov.cn/dg/website/publicrelease/web/external/stream/esData,来源指标：第一产业增加值指数 (上年同期=100) 当季值；原始值 105.0；不变价同比指数减100得到增长率
gdp_primary_q_yoy,CHN,2013-Q1,3.0,%,Q,,https://data.stats.gov.cn/dg/website/publicrelease/web/external/stream/esData,来源指标：第一产业增加值指数 (上年同期=100) 当季值；原始值 103.0；不变价同比指数减100得到增长率
gdp_primary_q_yoy,CHN,2013-Q2,2.6,%,Q,,https://data.stats.gov.cn/dg/website/publicrelease/web/external/stream/esData,来源指标：第一产业增加值指数 (上年同期=100) 当季值；原始值 102.6；不变价同比指数减100得到增长率
gdp_primary_q_yoy,CHN,2013-Q3,3.9,%,Q,,https://data.stats.gov.cn/dg/website/publicrelease/web/external/stream/esData,来源指标：第一产业增加值指数 (上年同期=100) 当季值；原始值 103.9；不变价同比指数减100得到增长率
gdp_primary_q_yoy,CHN,2013-Q4,4.7,%,Q,,https://data.stats.gov.cn/dg/website/publicrelease/web/external/stream/esData,来源指标：第一产业增加值指数 (上年同期=100) 当季值；原始值 104.7；不变价同比指数减100得到增长率
gdp_primary_q_yoy,CHN,2014-Q1,3.2,%,Q,,https://data.stats.gov.cn/dg/website/publicrelease/web/external/stream/esData,来源指标：第一产业增加值指数 (上年同期=100) 当季值；原始值 103.2；不变价同比指数减100得到增长率
gdp_primary_q_yoy,CHN,2014-Q2,4.0,%,Q,,https://data.stats.gov.cn/dg/website/publicrelease/web/external/stream/esData,来源指标：第一产业增加值指数 (上年同期=100) 当季值；原始值 104.0；不变价同比指数减100得到增长率
gdp_primary_q_yoy,CHN,2014-Q3,4.6,%,Q,,https://data.stats.gov.cn/dg/website/publicrelease/web/external/stream/esData,来源指标：第一产业增加值指数 (上年同期=100) 当季值；原始值 104.6；不变价同比指数减100得到增长率
gdp_primary_q_yoy,CHN,2014-Q4,3.9,%,Q,,https://data.stats.gov.cn/dg/website/publicrelease/web/external/stream/esData,来源指标：第一产业增加值指数 (上年同期=100) 当季值；原始值 103.9；不变价同比指数减100得到增长率
gdp_primary_q_yoy,CHN,2015-Q1,3.1,%,Q,,https://data.stats.gov.cn/dg/website/publicrelease/web/external/stream/esData,来源指标：第一产业增加值指数 (上年同期=100) 当季值；原始值 103.1；不变价同比指数减100得到增长率
gdp_primary_q_yoy,CHN,2015-Q2,3.7,%,Q,,https://data.stats.gov.cn/dg/website/publicrelease/web/external/stream/esData,来源指标：第一产业增加值指数 (上年同期=100) 当季值；原始值 103.7；不变价同比指数减100得到增长率
gdp_primary_q_yoy,CHN,2015-Q3,4.1,%,Q,,https://data.stats.gov.cn/dg/website/publicrelease/web/external/stream/esData,来源指标：第一产业增加值指数 (上年同期=100) 当季值；原始值 104.1；不变价同比指数减100得到增长率
gdp_primary_q_yoy,CHN,2015-Q4,4.1,%,Q,,https://data.stats.gov.cn/dg/website/publicrelease/web/external/stream/esData,来源指标：第一产业增加值指数 (上年同期=100) 当季值；原始值 104.1；不变价同比指数减100得到增长率
gdp_primary_q_yoy,CHN,2016-Q1,2.9,%,Q,,https://data.stats.gov.cn/dg/website/publicrelease/web/external/stream/esData,来源指标：第一产业增加值指数 (上年同期=100) 当季值；原始值 102.9；不变价同比指数减100得到增长率
gdp_primary_q_yoy,CHN,2016-Q2,3.1,%,Q,,https://data.stats.gov.cn/dg/website/publicrelease/web/external/stream/esData,来源指标：第一产业增加值指数 (上年同期=100) 当季值；原始值 103.1；不变价同比指数减100得到增长率
gdp_primary_q_yoy,CHN,2016-Q3,4.0,%,Q,,https://data.stats.gov.cn/dg/website/publicrelease/web/external/stream/esData,来源指标：第一产业增加值指数 (上年同期=100) 当季值；原始值 104.0；不变价同比指数减100得到增长率
gdp_primary_q_yoy,CHN,2016-Q4,2.9,%,Q,,https://data.stats.gov.cn/dg/website/publicrelease/web/external/stream/esData,来源指标：第一产业增加值指数 (上年同期=100) 当季值；原始值 102.9；不变价同比指数减100得到增长率
gdp_primary_q_yoy,CHN,2017-Q1,3.0,%,Q,,https://data.stats.gov.cn/dg/website/publicrelease/web/external/stream/esData,来源指标：第一产业增加值指数 (上年同期=100) 当季值；原始值 103.0；不变价同比指数减100得到增长率
gdp_primary_q_yoy,CHN,2017-Q2,3.8,%,Q,,https://data.stats.gov.cn/dg/website/publicrelease/web/external/stream/esData,来源指标：第一产业增加值指数 (上年同期=100) 当季值；原始值 103.8；不变价同比指数减100得到增长率
gdp_primary_q_yoy,CHN,2017-Q3,3.9,%,Q,,https://data.stats.gov.cn/dg/website/publicrelease/web/external/stream/esData,来源指标：第一产业增加值指数 (上年同期=100) 当季值；原始值 103.9；不变价同比指数减100得到增长率
gdp_primary_q_yoy,CHN,2017-Q4,4.4,%,Q,,https://data.stats.gov.cn/dg/website/publicrelease/web/external/stream/esData,来源指标：第一产业增加值指数 (上年同期=100) 当季值；原始值 104.4；不变价同比指数减100得到增长率
gdp_primary_q_yoy,CHN,2018-Q1,3.2,%,Q,,https://data.stats.gov.cn/dg/website/publicrelease/web/external/stream/esData,来源指标：第一产业增加值指数 (上年同期=100) 当季值；原始值 103.2；不变价同比指数减100得到增长率
gdp_primary_q_yoy,CHN,2018-Q2,3.4,%,Q,,https://data.stats.gov.cn/dg/website/publicrelease/web/external/stream/esData,来源指标：第一产业增加值指数 (上年同期=100) 当季值；原始值 103.4；不变价同比指数减100得到增长率
gdp_primary_q_yoy,CHN,2018-Q3,3.6,%,Q,,https://data.stats.gov.cn/dg/website/publicrelease/web/external/stream/esData,来源指标：第一产业增加值指数 (上年同期=100) 当季值；原始值 103.6；不变价同比指数减100得到增长率
gdp_primary_q_yoy,CHN,2018-Q4,3.5,%,Q,,https://data.stats.gov.cn/dg/website/publicrelease/web/external/stream/esData,来源指标：第一产业增加值指数 (上年同期=100) 当季值；原始值 103.5；不变价同比指数减100得到增长率
gdp_primary_q_yoy,CHN,2019-Q1,2.7,%,Q,,https://data.stats.gov.cn/dg/website/publicrelease/web/external/stream/esData,来源指标：第一产业增加值指数 (上年同期=100) 当季值；原始值 102.7；不变价同比指数减100得到增长率
gdp_primary_q_yoy,CHN,2019-Q2,3.3,%,Q,,https://data.stats.gov.cn/dg/website/publicrelease/web/external/stream/esData,来源指标：第一产业增加值指数 (上年同期=100) 当季值；原始值 103.3；不变价同比指数减100得到增长率
gdp_primary_q_yoy,CHN,2019-Q3,2.7,%,Q,,https://data.stats.gov.cn/dg/website/publicrelease/web/external/stream/esData,来源指标：第一产业增加值指数 (上年同期=100) 当季值；原始值 102.7；不变价同比指数减100得到增长率
gdp_primary_q_yoy,CHN,2019-Q4,3.4,%,Q,,https://data.stats.gov.cn/dg/website/publicrelease/web/external/stream/esData,来源指标：第一产业增加值指数 (上年同期=100) 当季值；原始值 103.4；不变价同比指数减100得到增长率
gdp_primary_q_yoy,CHN,2020-Q1,-3.1,%,Q,,https://data.stats.gov.cn/dg/website/publicrelease/web/external/stream/esData,来源指标：第一产业增加值指数 (上年同期=100) 当季值；原始值 96.9；不变价同比指数减100得到增长率
gdp_primary_q_yoy,CHN,2020-Q2,3.5,%,Q,,https://data.stats.gov.cn/dg/website/publicrelease/web/external/stream/esData,来源指标：第一产业增加值指数 (上年同期=100) 当季值；原始值 103.5；不变价同比指数减100得到增长率
gdp_primary_q_yoy,CHN,2020-Q3,4.1,%,Q,,https://data.stats.gov.cn/dg/website/publicrelease/web/external/stream/esData,来源指标：第一产业增加值指数 (上年同期=100) 当季值；原始值 104.1；不变价同比指数减100得到增长率
gdp_primary_q_yoy,CHN,2020-Q4,4.3,%,Q,,https://data.stats.gov.cn/dg/website/publicrelease/web/external/stream/esData,来源指标：第一产业增加值指数 (上年同期=100) 当季值；原始值 104.3；不变价同比指数减100得到增长率
gdp_primary_q_yoy,CHN,2021-Q1,8.1,%,Q,,https://data.stats.gov.cn/dg/website/publicrelease/web/external/stream/esData,来源指标：第一产业增加值指数 (上年同期=100) 当季值；原始值 108.1；不变价同比指数减100得到增长率
gdp_primary_q_yoy,CHN,2021-Q2,7.6,%,Q,,https://data.stats.gov.cn/dg/website/publicrelease/web/external/stream/esData,来源指标：第一产业增加值指数 (上年同期=100) 当季值；原始值 107.6；不变价同比指数减100得到增长率
gdp_primary_q_yoy,CHN,2021-Q3,7.1,%,Q,,https://data.stats.gov.cn/dg/website/publicrelease/web/external/stream/esData,来源指标：第一产业增加值指数 (上年同期=100) 当季值；原始值 107.1；不变价同比指数减100得到增长率
gdp_primary_q_yoy,CHN,2021-Q4,6.4,%,Q,,https://data.stats.gov.cn/dg/website/publicrelease/web/external/stream/esData,来源指标：第一产业增加值指数 (上年同期=100) 当季值；原始值 106.4；不变价同比指数减100得到增长率
gdp_primary_q_yoy,CHN,2022-Q1,6.1,%,Q,,https://data.stats.gov.cn/dg/website/publicrelease/web/external/stream/esData,来源指标：第一产业增加值指数 (上年同期=100) 当季值；原始值 106.1；不变价同比指数减100得到增长率
gdp_primary_q_yoy,CHN,2022-Q2,4.4,%,Q,,https://data.stats.gov.cn/dg/website/publicrelease/web/external/stream/esData,来源指标：第一产业增加值指数 (上年同期=100) 当季值；原始值 104.4；不变价同比指数减100得到增长率
gdp_primary_q_yoy,CHN,2022-Q3,3.4,%,Q,,https://data.stats.gov.cn/dg/website/publicrelease/web/external/stream/esData,来源指标：第一产业增加值指数 (上年同期=100) 当季值；原始值 103.4；不变价同比指数减100得到增长率
gdp_primary_q_yoy,CHN,2022-Q4,4.0,%,Q,,https://data.stats.gov.cn/dg/website/publicrelease/web/external/stream/esData,来源指标：第一产业增加值指数 (上年同期=100) 当季值；原始值 104.0；不变价同比指数减100得到增长率
gdp_primary_q_yoy,CHN,2023-Q1,3.7,%,Q,,https://data.stats.gov.cn/dg/website/publicrelease/web/external/stream/esData,来源指标：第一产业增加值指数 (上年同期=100) 当季值；原始值 103.7；不变价同比指数减100得到增长率
gdp_primary_q_yoy,CHN,2023-Q2,3.7,%,Q,,https://data.stats.gov.cn/dg/website/publicrelease/web/external/stream/esData,来源指标：第一产业增加值指数 (上年同期=100) 当季值；原始值 103.7；不变价同比指数减100得到增长率
gdp_primary_q_yoy,CHN,2023-Q3,4.2,%,Q,,https://data.stats.gov.cn/dg/website/publicrelease/web/external/stream/esData,来源指标：第一产业增加值指数 (上年同期=100) 当季值；原始值 104.2；不变价同比指数减100得到增长率
gdp_primary_q_yoy,CHN,2023-Q4,4.2,%,Q,,https://data.stats.gov.cn/dg/website/publicrelease/web/external/stream/esData,来源指标：第一产业增加值指数 (上年同期=100) 当季值；原始值 104.2；不变价同比指数减100得到增长率
gdp_primary_q_yoy,CHN,2024-Q1,3.5,%,Q,,https://data.stats.gov.cn/dg/website/publicrelease/web/external/stream/esData,来源指标：第一产业增加值指数 (上年同期=100) 当季值；原始值 103.5；不变价同比指数减100得到增长率
gdp_primary_q_yoy,CHN,2024-Q2,3.8,%,Q,,https://data.stats.gov.cn/dg/website/publicrelease/web/external/stream/esData,来源指标：第一产业增加值指数 (上年同期=100) 当季值；原始值 103.8；不变价同比指数减100得到增长率
gdp_primary_q_yoy,CHN,2024-Q3,3.4,%,Q,,https://data.stats.gov.cn/dg/website/publicrelease/web/external/stream/esData,来源指标：第一产业增加值指数 (上年同期=100) 当季值；原始值 103.4；不变价同比指数减100得到增长率
gdp_primary_q_yoy,CHN,2024-Q4,3.9,%,Q,,https://data.stats.gov.cn/dg/website/publicrelease/web/external/stream/esData,来源指标：第一产业增加值指数 (上年同期=100) 当季值；原始值 103.9；不变价同比指数减100得到增长率
gdp_primary_q_yoy,CHN,2025-Q1,3.5,%,Q,,https://data.stats.gov.cn/dg/website/publicrelease/web/external/stream/esData,来源指标：第一产业增加值指数 (上年同期=100) 当季值；原始值 103.5；不变价同比指数减100得到增长率
gdp_primary_q_yoy,CHN,2025-Q2,3.8,%,Q,,https://data.stats.gov.cn/dg/website/publicrelease/web/external/stream/esData,来源指标：第一产业增加值指数 (上年同期=100) 当季值；原始值 103.8；不变价同比指数减100得到增长率
gdp_primary_q_yoy,CHN,2025-Q3,4.0,%,Q,,https://data.stats.gov.cn/dg/website/publicrelease/web/external/stream/esData,来源指标：第一产业增加值指数 (上年同期=100) 当季值；原始值 104.0；不变价同比指数减100得到增长率
gdp_primary_q_yoy,CHN,2025-Q4,4.2,%,Q,,https://data.stats.gov.cn/dg/website/publicrelease/web/external/stream/esData,来源指标：第一产业增加值指数 (上年同期=100) 当季值；原始值 104.2；不变价同比指数减100得到增长率
gdp_primary_q_yoy,CHN,2026-Q1,3.8,%,Q,,https://data.stats.gov.cn/dg/website/publicrelease/web/external/stream/esData,来源指标：第一产业增加值指数 (上年同期=100) 当季值；原始值 103.8；不变价同比指数减100得到增长率
gdp_primary_q_yoy,CHN,2026-Q2,3.7,%,Q,,https://data.stats.gov.cn/dg/website/publicrelease/web/external/stream/esData,来源指标：第一产业增加值指数 (上年同期=100) 当季值；原始值 103.7；不变价同比指数减100得到增长率
gdp_q_nominal,CHN,1992-Q1,5284.9,亿元,Q,,https://data.stats.gov.cn/dg/website/publicrelease/web/external/stream/esData,来源指标：国内生产总值当季值 (亿元)；原始值 5284.9；直接采用官方值
gdp_q_nominal,CHN,1992-Q2,6507.9,亿元,Q,,https://data.stats.gov.cn/dg/website/publicrelease/web/external/stream/esData,来源指标：国内生产总值当季值 (亿元)；原始值 6507.9；直接采用官方值
gdp_q_nominal,CHN,1992-Q3,7218.4,亿元,Q,,https://data.stats.gov.cn/dg/website/publicrelease/web/external/stream/esData,来源指标：国内生产总值当季值 (亿元)；原始值 7218.4；直接采用官方值
gdp_q_nominal,CHN,1992-Q4,8284.4,亿元,Q,,https://data.stats.gov.cn/dg/website/publicrelease/web/external/stream/esData,来源指标：国内生产总值当季值 (亿元)；原始值 8284.4；直接采用官方值
gdp_q_nominal,CHN,1993-Q1,6866.3,亿元,Q,,https://data.stats.gov.cn/dg/website/publicrelease/web/external/stream/esData,来源指标：国内生产总值当季值 (亿元)；原始值 6866.3；直接采用官方值
gdp_q_nominal,CHN,1993-Q2,8390.4,亿元,Q,,https://data.stats.gov.cn/dg/website/publicrelease/web/external/stream/esData,来源指标：国内生产总值当季值 (亿元)；原始值 8390.4；直接采用官方值
gdp_q_nominal,CHN,1993-Q3,9423.1,亿元,Q,,https://data.stats.gov.cn/dg/website/publicrelease/web/external/stream/esData,来源指标：国内生产总值当季值 (亿元)；原始值 9423.1；直接采用官方值
gdp_q_nominal,CHN,1993-Q4,11139.9,亿元,Q,,https://data.stats.gov.cn/dg/website/publicrelease/web/external/stream/esData,来源指标：国内生产总值当季值 (亿元)；原始值 11139.9；直接采用官方值
gdp_q_nominal,CHN,1994-Q1,9424.1,亿元,Q,,https://data.stats.gov.cn/dg/website/publicrelease/web/external/stream/esData,来源指标：国内生产总值当季值 (亿元)；原始值 9424.1；直接采用官方值
gdp_q_nominal,CHN,1994-Q2,11532.7,亿元,Q,,https://data.stats.gov.cn/dg/website/publicrelease/web/external/stream/esData,来源指标：国内生产总值当季值 (亿元)；原始值 11532.7；直接采用官方值
gdp_q_nominal,CHN,1994-Q3,12925.4,亿元,Q,,https://data.stats.gov.cn/dg/website/publicrelease/web/external/stream/esData,来源指标：国内生产总值当季值 (亿元)；原始值 12925.4；直接采用官方值
gdp_q_nominal,CHN,1994-Q4,14980.1,亿元,Q,,https://data.stats.gov.cn/dg/website/publicrelease/web/external/stream/esData,来源指标：国内生产总值当季值 (亿元)；原始值 14980.1；直接采用官方值
gdp_q_nominal,CHN,1995-Q1,12182.3,亿元,Q,,https://data.stats.gov.cn/dg/website/publicrelease/web/external/stream/esData,来源指标：国内生产总值当季值 (亿元)；原始值 12182.3；直接采用官方值
gdp_q_nominal,CHN,1995-Q2,14685.2,亿元,Q,,https://data.stats.gov.cn/dg/website/publicrelease/web/external/stream/esData,来源指标：国内生产总值当季值 (亿元)；原始值 14685.2；直接采用官方值
gdp_q_nominal,CHN,1995-Q3,16241.8,亿元,Q,,https://data.stats.gov.cn/dg/website/publicrelease/web/external/stream/esData,来源指标：国内生产总值当季值 (亿元)；原始值 16241.8；直接采用官方值
gdp_q_nominal,CHN,1995-Q4,18540.1,亿元,Q,,https://data.stats.gov.cn/dg/website/publicrelease/web/external/stream/esData,来源指标：国内生产总值当季值 (亿元)；原始值 18540.1；直接采用官方值
gdp_q_nominal,CHN,1996-Q1,14720.6,亿元,Q,,https://data.stats.gov.cn/dg/website/publicrelease/web/external/stream/esData,来源指标：国内生产总值当季值 (亿元)；原始值 14720.6；直接采用官方值
gdp_q_nominal,CHN,1996-Q2,17239.7,亿元,Q,,https://data.stats.gov.cn/dg/website/publicrelease/web/external/stream/esData,来源指标：国内生产总值当季值 (亿元)；原始值 17239.7；直接采用官方值
gdp_q_nominal,CHN,1996-Q3,18705.5,亿元,Q,,https://data.stats.gov.cn/dg/website/publicrelease/web/external/stream/esData,来源指标：国内生产总值当季值 (亿元)；原始值 18705.5；直接采用官方值
gdp_q_nominal,CHN,1996-Q4,21544.7,亿元,Q,,https://data.stats.gov.cn/dg/website/publicrelease/web/external/stream/esData,来源指标：国内生产总值当季值 (亿元)；原始值 21544.7；直接采用官方值
gdp_q_nominal,CHN,1997-Q1,16808.1,亿元,Q,,https://data.stats.gov.cn/dg/website/publicrelease/web/external/stream/esData,来源指标：国内生产总值当季值 (亿元)；原始值 16808.1；直接采用官方值
gdp_q_nominal,CHN,1997-Q2,19280.8,亿元,Q,,https://data.stats.gov.cn/dg/website/publicrelease/web/external/stream/esData,来源指标：国内生产总值当季值 (亿元)；原始值 19280.8；直接采用官方值
gdp_q_nominal,CHN,1997-Q3,20629.8,亿元,Q,,https://data.stats.gov.cn/dg/website/publicrelease/web/external/stream/esData,来源指标：国内生产总值当季值 (亿元)；原始值 20629.8；直接采用官方值
gdp_q_nominal,CHN,1997-Q4,23506.4,亿元,Q,,https://data.stats.gov.cn/dg/website/publicrelease/web/external/stream/esData,来源指标：国内生产总值当季值 (亿元)；原始值 23506.4；直接采用官方值
gdp_q_nominal,CHN,1998-Q1,18205.4,亿元,Q,,https://data.stats.gov.cn/dg/website/publicrelease/web/external/stream/esData,来源指标：国内生产总值当季值 (亿元)；原始值 18205.4；直接采用官方值
gdp_q_nominal,CHN,1998-Q2,20449.7,亿元,Q,,https://data.stats.gov.cn/dg/website/publicrelease/web/external/stream/esData,来源指标：国内生产总值当季值 (亿元)；原始值 20449.7；直接采用官方值
gdp_q_nominal,CHN,1998-Q3,21945.6,亿元,Q,,https://data.stats.gov.cn/dg/website/publicrelease/web/external/stream/esData,来源指标：国内生产总值当季值 (亿元)；原始值 21945.6；直接采用官方值
gdp_q_nominal,CHN,1998-Q4,25263.2,亿元,Q,,https://data.stats.gov.cn/dg/website/publicrelease/web/external/stream/esData,来源指标：国内生产总值当季值 (亿元)；原始值 25263.2；直接采用官方值
gdp_q_nominal,CHN,1999-Q1,19551.1,亿元,Q,,https://data.stats.gov.cn/dg/website/publicrelease/web/external/stream/esData,来源指标：国内生产总值当季值 (亿元)；原始值 19551.1；直接采用官方值
gdp_q_nominal,CHN,1999-Q2,21751.3,亿元,Q,,https://data.stats.gov.cn/dg/website/publicrelease/web/external/stream/esData,来源指标：国内生产总值当季值 (亿元)；原始值 21751.3；直接采用官方值
gdp_q_nominal,CHN,1999-Q3,23255.8,亿元,Q,,https://data.stats.gov.cn/dg/website/publicrelease/web/external/stream/esData,来源指标：国内生产总值当季值 (亿元)；原始值 23255.8；直接采用官方值
gdp_q_nominal,CHN,1999-Q4,26820.7,亿元,Q,,https://data.stats.gov.cn/dg/website/publicrelease/web/external/stream/esData,来源指标：国内生产总值当季值 (亿元)；原始值 26820.7；直接采用官方值
gdp_q_nominal,CHN,2000-Q1,21569.1,亿元,Q,,https://data.stats.gov.cn/dg/website/publicrelease/web/external/stream/esData,来源指标：国内生产总值当季值 (亿元)；原始值 21569.1；直接采用官方值
gdp_q_nominal,CHN,2000-Q2,24277.1,亿元,Q,,https://data.stats.gov.cn/dg/website/publicrelease/web/external/stream/esData,来源指标：国内生产总值当季值 (亿元)；原始值 24277.1；直接采用官方值
gdp_q_nominal,CHN,2000-Q3,25973.8,亿元,Q,,https://data.stats.gov.cn/dg/website/publicrelease/web/external/stream/esData,来源指标：国内生产总值当季值 (亿元)；原始值 25973.8；直接采用官方值
gdp_q_nominal,CHN,2000-Q4,29488.6,亿元,Q,,https://data.stats.gov.cn/dg/website/publicrelease/web/external/stream/esData,来源指标：国内生产总值当季值 (亿元)；原始值 29488.6；直接采用官方值
gdp_q_nominal,CHN,2001-Q1,24390.6,亿元,Q,,https://data.stats.gov.cn/dg/website/publicrelease/web/external/stream/esData,来源指标：国内生产总值当季值 (亿元)；原始值 24390.6；直接采用官方值
gdp_q_nominal,CHN,2001-Q2,27017.8,亿元,Q,,https://data.stats.gov.cn/dg/website/publicrelease/web/external/stream/esData,来源指标：国内生产总值当季值 (亿元)；原始值 27017.8；直接采用官方值
gdp_q_nominal,CHN,2001-Q3,28662.0,亿元,Q,,https://data.stats.gov.cn/dg/website/publicrelease/web/external/stream/esData,来源指标：国内生产总值当季值 (亿元)；原始值 28662.0；直接采用官方值
gdp_q_nominal,CHN,2001-Q4,32086.9,亿元,Q,,https://data.stats.gov.cn/dg/website/publicrelease/web/external/stream/esData,来源指标：国内生产总值当季值 (亿元)；原始值 32086.9；直接采用官方值
gdp_q_nominal,CHN,2002-Q1,26666.0,亿元,Q,,https://data.stats.gov.cn/dg/website/publicrelease/web/external/stream/esData,来源指标：国内生产总值当季值 (亿元)；原始值 26666.0；直接采用官方值
gdp_q_nominal,CHN,2002-Q2,29550.7,亿元,Q,,https://data.stats.gov.cn/dg/website/publicrelease/web/external/stream/esData,来源指标：国内生产总值当季值 (亿元)；原始值 29550.7；直接采用官方值
gdp_q_nominal,CHN,2002-Q3,31664.4,亿元,Q,,https://data.stats.gov.cn/dg/website/publicrelease/web/external/stream/esData,来源指标：国内生产总值当季值 (亿元)；原始值 31664.4；直接采用官方值
gdp_q_nominal,CHN,2002-Q4,35430.7,亿元,Q,,https://data.stats.gov.cn/dg/website/publicrelease/web/external/stream/esData,来源指标：国内生产总值当季值 (亿元)；原始值 35430.7；直接采用官方值
gdp_q_nominal,CHN,2003-Q1,30282.0,亿元,Q,,https://data.stats.gov.cn/dg/website/publicrelease/web/external/stream/esData,来源指标：国内生产总值当季值 (亿元)；原始值 30282.0；直接采用官方值
gdp_q_nominal,CHN,2003-Q2,32978.2,亿元,Q,,https://data.stats.gov.cn/dg/website/publicrelease/web/external/stream/esData,来源指标：国内生产总值当季值 (亿元)；原始值 32978.2；直接采用官方值
gdp_q_nominal,CHN,2003-Q3,35778.3,亿元,Q,,https://data.stats.gov.cn/dg/website/publicrelease/web/external/stream/esData,来源指标：国内生产总值当季值 (亿元)；原始值 35778.3；直接采用官方值
gdp_q_nominal,CHN,2003-Q4,40338.8,亿元,Q,,https://data.stats.gov.cn/dg/website/publicrelease/web/external/stream/esData,来源指标：国内生产总值当季值 (亿元)；原始值 40338.8；直接采用官方值
gdp_q_nominal,CHN,2004-Q1,35107.8,亿元,Q,,https://data.stats.gov.cn/dg/website/publicrelease/web/external/stream/esData,来源指标：国内生产总值当季值 (亿元)；原始值 35107.8；直接采用官方值
gdp_q_nominal,CHN,2004-Q2,39251.8,亿元,Q,,https://data.stats.gov.cn/dg/website/publicrelease/web/external/stream/esData,来源指标：国内生产总值当季值 (亿元)；原始值 39251.8；直接采用官方值
gdp_q_nominal,CHN,2004-Q3,42448.0,亿元,Q,,https://data.stats.gov.cn/dg/website/publicrelease/web/external/stream/esData,来源指标：国内生产总值当季值 (亿元)；原始值 42448.0；直接采用官方值
gdp_q_nominal,CHN,2004-Q4,47420.3,亿元,Q,,https://data.stats.gov.cn/dg/website/publicrelease/web/external/stream/esData,来源指标：国内生产总值当季值 (亿元)；原始值 47420.3；直接采用官方值
gdp_q_nominal,CHN,2005-Q1,41079.2,亿元,Q,,https://data.stats.gov.cn/dg/website/publicrelease/web/external/stream/esData,来源指标：国内生产总值当季值 (亿元)；原始值 41079.2；直接采用官方值
gdp_q_nominal,CHN,2005-Q2,45399.8,亿元,Q,,https://data.stats.gov.cn/dg/website/publicrelease/web/external/stream/esData,来源指标：国内生产总值当季值 (亿元)；原始值 45399.8；直接采用官方值
gdp_q_nominal,CHN,2005-Q3,48681.7,亿元,Q,,https://data.stats.gov.cn/dg/website/publicrelease/web/external/stream/esData,来源指标：国内生产总值当季值 (亿元)；原始值 48681.7；直接采用官方值
gdp_q_nominal,CHN,2005-Q4,54746.8,亿元,Q,,https://data.stats.gov.cn/dg/website/publicrelease/web/external/stream/esData,来源指标：国内生产总值当季值 (亿元)；原始值 54746.8；直接采用官方值
gdp_q_nominal,CHN,2006-Q1,47831.7,亿元,Q,,https://data.stats.gov.cn/dg/website/publicrelease/web/external/stream/esData,来源指标：国内生产总值当季值 (亿元)；原始值 47831.7；直接采用官方值
gdp_q_nominal,CHN,2006-Q2,53415.3,亿元,Q,,https://data.stats.gov.cn/dg/website/publicrelease/web/external/stream/esData,来源指标：国内生产总值当季值 (亿元)；原始值 53415.3；直接采用官方值
gdp_q_nominal,CHN,2006-Q3,56820.5,亿元,Q,,https://data.stats.gov.cn/dg/website/publicrelease/web/external/stream/esData,来源指标：国内生产总值当季值 (亿元)；原始值 56820.5；直接采用官方值
gdp_q_nominal,CHN,2006-Q4,64510.8,亿元,Q,,https://data.stats.gov.cn/dg/website/publicrelease/web/external/stream/esData,来源指标：国内生产总值当季值 (亿元)；原始值 64510.8；直接采用官方值
gdp_q_nominal,CHN,2007-Q1,58080.6,亿元,Q,,https://data.stats.gov.cn/dg/website/publicrelease/web/external/stream/esData,来源指标：国内生产总值当季值 (亿元)；原始值 58080.6；直接采用官方值
gdp_q_nominal,CHN,2007-Q2,65751.0,亿元,Q,,https://data.stats.gov.cn/dg/website/publicrelease/web/external/stream/esData,来源指标：国内生产总值当季值 (亿元)；原始值 65751.0；直接采用官方值
gdp_q_nominal,CHN,2007-Q3,70494.1,亿元,Q,,https://data.stats.gov.cn/dg/website/publicrelease/web/external/stream/esData,来源指标：国内生产总值当季值 (亿元)；原始值 70494.1；直接采用官方值
gdp_q_nominal,CHN,2007-Q4,79854.0,亿元,Q,,https://data.stats.gov.cn/dg/website/publicrelease/web/external/stream/esData,来源指标：国内生产总值当季值 (亿元)；原始值 79854.0；直接采用官方值
gdp_q_nominal,CHN,2008-Q1,70609.6,亿元,Q,,https://data.stats.gov.cn/dg/website/publicrelease/web/external/stream/esData,来源指标：国内生产总值当季值 (亿元)；原始值 70609.6；直接采用官方值
gdp_q_nominal,CHN,2008-Q2,79965.0,亿元,Q,,https://data.stats.gov.cn/dg/website/publicrelease/web/external/stream/esData,来源指标：国内生产总值当季值 (亿元)；原始值 79965.0；直接采用官方值
gdp_q_nominal,CHN,2008-Q3,83668.3,亿元,Q,,https://data.stats.gov.cn/dg/website/publicrelease/web/external/stream/esData,来源指标：国内生产总值当季值 (亿元)；原始值 83668.3；直接采用官方值
gdp_q_nominal,CHN,2008-Q4,90075.0,亿元,Q,,https://data.stats.gov.cn/dg/website/publicrelease/web/external/stream/esData,来源指标：国内生产总值当季值 (亿元)；原始值 90075.0；直接采用官方值
gdp_q_nominal,CHN,2009-Q1,75341.3,亿元,Q,,https://data.stats.gov.cn/dg/website/publicrelease/web/external/stream/esData,来源指标：国内生产总值当季值 (亿元)；原始值 75341.3；直接采用官方值
gdp_q_nominal,CHN,2009-Q2,85355.6,亿元,Q,,https://data.stats.gov.cn/dg/website/publicrelease/web/external/stream/esData,来源指标：国内生产总值当季值 (亿元)；原始值 85355.6；直接采用官方值
gdp_q_nominal,CHN,2009-Q3,91330.0,亿元,Q,,https://data.stats.gov.cn/dg/website/publicrelease/web/external/stream/esData,来源指标：国内生产总值当季值 (亿元)；原始值 91330.0；直接采用官方值
gdp_q_nominal,CHN,2009-Q4,102494.7,亿元,Q,,https://data.stats.gov.cn/dg/website/publicrelease/web/external/stream/esData,来源指标：国内生产总值当季值 (亿元)；原始值 102494.7；直接采用官方值
gdp_q_nominal,CHN,2010-Q1,89125.0,亿元,Q,,https://data.stats.gov.cn/dg/website/publicrelease/web/external/stream/esData,来源指标：国内生产总值当季值 (亿元)；原始值 89125.0；直接采用官方值
gdp_q_nominal,CHN,2010-Q2,101075.0,亿元,Q,,https://data.stats.gov.cn/dg/website/publicrelease/web/external/stream/esData,来源指标：国内生产总值当季值 (亿元)；原始值 101075.0；直接采用官方值
gdp_q_nominal,CHN,2010-Q3,107792.9,亿元,Q,,https://data.stats.gov.cn/dg/website/publicrelease/web/external/stream/esData,来源指标：国内生产总值当季值 (亿元)；原始值 107792.9；直接采用官方值
gdp_q_nominal,CHN,2010-Q4,121260.4,亿元,Q,,https://data.stats.gov.cn/dg/website/publicrelease/web/external/stream/esData,来源指标：国内生产总值当季值 (亿元)；原始值 121260.4；直接采用官方值
gdp_q_nominal,CHN,2011-Q1,106218.9,亿元,Q,,https://data.stats.gov.cn/dg/website/publicrelease/web/external/stream/esData,来源指标：国内生产总值当季值 (亿元)；原始值 106218.9；直接采用官方值
gdp_q_nominal,CHN,2011-Q2,120776.8,亿元,Q,,https://data.stats.gov.cn/dg/website/publicrelease/web/external/stream/esData,来源指标：国内生产总值当季值 (亿元)；原始值 120776.8；直接采用官方值
gdp_q_nominal,CHN,2011-Q3,128561.5,亿元,Q,,https://data.stats.gov.cn/dg/website/publicrelease/web/external/stream/esData,来源指标：国内生产总值当季值 (亿元)；原始值 128561.5；直接采用官方值
gdp_q_nominal,CHN,2011-Q4,140150.3,亿元,Q,,https://data.stats.gov.cn/dg/website/publicrelease/web/external/stream/esData,来源指标：国内生产总值当季值 (亿元)；原始值 140150.3；直接采用官方值
gdp_q_nominal,CHN,2012-Q1,119377.5,亿元,Q,,https://data.stats.gov.cn/dg/website/publicrelease/web/external/stream/esData,来源指标：国内生产总值当季值 (亿元)；原始值 119377.5；直接采用官方值
gdp_q_nominal,CHN,2012-Q2,133491.2,亿元,Q,,https://data.stats.gov.cn/dg/website/publicrelease/web/external/stream/esData,来源指标：国内生产总值当季值 (亿元)；原始值 133491.2；直接采用官方值
gdp_q_nominal,CHN,2012-Q3,140384.0,亿元,Q,,https://data.stats.gov.cn/dg/website/publicrelease/web/external/stream/esData,来源指标：国内生产总值当季值 (亿元)；原始值 140384.0；直接采用官方值
gdp_q_nominal,CHN,2012-Q4,154258.0,亿元,Q,,https://data.stats.gov.cn/dg/website/publicrelease/web/external/stream/esData,来源指标：国内生产总值当季值 (亿元)；原始值 154258.0；直接采用官方值
gdp_q_nominal,CHN,2013-Q1,131879.7,亿元,Q,,https://data.stats.gov.cn/dg/website/publicrelease/web/external/stream/esData,来源指标：国内生产总值当季值 (亿元)；原始值 131879.7；直接采用官方值
gdp_q_nominal,CHN,2013-Q2,146113.9,亿元,Q,,https://data.stats.gov.cn/dg/website/publicrelease/web/external/stream/esData,来源指标：国内生产总值当季值 (亿元)；原始值 146113.9；直接采用官方值
gdp_q_nominal,CHN,2013-Q3,154972.1,亿元,Q,,https://data.stats.gov.cn/dg/website/publicrelease/web/external/stream/esData,来源指标：国内生产总值当季值 (亿元)；原始值 154972.1；直接采用官方值
gdp_q_nominal,CHN,2013-Q4,170694.7,亿元,Q,,https://data.stats.gov.cn/dg/website/publicrelease/web/external/stream/esData,来源指标：国内生产总值当季值 (亿元)；原始值 170694.7；直接采用官方值
gdp_q_nominal,CHN,2014-Q1,143539.4,亿元,Q,,https://data.stats.gov.cn/dg/website/publicrelease/web/external/stream/esData,来源指标：国内生产总值当季值 (亿元)；原始值 143539.4；直接采用官方值
gdp_q_nominal,CHN,2014-Q2,159462.4,亿元,Q,,https://data.stats.gov.cn/dg/website/publicrelease/web/external/stream/esData,来源指标：国内生产总值当季值 (亿元)；原始值 159462.4；直接采用官方值
gdp_q_nominal,CHN,2014-Q3,168601.7,亿元,Q,,https://data.stats.gov.cn/dg/website/publicrelease/web/external/stream/esData,来源指标：国内生产总值当季值 (亿元)；原始值 168601.7；直接采用官方值
gdp_q_nominal,CHN,2014-Q4,184179.4,亿元,Q,,https://data.stats.gov.cn/dg/website/publicrelease/web/external/stream/esData,来源指标：国内生产总值当季值 (亿元)；原始值 184179.4；直接采用官方值
gdp_q_nominal,CHN,2015-Q1,154171.4,亿元,Q,,https://data.stats.gov.cn/dg/website/publicrelease/web/external/stream/esData,来源指标：国内生产总值当季值 (亿元)；原始值 154171.4；直接采用官方值
gdp_q_nominal,CHN,2015-Q2,171887.0,亿元,Q,,https://data.stats.gov.cn/dg/website/publicrelease/web/external/stream/esData,来源指标：国内生产总值当季值 (亿元)；原始值 171887.0；直接采用官方值
gdp_q_nominal,CHN,2015-Q3,180118.7,亿元,Q,,https://data.stats.gov.cn/dg/website/publicrelease/web/external/stream/esData,来源指标：国内生产总值当季值 (亿元)；原始值 180118.7；直接采用官方值
gdp_q_nominal,CHN,2015-Q4,196334.4,亿元,Q,,https://data.stats.gov.cn/dg/website/publicrelease/web/external/stream/esData,来源指标：国内生产总值当季值 (亿元)；原始值 196334.4；直接采用官方值
gdp_q_nominal,CHN,2016-Q1,165735.3,亿元,Q,,https://data.stats.gov.cn/dg/website/publicrelease/web/external/stream/esData,来源指标：国内生产总值当季值 (亿元)；原始值 165735.3；直接采用官方值
gdp_q_nominal,CHN,2016-Q2,185002.2,亿元,Q,,https://data.stats.gov.cn/dg/website/publicrelease/web/external/stream/esData,来源指标：国内生产总值当季值 (亿元)；原始值 185002.2；直接采用官方值
gdp_q_nominal,CHN,2016-Q3,194837.5,亿元,Q,,https://data.stats.gov.cn/dg/website/publicrelease/web/external/stream/esData,来源指标：国内生产总值当季值 (亿元)；原始值 194837.5；直接采用官方值
gdp_q_nominal,CHN,2016-Q4,215617.9,亿元,Q,,https://data.stats.gov.cn/dg/website/publicrelease/web/external/stream/esData,来源指标：国内生产总值当季值 (亿元)；原始值 215617.9；直接采用官方值
gdp_q_nominal,CHN,2017-Q1,185274.4,亿元,Q,,https://data.stats.gov.cn/dg/website/publicrelease/web/external/stream/esData,来源指标：国内生产总值当季值 (亿元)；原始值 185274.4；直接采用官方值
gdp_q_nominal,CHN,2017-Q2,205665.6,亿元,Q,,https://data.stats.gov.cn/dg/website/publicrelease/web/external/stream/esData,来源指标：国内生产总值当季值 (亿元)；原始值 205665.6；直接采用官方值
gdp_q_nominal,CHN,2017-Q3,216755.3,亿元,Q,,https://data.stats.gov.cn/dg/website/publicrelease/web/external/stream/esData,来源指标：国内生产总值当季值 (亿元)；原始值 216755.3；直接采用官方值
gdp_q_nominal,CHN,2017-Q4,239687.6,亿元,Q,,https://data.stats.gov.cn/dg/website/publicrelease/web/external/stream/esData,来源指标：国内生产总值当季值 (亿元)；原始值 239687.6；直接采用官方值
gdp_q_nominal,CHN,2018-Q1,205735.3,亿元,Q,,https://data.stats.gov.cn/dg/website/publicrelease/web/external/stream/esData,来源指标：国内生产总值当季值 (亿元)；原始值 205735.3；直接采用官方值
gdp_q_nominal,CHN,2018-Q2,228042.4,亿元,Q,,https://data.stats.gov.cn/dg/website/publicrelease/web/external/stream/esData,来源指标：国内生产总值当季值 (亿元)；原始值 228042.4；直接采用官方值
gdp_q_nominal,CHN,2018-Q3,238796.8,亿元,Q,,https://data.stats.gov.cn/dg/website/publicrelease/web/external/stream/esData,来源指标：国内生产总值当季值 (亿元)；原始值 238796.8；直接采用官方值
gdp_q_nominal,CHN,2018-Q4,263435.6,亿元,Q,,https://data.stats.gov.cn/dg/website/publicrelease/web/external/stream/esData,来源指标：国内生产总值当季值 (亿元)；原始值 263435.6；直接采用官方值
gdp_q_nominal,CHN,2019-Q1,221453.9,亿元,Q,,https://data.stats.gov.cn/dg/website/publicrelease/web/external/stream/esData,来源指标：国内生产总值当季值 (亿元)；原始值 221453.9；直接采用官方值
gdp_q_nominal,CHN,2019-Q2,246193.9,亿元,Q,,https://data.stats.gov.cn/dg/website/publicrelease/web/external/stream/esData,来源指标：国内生产总值当季值 (亿元)；原始值 246193.9；直接采用官方值
gdp_q_nominal,CHN,2019-Q3,256023.2,亿元,Q,,https://data.stats.gov.cn/dg/website/publicrelease/web/external/stream/esData,来源指标：国内生产总值当季值 (亿元)；原始值 256023.2；直接采用官方值
gdp_q_nominal,CHN,2019-Q4,282201.4,亿元,Q,,https://data.stats.gov.cn/dg/website/publicrelease/web/external/stream/esData,来源指标：国内生产总值当季值 (亿元)；原始值 282201.4；直接采用官方值
gdp_q_nominal,CHN,2020-Q1,209671.1,亿元,Q,,https://data.stats.gov.cn/dg/website/publicrelease/web/external/stream/esData,来源指标：国内生产总值当季值 (亿元)；原始值 209671.1；直接采用官方值
gdp_q_nominal,CHN,2020-Q2,253450.0,亿元,Q,,https://data.stats.gov.cn/dg/website/publicrelease/web/external/stream/esData,来源指标：国内生产总值当季值 (亿元)；原始值 253450.0；直接采用官方值
gdp_q_nominal,CHN,2020-Q3,269910.2,亿元,Q,,https://data.stats.gov.cn/dg/website/publicrelease/web/external/stream/esData,来源指标：国内生产总值当季值 (亿元)；原始值 269910.2；直接采用官方值
gdp_q_nominal,CHN,2020-Q4,301836.2,亿元,Q,,https://data.stats.gov.cn/dg/website/publicrelease/web/external/stream/esData,来源指标：国内生产总值当季值 (亿元)；原始值 301836.2；直接采用官方值
gdp_q_nominal,CHN,2021-Q1,255055.2,亿元,Q,,https://data.stats.gov.cn/dg/website/publicrelease/web/external/stream/esData,来源指标：国内生产总值当季值 (亿元)；原始值 255055.2；直接采用官方值
gdp_q_nominal,CHN,2021-Q2,287979.2,亿元,Q,,https://data.stats.gov.cn/dg/website/publicrelease/web/external/stream/esData,来源指标：国内生产总值当季值 (亿元)；原始值 287979.2；直接采用官方值
gdp_q_nominal,CHN,2021-Q3,297961.9,亿元,Q,,https://data.stats.gov.cn/dg/website/publicrelease/web/external/stream/esData,来源指标：国内生产总值当季值 (亿元)；原始值 297961.9；直接采用官方值
gdp_q_nominal,CHN,2021-Q4,332826.7,亿元,Q,,https://data.stats.gov.cn/dg/website/publicrelease/web/external/stream/esData,来源指标：国内生产总值当季值 (亿元)；原始值 332826.7；直接采用官方值
gdp_q_nominal,CHN,2022-Q1,277175.8,亿元,Q,,https://data.stats.gov.cn/dg/website/publicrelease/web/external/stream/esData,来源指标：国内生产总值当季值 (亿元)；原始值 277175.8；直接采用官方值
gdp_q_nominal,CHN,2022-Q2,299111.5,亿元,Q,,https://data.stats.gov.cn/dg/website/publicrelease/web/external/stream/esData,来源指标：国内生产总值当季值 (亿元)；原始值 299111.5；直接采用官方值
gdp_q_nominal,CHN,2022-Q3,315399.6,亿元,Q,,https://data.stats.gov.cn/dg/website/publicrelease/web/external/stream/esData,来源指标：国内生产总值当季值 (亿元)；原始值 315399.6；直接采用官方值
gdp_q_nominal,CHN,2022-Q4,342342.4,亿元,Q,,https://data.stats.gov.cn/dg/website/publicrelease/web/external/stream/esData,来源指标：国内生产总值当季值 (亿元)；原始值 342342.4；直接采用官方值
gdp_q_nominal,CHN,2023-Q1,292368.8,亿元,Q,,https://data.stats.gov.cn/dg/website/publicrelease/web/external/stream/esData,来源指标：国内生产总值当季值 (亿元)；原始值 292368.8；直接采用官方值
gdp_q_nominal,CHN,2023-Q2,316237.5,亿元,Q,,https://data.stats.gov.cn/dg/website/publicrelease/web/external/stream/esData,来源指标：国内生产总值当季值 (亿元)；原始值 316237.5；直接采用官方值
gdp_q_nominal,CHN,2023-Q3,328440.7,亿元,Q,,https://data.stats.gov.cn/dg/website/publicrelease/web/external/stream/esData,来源指标：国内生产总值当季值 (亿元)；原始值 328440.7；直接采用官方值
gdp_q_nominal,CHN,2023-Q4,357224.8,亿元,Q,,https://data.stats.gov.cn/dg/website/publicrelease/web/external/stream/esData,来源指标：国内生产总值当季值 (亿元)；原始值 357224.8；直接采用官方值
gdp_q_nominal,CHN,2024-Q1,304525.2,亿元,Q,,https://data.stats.gov.cn/dg/website/publicrelease/web/external/stream/esData,来源指标：国内生产总值当季值 (亿元)；原始值 304525.2；直接采用官方值
gdp_q_nominal,CHN,2024-Q2,328585.4,亿元,Q,,https://data.stats.gov.cn/dg/website/publicrelease/web/external/stream/esData,来源指标：国内生产总值当季值 (亿元)；原始值 328585.4；直接采用官方值
gdp_q_nominal,CHN,2024-Q3,341443.2,亿元,Q,,https://data.stats.gov.cn/dg/website/publicrelease/web/external/stream/esData,来源指标：国内生产总值当季值 (亿元)；原始值 341443.2；直接采用官方值
gdp_q_nominal,CHN,2024-Q4,373512.4,亿元,Q,,https://data.stats.gov.cn/dg/website/publicrelease/web/external/stream/esData,来源指标：国内生产总值当季值 (亿元)；原始值 373512.4；直接采用官方值
gdp_q_nominal,CHN,2025-Q1,318466.4,亿元,Q,,https://data.stats.gov.cn/dg/website/publicrelease/web/external/stream/esData,来源指标：国内生产总值当季值 (亿元)；原始值 318466.4；直接采用官方值
gdp_q_nominal,CHN,2025-Q2,341395.3,亿元,Q,,https://data.stats.gov.cn/dg/website/publicrelease/web/external/stream/esData,来源指标：国内生产总值当季值 (亿元)；原始值 341395.3；直接采用官方值
gdp_q_nominal,CHN,2025-Q3,354106.2,亿元,Q,,https://data.stats.gov.cn/dg/website/publicrelease/web/external/stream/esData,来源指标：国内生产总值当季值 (亿元)；原始值 354106.2；直接采用官方值
gdp_q_nominal,CHN,2025-Q4,387911.3,亿元,Q,,https://data.stats.gov.cn/dg/website/publicrelease/web/external/stream/esData,来源指标：国内生产总值当季值 (亿元)；原始值 387911.3；直接采用官方值
gdp_q_nominal,CHN,2026-Q1,334192.9,亿元,Q,,https://data.stats.gov.cn/dg/website/publicrelease/web/external/stream/esData,来源指标：国内生产总值当季值 (亿元)；原始值 334192.9；直接采用官方值
gdp_q_nominal,CHN,2026-Q2,361511.1,亿元,Q,,https://data.stats.gov.cn/dg/website/publicrelease/web/external/stream/esData,来源指标：国内生产总值当季值 (亿元)；原始值 361511.1；直接采用官方值
gdp_q_yoy,CHN,1993-Q1,15.3,%,Q,,https://data.stats.gov.cn/dg/website/publicrelease/web/external/stream/esData,来源指标：国内生产总值指数 (上年同期=100) 当季值；原始值 115.3；不变价同比指数减100得到增长率
gdp_q_yoy,CHN,1993-Q2,13.5,%,Q,,https://data.stats.gov.cn/dg/website/publicrelease/web/external/stream/esData,来源指标：国内生产总值指数 (上年同期=100) 当季值；原始值 113.5；不变价同比指数减100得到增长率
gdp_q_yoy,CHN,1993-Q3,13.0,%,Q,,https://data.stats.gov.cn/dg/website/publicrelease/web/external/stream/esData,来源指标：国内生产总值指数 (上年同期=100) 当季值；原始值 113.0；不变价同比指数减100得到增长率
gdp_q_yoy,CHN,1993-Q4,14.2,%,Q,,https://data.stats.gov.cn/dg/website/publicrelease/web/external/stream/esData,来源指标：国内生产总值指数 (上年同期=100) 当季值；原始值 114.2；不变价同比指数减100得到增长率
gdp_q_yoy,CHN,1994-Q1,14.2,%,Q,,https://data.stats.gov.cn/dg/website/publicrelease/web/external/stream/esData,来源指标：国内生产总值指数 (上年同期=100) 当季值；原始值 114.2；不变价同比指数减100得到增长率
gdp_q_yoy,CHN,1994-Q2,13.4,%,Q,,https://data.stats.gov.cn/dg/website/publicrelease/web/external/stream/esData,来源指标：国内生产总值指数 (上年同期=100) 当季值；原始值 113.4；不变价同比指数减100得到增长率
gdp_q_yoy,CHN,1994-Q3,13.1,%,Q,,https://data.stats.gov.cn/dg/website/publicrelease/web/external/stream/esData,来源指标：国内生产总值指数 (上年同期=100) 当季值；原始值 113.1；不变价同比指数减100得到增长率
gdp_q_yoy,CHN,1994-Q4,12.1,%,Q,,https://data.stats.gov.cn/dg/website/publicrelease/web/external/stream/esData,来源指标：国内生产总值指数 (上年同期=100) 当季值；原始值 112.1；不变价同比指数减100得到增长率
gdp_q_yoy,CHN,1995-Q1,12.0,%,Q,,https://data.stats.gov.cn/dg/website/publicrelease/web/external/stream/esData,来源指标：国内生产总值指数 (上年同期=100) 当季值；原始值 112.0；不变价同比指数减100得到增长率
gdp_q_yoy,CHN,1995-Q2,11.0,%,Q,,https://data.stats.gov.cn/dg/website/publicrelease/web/external/stream/esData,来源指标：国内生产总值指数 (上年同期=100) 当季值；原始值 111.0；不变价同比指数减100得到增长率
gdp_q_yoy,CHN,1995-Q3,10.5,%,Q,,https://data.stats.gov.cn/dg/website/publicrelease/web/external/stream/esData,来源指标：国内生产总值指数 (上年同期=100) 当季值；原始值 110.5；不变价同比指数减100得到增长率
gdp_q_yoy,CHN,1995-Q4,10.8,%,Q,,https://data.stats.gov.cn/dg/website/publicrelease/web/external/stream/esData,来源指标：国内生产总值指数 (上年同期=100) 当季值；原始值 110.8；不变价同比指数减100得到增长率
gdp_q_yoy,CHN,1996-Q1,11.0,%,Q,,https://data.stats.gov.cn/dg/website/publicrelease/web/external/stream/esData,来源指标：国内生产总值指数 (上年同期=100) 当季值；原始值 111.0；不变价同比指数减100得到增长率
gdp_q_yoy,CHN,1996-Q2,9.4,%,Q,,https://data.stats.gov.cn/dg/website/publicrelease/web/external/stream/esData,来源指标：国内生产总值指数 (上年同期=100) 当季值；原始值 109.4；不变价同比指数减100得到增长率
gdp_q_yoy,CHN,1996-Q3,9.3,%,Q,,https://data.stats.gov.cn/dg/website/publicrelease/web/external/stream/esData,来源指标：国内生产总值指数 (上年同期=100) 当季值；原始值 109.3；不变价同比指数减100得到增长率
gdp_q_yoy,CHN,1996-Q4,10.3,%,Q,,https://data.stats.gov.cn/dg/website/publicrelease/web/external/stream/esData,来源指标：国内生产总值指数 (上年同期=100) 当季值；原始值 110.3；不变价同比指数减100得到增长率
gdp_q_yoy,CHN,1997-Q1,10.2,%,Q,,https://data.stats.gov.cn/dg/website/publicrelease/web/external/stream/esData,来源指标：国内生产总值指数 (上年同期=100) 当季值；原始值 110.2；不变价同比指数减100得到增长率
gdp_q_yoy,CHN,1997-Q2,10.1,%,Q,,https://data.stats.gov.cn/dg/website/publicrelease/web/external/stream/esData,来源指标：国内生产总值指数 (上年同期=100) 当季值；原始值 110.1；不变价同比指数减100得到增长率
gdp_q_yoy,CHN,1997-Q3,8.7,%,Q,,https://data.stats.gov.cn/dg/website/publicrelease/web/external/stream/esData,来源指标：国内生产总值指数 (上年同期=100) 当季值；原始值 108.7；不变价同比指数减100得到增长率
gdp_q_yoy,CHN,1997-Q4,8.6,%,Q,,https://data.stats.gov.cn/dg/website/publicrelease/web/external/stream/esData,来源指标：国内生产总值指数 (上年同期=100) 当季值；原始值 108.6；不变价同比指数减100得到增长率
gdp_q_yoy,CHN,1998-Q1,7.3,%,Q,,https://data.stats.gov.cn/dg/website/publicrelease/web/external/stream/esData,来源指标：国内生产总值指数 (上年同期=100) 当季值；原始值 107.3；不变价同比指数减100得到增长率
gdp_q_yoy,CHN,1998-Q2,7.0,%,Q,,https://data.stats.gov.cn/dg/website/publicrelease/web/external/stream/esData,来源指标：国内生产总值指数 (上年同期=100) 当季值；原始值 107.0；不变价同比指数减100得到增长率
gdp_q_yoy,CHN,1998-Q3,7.9,%,Q,,https://data.stats.gov.cn/dg/website/publicrelease/web/external/stream/esData,来源指标：国内生产总值指数 (上年同期=100) 当季值；原始值 107.9；不变价同比指数减100得到增长率
gdp_q_yoy,CHN,1998-Q4,9.2,%,Q,,https://data.stats.gov.cn/dg/website/publicrelease/web/external/stream/esData,来源指标：国内生产总值指数 (上年同期=100) 当季值；原始值 109.2；不变价同比指数减100得到增长率
gdp_q_yoy,CHN,1999-Q1,9.0,%,Q,,https://data.stats.gov.cn/dg/website/publicrelease/web/external/stream/esData,来源指标：国内生产总值指数 (上年同期=100) 当季值；原始值 109.0；不变价同比指数减100得到增长率
gdp_q_yoy,CHN,1999-Q2,7.9,%,Q,,https://data.stats.gov.cn/dg/website/publicrelease/web/external/stream/esData,来源指标：国内生产总值指数 (上年同期=100) 当季值；原始值 107.9；不变价同比指数减100得到增长率
gdp_q_yoy,CHN,1999-Q3,7.7,%,Q,,https://data.stats.gov.cn/dg/website/publicrelease/web/external/stream/esData,来源指标：国内生产总值指数 (上年同期=100) 当季值；原始值 107.7；不变价同比指数减100得到增长率
gdp_q_yoy,CHN,1999-Q4,6.8,%,Q,,https://data.stats.gov.cn/dg/website/publicrelease/web/external/stream/esData,来源指标：国内生产总值指数 (上年同期=100) 当季值；原始值 106.8；不变价同比指数减100得到增长率
gdp_q_yoy,CHN,2000-Q1,8.8,%,Q,,https://data.stats.gov.cn/dg/website/publicrelease/web/external/stream/esData,来源指标：国内生产总值指数 (上年同期=100) 当季值；原始值 108.8；不变价同比指数减100得到增长率
gdp_q_yoy,CHN,2000-Q2,9.2,%,Q,,https://data.stats.gov.cn/dg/website/publicrelease/web/external/stream/esData,来源指标：国内生产总值指数 (上年同期=100) 当季值；原始值 109.2；不变价同比指数减100得到增长率
gdp_q_yoy,CHN,2000-Q3,8.9,%,Q,,https://data.stats.gov.cn/dg/website/publicrelease/web/external/stream/esData,来源指标：国内生产总值指数 (上年同期=100) 当季值；原始值 108.9；不变价同比指数减100得到增长率
gdp_q_yoy,CHN,2000-Q4,7.6,%,Q,,https://data.stats.gov.cn/dg/website/publicrelease/web/external/stream/esData,来源指标：国内生产总值指数 (上年同期=100) 当季值；原始值 107.6；不变价同比指数减100得到增长率
gdp_q_yoy,CHN,2001-Q1,9.5,%,Q,,https://data.stats.gov.cn/dg/website/publicrelease/web/external/stream/esData,来源指标：国内生产总值指数 (上年同期=100) 当季值；原始值 109.5；不变价同比指数减100得到增长率
gdp_q_yoy,CHN,2001-Q2,8.6,%,Q,,https://data.stats.gov.cn/dg/website/publicrelease/web/external/stream/esData,来源指标：国内生产总值指数 (上年同期=100) 当季值；原始值 108.6；不变价同比指数减100得到增长率
gdp_q_yoy,CHN,2001-Q3,8.0,%,Q,,https://data.stats.gov.cn/dg/website/publicrelease/web/external/stream/esData,来源指标：国内生产总值指数 (上年同期=100) 当季值；原始值 108.0；不变价同比指数减100得到增长率
gdp_q_yoy,CHN,2001-Q4,7.5,%,Q,,https://data.stats.gov.cn/dg/website/publicrelease/web/external/stream/esData,来源指标：国内生产总值指数 (上年同期=100) 当季值；原始值 107.5；不变价同比指数减100得到增长率
gdp_q_yoy,CHN,2002-Q1,9.0,%,Q,,https://data.stats.gov.cn/dg/website/publicrelease/web/external/stream/esData,来源指标：国内生产总值指数 (上年同期=100) 当季值；原始值 109.0；不变价同比指数减100得到增长率
gdp_q_yoy,CHN,2002-Q2,8.9,%,Q,,https://data.stats.gov.cn/dg/website/publicrelease/web/external/stream/esData,来源指标：国内生产总值指数 (上年同期=100) 当季值；原始值 108.9；不变价同比指数减100得到增长率
gdp_q_yoy,CHN,2002-Q3,9.7,%,Q,,https://data.stats.gov.cn/dg/website/publicrelease/web/external/stream/esData,来源指标：国内生产总值指数 (上年同期=100) 当季值；原始值 109.7；不变价同比指数减100得到增长率
gdp_q_yoy,CHN,2002-Q4,9.2,%,Q,,https://data.stats.gov.cn/dg/website/publicrelease/web/external/stream/esData,来源指标：国内生产总值指数 (上年同期=100) 当季值；原始值 109.2；不变价同比指数减100得到增长率
gdp_q_yoy,CHN,2003-Q1,11.2,%,Q,,https://data.stats.gov.cn/dg/website/publicrelease/web/external/stream/esData,来源指标：国内生产总值指数 (上年同期=100) 当季值；原始值 111.2；不变价同比指数减100得到增长率
gdp_q_yoy,CHN,2003-Q2,9.2,%,Q,,https://data.stats.gov.cn/dg/website/publicrelease/web/external/stream/esData,来源指标：国内生产总值指数 (上年同期=100) 当季值；原始值 109.2；不变价同比指数减100得到增长率
gdp_q_yoy,CHN,2003-Q3,10.1,%,Q,,https://data.stats.gov.cn/dg/website/publicrelease/web/external/stream/esData,来源指标：国内生产总值指数 (上年同期=100) 当季值；原始值 110.1；不变价同比指数减100得到增长率
gdp_q_yoy,CHN,2003-Q4,10.1,%,Q,,https://data.stats.gov.cn/dg/website/publicrelease/web/external/stream/esData,来源指标：国内生产总值指数 (上年同期=100) 当季值；原始值 110.1；不变价同比指数减100得到增长率
gdp_q_yoy,CHN,2004-Q1,10.6,%,Q,,https://data.stats.gov.cn/dg/website/publicrelease/web/external/stream/esData,来源指标：国内生产总值指数 (上年同期=100) 当季值；原始值 110.6；不变价同比指数减100得到增长率
gdp_q_yoy,CHN,2004-Q2,11.6,%,Q,,https://data.stats.gov.cn/dg/website/publicrelease/web/external/stream/esData,来源指标：国内生产总值指数 (上年同期=100) 当季值；原始值 111.6；不变价同比指数减100得到增长率
gdp_q_yoy,CHN,2004-Q3,9.8,%,Q,,https://data.stats.gov.cn/dg/website/publicrelease/web/external/stream/esData,来源指标：国内生产总值指数 (上年同期=100) 当季值；原始值 109.8；不变价同比指数减100得到增长率
gdp_q_yoy,CHN,2004-Q4,8.8,%,Q,,https://data.stats.gov.cn/dg/website/publicrelease/web/external/stream/esData,来源指标：国内生产总值指数 (上年同期=100) 当季值；原始值 108.8；不变价同比指数减100得到增长率
gdp_q_yoy,CHN,2005-Q1,11.2,%,Q,,https://data.stats.gov.cn/dg/website/publicrelease/web/external/stream/esData,来源指标：国内生产总值指数 (上年同期=100) 当季值；原始值 111.2；不变价同比指数减100得到增长率
gdp_q_yoy,CHN,2005-Q2,11.1,%,Q,,https://data.stats.gov.cn/dg/website/publicrelease/web/external/stream/esData,来源指标：国内生产总值指数 (上年同期=100) 当季值；原始值 111.1；不变价同比指数减100得到增长率
gdp_q_yoy,CHN,2005-Q3,10.9,%,Q,,https://data.stats.gov.cn/dg/website/publicrelease/web/external/stream/esData,来源指标：国内生产总值指数 (上年同期=100) 当季值；原始值 110.9；不变价同比指数减100得到增长率
gdp_q_yoy,CHN,2005-Q4,12.4,%,Q,,https://data.stats.gov.cn/dg/website/publicrelease/web/external/stream/esData,来源指标：国内生产总值指数 (上年同期=100) 当季值；原始值 112.4；不变价同比指数减100得到增长率
gdp_q_yoy,CHN,2006-Q1,12.4,%,Q,,https://data.stats.gov.cn/dg/website/publicrelease/web/external/stream/esData,来源指标：国内生产总值指数 (上年同期=100) 当季值；原始值 112.4；不变价同比指数减100得到增长率
gdp_q_yoy,CHN,2006-Q2,13.6,%,Q,,https://data.stats.gov.cn/dg/website/publicrelease/web/external/stream/esData,来源指标：国内生产总值指数 (上年同期=100) 当季值；原始值 113.6；不变价同比指数减100得到增长率
gdp_q_yoy,CHN,2006-Q3,12.2,%,Q,,https://data.stats.gov.cn/dg/website/publicrelease/web/external/stream/esData,来源指标：国内生产总值指数 (上年同期=100) 当季值；原始值 112.2；不变价同比指数减100得到增长率
gdp_q_yoy,CHN,2006-Q4,12.5,%,Q,,https://data.stats.gov.cn/dg/website/publicrelease/web/external/stream/esData,来源指标：国内生产总值指数 (上年同期=100) 当季值；原始值 112.5；不变价同比指数减100得到增长率
gdp_q_yoy,CHN,2007-Q1,13.6,%,Q,,https://data.stats.gov.cn/dg/website/publicrelease/web/external/stream/esData,来源指标：国内生产总值指数 (上年同期=100) 当季值；原始值 113.6；不变价同比指数减100得到增长率
gdp_q_yoy,CHN,2007-Q2,14.9,%,Q,,https://data.stats.gov.cn/dg/website/publicrelease/web/external/stream/esData,来源指标：国内生产总值指数 (上年同期=100) 当季值；原始值 114.9；不变价同比指数减100得到增长率
gdp_q_yoy,CHN,2007-Q3,14.2,%,Q,,https://data.stats.gov.cn/dg/website/publicrelease/web/external/stream/esData,来源指标：国内生产总值指数 (上年同期=100) 当季值；原始值 114.2；不变价同比指数减100得到增长率
gdp_q_yoy,CHN,2007-Q4,13.9,%,Q,,https://data.stats.gov.cn/dg/website/publicrelease/web/external/stream/esData,来源指标：国内生产总值指数 (上年同期=100) 当季值；原始值 113.9；不变价同比指数减100得到增长率
gdp_q_yoy,CHN,2008-Q1,11.6,%,Q,,https://data.stats.gov.cn/dg/website/publicrelease/web/external/stream/esData,来源指标：国内生产总值指数 (上年同期=100) 当季值；原始值 111.6；不变价同比指数减100得到增长率
gdp_q_yoy,CHN,2008-Q2,11.0,%,Q,,https://data.stats.gov.cn/dg/website/publicrelease/web/external/stream/esData,来源指标：国内生产总值指数 (上年同期=100) 当季值；原始值 111.0；不变价同比指数减100得到增长率
gdp_q_yoy,CHN,2008-Q3,9.5,%,Q,,https://data.stats.gov.cn/dg/website/publicrelease/web/external/stream/esData,来源指标：国内生产总值指数 (上年同期=100) 当季值；原始值 109.5；不变价同比指数减100得到增长率
gdp_q_yoy,CHN,2008-Q4,7.1,%,Q,,https://data.stats.gov.cn/dg/website/publicrelease/web/external/stream/esData,来源指标：国内生产总值指数 (上年同期=100) 当季值；原始值 107.1；不变价同比指数减100得到增长率
gdp_q_yoy,CHN,2009-Q1,6.4,%,Q,,https://data.stats.gov.cn/dg/website/publicrelease/web/external/stream/esData,来源指标：国内生产总值指数 (上年同期=100) 当季值；原始值 106.4；不变价同比指数减100得到增长率
gdp_q_yoy,CHN,2009-Q2,8.2,%,Q,,https://data.stats.gov.cn/dg/website/publicrelease/web/external/stream/esData,来源指标：国内生产总值指数 (上年同期=100) 当季值；原始值 108.2；不变价同比指数减100得到增长率
gdp_q_yoy,CHN,2009-Q3,10.6,%,Q,,https://data.stats.gov.cn/dg/website/publicrelease/web/external/stream/esData,来源指标：国内生产总值指数 (上年同期=100) 当季值；原始值 110.6；不变价同比指数减100得到增长率
gdp_q_yoy,CHN,2009-Q4,11.9,%,Q,,https://data.stats.gov.cn/dg/website/publicrelease/web/external/stream/esData,来源指标：国内生产总值指数 (上年同期=100) 当季值；原始值 111.9；不变价同比指数减100得到增长率
gdp_q_yoy,CHN,2010-Q1,12.2,%,Q,,https://data.stats.gov.cn/dg/website/publicrelease/web/external/stream/esData,来源指标：国内生产总值指数 (上年同期=100) 当季值；原始值 112.2；不变价同比指数减100得到增长率
gdp_q_yoy,CHN,2010-Q2,10.7,%,Q,,https://data.stats.gov.cn/dg/website/publicrelease/web/external/stream/esData,来源指标：国内生产总值指数 (上年同期=100) 当季值；原始值 110.7；不变价同比指数减100得到增长率
gdp_q_yoy,CHN,2010-Q3,9.9,%,Q,,https://data.stats.gov.cn/dg/website/publicrelease/web/external/stream/esData,来源指标：国内生产总值指数 (上年同期=100) 当季值；原始值 109.9；不变价同比指数减100得到增长率
gdp_q_yoy,CHN,2010-Q4,9.9,%,Q,,https://data.stats.gov.cn/dg/website/publicrelease/web/external/stream/esData,来源指标：国内生产总值指数 (上年同期=100) 当季值；原始值 109.9；不变价同比指数减100得到增长率
gdp_q_yoy,CHN,2011-Q1,10.1,%,Q,,https://data.stats.gov.cn/dg/website/publicrelease/web/external/stream/esData,来源指标：国内生产总值指数 (上年同期=100) 当季值；原始值 110.1；不变价同比指数减100得到增长率
gdp_q_yoy,CHN,2011-Q2,9.9,%,Q,,https://data.stats.gov.cn/dg/website/publicrelease/web/external/stream/esData,来源指标：国内生产总值指数 (上年同期=100) 当季值；原始值 109.9；不变价同比指数减100得到增长率
gdp_q_yoy,CHN,2011-Q3,9.3,%,Q,,https://data.stats.gov.cn/dg/website/publicrelease/web/external/stream/esData,来源指标：国内生产总值指数 (上年同期=100) 当季值；原始值 109.3；不变价同比指数减100得到增长率
gdp_q_yoy,CHN,2011-Q4,8.7,%,Q,,https://data.stats.gov.cn/dg/website/publicrelease/web/external/stream/esData,来源指标：国内生产总值指数 (上年同期=100) 当季值；原始值 108.7；不变价同比指数减100得到增长率
gdp_q_yoy,CHN,2012-Q1,8.1,%,Q,,https://data.stats.gov.cn/dg/website/publicrelease/web/external/stream/esData,来源指标：国内生产总值指数 (上年同期=100) 当季值；原始值 108.1；不变价同比指数减100得到增长率
gdp_q_yoy,CHN,2012-Q2,7.7,%,Q,,https://data.stats.gov.cn/dg/website/publicrelease/web/external/stream/esData,来源指标：国内生产总值指数 (上年同期=100) 当季值；原始值 107.7；不变价同比指数减100得到增长率
gdp_q_yoy,CHN,2012-Q3,7.5,%,Q,,https://data.stats.gov.cn/dg/website/publicrelease/web/external/stream/esData,来源指标：国内生产总值指数 (上年同期=100) 当季值；原始值 107.5；不变价同比指数减100得到增长率
gdp_q_yoy,CHN,2012-Q4,8.1,%,Q,,https://data.stats.gov.cn/dg/website/publicrelease/web/external/stream/esData,来源指标：国内生产总值指数 (上年同期=100) 当季值；原始值 108.1；不变价同比指数减100得到增长率
gdp_q_yoy,CHN,2013-Q1,7.9,%,Q,,https://data.stats.gov.cn/dg/website/publicrelease/web/external/stream/esData,来源指标：国内生产总值指数 (上年同期=100) 当季值；原始值 107.9；不变价同比指数减100得到增长率
gdp_q_yoy,CHN,2013-Q2,7.6,%,Q,,https://data.stats.gov.cn/dg/website/publicrelease/web/external/stream/esData,来源指标：国内生产总值指数 (上年同期=100) 当季值；原始值 107.6；不变价同比指数减100得到增长率
gdp_q_yoy,CHN,2013-Q3,7.9,%,Q,,https://data.stats.gov.cn/dg/website/publicrelease/web/external/stream/esData,来源指标：国内生产总值指数 (上年同期=100) 当季值；原始值 107.9；不变价同比指数减100得到增长率
gdp_q_yoy,CHN,2013-Q4,7.7,%,Q,,https://data.stats.gov.cn/dg/website/publicrelease/web/external/stream/esData,来源指标：国内生产总值指数 (上年同期=100) 当季值；原始值 107.7；不变价同比指数减100得到增长率
gdp_q_yoy,CHN,2014-Q1,7.6,%,Q,,https://data.stats.gov.cn/dg/website/publicrelease/web/external/stream/esData,来源指标：国内生产总值指数 (上年同期=100) 当季值；原始值 107.6；不变价同比指数减100得到增长率
gdp_q_yoy,CHN,2014-Q2,7.7,%,Q,,https://data.stats.gov.cn/dg/website/publicrelease/web/external/stream/esData,来源指标：国内生产总值指数 (上年同期=100) 当季值；原始值 107.7；不变价同比指数减100得到增长率
gdp_q_yoy,CHN,2014-Q3,7.3,%,Q,,https://data.stats.gov.cn/dg/website/publicrelease/web/external/stream/esData,来源指标：国内生产总值指数 (上年同期=100) 当季值；原始值 107.3；不变价同比指数减100得到增长率
gdp_q_yoy,CHN,2014-Q4,7.4,%,Q,,https://data.stats.gov.cn/dg/website/publicrelease/web/external/stream/esData,来源指标：国内生产总值指数 (上年同期=100) 当季值；原始值 107.4；不变价同比指数减100得到增长率
gdp_q_yoy,CHN,2015-Q1,7.1,%,Q,,https://data.stats.gov.cn/dg/website/publicrelease/web/external/stream/esData,来源指标：国内生产总值指数 (上年同期=100) 当季值；原始值 107.1；不变价同比指数减100得到增长率
gdp_q_yoy,CHN,2015-Q2,7.1,%,Q,,https://data.stats.gov.cn/dg/website/publicrelease/web/external/stream/esData,来源指标：国内生产总值指数 (上年同期=100) 当季值；原始值 107.1；不变价同比指数减100得到增长率
gdp_q_yoy,CHN,2015-Q3,7.0,%,Q,,https://data.stats.gov.cn/dg/website/publicrelease/web/external/stream/esData,来源指标：国内生产总值指数 (上年同期=100) 当季值；原始值 107.0；不变价同比指数减100得到增长率
gdp_q_yoy,CHN,2015-Q4,6.9,%,Q,,https://data.stats.gov.cn/dg/website/publicrelease/web/external/stream/esData,来源指标：国内生产总值指数 (上年同期=100) 当季值；原始值 106.9；不变价同比指数减100得到增长率
gdp_q_yoy,CHN,2016-Q1,6.8,%,Q,,https://data.stats.gov.cn/dg/website/publicrelease/web/external/stream/esData,来源指标：国内生产总值指数 (上年同期=100) 当季值；原始值 106.8；不变价同比指数减100得到增长率
gdp_q_yoy,CHN,2016-Q2,6.7,%,Q,,https://data.stats.gov.cn/dg/website/publicrelease/web/external/stream/esData,来源指标：国内生产总值指数 (上年同期=100) 当季值；原始值 106.7；不变价同比指数减100得到增长率
gdp_q_yoy,CHN,2016-Q3,6.7,%,Q,,https://data.stats.gov.cn/dg/website/publicrelease/web/external/stream/esData,来源指标：国内生产总值指数 (上年同期=100) 当季值；原始值 106.7；不变价同比指数减100得到增长率
gdp_q_yoy,CHN,2016-Q4,6.8,%,Q,,https://data.stats.gov.cn/dg/website/publicrelease/web/external/stream/esData,来源指标：国内生产总值指数 (上年同期=100) 当季值；原始值 106.8；不变价同比指数减100得到增长率
gdp_q_yoy,CHN,2017-Q1,7.0,%,Q,,https://data.stats.gov.cn/dg/website/publicrelease/web/external/stream/esData,来源指标：国内生产总值指数 (上年同期=100) 当季值；原始值 107.0；不变价同比指数减100得到增长率
gdp_q_yoy,CHN,2017-Q2,7.0,%,Q,,https://data.stats.gov.cn/dg/website/publicrelease/web/external/stream/esData,来源指标：国内生产总值指数 (上年同期=100) 当季值；原始值 107.0；不变价同比指数减100得到增长率
gdp_q_yoy,CHN,2017-Q3,6.9,%,Q,,https://data.stats.gov.cn/dg/website/publicrelease/web/external/stream/esData,来源指标：国内生产总值指数 (上年同期=100) 当季值；原始值 106.9；不变价同比指数减100得到增长率
gdp_q_yoy,CHN,2017-Q4,6.8,%,Q,,https://data.stats.gov.cn/dg/website/publicrelease/web/external/stream/esData,来源指标：国内生产总值指数 (上年同期=100) 当季值；原始值 106.8；不变价同比指数减100得到增长率
gdp_q_yoy,CHN,2018-Q1,6.9,%,Q,,https://data.stats.gov.cn/dg/website/publicrelease/web/external/stream/esData,来源指标：国内生产总值指数 (上年同期=100) 当季值；原始值 106.9；不变价同比指数减100得到增长率
gdp_q_yoy,CHN,2018-Q2,6.9,%,Q,,https://data.stats.gov.cn/dg/website/publicrelease/web/external/stream/esData,来源指标：国内生产总值指数 (上年同期=100) 当季值；原始值 106.9；不变价同比指数减100得到增长率
gdp_q_yoy,CHN,2018-Q3,6.7,%,Q,,https://data.stats.gov.cn/dg/website/publicrelease/web/external/stream/esData,来源指标：国内生产总值指数 (上年同期=100) 当季值；原始值 106.7；不变价同比指数减100得到增长率
gdp_q_yoy,CHN,2018-Q4,6.5,%,Q,,https://data.stats.gov.cn/dg/website/publicrelease/web/external/stream/esData,来源指标：国内生产总值指数 (上年同期=100) 当季值；原始值 106.5；不变价同比指数减100得到增长率
gdp_q_yoy,CHN,2019-Q1,6.4,%,Q,,https://data.stats.gov.cn/dg/website/publicrelease/web/external/stream/esData,来源指标：国内生产总值指数 (上年同期=100) 当季值；原始值 106.4；不变价同比指数减100得到增长率
gdp_q_yoy,CHN,2019-Q2,6.1,%,Q,,https://data.stats.gov.cn/dg/website/publicrelease/web/external/stream/esData,来源指标：国内生产总值指数 (上年同期=100) 当季值；原始值 106.1；不变价同比指数减100得到增长率
gdp_q_yoy,CHN,2019-Q3,6.0,%,Q,,https://data.stats.gov.cn/dg/website/publicrelease/web/external/stream/esData,来源指标：国内生产总值指数 (上年同期=100) 当季值；原始值 106.0；不变价同比指数减100得到增长率
gdp_q_yoy,CHN,2019-Q4,5.9,%,Q,,https://data.stats.gov.cn/dg/website/publicrelease/web/external/stream/esData,来源指标：国内生产总值指数 (上年同期=100) 当季值；原始值 105.9；不变价同比指数减100得到增长率
gdp_q_yoy,CHN,2020-Q1,-6.8,%,Q,,https://data.stats.gov.cn/dg/website/publicrelease/web/external/stream/esData,来源指标：国内生产总值指数 (上年同期=100) 当季值；原始值 93.2；不变价同比指数减100得到增长率
gdp_q_yoy,CHN,2020-Q2,3.2,%,Q,,https://data.stats.gov.cn/dg/website/publicrelease/web/external/stream/esData,来源指标：国内生产总值指数 (上年同期=100) 当季值；原始值 103.2；不变价同比指数减100得到增长率
gdp_q_yoy,CHN,2020-Q3,4.9,%,Q,,https://data.stats.gov.cn/dg/website/publicrelease/web/external/stream/esData,来源指标：国内生产总值指数 (上年同期=100) 当季值；原始值 104.9；不变价同比指数减100得到增长率
gdp_q_yoy,CHN,2020-Q4,6.5,%,Q,,https://data.stats.gov.cn/dg/website/publicrelease/web/external/stream/esData,来源指标：国内生产总值指数 (上年同期=100) 当季值；原始值 106.5；不变价同比指数减100得到增长率
gdp_q_yoy,CHN,2021-Q1,18.9,%,Q,,https://data.stats.gov.cn/dg/website/publicrelease/web/external/stream/esData,来源指标：国内生产总值指数 (上年同期=100) 当季值；原始值 118.9；不变价同比指数减100得到增长率
gdp_q_yoy,CHN,2021-Q2,8.1,%,Q,,https://data.stats.gov.cn/dg/website/publicrelease/web/external/stream/esData,来源指标：国内生产总值指数 (上年同期=100) 当季值；原始值 108.1；不变价同比指数减100得到增长率
gdp_q_yoy,CHN,2021-Q3,5.5,%,Q,,https://data.stats.gov.cn/dg/website/publicrelease/web/external/stream/esData,来源指标：国内生产总值指数 (上年同期=100) 当季值；原始值 105.5；不变价同比指数减100得到增长率
gdp_q_yoy,CHN,2021-Q4,4.5,%,Q,,https://data.stats.gov.cn/dg/website/publicrelease/web/external/stream/esData,来源指标：国内生产总值指数 (上年同期=100) 当季值；原始值 104.5；不变价同比指数减100得到增长率
gdp_q_yoy,CHN,2022-Q1,4.8,%,Q,,https://data.stats.gov.cn/dg/website/publicrelease/web/external/stream/esData,来源指标：国内生产总值指数 (上年同期=100) 当季值；原始值 104.8；不变价同比指数减100得到增长率
gdp_q_yoy,CHN,2022-Q2,0.8,%,Q,,https://data.stats.gov.cn/dg/website/publicrelease/web/external/stream/esData,来源指标：国内生产总值指数 (上年同期=100) 当季值；原始值 100.8；不变价同比指数减100得到增长率
gdp_q_yoy,CHN,2022-Q3,4.0,%,Q,,https://data.stats.gov.cn/dg/website/publicrelease/web/external/stream/esData,来源指标：国内生产总值指数 (上年同期=100) 当季值；原始值 104.0；不变价同比指数减100得到增长率
gdp_q_yoy,CHN,2022-Q4,3.0,%,Q,,https://data.stats.gov.cn/dg/website/publicrelease/web/external/stream/esData,来源指标：国内生产总值指数 (上年同期=100) 当季值；原始值 103.0；不变价同比指数减100得到增长率
gdp_q_yoy,CHN,2023-Q1,4.7,%,Q,,https://data.stats.gov.cn/dg/website/publicrelease/web/external/stream/esData,来源指标：国内生产总值指数 (上年同期=100) 当季值；原始值 104.7；不变价同比指数减100得到增长率
gdp_q_yoy,CHN,2023-Q2,6.5,%,Q,,https://data.stats.gov.cn/dg/website/publicrelease/web/external/stream/esData,来源指标：国内生产总值指数 (上年同期=100) 当季值；原始值 106.5；不变价同比指数减100得到增长率
gdp_q_yoy,CHN,2023-Q3,5.0,%,Q,,https://data.stats.gov.cn/dg/website/publicrelease/web/external/stream/esData,来源指标：国内生产总值指数 (上年同期=100) 当季值；原始值 105.0；不变价同比指数减100得到增长率
gdp_q_yoy,CHN,2023-Q4,5.3,%,Q,,https://data.stats.gov.cn/dg/website/publicrelease/web/external/stream/esData,来源指标：国内生产总值指数 (上年同期=100) 当季值；原始值 105.3；不变价同比指数减100得到增长率
gdp_q_yoy,CHN,2024-Q1,5.3,%,Q,,https://data.stats.gov.cn/dg/website/publicrelease/web/external/stream/esData,来源指标：国内生产总值指数 (上年同期=100) 当季值；原始值 105.3；不变价同比指数减100得到增长率
gdp_q_yoy,CHN,2024-Q2,4.7,%,Q,,https://data.stats.gov.cn/dg/website/publicrelease/web/external/stream/esData,来源指标：国内生产总值指数 (上年同期=100) 当季值；原始值 104.7；不变价同比指数减100得到增长率
gdp_q_yoy,CHN,2024-Q3,4.6,%,Q,,https://data.stats.gov.cn/dg/website/publicrelease/web/external/stream/esData,来源指标：国内生产总值指数 (上年同期=100) 当季值；原始值 104.6；不变价同比指数减100得到增长率
gdp_q_yoy,CHN,2024-Q4,5.4,%,Q,,https://data.stats.gov.cn/dg/website/publicrelease/web/external/stream/esData,来源指标：国内生产总值指数 (上年同期=100) 当季值；原始值 105.4；不变价同比指数减100得到增长率
gdp_q_yoy,CHN,2025-Q1,5.4,%,Q,,https://data.stats.gov.cn/dg/website/publicrelease/web/external/stream/esData,来源指标：国内生产总值指数 (上年同期=100) 当季值；原始值 105.4；不变价同比指数减100得到增长率
gdp_q_yoy,CHN,2025-Q2,5.2,%,Q,,https://data.stats.gov.cn/dg/website/publicrelease/web/external/stream/esData,来源指标：国内生产总值指数 (上年同期=100) 当季值；原始值 105.2；不变价同比指数减100得到增长率
gdp_q_yoy,CHN,2025-Q3,4.8,%,Q,,https://data.stats.gov.cn/dg/website/publicrelease/web/external/stream/esData,来源指标：国内生产总值指数 (上年同期=100) 当季值；原始值 104.8；不变价同比指数减100得到增长率
gdp_q_yoy,CHN,2025-Q4,4.5,%,Q,,https://data.stats.gov.cn/dg/website/publicrelease/web/external/stream/esData,来源指标：国内生产总值指数 (上年同期=100) 当季值；原始值 104.5；不变价同比指数减100得到增长率
gdp_q_yoy,CHN,2026-Q1,5.0,%,Q,,https://data.stats.gov.cn/dg/website/publicrelease/web/external/stream/esData,来源指标：国内生产总值指数 (上年同期=100) 当季值；原始值 105.0；不变价同比指数减100得到增长率
gdp_q_yoy,CHN,2026-Q2,4.3,%,Q,,https://data.stats.gov.cn/dg/website/publicrelease/web/external/stream/esData,来源指标：国内生产总值指数 (上年同期=100) 当季值；原始值 104.3；不变价同比指数减100得到增长率
gdp_qoq_sa,CHN,2011-Q1,2.3,%,Q,,https://data.stats.gov.cn/dg/website/publicrelease/web/external/stream/esData,来源指标：国内生产总值环比增长速度 (%)；原始值 2.3；直接采用官方值
gdp_qoq_sa,CHN,2011-Q2,2.4,%,Q,,https://data.stats.gov.cn/dg/website/publicrelease/web/external/stream/esData,来源指标：国内生产总值环比增长速度 (%)；原始值 2.4；直接采用官方值
gdp_qoq_sa,CHN,2011-Q3,1.9,%,Q,,https://data.stats.gov.cn/dg/website/publicrelease/web/external/stream/esData,来源指标：国内生产总值环比增长速度 (%)；原始值 1.9；直接采用官方值
gdp_qoq_sa,CHN,2011-Q4,1.6,%,Q,,https://data.stats.gov.cn/dg/website/publicrelease/web/external/stream/esData,来源指标：国内生产总值环比增长速度 (%)；原始值 1.6；直接采用官方值
gdp_qoq_sa,CHN,2012-Q1,1.9,%,Q,,https://data.stats.gov.cn/dg/website/publicrelease/web/external/stream/esData,来源指标：国内生产总值环比增长速度 (%)；原始值 1.9；直接采用官方值
gdp_qoq_sa,CHN,2012-Q2,2.1,%,Q,,https://data.stats.gov.cn/dg/website/publicrelease/web/external/stream/esData,来源指标：国内生产总值环比增长速度 (%)；原始值 2.1；直接采用官方值
gdp_qoq_sa,CHN,2012-Q3,1.9,%,Q,,https://data.stats.gov.cn/dg/website/publicrelease/web/external/stream/esData,来源指标：国内生产总值环比增长速度 (%)；原始值 1.9；直接采用官方值
gdp_qoq_sa,CHN,2012-Q4,2.0,%,Q,,https://data.stats.gov.cn/dg/website/publicrelease/web/external/stream/esData,来源指标：国内生产总值环比增长速度 (%)；原始值 2.0；直接采用官方值
gdp_qoq_sa,CHN,2013-Q1,1.8,%,Q,,https://data.stats.gov.cn/dg/website/publicrelease/web/external/stream/esData,来源指标：国内生产总值环比增长速度 (%)；原始值 1.8；直接采用官方值
gdp_qoq_sa,CHN,2013-Q2,1.8,%,Q,,https://data.stats.gov.cn/dg/website/publicrelease/web/external/stream/esData,来源指标：国内生产总值环比增长速度 (%)；原始值 1.8；直接采用官方值
gdp_qoq_sa,CHN,2013-Q3,2.1,%,Q,,https://data.stats.gov.cn/dg/website/publicrelease/web/external/stream/esData,来源指标：国内生产总值环比增长速度 (%)；原始值 2.1；直接采用官方值
gdp_qoq_sa,CHN,2013-Q4,1.6,%,Q,,https://data.stats.gov.cn/dg/website/publicrelease/web/external/stream/esData,来源指标：国内生产总值环比增长速度 (%)；原始值 1.6；直接采用官方值
gdp_qoq_sa,CHN,2014-Q1,1.9,%,Q,,https://data.stats.gov.cn/dg/website/publicrelease/web/external/stream/esData,来源指标：国内生产总值环比增长速度 (%)；原始值 1.9；直接采用官方值
gdp_qoq_sa,CHN,2014-Q2,1.8,%,Q,,https://data.stats.gov.cn/dg/website/publicrelease/web/external/stream/esData,来源指标：国内生产总值环比增长速度 (%)；原始值 1.8；直接采用官方值
gdp_qoq_sa,CHN,2014-Q3,1.8,%,Q,,https://data.stats.gov.cn/dg/website/publicrelease/web/external/stream/esData,来源指标：国内生产总值环比增长速度 (%)；原始值 1.8；直接采用官方值
gdp_qoq_sa,CHN,2014-Q4,1.7,%,Q,,https://data.stats.gov.cn/dg/website/publicrelease/web/external/stream/esData,来源指标：国内生产总值环比增长速度 (%)；原始值 1.7；直接采用官方值
gdp_qoq_sa,CHN,2015-Q1,1.7,%,Q,,https://data.stats.gov.cn/dg/website/publicrelease/web/external/stream/esData,来源指标：国内生产总值环比增长速度 (%)；原始值 1.7；直接采用官方值
gdp_qoq_sa,CHN,2015-Q2,1.9,%,Q,,https://data.stats.gov.cn/dg/website/publicrelease/web/external/stream/esData,来源指标：国内生产总值环比增长速度 (%)；原始值 1.9；直接采用官方值
gdp_qoq_sa,CHN,2015-Q3,1.7,%,Q,,https://data.stats.gov.cn/dg/website/publicrelease/web/external/stream/esData,来源指标：国内生产总值环比增长速度 (%)；原始值 1.7；直接采用官方值
gdp_qoq_sa,CHN,2015-Q4,1.6,%,Q,,https://data.stats.gov.cn/dg/website/publicrelease/web/external/stream/esData,来源指标：国内生产总值环比增长速度 (%)；原始值 1.6；直接采用官方值
gdp_qoq_sa,CHN,2016-Q1,1.6,%,Q,,https://data.stats.gov.cn/dg/website/publicrelease/web/external/stream/esData,来源指标：国内生产总值环比增长速度 (%)；原始值 1.6；直接采用官方值
gdp_qoq_sa,CHN,2016-Q2,1.8,%,Q,,https://data.stats.gov.cn/dg/website/publicrelease/web/external/stream/esData,来源指标：国内生产总值环比增长速度 (%)；原始值 1.8；直接采用官方值
gdp_qoq_sa,CHN,2016-Q3,1.7,%,Q,,https://data.stats.gov.cn/dg/website/publicrelease/web/external/stream/esData,来源指标：国内生产总值环比增长速度 (%)；原始值 1.7；直接采用官方值
gdp_qoq_sa,CHN,2016-Q4,1.6,%,Q,,https://data.stats.gov.cn/dg/website/publicrelease/web/external/stream/esData,来源指标：国内生产总值环比增长速度 (%)；原始值 1.6；直接采用官方值
gdp_qoq_sa,CHN,2017-Q1,1.8,%,Q,,https://data.stats.gov.cn/dg/website/publicrelease/web/external/stream/esData,来源指标：国内生产总值环比增长速度 (%)；原始值 1.8；直接采用官方值
gdp_qoq_sa,CHN,2017-Q2,1.8,%,Q,,https://data.stats.gov.cn/dg/website/publicrelease/web/external/stream/esData,来源指标：国内生产总值环比增长速度 (%)；原始值 1.8；直接采用官方值
gdp_qoq_sa,CHN,2017-Q3,1.6,%,Q,,https://data.stats.gov.cn/dg/website/publicrelease/web/external/stream/esData,来源指标：国内生产总值环比增长速度 (%)；原始值 1.6；直接采用官方值
gdp_qoq_sa,CHN,2017-Q4,1.5,%,Q,,https://data.stats.gov.cn/dg/website/publicrelease/web/external/stream/esData,来源指标：国内生产总值环比增长速度 (%)；原始值 1.5；直接采用官方值
gdp_qoq_sa,CHN,2018-Q1,1.9,%,Q,,https://data.stats.gov.cn/dg/website/publicrelease/web/external/stream/esData,来源指标：国内生产总值环比增长速度 (%)；原始值 1.9；直接采用官方值
gdp_qoq_sa,CHN,2018-Q2,1.8,%,Q,,https://data.stats.gov.cn/dg/website/publicrelease/web/external/stream/esData,来源指标：国内生产总值环比增长速度 (%)；原始值 1.8；直接采用官方值
gdp_qoq_sa,CHN,2018-Q3,1.4,%,Q,,https://data.stats.gov.cn/dg/website/publicrelease/web/external/stream/esData,来源指标：国内生产总值环比增长速度 (%)；原始值 1.4；直接采用官方值
gdp_qoq_sa,CHN,2018-Q4,1.2,%,Q,,https://data.stats.gov.cn/dg/website/publicrelease/web/external/stream/esData,来源指标：国内生产总值环比增长速度 (%)；原始值 1.2；直接采用官方值
gdp_qoq_sa,CHN,2019-Q1,1.9,%,Q,,https://data.stats.gov.cn/dg/website/publicrelease/web/external/stream/esData,来源指标：国内生产总值环比增长速度 (%)；原始值 1.9；直接采用官方值
gdp_qoq_sa,CHN,2019-Q2,1.6,%,Q,,https://data.stats.gov.cn/dg/website/publicrelease/web/external/stream/esData,来源指标：国内生产总值环比增长速度 (%)；原始值 1.6；直接采用官方值
gdp_qoq_sa,CHN,2019-Q3,1.3,%,Q,,https://data.stats.gov.cn/dg/website/publicrelease/web/external/stream/esData,来源指标：国内生产总值环比增长速度 (%)；原始值 1.3；直接采用官方值
gdp_qoq_sa,CHN,2019-Q4,0.9,%,Q,,https://data.stats.gov.cn/dg/website/publicrelease/web/external/stream/esData,来源指标：国内生产总值环比增长速度 (%)；原始值 0.9；直接采用官方值
gdp_qoq_sa,CHN,2020-Q1,-10.3,%,Q,,https://data.stats.gov.cn/dg/website/publicrelease/web/external/stream/esData,来源指标：国内生产总值环比增长速度 (%)；原始值 -10.3；直接采用官方值
gdp_qoq_sa,CHN,2020-Q2,12.7,%,Q,,https://data.stats.gov.cn/dg/website/publicrelease/web/external/stream/esData,来源指标：国内生产总值环比增长速度 (%)；原始值 12.7；直接采用官方值
gdp_qoq_sa,CHN,2020-Q3,2.9,%,Q,,https://data.stats.gov.cn/dg/website/publicrelease/web/external/stream/esData,来源指标：国内生产总值环比增长速度 (%)；原始值 2.9；直接采用官方值
gdp_qoq_sa,CHN,2020-Q4,2.4,%,Q,,https://data.stats.gov.cn/dg/website/publicrelease/web/external/stream/esData,来源指标：国内生产总值环比增长速度 (%)；原始值 2.4；直接采用官方值
gdp_qoq_sa,CHN,2021-Q1,0.0,%,Q,,https://data.stats.gov.cn/dg/website/publicrelease/web/external/stream/esData,来源指标：国内生产总值环比增长速度 (%)；原始值 0.0；直接采用官方值
gdp_qoq_sa,CHN,2021-Q2,2.7,%,Q,,https://data.stats.gov.cn/dg/website/publicrelease/web/external/stream/esData,来源指标：国内生产总值环比增长速度 (%)；原始值 2.7；直接采用官方值
gdp_qoq_sa,CHN,2021-Q3,0.5,%,Q,,https://data.stats.gov.cn/dg/website/publicrelease/web/external/stream/esData,来源指标：国内生产总值环比增长速度 (%)；原始值 0.5；直接采用官方值
gdp_qoq_sa,CHN,2021-Q4,1.2,%,Q,,https://data.stats.gov.cn/dg/website/publicrelease/web/external/stream/esData,来源指标：国内生产总值环比增长速度 (%)；原始值 1.2；直接采用官方值
gdp_qoq_sa,CHN,2022-Q1,0.1,%,Q,,https://data.stats.gov.cn/dg/website/publicrelease/web/external/stream/esData,来源指标：国内生产总值环比增长速度 (%)；原始值 0.1；直接采用官方值
gdp_qoq_sa,CHN,2022-Q2,-0.7,%,Q,,https://data.stats.gov.cn/dg/website/publicrelease/web/external/stream/esData,来源指标：国内生产总值环比增长速度 (%)；原始值 -0.7；直接采用官方值
gdp_qoq_sa,CHN,2022-Q3,3.3,%,Q,,https://data.stats.gov.cn/dg/website/publicrelease/web/external/stream/esData,来源指标：国内生产总值环比增长速度 (%)；原始值 3.3；直接采用官方值
gdp_qoq_sa,CHN,2022-Q4,0.5,%,Q,,https://data.stats.gov.cn/dg/website/publicrelease/web/external/stream/esData,来源指标：国内生产总值环比增长速度 (%)；原始值 0.5；直接采用官方值
gdp_qoq_sa,CHN,2023-Q1,1.6,%,Q,,https://data.stats.gov.cn/dg/website/publicrelease/web/external/stream/esData,来源指标：国内生产总值环比增长速度 (%)；原始值 1.6；直接采用官方值
gdp_qoq_sa,CHN,2023-Q2,1.3,%,Q,,https://data.stats.gov.cn/dg/website/publicrelease/web/external/stream/esData,来源指标：国内生产总值环比增长速度 (%)；原始值 1.3；直接采用官方值
gdp_qoq_sa,CHN,2023-Q3,1.6,%,Q,,https://data.stats.gov.cn/dg/website/publicrelease/web/external/stream/esData,来源指标：国内生产总值环比增长速度 (%)；原始值 1.6；直接采用官方值
gdp_qoq_sa,CHN,2023-Q4,0.8,%,Q,,https://data.stats.gov.cn/dg/website/publicrelease/web/external/stream/esData,来源指标：国内生产总值环比增长速度 (%)；原始值 0.8；直接采用官方值
gdp_qoq_sa,CHN,2024-Q1,1.3,%,Q,,https://data.stats.gov.cn/dg/website/publicrelease/web/external/stream/esData,来源指标：国内生产总值环比增长速度 (%)；原始值 1.3；直接采用官方值
gdp_qoq_sa,CHN,2024-Q2,1.0,%,Q,,https://data.stats.gov.cn/dg/website/publicrelease/web/external/stream/esData,来源指标：国内生产总值环比增长速度 (%)；原始值 1.0；直接采用官方值
gdp_qoq_sa,CHN,2024-Q3,1.4,%,Q,,https://data.stats.gov.cn/dg/website/publicrelease/web/external/stream/esData,来源指标：国内生产总值环比增长速度 (%)；原始值 1.4；直接采用官方值
gdp_qoq_sa,CHN,2024-Q4,1.6,%,Q,,https://data.stats.gov.cn/dg/website/publicrelease/web/external/stream/esData,来源指标：国内生产总值环比增长速度 (%)；原始值 1.6；直接采用官方值
gdp_qoq_sa,CHN,2025-Q1,1.1,%,Q,,https://data.stats.gov.cn/dg/website/publicrelease/web/external/stream/esData,来源指标：国内生产总值环比增长速度 (%)；原始值 1.1；直接采用官方值
gdp_qoq_sa,CHN,2025-Q2,1.2,%,Q,,https://data.stats.gov.cn/dg/website/publicrelease/web/external/stream/esData,来源指标：国内生产总值环比增长速度 (%)；原始值 1.2；直接采用官方值
gdp_qoq_sa,CHN,2025-Q3,1.1,%,Q,,https://data.stats.gov.cn/dg/website/publicrelease/web/external/stream/esData,来源指标：国内生产总值环比增长速度 (%)；原始值 1.1；直接采用官方值
gdp_qoq_sa,CHN,2025-Q4,1.1,%,Q,,https://data.stats.gov.cn/dg/website/publicrelease/web/external/stream/esData,来源指标：国内生产总值环比增长速度 (%)；原始值 1.1；直接采用官方值
gdp_qoq_sa,CHN,2026-Q1,1.3,%,Q,,https://data.stats.gov.cn/dg/website/publicrelease/web/external/stream/esData,来源指标：国内生产总值环比增长速度 (%)；原始值 1.3；直接采用官方值
gdp_qoq_sa,CHN,2026-Q2,0.9,%,Q,,https://data.stats.gov.cn/dg/website/publicrelease/web/external/stream/esData,来源指标：国内生产总值环比增长速度 (%)；原始值 0.9；直接采用官方值
gdp_secondary_q_nominal,CHN,1992-Q1,2400.8,亿元,Q,,https://data.stats.gov.cn/dg/website/publicrelease/web/external/stream/esData,来源指标：第二产业增加值当季值 (亿元)；原始值 2400.8；直接采用官方值
gdp_secondary_q_nominal,CHN,1992-Q2,2799.1,亿元,Q,,https://data.stats.gov.cn/dg/website/publicrelease/web/external/stream/esData,来源指标：第二产业增加值当季值 (亿元)；原始值 2799.1；直接采用官方值
gdp_secondary_q_nominal,CHN,1992-Q3,3141.1,亿元,Q,,https://data.stats.gov.cn/dg/website/publicrelease/web/external/stream/esData,来源指标：第二产业增加值当季值 (亿元)；原始值 3141.1；直接采用官方值
gdp_secondary_q_nominal,CHN,1992-Q4,3384.0,亿元,Q,,https://data.stats.gov.cn/dg/website/publicrelease/web/external/stream/esData,来源指标：第二产业增加值当季值 (亿元)；原始值 3384.0；直接采用官方值
gdp_secondary_q_nominal,CHN,1993-Q1,3306.2,亿元,Q,,https://data.stats.gov.cn/dg/website/publicrelease/web/external/stream/esData,来源指标：第二产业增加值当季值 (亿元)；原始值 3306.2；直接采用官方值
gdp_secondary_q_nominal,CHN,1993-Q2,3938.2,亿元,Q,,https://data.stats.gov.cn/dg/website/publicrelease/web/external/stream/esData,来源指标：第二产业增加值当季值 (亿元)；原始值 3938.2；直接采用官方值
gdp_secondary_q_nominal,CHN,1993-Q3,4403.2,亿元,Q,,https://data.stats.gov.cn/dg/website/publicrelease/web/external/stream/esData,来源指标：第二产业增加值当季值 (亿元)；原始值 4403.2；直接采用官方值
gdp_secondary_q_nominal,CHN,1993-Q4,4825.1,亿元,Q,,https://data.stats.gov.cn/dg/website/publicrelease/web/external/stream/esData,来源指标：第二产业增加值当季值 (亿元)；原始值 4825.1；直接采用官方值
gdp_secondary_q_nominal,CHN,1994-Q1,4568.7,亿元,Q,,https://data.stats.gov.cn/dg/website/publicrelease/web/external/stream/esData,来源指标：第二产业增加值当季值 (亿元)；原始值 4568.7；直接采用官方值
gdp_secondary_q_nominal,CHN,1994-Q2,5459.1,亿元,Q,,https://data.stats.gov.cn/dg/website/publicrelease/web/external/stream/esData,来源指标：第二产业增加值当季值 (亿元)；原始值 5459.1；直接采用官方值
gdp_secondary_q_nominal,CHN,1994-Q3,5971.1,亿元,Q,,https://data.stats.gov.cn/dg/website/publicrelease/web/external/stream/esData,来源指标：第二产业增加值当季值 (亿元)；原始值 5971.1；直接采用官方值
gdp_secondary_q_nominal,CHN,1994-Q4,6453.6,亿元,Q,,https://data.stats.gov.cn/dg/website/publicrelease/web/external/stream/esData,来源指标：第二产业增加值当季值 (亿元)；原始值 6453.6；直接采用官方值
gdp_secondary_q_nominal,CHN,1995-Q1,5901.4,亿元,Q,,https://data.stats.gov.cn/dg/website/publicrelease/web/external/stream/esData,来源指标：第二产业增加值当季值 (亿元)；原始值 5901.4；直接采用官方值
gdp_secondary_q_nominal,CHN,1995-Q2,7036.2,亿元,Q,,https://data.stats.gov.cn/dg/website/publicrelease/web/external/stream/esData,来源指标：第二产业增加值当季值 (亿元)；原始值 7036.2；直接采用官方值
gdp_secondary_q_nominal,CHN,1995-Q3,7586.6,亿元,Q,,https://data.stats.gov.cn/dg/website/publicrelease/web/external/stream/esData,来源指标：第二产业增加值当季值 (亿元)；原始值 7586.6；直接采用官方值
gdp_secondary_q_nominal,CHN,1995-Q4,8152.5,亿元,Q,,https://data.stats.gov.cn/dg/website/publicrelease/web/external/stream/esData,来源指标：第二产业增加值当季值 (亿元)；原始值 8152.5；直接采用官方值
gdp_secondary_q_nominal,CHN,1996-Q1,7171.5,亿元,Q,,https://data.stats.gov.cn/dg/website/publicrelease/web/external/stream/esData,来源指标：第二产业增加值当季值 (亿元)；原始值 7171.5；直接采用官方值
gdp_secondary_q_nominal,CHN,1996-Q2,8219.9,亿元,Q,,https://data.stats.gov.cn/dg/website/publicrelease/web/external/stream/esData,来源指标：第二产业增加值当季值 (亿元)；原始值 8219.9；直接采用官方值
gdp_secondary_q_nominal,CHN,1996-Q3,8837.0,亿元,Q,,https://data.stats.gov.cn/dg/website/publicrelease/web/external/stream/esData,来源指标：第二产业增加值当季值 (亿元)；原始值 8837.0；直接采用官方值
gdp_secondary_q_nominal,CHN,1996-Q4,9598.9,亿元,Q,,https://data.stats.gov.cn/dg/website/publicrelease/web/external/stream/esData,来源指标：第二产业增加值当季值 (亿元)；原始值 9598.9；直接采用官方值
gdp_secondary_q_nominal,CHN,1997-Q1,8047.0,亿元,Q,,https://data.stats.gov.cn/dg/website/publicrelease/web/external/stream/esData,来源指标：第二产业增加值当季值 (亿元)；原始值 8047.0；直接采用官方值
gdp_secondary_q_nominal,CHN,1997-Q2,9207.9,亿元,Q,,https://data.stats.gov.cn/dg/website/publicrelease/web/external/stream/esData,来源指标：第二产业增加值当季值 (亿元)；原始值 9207.9；直接采用官方值
gdp_secondary_q_nominal,CHN,1997-Q3,9721.0,亿元,Q,,https://data.stats.gov.cn/dg/website/publicrelease/web/external/stream/esData,来源指标：第二产业增加值当季值 (亿元)；原始值 9721.0；直接采用官方值
gdp_secondary_q_nominal,CHN,1997-Q4,10569.0,亿元,Q,,https://data.stats.gov.cn/dg/website/publicrelease/web/external/stream/esData,来源指标：第二产业增加值当季值 (亿元)；原始值 10569.0；直接采用官方值
gdp_secondary_q_nominal,CHN,1998-Q1,8374.4,亿元,Q,,https://data.stats.gov.cn/dg/website/publicrelease/web/external/stream/esData,来源指标：第二产业增加值当季值 (亿元)；原始值 8374.4；直接采用官方值
gdp_secondary_q_nominal,CHN,1998-Q2,9459.7,亿元,Q,,https://data.stats.gov.cn/dg/website/publicrelease/web/external/stream/esData,来源指标：第二产业增加值当季值 (亿元)；原始值 9459.7；直接采用官方值
gdp_secondary_q_nominal,CHN,1998-Q3,10045.3,亿元,Q,,https://data.stats.gov.cn/dg/website/publicrelease/web/external/stream/esData,来源指标：第二产业增加值当季值 (亿元)；原始值 10045.3；直接采用官方值
gdp_secondary_q_nominal,CHN,1998-Q4,11138.0,亿元,Q,,https://data.stats.gov.cn/dg/website/publicrelease/web/external/stream/esData,来源指标：第二产业增加值当季值 (亿元)；原始值 11138.0；直接采用官方值
gdp_secondary_q_nominal,CHN,1999-Q1,8767.2,亿元,Q,,https://data.stats.gov.cn/dg/website/publicrelease/web/external/stream/esData,来源指标：第二产业增加值当季值 (亿元)；原始值 8767.2；直接采用官方值
gdp_secondary_q_nominal,CHN,1999-Q2,9982.7,亿元,Q,,https://data.stats.gov.cn/dg/website/publicrelease/web/external/stream/esData,来源指标：第二产业增加值当季值 (亿元)；原始值 9982.7；直接采用官方值
gdp_secondary_q_nominal,CHN,1999-Q3,10549.6,亿元,Q,,https://data.stats.gov.cn/dg/website/publicrelease/web/external/stream/esData,来源指标：第二产业增加值当季值 (亿元)；原始值 10549.6；直接采用官方值
gdp_secondary_q_nominal,CHN,1999-Q4,11780.4,亿元,Q,,https://data.stats.gov.cn/dg/website/publicrelease/web/external/stream/esData,来源指标：第二产业增加值当季值 (亿元)；原始值 11780.4；直接采用官方值
gdp_secondary_q_nominal,CHN,2000-Q1,9547.8,亿元,Q,,https://data.stats.gov.cn/dg/website/publicrelease/web/external/stream/esData,来源指标：第二产业增加值当季值 (亿元)；原始值 9547.8；直接采用官方值
gdp_secondary_q_nominal,CHN,2000-Q2,11127.2,亿元,Q,,https://data.stats.gov.cn/dg/website/publicrelease/web/external/stream/esData,来源指标：第二产业增加值当季值 (亿元)；原始值 11127.2；直接采用官方值
gdp_secondary_q_nominal,CHN,2000-Q3,11886.6,亿元,Q,,https://data.stats.gov.cn/dg/website/publicrelease/web/external/stream/esData,来源指标：第二产业增加值当季值 (亿元)；原始值 11886.6；直接采用官方值
gdp_secondary_q_nominal,CHN,2000-Q4,13102.0,亿元,Q,,https://data.stats.gov.cn/dg/website/publicrelease/web/external/stream/esData,来源指标：第二产业增加值当季值 (亿元)；原始值 13102.0；直接采用官方值
gdp_secondary_q_nominal,CHN,2001-Q1,10641.4,亿元,Q,,https://data.stats.gov.cn/dg/website/publicrelease/web/external/stream/esData,来源指标：第二产业增加值当季值 (亿元)；原始值 10641.4；直接采用官方值
gdp_secondary_q_nominal,CHN,2001-Q2,12312.6,亿元,Q,,https://data.stats.gov.cn/dg/website/publicrelease/web/external/stream/esData,来源指标：第二产业增加值当季值 (亿元)；原始值 12312.6；直接采用官方值
gdp_secondary_q_nominal,CHN,2001-Q3,12790.0,亿元,Q,,https://data.stats.gov.cn/dg/website/publicrelease/web/external/stream/esData,来源指标：第二产业增加值当季值 (亿元)；原始值 12790.0；直接采用官方值
gdp_secondary_q_nominal,CHN,2001-Q4,13915.4,亿元,Q,,https://data.stats.gov.cn/dg/website/publicrelease/web/external/stream/esData,来源指标：第二产业增加值当季值 (亿元)；原始值 13915.4；直接采用官方值
gdp_secondary_q_nominal,CHN,2002-Q1,11319.7,亿元,Q,,https://data.stats.gov.cn/dg/website/publicrelease/web/external/stream/esData,来源指标：第二产业增加值当季值 (亿元)；原始值 11319.7；直接采用官方值
gdp_secondary_q_nominal,CHN,2002-Q2,13299.8,亿元,Q,,https://data.stats.gov.cn/dg/website/publicrelease/web/external/stream/esData,来源指标：第二产业增加值当季值 (亿元)；原始值 13299.8；直接采用官方值
gdp_secondary_q_nominal,CHN,2002-Q3,14024.0,亿元,Q,,https://data.stats.gov.cn/dg/website/publicrelease/web/external/stream/esData,来源指标：第二产业增加值当季值 (亿元)；原始值 14024.0；直接采用官方值
gdp_secondary_q_nominal,CHN,2002-Q4,15460.6,亿元,Q,,https://data.stats.gov.cn/dg/website/publicrelease/web/external/stream/esData,来源指标：第二产业增加值当季值 (亿元)；原始值 15460.6；直接采用官方值
gdp_secondary_q_nominal,CHN,2003-Q1,13146.2,亿元,Q,,https://data.stats.gov.cn/dg/website/publicrelease/web/external/stream/esData,来源指标：第二产业增加值当季值 (亿元)；原始值 13146.2；直接采用官方值
gdp_secondary_q_nominal,CHN,2003-Q2,15219.6,亿元,Q,,https://data.stats.gov.cn/dg/website/publicrelease/web/external/stream/esData,来源指标：第二产业增加值当季值 (亿元)；原始值 15219.6；直接采用官方值
gdp_secondary_q_nominal,CHN,2003-Q3,16298.4,亿元,Q,,https://data.stats.gov.cn/dg/website/publicrelease/web/external/stream/esData,来源指标：第二产业增加值当季值 (亿元)；原始值 16298.4；直接采用官方值
gdp_secondary_q_nominal,CHN,2003-Q4,18031.6,亿元,Q,,https://data.stats.gov.cn/dg/website/publicrelease/web/external/stream/esData,来源指标：第二产业增加值当季值 (亿元)；原始值 18031.6；直接采用官方值
gdp_secondary_q_nominal,CHN,2004-Q1,15292.1,亿元,Q,,https://data.stats.gov.cn/dg/website/publicrelease/web/external/stream/esData,来源指标：第二产业增加值当季值 (亿元)；原始值 15292.1；直接采用官方值
gdp_secondary_q_nominal,CHN,2004-Q2,18085.4,亿元,Q,,https://data.stats.gov.cn/dg/website/publicrelease/web/external/stream/esData,来源指标：第二产业增加值当季值 (亿元)；原始值 18085.4；直接采用官方值
gdp_secondary_q_nominal,CHN,2004-Q3,19372.1,亿元,Q,,https://data.stats.gov.cn/dg/website/publicrelease/web/external/stream/esData,来源指标：第二产业增加值当季值 (亿元)；原始值 19372.1；直接采用官方值
gdp_secondary_q_nominal,CHN,2004-Q4,21535.5,亿元,Q,,https://data.stats.gov.cn/dg/website/publicrelease/web/external/stream/esData,来源指标：第二产业增加值当季值 (亿元)；原始值 21535.5；直接采用官方值
gdp_secondary_q_nominal,CHN,2005-Q1,18159.0,亿元,Q,,https://data.stats.gov.cn/dg/website/publicrelease/web/external/stream/esData,来源指标：第二产业增加值当季值 (亿元)；原始值 18159.0；直接采用官方值
gdp_secondary_q_nominal,CHN,2005-Q2,21425.3,亿元,Q,,https://data.stats.gov.cn/dg/website/publicrelease/web/external/stream/esData,来源指标：第二产业增加值当季值 (亿元)；原始值 21425.3；直接采用官方值
gdp_secondary_q_nominal,CHN,2005-Q3,22774.0,亿元,Q,,https://data.stats.gov.cn/dg/website/publicrelease/web/external/stream/esData,来源指标：第二产业增加值当季值 (亿元)；原始值 22774.0；直接采用官方值
gdp_secondary_q_nominal,CHN,2005-Q4,25723.9,亿元,Q,,https://data.stats.gov.cn/dg/website/publicrelease/web/external/stream/esData,来源指标：第二产业增加值当季值 (亿元)；原始值 25723.9；直接采用官方值
gdp_secondary_q_nominal,CHN,2006-Q1,21418.2,亿元,Q,,https://data.stats.gov.cn/dg/website/publicrelease/web/external/stream/esData,来源指标：第二产业增加值当季值 (亿元)；原始值 21418.2；直接采用官方值
gdp_secondary_q_nominal,CHN,2006-Q2,25574.7,亿元,Q,,https://data.stats.gov.cn/dg/website/publicrelease/web/external/stream/esData,来源指标：第二产业增加值当季值 (亿元)；原始值 25574.7；直接采用官方值
gdp_secondary_q_nominal,CHN,2006-Q3,26936.6,亿元,Q,,https://data.stats.gov.cn/dg/website/publicrelease/web/external/stream/esData,来源指标：第二产业增加值当季值 (亿元)；原始值 26936.6；直接采用官方值
gdp_secondary_q_nominal,CHN,2006-Q4,30429.8,亿元,Q,,https://data.stats.gov.cn/dg/website/publicrelease/web/external/stream/esData,来源指标：第二产业增加值当季值 (亿元)；原始值 30429.8；直接采用官方值
gdp_secondary_q_nominal,CHN,2007-Q1,25983.1,亿元,Q,,https://data.stats.gov.cn/dg/website/publicrelease/web/external/stream/esData,来源指标：第二产业增加值当季值 (亿元)；原始值 25983.1；直接采用官方值
gdp_secondary_q_nominal,CHN,2007-Q2,31126.2,亿元,Q,,https://data.stats.gov.cn/dg/website/publicrelease/web/external/stream/esData,来源指标：第二产业增加值当季值 (亿元)；原始值 31126.2；直接采用官方值
gdp_secondary_q_nominal,CHN,2007-Q3,32660.2,亿元,Q,,https://data.stats.gov.cn/dg/website/publicrelease/web/external/stream/esData,来源指标：第二产业增加值当季值 (亿元)；原始值 32660.2；直接采用官方值
gdp_secondary_q_nominal,CHN,2007-Q4,36861.1,亿元,Q,,https://data.stats.gov.cn/dg/website/publicrelease/web/external/stream/esData,来源指标：第二产业增加值当季值 (亿元)；原始值 36861.1；直接采用官方值
gdp_secondary_q_nominal,CHN,2008-Q1,31613.2,亿元,Q,,https://data.stats.gov.cn/dg/website/publicrelease/web/external/stream/esData,来源指标：第二产业增加值当季值 (亿元)；原始值 31613.2；直接采用官方值
gdp_secondary_q_nominal,CHN,2008-Q2,38248.4,亿元,Q,,https://data.stats.gov.cn/dg/website/publicrelease/web/external/stream/esData,来源指标：第二产业增加值当季值 (亿元)；原始值 38248.4；直接采用官方值
gdp_secondary_q_nominal,CHN,2008-Q3,38895.0,亿元,Q,,https://data.stats.gov.cn/dg/website/publicrelease/web/external/stream/esData,来源指标：第二产业增加值当季值 (亿元)；原始值 38895.0；直接采用官方值
gdp_secondary_q_nominal,CHN,2008-Q4,41196.4,亿元,Q,,https://data.stats.gov.cn/dg/website/publicrelease/web/external/stream/esData,来源指标：第二产业增加值当季值 (亿元)；原始值 41196.4；直接采用官方值
gdp_secondary_q_nominal,CHN,2009-Q1,32549.0,亿元,Q,,https://data.stats.gov.cn/dg/website/publicrelease/web/external/stream/esData,来源指标：第二产业增加值当季值 (亿元)；原始值 32549.0；直接采用官方值
gdp_secondary_q_nominal,CHN,2009-Q2,39378.6,亿元,Q,,https://data.stats.gov.cn/dg/website/publicrelease/web/external/stream/esData,来源指标：第二产业增加值当季值 (亿元)；原始值 39378.6；直接采用官方值
gdp_secondary_q_nominal,CHN,2009-Q3,41313.0,亿元,Q,,https://data.stats.gov.cn/dg/website/publicrelease/web/external/stream/esData,来源指标：第二产业增加值当季值 (亿元)；原始值 41313.0；直接采用官方值
gdp_secondary_q_nominal,CHN,2009-Q4,46928.2,亿元,Q,,https://data.stats.gov.cn/dg/website/publicrelease/web/external/stream/esData,来源指标：第二产业增加值当季值 (亿元)；原始值 46928.2；直接采用官方值
gdp_secondary_q_nominal,CHN,2010-Q1,39364.2,亿元,Q,,https://data.stats.gov.cn/dg/website/publicrelease/web/external/stream/esData,来源指标：第二产业增加值当季值 (亿元)；原始值 39364.2；直接采用官方值
gdp_secondary_q_nominal,CHN,2010-Q2,47422.3,亿元,Q,,https://data.stats.gov.cn/dg/website/publicrelease/web/external/stream/esData,来源指标：第二产业增加值当季值 (亿元)；原始值 47422.3；直接采用官方值
gdp_secondary_q_nominal,CHN,2010-Q3,48906.4,亿元,Q,,https://data.stats.gov.cn/dg/website/publicrelease/web/external/stream/esData,来源指标：第二产业增加值当季值 (亿元)；原始值 48906.4；直接采用官方值
gdp_secondary_q_nominal,CHN,2010-Q4,55933.6,亿元,Q,,https://data.stats.gov.cn/dg/website/publicrelease/web/external/stream/esData,来源指标：第二产业增加值当季值 (亿元)；原始值 55933.6；直接采用官方值
gdp_secondary_q_nominal,CHN,2011-Q1,47194.0,亿元,Q,,https://data.stats.gov.cn/dg/website/publicrelease/web/external/stream/esData,来源指标：第二产业增加值当季值 (亿元)；原始值 47194.0；直接采用官方值
gdp_secondary_q_nominal,CHN,2011-Q2,56884.0,亿元,Q,,https://data.stats.gov.cn/dg/website/publicrelease/web/external/stream/esData,来源指标：第二产业增加值当季值 (亿元)；原始值 56884.0；直接采用官方值
gdp_secondary_q_nominal,CHN,2011-Q3,58622.5,亿元,Q,,https://data.stats.gov.cn/dg/website/publicrelease/web/external/stream/esData,来源指标：第二产业增加值当季值 (亿元)；原始值 58622.5；直接采用官方值
gdp_secondary_q_nominal,CHN,2011-Q4,64334.6,亿元,Q,,https://data.stats.gov.cn/dg/website/publicrelease/web/external/stream/esData,来源指标：第二产业增加值当季值 (亿元)；原始值 64334.6；直接采用官方值
gdp_secondary_q_nominal,CHN,2012-Q1,52316.2,亿元,Q,,https://data.stats.gov.cn/dg/website/publicrelease/web/external/stream/esData,来源指标：第二产业增加值当季值 (亿元)；原始值 52316.2；直接采用官方值
gdp_secondary_q_nominal,CHN,2012-Q2,61433.2,亿元,Q,,https://data.stats.gov.cn/dg/website/publicrelease/web/external/stream/esData,来源指标：第二产业增加值当季值 (亿元)；原始值 61433.2；直接采用官方值
gdp_secondary_q_nominal,CHN,2012-Q3,62256.2,亿元,Q,,https://data.stats.gov.cn/dg/website/publicrelease/web/external/stream/esData,来源指标：第二产业增加值当季值 (亿元)；原始值 62256.2；直接采用官方值
gdp_secondary_q_nominal,CHN,2012-Q4,68633.5,亿元,Q,,https://data.stats.gov.cn/dg/website/publicrelease/web/external/stream/esData,来源指标：第二产业增加值当季值 (亿元)；原始值 68633.5；直接采用官方值
gdp_secondary_q_nominal,CHN,2013-Q1,55861.2,亿元,Q,,https://data.stats.gov.cn/dg/website/publicrelease/web/external/stream/esData,来源指标：第二产业增加值当季值 (亿元)；原始值 55861.2；直接采用官方值
gdp_secondary_q_nominal,CHN,2013-Q2,65130.3,亿元,Q,,https://data.stats.gov.cn/dg/website/publicrelease/web/external/stream/esData,来源指标：第二产业增加值当季值 (亿元)；原始值 65130.3；直接采用官方值
gdp_secondary_q_nominal,CHN,2013-Q3,66748.7,亿元,Q,,https://data.stats.gov.cn/dg/website/publicrelease/web/external/stream/esData,来源指标：第二产业增加值当季值 (亿元)；原始值 66748.7；直接采用官方值
gdp_secondary_q_nominal,CHN,2013-Q4,74211.4,亿元,Q,,https://data.stats.gov.cn/dg/website/publicrelease/web/external/stream/esData,来源指标：第二产业增加值当季值 (亿元)；原始值 74211.4；直接采用官方值
gdp_secondary_q_nominal,CHN,2014-Q1,59127.4,亿元,Q,,https://data.stats.gov.cn/dg/website/publicrelease/web/external/stream/esData,来源指标：第二产业增加值当季值 (亿元)；原始值 59127.4；直接采用官方值
gdp_secondary_q_nominal,CHN,2014-Q2,69458.3,亿元,Q,,https://data.stats.gov.cn/dg/website/publicrelease/web/external/stream/esData,来源指标：第二产业增加值当季值 (亿元)；原始值 69458.3；直接采用官方值
gdp_secondary_q_nominal,CHN,2014-Q3,70971.1,亿元,Q,,https://data.stats.gov.cn/dg/website/publicrelease/web/external/stream/esData,来源指标：第二产业增加值当季值 (亿元)；原始值 70971.1；直接采用官方值
gdp_secondary_q_nominal,CHN,2014-Q4,77725.9,亿元,Q,,https://data.stats.gov.cn/dg/website/publicrelease/web/external/stream/esData,来源指标：第二产业增加值当季值 (亿元)；原始值 77725.9；直接采用官方值
gdp_secondary_q_nominal,CHN,2015-Q1,60505.9,亿元,Q,,https://data.stats.gov.cn/dg/website/publicrelease/web/external/stream/esData,来源指标：第二产业增加值当季值 (亿元)；原始值 60505.9；直接采用官方值
gdp_secondary_q_nominal,CHN,2015-Q2,70950.0,亿元,Q,,https://data.stats.gov.cn/dg/website/publicrelease/web/external/stream/esData,来源指标：第二产业增加值当季值 (亿元)；原始值 70950.0；直接采用官方值
gdp_secondary_q_nominal,CHN,2015-Q3,71526.7,亿元,Q,,https://data.stats.gov.cn/dg/website/publicrelease/web/external/stream/esData,来源指标：第二产业增加值当季值 (亿元)；原始值 71526.7；直接采用官方值
gdp_secondary_q_nominal,CHN,2015-Q4,78356.3,亿元,Q,,https://data.stats.gov.cn/dg/website/publicrelease/web/external/stream/esData,来源指标：第二产业增加值当季值 (亿元)；原始值 78356.3；直接采用官方值
gdp_secondary_q_nominal,CHN,2016-Q1,61106.8,亿元,Q,,https://data.stats.gov.cn/dg/website/publicrelease/web/external/stream/esData,来源指标：第二产业增加值当季值 (亿元)；原始值 61106.8；直接采用官方值
gdp_secondary_q_nominal,CHN,2016-Q2,73416.5,亿元,Q,,https://data.stats.gov.cn/dg/website/publicrelease/web/external/stream/esData,来源指标：第二产业增加值当季值 (亿元)；原始值 73416.5；直接采用官方值
gdp_secondary_q_nominal,CHN,2016-Q3,75400.5,亿元,Q,,https://data.stats.gov.cn/dg/website/publicrelease/web/external/stream/esData,来源指标：第二产业增加值当季值 (亿元)；原始值 75400.5；直接采用官方值
gdp_secondary_q_nominal,CHN,2016-Q4,85504.1,亿元,Q,,https://data.stats.gov.cn/dg/website/publicrelease/web/external/stream/esData,来源指标：第二产业增加值当季值 (亿元)；原始值 85504.1；直接采用官方值
gdp_secondary_q_nominal,CHN,2017-Q1,69315.5,亿元,Q,,https://data.stats.gov.cn/dg/website/publicrelease/web/external/stream/esData,来源指标：第二产业增加值当季值 (亿元)；原始值 69315.5；直接采用官方值
gdp_secondary_q_nominal,CHN,2017-Q2,82323.0,亿元,Q,,https://data.stats.gov.cn/dg/website/publicrelease/web/external/stream/esData,来源指标：第二产业增加值当季值 (亿元)；原始值 82323.0；直接采用官方值
gdp_secondary_q_nominal,CHN,2017-Q3,84574.1,亿元,Q,,https://data.stats.gov.cn/dg/website/publicrelease/web/external/stream/esData,来源指标：第二产业增加值当季值 (亿元)；原始值 84574.1；直接采用官方值
gdp_secondary_q_nominal,CHN,2017-Q4,95368.0,亿元,Q,,https://data.stats.gov.cn/dg/website/publicrelease/web/external/stream/esData,来源指标：第二产业增加值当季值 (亿元)；原始值 95368.0；直接采用官方值
gdp_secondary_q_nominal,CHN,2018-Q1,76598.2,亿元,Q,,https://data.stats.gov.cn/dg/website/publicrelease/web/external/stream/esData,来源指标：第二产业增加值当季值 (亿元)；原始值 76598.2；直接采用官方值
gdp_secondary_q_nominal,CHN,2018-Q2,91100.6,亿元,Q,,https://data.stats.gov.cn/dg/website/publicrelease/web/external/stream/esData,来源指标：第二产业增加值当季值 (亿元)；原始值 91100.6；直接采用官方值
gdp_secondary_q_nominal,CHN,2018-Q3,93112.5,亿元,Q,,https://data.stats.gov.cn/dg/website/publicrelease/web/external/stream/esData,来源指标：第二产业增加值当季值 (亿元)；原始值 93112.5；直接采用官方值
gdp_secondary_q_nominal,CHN,2018-Q4,104023.9,亿元,Q,,https://data.stats.gov.cn/dg/website/publicrelease/web/external/stream/esData,来源指标：第二产业增加值当季值 (亿元)；原始值 104023.9；直接采用官方值
gdp_secondary_q_nominal,CHN,2019-Q1,80420.3,亿元,Q,,https://data.stats.gov.cn/dg/website/publicrelease/web/external/stream/esData,来源指标：第二产业增加值当季值 (亿元)；原始值 80420.3；直接采用官方值
gdp_secondary_q_nominal,CHN,2019-Q2,95705.6,亿元,Q,,https://data.stats.gov.cn/dg/website/publicrelease/web/external/stream/esData,来源指标：第二产业增加值当季值 (亿元)；原始值 95705.6；直接采用官方值
gdp_secondary_q_nominal,CHN,2019-Q3,96225.9,亿元,Q,,https://data.stats.gov.cn/dg/website/publicrelease/web/external/stream/esData,来源指标：第二产业增加值当季值 (亿元)；原始值 96225.9；直接采用官方值
gdp_secondary_q_nominal,CHN,2019-Q4,107508.2,亿元,Q,,https://data.stats.gov.cn/dg/website/publicrelease/web/external/stream/esData,来源指标：第二产业增加值当季值 (亿元)；原始值 107508.2；直接采用官方值
gdp_secondary_q_nominal,CHN,2020-Q1,72092.0,亿元,Q,,https://data.stats.gov.cn/dg/website/publicrelease/web/external/stream/esData,来源指标：第二产业增加值当季值 (亿元)；原始值 72092.0；直接采用官方值
gdp_secondary_q_nominal,CHN,2020-Q2,97123.6,亿元,Q,,https://data.stats.gov.cn/dg/website/publicrelease/web/external/stream/esData,来源指标：第二产业增加值当季值 (亿元)；原始值 97123.6；直接采用官方值
gdp_secondary_q_nominal,CHN,2020-Q3,99516.0,亿元,Q,,https://data.stats.gov.cn/dg/website/publicrelease/web/external/stream/esData,来源指标：第二产业增加值当季值 (亿元)；原始值 99516.0；直接采用官方值
gdp_secondary_q_nominal,CHN,2020-Q4,113254.1,亿元,Q,,https://data.stats.gov.cn/dg/website/publicrelease/web/external/stream/esData,来源指标：第二产业增加值当季值 (亿元)；原始值 113254.1；直接采用官方值
gdp_secondary_q_nominal,CHN,2021-Q1,91938.7,亿元,Q,,https://data.stats.gov.cn/dg/website/publicrelease/web/external/stream/esData,来源指标：第二产业增加值当季值 (亿元)；原始值 91938.7；直接采用官方值
gdp_secondary_q_nominal,CHN,2021-Q2,112619.1,亿元,Q,,https://data.stats.gov.cn/dg/website/publicrelease/web/external/stream/esData,来源指标：第二产业增加值当季值 (亿元)；原始值 112619.1；直接采用官方值
gdp_secondary_q_nominal,CHN,2021-Q3,113008.0,亿元,Q,,https://data.stats.gov.cn/dg/website/publicrelease/web/external/stream/esData,来源指标：第二产业增加值当季值 (亿元)；原始值 113008.0；直接采用官方值
gdp_secondary_q_nominal,CHN,2021-Q4,129572.3,亿元,Q,,https://data.stats.gov.cn/dg/website/publicrelease/web/external/stream/esData,来源指标：第二产业增加值当季值 (亿元)；原始值 129572.3；直接采用官方值
gdp_secondary_q_nominal,CHN,2022-Q1,102919.5,亿元,Q,,https://data.stats.gov.cn/dg/website/publicrelease/web/external/stream/esData,来源指标：第二产业增加值当季值 (亿元)；原始值 102919.5；直接采用官方值
gdp_secondary_q_nominal,CHN,2022-Q2,118689.2,亿元,Q,,https://data.stats.gov.cn/dg/website/publicrelease/web/external/stream/esData,来源指标：第二产业增加值当季值 (亿元)；原始值 118689.2；直接采用官方值
gdp_secondary_q_nominal,CHN,2022-Q3,117848.5,亿元,Q,,https://data.stats.gov.cn/dg/website/publicrelease/web/external/stream/esData,来源指标：第二产业增加值当季值 (亿元)；原始值 117848.5；直接采用官方值
gdp_secondary_q_nominal,CHN,2022-Q4,128172.4,亿元,Q,,https://data.stats.gov.cn/dg/website/publicrelease/web/external/stream/esData,来源指标：第二产业增加值当季值 (亿元)；原始值 128172.4；直接采用官方值
gdp_secondary_q_nominal,CHN,2023-Q1,104579.5,亿元,Q,,https://data.stats.gov.cn/dg/website/publicrelease/web/external/stream/esData,来源指标：第二产业增加值当季值 (亿元)；原始值 104579.5；直接采用官方值
gdp_secondary_q_nominal,CHN,2023-Q2,119928.9,亿元,Q,,https://data.stats.gov.cn/dg/website/publicrelease/web/external/stream/esData,来源指标：第二产业增加值当季值 (亿元)；原始值 119928.9；直接采用官方值
gdp_secondary_q_nominal,CHN,2023-Q3,119681.7,亿元,Q,,https://data.stats.gov.cn/dg/website/publicrelease/web/external/stream/esData,来源指标：第二产业增加值当季值 (亿元)；原始值 119681.7；直接采用官方值
gdp_secondary_q_nominal,CHN,2023-Q4,131746.0,亿元,Q,,https://data.stats.gov.cn/dg/website/publicrelease/web/external/stream/esData,来源指标：第二产业增加值当季值 (亿元)；原始值 131746.0；直接采用官方值
gdp_secondary_q_nominal,CHN,2024-Q1,107917.6,亿元,Q,,https://data.stats.gov.cn/dg/website/publicrelease/web/external/stream/esData,来源指标：第二产业增加值当季值 (亿元)；原始值 107917.6；直接采用官方值
gdp_secondary_q_nominal,CHN,2024-Q2,124509.4,亿元,Q,,https://data.stats.gov.cn/dg/website/publicrelease/web/external/stream/esData,来源指标：第二产业增加值当季值 (亿元)；原始值 124509.4；直接采用官方值
gdp_secondary_q_nominal,CHN,2024-Q3,122810.3,亿元,Q,,https://data.stats.gov.cn/dg/website/publicrelease/web/external/stream/esData,来源指标：第二产业增加值当季值 (亿元)；原始值 122810.3；直接采用官方值
gdp_secondary_q_nominal,CHN,2024-Q4,135068.1,亿元,Q,,https://data.stats.gov.cn/dg/website/publicrelease/web/external/stream/esData,来源指标：第二产业增加值当季值 (亿元)；原始值 135068.1；直接采用官方值
gdp_secondary_q_nominal,CHN,2025-Q1,111549.3,亿元,Q,,https://data.stats.gov.cn/dg/website/publicrelease/web/external/stream/esData,来源指标：第二产业增加值当季值 (亿元)；原始值 111549.3；直接采用官方值
gdp_secondary_q_nominal,CHN,2025-Q2,126713.3,亿元,Q,,https://data.stats.gov.cn/dg/website/publicrelease/web/external/stream/esData,来源指标：第二产业增加值当季值 (亿元)；原始值 126713.3；直接采用官方值
gdp_secondary_q_nominal,CHN,2025-Q3,124587.1,亿元,Q,,https://data.stats.gov.cn/dg/website/publicrelease/web/external/stream/esData,来源指标：第二产业增加值当季值 (亿元)；原始值 124587.1；直接采用官方值
gdp_secondary_q_nominal,CHN,2025-Q4,136803.3,亿元,Q,,https://data.stats.gov.cn/dg/website/publicrelease/web/external/stream/esData,来源指标：第二产业增加值当季值 (亿元)；原始值 136803.3；直接采用官方值
gdp_secondary_q_nominal,CHN,2026-Q1,116134.9,亿元,Q,,https://data.stats.gov.cn/dg/website/publicrelease/web/external/stream/esData,来源指标：第二产业增加值当季值 (亿元)；原始值 116134.9；直接采用官方值
gdp_secondary_q_nominal,CHN,2026-Q2,134338.0,亿元,Q,,https://data.stats.gov.cn/dg/website/publicrelease/web/external/stream/esData,来源指标：第二产业增加值当季值 (亿元)；原始值 134338.0；直接采用官方值
gdp_secondary_q_yoy,CHN,1993-Q1,20.9,%,Q,,https://data.stats.gov.cn/dg/website/publicrelease/web/external/stream/esData,来源指标：第二产业增加值指数 (上年同期=100) 当季值；原始值 120.9；不变价同比指数减100得到增长率
gdp_secondary_q_yoy,CHN,1993-Q2,20.0,%,Q,,https://data.stats.gov.cn/dg/website/publicrelease/web/external/stream/esData,来源指标：第二产业增加值指数 (上年同期=100) 当季值；原始值 120.0；不变价同比指数减100得到增长率
gdp_secondary_q_yoy,CHN,1993-Q3,18.4,%,Q,,https://data.stats.gov.cn/dg/website/publicrelease/web/external/stream/esData,来源指标：第二产业增加值指数 (上年同期=100) 当季值；原始值 118.4；不变价同比指数减100得到增长率
gdp_secondary_q_yoy,CHN,1993-Q4,20.0,%,Q,,https://data.stats.gov.cn/dg/website/publicrelease/web/external/stream/esData,来源指标：第二产业增加值指数 (上年同期=100) 当季值；原始值 120.0；不变价同比指数减100得到增长率
gdp_secondary_q_yoy,CHN,1994-Q1,18.1,%,Q,,https://data.stats.gov.cn/dg/website/publicrelease/web/external/stream/esData,来源指标：第二产业增加值指数 (上年同期=100) 当季值；原始值 118.1；不变价同比指数减100得到增长率
gdp_secondary_q_yoy,CHN,1994-Q2,18.6,%,Q,,https://data.stats.gov.cn/dg/website/publicrelease/web/external/stream/esData,来源指标：第二产业增加值指数 (上年同期=100) 当季值；原始值 118.6；不变价同比指数减100得到增长率
gdp_secondary_q_yoy,CHN,1994-Q3,18.5,%,Q,,https://data.stats.gov.cn/dg/website/publicrelease/web/external/stream/esData,来源指标：第二产业增加值指数 (上年同期=100) 当季值；原始值 118.5；不变价同比指数减100得到增长率
gdp_secondary_q_yoy,CHN,1994-Q4,17.4,%,Q,,https://data.stats.gov.cn/dg/website/publicrelease/web/external/stream/esData,来源指标：第二产业增加值指数 (上年同期=100) 当季值；原始值 117.4；不变价同比指数减100得到增长率
gdp_secondary_q_yoy,CHN,1995-Q1,14.3,%,Q,,https://data.stats.gov.cn/dg/website/publicrelease/web/external/stream/esData,来源指标：第二产业增加值指数 (上年同期=100) 当季值；原始值 114.3；不变价同比指数减100得到增长率
gdp_secondary_q_yoy,CHN,1995-Q2,14.0,%,Q,,https://data.stats.gov.cn/dg/website/publicrelease/web/external/stream/esData,来源指标：第二产业增加值指数 (上年同期=100) 当季值；原始值 114.0；不变价同比指数减100得到增长率
gdp_secondary_q_yoy,CHN,1995-Q3,13.5,%,Q,,https://data.stats.gov.cn/dg/website/publicrelease/web/external/stream/esData,来源指标：第二产业增加值指数 (上年同期=100) 当季值；原始值 113.5；不变价同比指数减100得到增长率
gdp_secondary_q_yoy,CHN,1995-Q4,13.6,%,Q,,https://data.stats.gov.cn/dg/website/publicrelease/web/external/stream/esData,来源指标：第二产业增加值指数 (上年同期=100) 当季值；原始值 113.6；不变价同比指数减100得到增长率
gdp_secondary_q_yoy,CHN,1996-Q1,12.9,%,Q,,https://data.stats.gov.cn/dg/website/publicrelease/web/external/stream/esData,来源指标：第二产业增加值指数 (上年同期=100) 当季值；原始值 112.9；不变价同比指数减100得到增长率
gdp_secondary_q_yoy,CHN,1996-Q2,10.8,%,Q,,https://data.stats.gov.cn/dg/website/publicrelease/web/external/stream/esData,来源指标：第二产业增加值指数 (上年同期=100) 当季值；原始值 110.8；不变价同比指数减100得到增长率
gdp_secondary_q_yoy,CHN,1996-Q3,11.4,%,Q,,https://data.stats.gov.cn/dg/website/publicrelease/web/external/stream/esData,来源指标：第二产业增加值指数 (上年同期=100) 当季值；原始值 111.4；不变价同比指数减100得到增长率
gdp_secondary_q_yoy,CHN,1996-Q4,13.3,%,Q,,https://data.stats.gov.cn/dg/website/publicrelease/web/external/stream/esData,来源指标：第二产业增加值指数 (上年同期=100) 当季值；原始值 113.3；不变价同比指数减100得到增长率
gdp_secondary_q_yoy,CHN,1997-Q1,10.2,%,Q,,https://data.stats.gov.cn/dg/website/publicrelease/web/external/stream/esData,来源指标：第二产业增加值指数 (上年同期=100) 当季值；原始值 110.2；不变价同比指数减100得到增长率
gdp_secondary_q_yoy,CHN,1997-Q2,11.1,%,Q,,https://data.stats.gov.cn/dg/website/publicrelease/web/external/stream/esData,来源指标：第二产业增加值指数 (上年同期=100) 当季值；原始值 111.1；不变价同比指数减100得到增长率
gdp_secondary_q_yoy,CHN,1997-Q3,9.5,%,Q,,https://data.stats.gov.cn/dg/website/publicrelease/web/external/stream/esData,来源指标：第二产业增加值指数 (上年同期=100) 当季值；原始值 109.5；不变价同比指数减100得到增长率
gdp_secondary_q_yoy,CHN,1997-Q4,11.0,%,Q,,https://data.stats.gov.cn/dg/website/publicrelease/web/external/stream/esData,来源指标：第二产业增加值指数 (上年同期=100) 当季值；原始值 111.0；不变价同比指数减100得到增长率
gdp_secondary_q_yoy,CHN,1998-Q1,7.5,%,Q,,https://data.stats.gov.cn/dg/website/publicrelease/web/external/stream/esData,来源指标：第二产业增加值指数 (上年同期=100) 当季值；原始值 107.5；不变价同比指数减100得到增长率
gdp_secondary_q_yoy,CHN,1998-Q2,7.8,%,Q,,https://data.stats.gov.cn/dg/website/publicrelease/web/external/stream/esData,来源指标：第二产业增加值指数 (上年同期=100) 当季值；原始值 107.8；不变价同比指数减100得到增长率
gdp_secondary_q_yoy,CHN,1998-Q3,9.0,%,Q,,https://data.stats.gov.cn/dg/website/publicrelease/web/external/stream/esData,来源指标：第二产业增加值指数 (上年同期=100) 当季值；原始值 109.0；不变价同比指数减100得到增长率
gdp_secondary_q_yoy,CHN,1998-Q4,10.8,%,Q,,https://data.stats.gov.cn/dg/website/publicrelease/web/external/stream/esData,来源指标：第二产业增加值指数 (上年同期=100) 当季值；原始值 110.8；不变价同比指数减100得到增长率
gdp_secondary_q_yoy,CHN,1999-Q1,9.6,%,Q,,https://data.stats.gov.cn/dg/website/publicrelease/web/external/stream/esData,来源指标：第二产业增加值指数 (上年同期=100) 当季值；原始值 109.6；不变价同比指数减100得到增长率
gdp_secondary_q_yoy,CHN,1999-Q2,8.9,%,Q,,https://data.stats.gov.cn/dg/website/publicrelease/web/external/stream/esData,来源指标：第二产业增加值指数 (上年同期=100) 当季值；原始值 108.9；不变价同比指数减100得到增长率
gdp_secondary_q_yoy,CHN,1999-Q3,8.0,%,Q,,https://data.stats.gov.cn/dg/website/publicrelease/web/external/stream/esData,来源指标：第二产业增加值指数 (上年同期=100) 当季值；原始值 108.0；不变价同比指数减100得到增长率
gdp_secondary_q_yoy,CHN,1999-Q4,6.8,%,Q,,https://data.stats.gov.cn/dg/website/publicrelease/web/external/stream/esData,来源指标：第二产业增加值指数 (上年同期=100) 当季值；原始值 106.8；不变价同比指数减100得到增长率
gdp_secondary_q_yoy,CHN,2000-Q1,8.8,%,Q,,https://data.stats.gov.cn/dg/website/publicrelease/web/external/stream/esData,来源指标：第二产业增加值指数 (上年同期=100) 当季值；原始值 108.8；不变价同比指数减100得到增长率
gdp_secondary_q_yoy,CHN,2000-Q2,10.1,%,Q,,https://data.stats.gov.cn/dg/website/publicrelease/web/external/stream/esData,来源指标：第二产业增加值指数 (上年同期=100) 当季值；原始值 110.1；不变价同比指数减100得到增长率
gdp_secondary_q_yoy,CHN,2000-Q3,10.1,%,Q,,https://data.stats.gov.cn/dg/website/publicrelease/web/external/stream/esData,来源指标：第二产业增加值指数 (上年同期=100) 当季值；原始值 110.1；不变价同比指数减100得到增长率
gdp_secondary_q_yoy,CHN,2000-Q4,8.8,%,Q,,https://data.stats.gov.cn/dg/website/publicrelease/web/external/stream/esData,来源指标：第二产业增加值指数 (上年同期=100) 当季值；原始值 108.8；不变价同比指数减100得到增长率
gdp_secondary_q_yoy,CHN,2001-Q1,9.2,%,Q,,https://data.stats.gov.cn/dg/website/publicrelease/web/external/stream/esData,来源指标：第二产业增加值指数 (上年同期=100) 当季值；原始值 109.2；不变价同比指数减100得到增长率
gdp_secondary_q_yoy,CHN,2001-Q2,9.7,%,Q,,https://data.stats.gov.cn/dg/website/publicrelease/web/external/stream/esData,来源指标：第二产业增加值指数 (上年同期=100) 当季值；原始值 109.7；不变价同比指数减100得到增长率
gdp_secondary_q_yoy,CHN,2001-Q3,7.8,%,Q,,https://data.stats.gov.cn/dg/website/publicrelease/web/external/stream/esData,来源指标：第二产业增加值指数 (上年同期=100) 当季值；原始值 107.8；不变价同比指数减100得到增长率
gdp_secondary_q_yoy,CHN,2001-Q4,7.6,%,Q,,https://data.stats.gov.cn/dg/website/publicrelease/web/external/stream/esData,来源指标：第二产业增加值指数 (上年同期=100) 当季值；原始值 107.6；不变价同比指数减100得到增长率
gdp_secondary_q_yoy,CHN,2002-Q1,8.8,%,Q,,https://data.stats.gov.cn/dg/website/publicrelease/web/external/stream/esData,来源指标：第二产业增加值指数 (上年同期=100) 当季值；原始值 108.8；不变价同比指数减100得到增长率
gdp_secondary_q_yoy,CHN,2002-Q2,10.0,%,Q,,https://data.stats.gov.cn/dg/website/publicrelease/web/external/stream/esData,来源指标：第二产业增加值指数 (上年同期=100) 当季值；原始值 110.0；不变价同比指数减100得到增长率
gdp_secondary_q_yoy,CHN,2002-Q3,10.5,%,Q,,https://data.stats.gov.cn/dg/website/publicrelease/web/external/stream/esData,来源指标：第二产业增加值指数 (上年同期=100) 当季值；原始值 110.5；不变价同比指数减100得到增长率
gdp_secondary_q_yoy,CHN,2002-Q4,10.2,%,Q,,https://data.stats.gov.cn/dg/website/publicrelease/web/external/stream/esData,来源指标：第二产业增加值指数 (上年同期=100) 当季值；原始值 110.2；不变价同比指数减100得到增长率
gdp_secondary_q_yoy,CHN,2003-Q1,13.2,%,Q,,https://data.stats.gov.cn/dg/website/publicrelease/web/external/stream/esData,来源指标：第二产业增加值指数 (上年同期=100) 当季值；原始值 113.2；不变价同比指数减100得到增长率
gdp_secondary_q_yoy,CHN,2003-Q2,11.3,%,Q,,https://data.stats.gov.cn/dg/website/publicrelease/web/external/stream/esData,来源指标：第二产业增加值指数 (上年同期=100) 当季值；原始值 111.3；不变价同比指数减100得到增长率
gdp_secondary_q_yoy,CHN,2003-Q3,13.2,%,Q,,https://data.stats.gov.cn/dg/website/publicrelease/web/external/stream/esData,来源指标：第二产业增加值指数 (上年同期=100) 当季值；原始值 113.2；不变价同比指数减100得到增长率
gdp_secondary_q_yoy,CHN,2003-Q4,13.0,%,Q,,https://data.stats.gov.cn/dg/website/publicrelease/web/external/stream/esData,来源指标：第二产业增加值指数 (上年同期=100) 当季值；原始值 113.0；不变价同比指数减100得到增长率
gdp_secondary_q_yoy,CHN,2004-Q1,12.3,%,Q,,https://data.stats.gov.cn/dg/website/publicrelease/web/external/stream/esData,来源指标：第二产业增加值指数 (上年同期=100) 当季值；原始值 112.3；不变价同比指数减100得到增长率
gdp_secondary_q_yoy,CHN,2004-Q2,12.1,%,Q,,https://data.stats.gov.cn/dg/website/publicrelease/web/external/stream/esData,来源指标：第二产业增加值指数 (上年同期=100) 当季值；原始值 112.1；不变价同比指数减100得到增长率
gdp_secondary_q_yoy,CHN,2004-Q3,10.5,%,Q,,https://data.stats.gov.cn/dg/website/publicrelease/web/external/stream/esData,来源指标：第二产业增加值指数 (上年同期=100) 当季值；原始值 110.5；不变价同比指数减100得到增长率
gdp_secondary_q_yoy,CHN,2004-Q4,10.1,%,Q,,https://data.stats.gov.cn/dg/website/publicrelease/web/external/stream/esData,来源指标：第二产业增加值指数 (上年同期=100) 当季值；原始值 110.1；不变价同比指数减100得到增长率
gdp_secondary_q_yoy,CHN,2005-Q1,11.2,%,Q,,https://data.stats.gov.cn/dg/website/publicrelease/web/external/stream/esData,来源指标：第二产业增加值指数 (上年同期=100) 当季值；原始值 111.2；不变价同比指数减100得到增长率
gdp_secondary_q_yoy,CHN,2005-Q2,11.9,%,Q,,https://data.stats.gov.cn/dg/website/publicrelease/web/external/stream/esData,来源指标：第二产业增加值指数 (上年同期=100) 当季值；原始值 111.9；不变价同比指数减100得到增长率
gdp_secondary_q_yoy,CHN,2005-Q3,11.2,%,Q,,https://data.stats.gov.cn/dg/website/publicrelease/web/external/stream/esData,来源指标：第二产业增加值指数 (上年同期=100) 当季值；原始值 111.2；不变价同比指数减100得到增长率
gdp_secondary_q_yoy,CHN,2005-Q4,13.9,%,Q,,https://data.stats.gov.cn/dg/website/publicrelease/web/external/stream/esData,来源指标：第二产业增加值指数 (上年同期=100) 当季值；原始值 113.9；不变价同比指数减100得到增长率
gdp_secondary_q_yoy,CHN,2006-Q1,13.1,%,Q,,https://data.stats.gov.cn/dg/website/publicrelease/web/external/stream/esData,来源指标：第二产业增加值指数 (上年同期=100) 当季值；原始值 113.1；不变价同比指数减100得到增长率
gdp_secondary_q_yoy,CHN,2006-Q2,15.1,%,Q,,https://data.stats.gov.cn/dg/website/publicrelease/web/external/stream/esData,来源指标：第二产业增加值指数 (上年同期=100) 当季值；原始值 115.1；不变价同比指数减100得到增长率
gdp_secondary_q_yoy,CHN,2006-Q3,13.0,%,Q,,https://data.stats.gov.cn/dg/website/publicrelease/web/external/stream/esData,来源指标：第二产业增加值指数 (上年同期=100) 当季值；原始值 113.0；不变价同比指数减100得到增长率
gdp_secondary_q_yoy,CHN,2006-Q4,12.7,%,Q,,https://data.stats.gov.cn/dg/website/publicrelease/web/external/stream/esData,来源指标：第二产业增加值指数 (上年同期=100) 当季值；原始值 112.7；不变价同比指数减100得到增长率
gdp_secondary_q_yoy,CHN,2007-Q1,14.8,%,Q,,https://data.stats.gov.cn/dg/website/publicrelease/web/external/stream/esData,来源指标：第二产业增加值指数 (上年同期=100) 当季值；原始值 114.8；不变价同比指数减100得到增长率
gdp_secondary_q_yoy,CHN,2007-Q2,16.2,%,Q,,https://data.stats.gov.cn/dg/website/publicrelease/web/external/stream/esData,来源指标：第二产业增加值指数 (上年同期=100) 当季值；原始值 116.2；不变价同比指数减100得到增长率
gdp_secondary_q_yoy,CHN,2007-Q3,14.8,%,Q,,https://data.stats.gov.cn/dg/website/publicrelease/web/external/stream/esData,来源指标：第二产业增加值指数 (上年同期=100) 当季值；原始值 114.8；不变价同比指数减100得到增长率
gdp_secondary_q_yoy,CHN,2007-Q4,14.5,%,Q,,https://data.stats.gov.cn/dg/website/publicrelease/web/external/stream/esData,来源指标：第二产业增加值指数 (上年同期=100) 当季值；原始值 114.5；不变价同比指数减100得到增长率
gdp_secondary_q_yoy,CHN,2008-Q1,12.7,%,Q,,https://data.stats.gov.cn/dg/website/publicrelease/web/external/stream/esData,来源指标：第二产业增加值指数 (上年同期=100) 当季值；原始值 112.7；不变价同比指数减100得到增长率
gdp_secondary_q_yoy,CHN,2008-Q2,11.7,%,Q,,https://data.stats.gov.cn/dg/website/publicrelease/web/external/stream/esData,来源指标：第二产业增加值指数 (上年同期=100) 当季值；原始值 111.7；不变价同比指数减100得到增长率
gdp_secondary_q_yoy,CHN,2008-Q3,9.3,%,Q,,https://data.stats.gov.cn/dg/website/publicrelease/web/external/stream/esData,来源指标：第二产业增加值指数 (上年同期=100) 当季值；原始值 109.3；不变价同比指数减100得到增长率
gdp_secondary_q_yoy,CHN,2008-Q4,6.5,%,Q,,https://data.stats.gov.cn/dg/website/publicrelease/web/external/stream/esData,来源指标：第二产业增加值指数 (上年同期=100) 当季值；原始值 106.5；不变价同比指数减100得到增长率
gdp_secondary_q_yoy,CHN,2009-Q1,5.8,%,Q,,https://data.stats.gov.cn/dg/website/publicrelease/web/external/stream/esData,来源指标：第二产业增加值指数 (上年同期=100) 当季值；原始值 105.8；不变价同比指数减100得到增长率
gdp_secondary_q_yoy,CHN,2009-Q2,8.3,%,Q,,https://data.stats.gov.cn/dg/website/publicrelease/web/external/stream/esData,来源指标：第二产业增加值指数 (上年同期=100) 当季值；原始值 108.3；不变价同比指数减100得到增长率
gdp_secondary_q_yoy,CHN,2009-Q3,11.6,%,Q,,https://data.stats.gov.cn/dg/website/publicrelease/web/external/stream/esData,来源指标：第二产业增加值指数 (上年同期=100) 当季值；原始值 111.6；不变价同比指数减100得到增长率
gdp_secondary_q_yoy,CHN,2009-Q4,14.7,%,Q,,https://data.stats.gov.cn/dg/website/publicrelease/web/external/stream/esData,来源指标：第二产业增加值指数 (上年同期=100) 当季值；原始值 114.7；不变价同比指数减100得到增长率
gdp_secondary_q_yoy,CHN,2010-Q1,15.4,%,Q,,https://data.stats.gov.cn/dg/website/publicrelease/web/external/stream/esData,来源指标：第二产业增加值指数 (上年同期=100) 当季值；原始值 115.4；不变价同比指数减100得到增长率
gdp_secondary_q_yoy,CHN,2010-Q2,12.8,%,Q,,https://data.stats.gov.cn/dg/website/publicrelease/web/external/stream/esData,来源指标：第二产业增加值指数 (上年同期=100) 当季值；原始值 112.8；不变价同比指数减100得到增长率
gdp_secondary_q_yoy,CHN,2010-Q3,11.5,%,Q,,https://data.stats.gov.cn/dg/website/publicrelease/web/external/stream/esData,来源指标：第二产业增加值指数 (上年同期=100) 当季值；原始值 111.5；不变价同比指数减100得到增长率
gdp_secondary_q_yoy,CHN,2010-Q4,11.6,%,Q,,https://data.stats.gov.cn/dg/website/publicrelease/web/external/stream/esData,来源指标：第二产业增加值指数 (上年同期=100) 当季值；原始值 111.6；不变价同比指数减100得到增长率
gdp_secondary_q_yoy,CHN,2011-Q1,11.3,%,Q,,https://data.stats.gov.cn/dg/website/publicrelease/web/external/stream/esData,来源指标：第二产业增加值指数 (上年同期=100) 当季值；原始值 111.3；不变价同比指数减100得到增长率
gdp_secondary_q_yoy,CHN,2011-Q2,11.0,%,Q,,https://data.stats.gov.cn/dg/website/publicrelease/web/external/stream/esData,来源指标：第二产业增加值指数 (上年同期=100) 当季值；原始值 111.0；不变价同比指数减100得到增长率
gdp_secondary_q_yoy,CHN,2011-Q3,10.7,%,Q,,https://data.stats.gov.cn/dg/website/publicrelease/web/external/stream/esData,来源指标：第二产业增加值指数 (上年同期=100) 当季值；原始值 110.7；不变价同比指数减100得到增长率
gdp_secondary_q_yoy,CHN,2011-Q4,9.9,%,Q,,https://data.stats.gov.cn/dg/website/publicrelease/web/external/stream/esData,来源指标：第二产业增加值指数 (上年同期=100) 当季值；原始值 109.9；不变价同比指数减100得到增长率
gdp_secondary_q_yoy,CHN,2012-Q1,9.5,%,Q,,https://data.stats.gov.cn/dg/website/publicrelease/web/external/stream/esData,来源指标：第二产业增加值指数 (上年同期=100) 当季值；原始值 109.5；不变价同比指数减100得到增长率
gdp_secondary_q_yoy,CHN,2012-Q2,8.0,%,Q,,https://data.stats.gov.cn/dg/website/publicrelease/web/external/stream/esData,来源指标：第二产业增加值指数 (上年同期=100) 当季值；原始值 108.0；不变价同比指数减100得到增长率
gdp_secondary_q_yoy,CHN,2012-Q3,7.7,%,Q,,https://data.stats.gov.cn/dg/website/publicrelease/web/external/stream/esData,来源指标：第二产业增加值指数 (上年同期=100) 当季值；原始值 107.7；不变价同比指数减100得到增长率
gdp_secondary_q_yoy,CHN,2012-Q4,8.5,%,Q,,https://data.stats.gov.cn/dg/website/publicrelease/web/external/stream/esData,来源指标：第二产业增加值指数 (上年同期=100) 当季值；原始值 108.5；不变价同比指数减100得到增长率
gdp_secondary_q_yoy,CHN,2013-Q1,7.8,%,Q,,https://data.stats.gov.cn/dg/website/publicrelease/web/external/stream/esData,来源指标：第二产业增加值指数 (上年同期=100) 当季值；原始值 107.8；不变价同比指数减100得到增长率
gdp_secondary_q_yoy,CHN,2013-Q2,7.6,%,Q,,https://data.stats.gov.cn/dg/website/publicrelease/web/external/stream/esData,来源指标：第二产业增加值指数 (上年同期=100) 当季值；原始值 107.6；不变价同比指数减100得到增长率
gdp_secondary_q_yoy,CHN,2013-Q3,8.3,%,Q,,https://data.stats.gov.cn/dg/website/publicrelease/web/external/stream/esData,来源指标：第二产业增加值指数 (上年同期=100) 当季值；原始值 108.3；不变价同比指数减100得到增长率
gdp_secondary_q_yoy,CHN,2013-Q4,8.1,%,Q,,https://data.stats.gov.cn/dg/website/publicrelease/web/external/stream/esData,来源指标：第二产业增加值指数 (上年同期=100) 当季值；原始值 108.1；不变价同比指数减100得到增长率
gdp_secondary_q_yoy,CHN,2014-Q1,7.3,%,Q,,https://data.stats.gov.cn/dg/website/publicrelease/web/external/stream/esData,来源指标：第二产业增加值指数 (上年同期=100) 当季值；原始值 107.3；不变价同比指数减100得到增长率
gdp_secondary_q_yoy,CHN,2014-Q2,7.6,%,Q,,https://data.stats.gov.cn/dg/website/publicrelease/web/external/stream/esData,来源指标：第二产业增加值指数 (上年同期=100) 当季值；原始值 107.6；不变价同比指数减100得到增长率
gdp_secondary_q_yoy,CHN,2014-Q3,7.1,%,Q,,https://data.stats.gov.cn/dg/website/publicrelease/web/external/stream/esData,来源指标：第二产业增加值指数 (上年同期=100) 当季值；原始值 107.1；不变价同比指数减100得到增长率
gdp_secondary_q_yoy,CHN,2014-Q4,6.7,%,Q,,https://data.stats.gov.cn/dg/website/publicrelease/web/external/stream/esData,来源指标：第二产业增加值指数 (上年同期=100) 当季值；原始值 106.7；不变价同比指数减100得到增长率
gdp_secondary_q_yoy,CHN,2015-Q1,6.2,%,Q,,https://data.stats.gov.cn/dg/website/publicrelease/web/external/stream/esData,来源指标：第二产业增加值指数 (上年同期=100) 当季值；原始值 106.2；不变价同比指数减100得到增长率
gdp_secondary_q_yoy,CHN,2015-Q2,5.9,%,Q,,https://data.stats.gov.cn/dg/website/publicrelease/web/external/stream/esData,来源指标：第二产业增加值指数 (上年同期=100) 当季值；原始值 105.9；不变价同比指数减100得到增长率
gdp_secondary_q_yoy,CHN,2015-Q3,5.7,%,Q,,https://data.stats.gov.cn/dg/website/publicrelease/web/external/stream/esData,来源指标：第二产业增加值指数 (上年同期=100) 当季值；原始值 105.7；不变价同比指数减100得到增长率
gdp_secondary_q_yoy,CHN,2015-Q4,6.0,%,Q,,https://data.stats.gov.cn/dg/website/publicrelease/web/external/stream/esData,来源指标：第二产业增加值指数 (上年同期=100) 当季值；原始值 106.0；不变价同比指数减100得到增长率
gdp_secondary_q_yoy,CHN,2016-Q1,5.8,%,Q,,https://data.stats.gov.cn/dg/website/publicrelease/web/external/stream/esData,来源指标：第二产业增加值指数 (上年同期=100) 当季值；原始值 105.8；不变价同比指数减100得到增长率
gdp_secondary_q_yoy,CHN,2016-Q2,6.2,%,Q,,https://data.stats.gov.cn/dg/website/publicrelease/web/external/stream/esData,来源指标：第二产业增加值指数 (上年同期=100) 当季值；原始值 106.2；不变价同比指数减100得到增长率
gdp_secondary_q_yoy,CHN,2016-Q3,6.1,%,Q,,https://data.stats.gov.cn/dg/website/publicrelease/web/external/stream/esData,来源指标：第二产业增加值指数 (上年同期=100) 当季值；原始值 106.1；不变价同比指数减100得到增长率
gdp_secondary_q_yoy,CHN,2016-Q4,6.0,%,Q,,https://data.stats.gov.cn/dg/website/publicrelease/web/external/stream/esData,来源指标：第二产业增加值指数 (上年同期=100) 当季值；原始值 106.0；不变价同比指数减100得到增长率
gdp_secondary_q_yoy,CHN,2017-Q1,6.1,%,Q,,https://data.stats.gov.cn/dg/website/publicrelease/web/external/stream/esData,来源指标：第二产业增加值指数 (上年同期=100) 当季值；原始值 106.1；不变价同比指数减100得到增长率
gdp_secondary_q_yoy,CHN,2017-Q2,6.2,%,Q,,https://data.stats.gov.cn/dg/website/publicrelease/web/external/stream/esData,来源指标：第二产业增加值指数 (上年同期=100) 当季值；原始值 106.2；不变价同比指数减100得到增长率
gdp_secondary_q_yoy,CHN,2017-Q3,5.8,%,Q,,https://data.stats.gov.cn/dg/website/publicrelease/web/external/stream/esData,来源指标：第二产业增加值指数 (上年同期=100) 当季值；原始值 105.8；不变价同比指数减100得到增长率
gdp_secondary_q_yoy,CHN,2017-Q4,5.4,%,Q,,https://data.stats.gov.cn/dg/website/publicrelease/web/external/stream/esData,来源指标：第二产业增加值指数 (上年同期=100) 当季值；原始值 105.4；不变价同比指数减100得到增长率
gdp_secondary_q_yoy,CHN,2018-Q1,6.2,%,Q,,https://data.stats.gov.cn/dg/website/publicrelease/web/external/stream/esData,来源指标：第二产业增加值指数 (上年同期=100) 当季值；原始值 106.2；不变价同比指数减100得到增长率
gdp_secondary_q_yoy,CHN,2018-Q2,5.9,%,Q,,https://data.stats.gov.cn/dg/website/publicrelease/web/external/stream/esData,来源指标：第二产业增加值指数 (上年同期=100) 当季值；原始值 105.9；不变价同比指数减100得到增长率
gdp_secondary_q_yoy,CHN,2018-Q3,5.3,%,Q,,https://data.stats.gov.cn/dg/website/publicrelease/web/external/stream/esData,来源指标：第二产业增加值指数 (上年同期=100) 当季值；原始值 105.3；不变价同比指数减100得到增长率
gdp_secondary_q_yoy,CHN,2018-Q4,5.8,%,Q,,https://data.stats.gov.cn/dg/website/publicrelease/web/external/stream/esData,来源指标：第二产业增加值指数 (上年同期=100) 当季值；原始值 105.8；不变价同比指数减100得到增长率
gdp_secondary_q_yoy,CHN,2019-Q1,4.9,%,Q,,https://data.stats.gov.cn/dg/website/publicrelease/web/external/stream/esData,来源指标：第二产业增加值指数 (上年同期=100) 当季值；原始值 104.9；不变价同比指数减100得到增长率
gdp_secondary_q_yoy,CHN,2019-Q2,4.4,%,Q,,https://data.stats.gov.cn/dg/website/publicrelease/web/external/stream/esData,来源指标：第二产业增加值指数 (上年同期=100) 当季值；原始值 104.4；不变价同比指数减100得到增长率
gdp_secondary_q_yoy,CHN,2019-Q3,4.2,%,Q,,https://data.stats.gov.cn/dg/website/publicrelease/web/external/stream/esData,来源指标：第二产业增加值指数 (上年同期=100) 当季值；原始值 104.2；不变价同比指数减100得到增长率
gdp_secondary_q_yoy,CHN,2019-Q4,4.7,%,Q,,https://data.stats.gov.cn/dg/website/publicrelease/web/external/stream/esData,来源指标：第二产业增加值指数 (上年同期=100) 当季值；原始值 104.7；不变价同比指数减100得到增长率
gdp_secondary_q_yoy,CHN,2020-Q1,-10.1,%,Q,,https://data.stats.gov.cn/dg/website/publicrelease/web/external/stream/esData,来源指标：第二产业增加值指数 (上年同期=100) 当季值；原始值 89.9；不变价同比指数减100得到增长率
gdp_secondary_q_yoy,CHN,2020-Q2,4.3,%,Q,,https://data.stats.gov.cn/dg/website/publicrelease/web/external/stream/esData,来源指标：第二产业增加值指数 (上年同期=100) 当季值；原始值 104.3；不变价同比指数减100得到增长率
gdp_secondary_q_yoy,CHN,2020-Q3,5.6,%,Q,,https://data.stats.gov.cn/dg/website/publicrelease/web/external/stream/esData,来源指标：第二产业增加值指数 (上年同期=100) 当季值；原始值 105.6；不变价同比指数减100得到增长率
gdp_secondary_q_yoy,CHN,2020-Q4,6.3,%,Q,,https://data.stats.gov.cn/dg/website/publicrelease/web/external/stream/esData,来源指标：第二产业增加值指数 (上年同期=100) 当季值；原始值 106.3；不变价同比指数减100得到增长率
gdp_secondary_q_yoy,CHN,2021-Q1,24.9,%,Q,,https://data.stats.gov.cn/dg/website/publicrelease/web/external/stream/esData,来源指标：第二产业增加值指数 (上年同期=100) 当季值；原始值 124.9；不变价同比指数减100得到增长率
gdp_secondary_q_yoy,CHN,2021-Q2,6.7,%,Q,,https://data.stats.gov.cn/dg/website/publicrelease/web/external/stream/esData,来源指标：第二产业增加值指数 (上年同期=100) 当季值；原始值 106.7；不变价同比指数减100得到增长率
gdp_secondary_q_yoy,CHN,2021-Q3,3.9,%,Q,,https://data.stats.gov.cn/dg/website/publicrelease/web/external/stream/esData,来源指标：第二产业增加值指数 (上年同期=100) 当季值；原始值 103.9；不变价同比指数减100得到增长率
gdp_secondary_q_yoy,CHN,2021-Q4,2.5,%,Q,,https://data.stats.gov.cn/dg/website/publicrelease/web/external/stream/esData,来源指标：第二产业增加值指数 (上年同期=100) 当季值；原始值 102.5；不变价同比指数减100得到增长率
gdp_secondary_q_yoy,CHN,2022-Q1,4.0,%,Q,,https://data.stats.gov.cn/dg/website/publicrelease/web/external/stream/esData,来源指标：第二产业增加值指数 (上年同期=100) 当季值；原始值 104.0；不变价同比指数减100得到增长率
gdp_secondary_q_yoy,CHN,2022-Q2,0.2,%,Q,,https://data.stats.gov.cn/dg/website/publicrelease/web/external/stream/esData,来源指标：第二产业增加值指数 (上年同期=100) 当季值；原始值 100.2；不变价同比指数减100得到增长率
gdp_secondary_q_yoy,CHN,2022-Q3,3.4,%,Q,,https://data.stats.gov.cn/dg/website/publicrelease/web/external/stream/esData,来源指标：第二产业增加值指数 (上年同期=100) 当季值；原始值 103.4；不变价同比指数减100得到增长率
gdp_secondary_q_yoy,CHN,2022-Q4,1.9,%,Q,,https://data.stats.gov.cn/dg/website/publicrelease/web/external/stream/esData,来源指标：第二产业增加值指数 (上年同期=100) 当季值；原始值 101.9；不变价同比指数减100得到增长率
gdp_secondary_q_yoy,CHN,2023-Q1,2.9,%,Q,,https://data.stats.gov.cn/dg/website/publicrelease/web/external/stream/esData,来源指标：第二产业增加值指数 (上年同期=100) 当季值；原始值 102.9；不变价同比指数减100得到增长率
gdp_secondary_q_yoy,CHN,2023-Q2,4.9,%,Q,,https://data.stats.gov.cn/dg/website/publicrelease/web/external/stream/esData,来源指标：第二产业增加值指数 (上年同期=100) 当季值；原始值 104.9；不变价同比指数减100得到增长率
gdp_secondary_q_yoy,CHN,2023-Q3,4.3,%,Q,,https://data.stats.gov.cn/dg/website/publicrelease/web/external/stream/esData,来源指标：第二产业增加值指数 (上年同期=100) 当季值；原始值 104.3；不变价同比指数减100得到增长率
gdp_secondary_q_yoy,CHN,2023-Q4,5.1,%,Q,,https://data.stats.gov.cn/dg/website/publicrelease/web/external/stream/esData,来源指标：第二产业增加值指数 (上年同期=100) 当季值；原始值 105.1；不变价同比指数减100得到增长率
gdp_secondary_q_yoy,CHN,2024-Q1,5.7,%,Q,,https://data.stats.gov.cn/dg/website/publicrelease/web/external/stream/esData,来源指标：第二产业增加值指数 (上年同期=100) 当季值；原始值 105.7；不变价同比指数减100得到增长率
gdp_secondary_q_yoy,CHN,2024-Q2,5.3,%,Q,,https://data.stats.gov.cn/dg/website/publicrelease/web/external/stream/esData,来源指标：第二产业增加值指数 (上年同期=100) 当季值；原始值 105.3；不变价同比指数减100得到增长率
gdp_secondary_q_yoy,CHN,2024-Q3,4.3,%,Q,,https://data.stats.gov.cn/dg/website/publicrelease/web/external/stream/esData,来源指标：第二产业增加值指数 (上年同期=100) 当季值；原始值 104.3；不变价同比指数减100得到增长率
gdp_secondary_q_yoy,CHN,2024-Q4,4.9,%,Q,,https://data.stats.gov.cn/dg/website/publicrelease/web/external/stream/esData,来源指标：第二产业增加值指数 (上年同期=100) 当季值；原始值 104.9；不变价同比指数减100得到增长率
gdp_secondary_q_yoy,CHN,2025-Q1,5.9,%,Q,,https://data.stats.gov.cn/dg/website/publicrelease/web/external/stream/esData,来源指标：第二产业增加值指数 (上年同期=100) 当季值；原始值 105.9；不变价同比指数减100得到增长率
gdp_secondary_q_yoy,CHN,2025-Q2,4.8,%,Q,,https://data.stats.gov.cn/dg/website/publicrelease/web/external/stream/esData,来源指标：第二产业增加值指数 (上年同期=100) 当季值；原始值 104.8；不变价同比指数减100得到增长率
gdp_secondary_q_yoy,CHN,2025-Q3,4.2,%,Q,,https://data.stats.gov.cn/dg/website/publicrelease/web/external/stream/esData,来源指标：第二产业增加值指数 (上年同期=100) 当季值；原始值 104.2；不变价同比指数减100得到增长率
gdp_secondary_q_yoy,CHN,2025-Q4,3.4,%,Q,,https://data.stats.gov.cn/dg/website/publicrelease/web/external/stream/esData,来源指标：第二产业增加值指数 (上年同期=100) 当季值；原始值 103.4；不变价同比指数减100得到增长率
gdp_secondary_q_yoy,CHN,2026-Q1,4.9,%,Q,,https://data.stats.gov.cn/dg/website/publicrelease/web/external/stream/esData,来源指标：第二产业增加值指数 (上年同期=100) 当季值；原始值 104.9；不变价同比指数减100得到增长率
gdp_secondary_q_yoy,CHN,2026-Q2,3.0,%,Q,,https://data.stats.gov.cn/dg/website/publicrelease/web/external/stream/esData,来源指标：第二产业增加值指数 (上年同期=100) 当季值；原始值 103.0；不变价同比指数减100得到增长率
gdp_tertiary_q_nominal,CHN,1992-Q1,2234.8,亿元,Q,,https://data.stats.gov.cn/dg/website/publicrelease/web/external/stream/esData,来源指标：第三产业增加值当季值 (亿元)；原始值 2234.8；直接采用官方值
gdp_tertiary_q_nominal,CHN,1992-Q2,2450.8,亿元,Q,,https://data.stats.gov.cn/dg/website/publicrelease/web/external/stream/esData,来源指标：第三产业增加值当季值 (亿元)；原始值 2450.8；直接采用官方值
gdp_tertiary_q_nominal,CHN,1992-Q3,2368.2,亿元,Q,,https://data.stats.gov.cn/dg/website/publicrelease/web/external/stream/esData,来源指标：第三产业增加值当季值 (亿元)；原始值 2368.2；直接采用官方值
gdp_tertiary_q_nominal,CHN,1992-Q4,2716.4,亿元,Q,,https://data.stats.gov.cn/dg/website/publicrelease/web/external/stream/esData,来源指标：第三产业增加值当季值 (亿元)；原始值 2716.4；直接采用官方值
gdp_tertiary_q_nominal,CHN,1993-Q1,2830.1,亿元,Q,,https://data.stats.gov.cn/dg/website/publicrelease/web/external/stream/esData,来源指标：第三产业增加值当季值 (亿元)；原始值 2830.1；直接采用官方值
gdp_tertiary_q_nominal,CHN,1993-Q2,3036.5,亿元,Q,,https://data.stats.gov.cn/dg/website/publicrelease/web/external/stream/esData,来源指标：第三产业增加值当季值 (亿元)；原始值 3036.5；直接采用官方值
gdp_tertiary_q_nominal,CHN,1993-Q3,3009.7,亿元,Q,,https://data.stats.gov.cn/dg/website/publicrelease/web/external/stream/esData,来源指标：第三产业增加值当季值 (亿元)；原始值 3009.7；直接采用官方值
gdp_tertiary_q_nominal,CHN,1993-Q4,3583.3,亿元,Q,,https://data.stats.gov.cn/dg/website/publicrelease/web/external/stream/esData,来源指标：第三产业增加值当季值 (亿元)；原始值 3583.3；直接采用官方值
gdp_tertiary_q_nominal,CHN,1994-Q1,3874.8,亿元,Q,,https://data.stats.gov.cn/dg/website/publicrelease/web/external/stream/esData,来源指标：第三产业增加值当季值 (亿元)；原始值 3874.8；直接采用官方值
gdp_tertiary_q_nominal,CHN,1994-Q2,4159.9,亿元,Q,,https://data.stats.gov.cn/dg/website/publicrelease/web/external/stream/esData,来源指标：第三产业增加值当季值 (亿元)；原始值 4159.9；直接采用官方值
gdp_tertiary_q_nominal,CHN,1994-Q3,4145.4,亿元,Q,,https://data.stats.gov.cn/dg/website/publicrelease/web/external/stream/esData,来源指标：第三产业增加值当季值 (亿元)；原始值 4145.4；直接采用官方值
gdp_tertiary_q_nominal,CHN,1994-Q4,4757.7,亿元,Q,,https://data.stats.gov.cn/dg/website/publicrelease/web/external/stream/esData,来源指标：第三产业增加值当季值 (亿元)；原始值 4757.7；直接采用官方值
gdp_tertiary_q_nominal,CHN,1995-Q1,4937.1,亿元,Q,,https://data.stats.gov.cn/dg/website/publicrelease/web/external/stream/esData,来源指标：第三产业增加值当季值 (亿元)；原始值 4937.1；直接采用官方值
gdp_tertiary_q_nominal,CHN,1995-Q2,5150.4,亿元,Q,,https://data.stats.gov.cn/dg/website/publicrelease/web/external/stream/esData,来源指标：第三产业增加值当季值 (亿元)；原始值 5150.4；直接采用官方值
gdp_tertiary_q_nominal,CHN,1995-Q3,5104.2,亿元,Q,,https://data.stats.gov.cn/dg/website/publicrelease/web/external/stream/esData,来源指标：第三产业增加值当季值 (亿元)；原始值 5104.2；直接采用官方值
gdp_tertiary_q_nominal,CHN,1995-Q4,5760.5,亿元,Q,,https://data.stats.gov.cn/dg/website/publicrelease/web/external/stream/esData,来源指标：第三产业增加值当季值 (亿元)；原始值 5760.5；直接采用官方值
gdp_tertiary_q_nominal,CHN,1996-Q1,5910.8,亿元,Q,,https://data.stats.gov.cn/dg/website/publicrelease/web/external/stream/esData,来源指标：第三产业增加值当季值 (亿元)；原始值 5910.8；直接采用官方值
gdp_tertiary_q_nominal,CHN,1996-Q2,6013.2,亿元,Q,,https://data.stats.gov.cn/dg/website/publicrelease/web/external/stream/esData,来源指标：第三产业增加值当季值 (亿元)；原始值 6013.2；直接采用官方值
gdp_tertiary_q_nominal,CHN,1996-Q3,5920.1,亿元,Q,,https://data.stats.gov.cn/dg/website/publicrelease/web/external/stream/esData,来源指标：第三产业增加值当季值 (亿元)；原始值 5920.1；直接采用官方值
gdp_tertiary_q_nominal,CHN,1996-Q4,6660.9,亿元,Q,,https://data.stats.gov.cn/dg/website/publicrelease/web/external/stream/esData,来源指标：第三产业增加值当季值 (亿元)；原始值 6660.9；直接采用官方值
gdp_tertiary_q_nominal,CHN,1997-Q1,7008.1,亿元,Q,,https://data.stats.gov.cn/dg/website/publicrelease/web/external/stream/esData,来源指标：第三产业增加值当季值 (亿元)；原始值 7008.1；直接采用官方值
gdp_tertiary_q_nominal,CHN,1997-Q2,6945.3,亿元,Q,,https://data.stats.gov.cn/dg/website/publicrelease/web/external/stream/esData,来源指标：第三产业增加值当季值 (亿元)；原始值 6945.3；直接采用官方值
gdp_tertiary_q_nominal,CHN,1997-Q3,6872.0,亿元,Q,,https://data.stats.gov.cn/dg/website/publicrelease/web/external/stream/esData,来源指标：第三产业增加值当季值 (亿元)；原始值 6872.0；直接采用官方值
gdp_tertiary_q_nominal,CHN,1997-Q4,7589.4,亿元,Q,,https://data.stats.gov.cn/dg/website/publicrelease/web/external/stream/esData,来源指标：第三产业增加值当季值 (亿元)；原始值 7589.4；直接采用官方值
gdp_tertiary_q_nominal,CHN,1998-Q1,7975.5,亿元,Q,,https://data.stats.gov.cn/dg/website/publicrelease/web/external/stream/esData,来源指标：第三产业增加值当季值 (亿元)；原始值 7975.5；直接采用官方值
gdp_tertiary_q_nominal,CHN,1998-Q2,7842.4,亿元,Q,,https://data.stats.gov.cn/dg/website/publicrelease/web/external/stream/esData,来源指标：第三产业增加值当季值 (亿元)；原始值 7842.4；直接采用官方值
gdp_tertiary_q_nominal,CHN,1998-Q3,7810.9,亿元,Q,,https://data.stats.gov.cn/dg/website/publicrelease/web/external/stream/esData,来源指标：第三产业增加值当季值 (亿元)；原始值 7810.9；直接采用官方值
gdp_tertiary_q_nominal,CHN,1998-Q4,8598.9,亿元,Q,,https://data.stats.gov.cn/dg/website/publicrelease/web/external/stream/esData,来源指标：第三产业增加值当季值 (亿元)；原始值 8598.9；直接采用官方值
gdp_tertiary_q_nominal,CHN,1999-Q1,8905.8,亿元,Q,,https://data.stats.gov.cn/dg/website/publicrelease/web/external/stream/esData,来源指标：第三产业增加值当季值 (亿元)；原始值 8905.8；直接采用官方值
gdp_tertiary_q_nominal,CHN,1999-Q2,8624.9,亿元,Q,,https://data.stats.gov.cn/dg/website/publicrelease/web/external/stream/esData,来源指标：第三产业增加值当季值 (亿元)；原始值 8624.9；直接采用官方值
gdp_tertiary_q_nominal,CHN,1999-Q3,8638.0,亿元,Q,,https://data.stats.gov.cn/dg/website/publicrelease/web/external/stream/esData,来源指标：第三产业增加值当季值 (亿元)；原始值 8638.0；直接采用官方值
gdp_tertiary_q_nominal,CHN,1999-Q4,9581.4,亿元,Q,,https://data.stats.gov.cn/dg/website/publicrelease/web/external/stream/esData,来源指标：第三产业增加值当季值 (亿元)；原始值 9581.4；直接采用官方值
gdp_tertiary_q_nominal,CHN,2000-Q1,10113.0,亿元,Q,,https://data.stats.gov.cn/dg/website/publicrelease/web/external/stream/esData,来源指标：第三产业增加值当季值 (亿元)；原始值 10113.0；直接采用官方值
gdp_tertiary_q_nominal,CHN,2000-Q2,9991.6,亿元,Q,,https://data.stats.gov.cn/dg/website/publicrelease/web/external/stream/esData,来源指标：第三产业增加值当季值 (亿元)；原始值 9991.6；直接采用官方值
gdp_tertiary_q_nominal,CHN,2000-Q3,9946.6,亿元,Q,,https://data.stats.gov.cn/dg/website/publicrelease/web/external/stream/esData,来源指标：第三产业增加值当季值 (亿元)；原始值 9946.6；直接采用官方值
gdp_tertiary_q_nominal,CHN,2000-Q4,10876.4,亿元,Q,,https://data.stats.gov.cn/dg/website/publicrelease/web/external/stream/esData,来源指标：第三产业增加值当季值 (亿元)；原始值 10876.4；直接采用官方值
gdp_tertiary_q_nominal,CHN,2001-Q1,11733.9,亿元,Q,,https://data.stats.gov.cn/dg/website/publicrelease/web/external/stream/esData,来源指标：第三产业增加值当季值 (亿元)；原始值 11733.9；直接采用官方值
gdp_tertiary_q_nominal,CHN,2001-Q2,11470.1,亿元,Q,,https://data.stats.gov.cn/dg/website/publicrelease/web/external/stream/esData,来源指标：第三产业增加值当季值 (亿元)；原始值 11470.1；直接采用官方值
gdp_tertiary_q_nominal,CHN,2001-Q3,11418.3,亿元,Q,,https://data.stats.gov.cn/dg/website/publicrelease/web/external/stream/esData,来源指标：第三产业增加值当季值 (亿元)；原始值 11418.3；直接采用官方值
gdp_tertiary_q_nominal,CHN,2001-Q4,12373.1,亿元,Q,,https://data.stats.gov.cn/dg/website/publicrelease/web/external/stream/esData,来源指标：第三产业增加值当季值 (亿元)；原始值 12373.1；直接采用官方值
gdp_tertiary_q_nominal,CHN,2002-Q1,13198.7,亿元,Q,,https://data.stats.gov.cn/dg/website/publicrelease/web/external/stream/esData,来源指标：第三产业增加值当季值 (亿元)；原始值 13198.7；直接采用官方值
gdp_tertiary_q_nominal,CHN,2002-Q2,12865.2,亿元,Q,,https://data.stats.gov.cn/dg/website/publicrelease/web/external/stream/esData,来源指标：第三产业增加值当季值 (亿元)；原始值 12865.2；直接采用官方值
gdp_tertiary_q_nominal,CHN,2002-Q3,12909.2,亿元,Q,,https://data.stats.gov.cn/dg/website/publicrelease/web/external/stream/esData,来源指标：第三产业增加值当季值 (亿元)；原始值 12909.2；直接采用官方值
gdp_tertiary_q_nominal,CHN,2002-Q4,14044.5,亿元,Q,,https://data.stats.gov.cn/dg/website/publicrelease/web/external/stream/esData,来源指标：第三产业增加值当季值 (亿元)；原始值 14044.5；直接采用官方值
gdp_tertiary_q_nominal,CHN,2003-Q1,14913.3,亿元,Q,,https://data.stats.gov.cn/dg/website/publicrelease/web/external/stream/esData,来源指标：第三产业增加值当季值 (亿元)；原始值 14913.3；直接采用官方值
gdp_tertiary_q_nominal,CHN,2003-Q2,14311.5,亿元,Q,,https://data.stats.gov.cn/dg/website/publicrelease/web/external/stream/esData,来源指标：第三产业增加值当季值 (亿元)；原始值 14311.5；直接采用官方值
gdp_tertiary_q_nominal,CHN,2003-Q3,14433.8,亿元,Q,,https://data.stats.gov.cn/dg/website/publicrelease/web/external/stream/esData,来源指标：第三产业增加值当季值 (亿元)；原始值 14433.8；直接采用官方值
gdp_tertiary_q_nominal,CHN,2003-Q4,16052.8,亿元,Q,,https://data.stats.gov.cn/dg/website/publicrelease/web/external/stream/esData,来源指标：第三产业增加值当季值 (亿元)；原始值 16052.8；直接采用官方值
gdp_tertiary_q_nominal,CHN,2004-Q1,17200.2,亿元,Q,,https://data.stats.gov.cn/dg/website/publicrelease/web/external/stream/esData,来源指标：第三产业增加值当季值 (亿元)；原始值 17200.2；直接采用官方值
gdp_tertiary_q_nominal,CHN,2004-Q2,16915.9,亿元,Q,,https://data.stats.gov.cn/dg/website/publicrelease/web/external/stream/esData,来源指标：第三产业增加值当季值 (亿元)；原始值 16915.9；直接采用官方值
gdp_tertiary_q_nominal,CHN,2004-Q3,16717.4,亿元,Q,,https://data.stats.gov.cn/dg/website/publicrelease/web/external/stream/esData,来源指标：第三产业增加值当季值 (亿元)；原始值 16717.4；直接采用官方值
gdp_tertiary_q_nominal,CHN,2004-Q4,18205.2,亿元,Q,,https://data.stats.gov.cn/dg/website/publicrelease/web/external/stream/esData,来源指标：第三产业增加值当季值 (亿元)；原始值 18205.2；直接采用官方值
gdp_tertiary_q_nominal,CHN,2005-Q1,20036.2,亿元,Q,,https://data.stats.gov.cn/dg/website/publicrelease/web/external/stream/esData,来源指标：第三产业增加值当季值 (亿元)；原始值 20036.2；直接采用官方值
gdp_tertiary_q_nominal,CHN,2005-Q2,19536.0,亿元,Q,,https://data.stats.gov.cn/dg/website/publicrelease/web/external/stream/esData,来源指标：第三产业增加值当季值 (亿元)；原始值 19536.0；直接采用官方值
gdp_tertiary_q_nominal,CHN,2005-Q3,19379.9,亿元,Q,,https://data.stats.gov.cn/dg/website/publicrelease/web/external/stream/esData,来源指标：第三产业增加值当季值 (亿元)；原始值 19379.9；直接采用官方值
gdp_tertiary_q_nominal,CHN,2005-Q4,21066.5,亿元,Q,,https://data.stats.gov.cn/dg/website/publicrelease/web/external/stream/esData,来源指标：第三产业增加值当季值 (亿元)；原始值 21066.5；直接采用官方值
gdp_tertiary_q_nominal,CHN,2006-Q1,23400.7,亿元,Q,,https://data.stats.gov.cn/dg/website/publicrelease/web/external/stream/esData,来源指标：第三产业增加值当季值 (亿元)；原始值 23400.7；直接采用官方值
gdp_tertiary_q_nominal,CHN,2006-Q2,23090.6,亿元,Q,,https://data.stats.gov.cn/dg/website/publicrelease/web/external/stream/esData,来源指标：第三产业增加值当季值 (亿元)；原始值 23090.6；直接采用官方值
gdp_tertiary_q_nominal,CHN,2006-Q3,22946.3,亿元,Q,,https://data.stats.gov.cn/dg/website/publicrelease/web/external/stream/esData,来源指标：第三产业增加值当季值 (亿元)；原始值 22946.3；直接采用官方值
gdp_tertiary_q_nominal,CHN,2006-Q4,25464.5,亿元,Q,,https://data.stats.gov.cn/dg/website/publicrelease/web/external/stream/esData,来源指标：第三产业增加值当季值 (亿元)；原始值 25464.5；直接采用官方值
gdp_tertiary_q_nominal,CHN,2007-Q1,28624.5,亿元,Q,,https://data.stats.gov.cn/dg/website/publicrelease/web/external/stream/esData,来源指标：第三产业增加值当季值 (亿元)；原始值 28624.5；直接采用官方值
gdp_tertiary_q_nominal,CHN,2007-Q2,29114.7,亿元,Q,,https://data.stats.gov.cn/dg/website/publicrelease/web/external/stream/esData,来源指标：第三产业增加值当季值 (亿元)；原始值 29114.7；直接采用官方值
gdp_tertiary_q_nominal,CHN,2007-Q3,29481.3,亿元,Q,,https://data.stats.gov.cn/dg/website/publicrelease/web/external/stream/esData,来源指标：第三产业增加值当季值 (亿元)；原始值 29481.3；直接采用官方值
gdp_tertiary_q_nominal,CHN,2007-Q4,32654.5,亿元,Q,,https://data.stats.gov.cn/dg/website/publicrelease/web/external/stream/esData,来源指标：第三产业增加值当季值 (亿元)；原始值 32654.5；直接采用官方值
gdp_tertiary_q_nominal,CHN,2008-Q1,34628.9,亿元,Q,,https://data.stats.gov.cn/dg/website/publicrelease/web/external/stream/esData,来源指标：第三产业增加值当季值 (亿元)；原始值 34628.9；直接采用官方值
gdp_tertiary_q_nominal,CHN,2008-Q2,34885.4,亿元,Q,,https://data.stats.gov.cn/dg/website/publicrelease/web/external/stream/esData,来源指标：第三产业增加值当季值 (亿元)；原始值 34885.4；直接采用官方值
gdp_tertiary_q_nominal,CHN,2008-Q3,34948.0,亿元,Q,,https://data.stats.gov.cn/dg/website/publicrelease/web/external/stream/esData,来源指标：第三产业增加值当季值 (亿元)；原始值 34948.0；直接采用官方值
gdp_tertiary_q_nominal,CHN,2008-Q4,37438.4,亿元,Q,,https://data.stats.gov.cn/dg/website/publicrelease/web/external/stream/esData,来源指标：第三产业增加值当季值 (亿元)；原始值 37438.4；直接采用官方值
gdp_tertiary_q_nominal,CHN,2009-Q1,38427.6,亿元,Q,,https://data.stats.gov.cn/dg/website/publicrelease/web/external/stream/esData,来源指标：第三产业增加值当季值 (亿元)；原始值 38427.6；直接采用官方值
gdp_tertiary_q_nominal,CHN,2009-Q2,39108.7,亿元,Q,,https://data.stats.gov.cn/dg/website/publicrelease/web/external/stream/esData,来源指标：第三产业增加值当季值 (亿元)；原始值 39108.7；直接采用官方值
gdp_tertiary_q_nominal,CHN,2009-Q3,40022.2,亿元,Q,,https://data.stats.gov.cn/dg/website/publicrelease/web/external/stream/esData,来源指标：第三产业增加值当季值 (亿元)；原始值 40022.2；直接采用官方值
gdp_tertiary_q_nominal,CHN,2009-Q4,43210.5,亿元,Q,,https://data.stats.gov.cn/dg/website/publicrelease/web/external/stream/esData,来源指标：第三产业增加值当季值 (亿元)；原始值 43210.5；直接采用官方值
gdp_tertiary_q_nominal,CHN,2010-Q1,44934.8,亿元,Q,,https://data.stats.gov.cn/dg/website/publicrelease/web/external/stream/esData,来源指标：第三产业增加值当季值 (亿元)；原始值 44934.8；直接采用官方值
gdp_tertiary_q_nominal,CHN,2010-Q2,45867.1,亿元,Q,,https://data.stats.gov.cn/dg/website/publicrelease/web/external/stream/esData,来源指标：第三产业增加值当季值 (亿元)；原始值 45867.1；直接采用官方值
gdp_tertiary_q_nominal,CHN,2010-Q3,47252.6,亿元,Q,,https://data.stats.gov.cn/dg/website/publicrelease/web/external/stream/esData,来源指标：第三产业增加值当季值 (亿元)；原始值 47252.6；直接采用官方值
gdp_tertiary_q_nominal,CHN,2010-Q4,51141.4,亿元,Q,,https://data.stats.gov.cn/dg/website/publicrelease/web/external/stream/esData,来源指标：第三产业增加值当季值 (亿元)；原始值 51141.4；直接采用官方值
gdp_tertiary_q_nominal,CHN,2011-Q1,53432.2,亿元,Q,,https://data.stats.gov.cn/dg/website/publicrelease/web/external/stream/esData,来源指标：第三产业增加值当季值 (亿元)；原始值 53432.2；直接采用官方值
gdp_tertiary_q_nominal,CHN,2011-Q2,54749.6,亿元,Q,,https://data.stats.gov.cn/dg/website/publicrelease/web/external/stream/esData,来源指标：第三产业增加值当季值 (亿元)；原始值 54749.6；直接采用官方值
gdp_tertiary_q_nominal,CHN,2011-Q3,56083.3,亿元,Q,,https://data.stats.gov.cn/dg/website/publicrelease/web/external/stream/esData,来源指标：第三产业增加值当季值 (亿元)；原始值 56083.3；直接采用官方值
gdp_tertiary_q_nominal,CHN,2011-Q4,59625.9,亿元,Q,,https://data.stats.gov.cn/dg/website/publicrelease/web/external/stream/esData,来源指标：第三产业增加值当季值 (亿元)；原始值 59625.9；直接采用官方值
gdp_tertiary_q_nominal,CHN,2012-Q1,60615.3,亿元,Q,,https://data.stats.gov.cn/dg/website/publicrelease/web/external/stream/esData,来源指标：第三产业增加值当季值 (亿元)；原始值 60615.3；直接采用官方值
gdp_tertiary_q_nominal,CHN,2012-Q2,62146.7,亿元,Q,,https://data.stats.gov.cn/dg/website/publicrelease/web/external/stream/esData,来源指标：第三产业增加值当季值 (亿元)；原始值 62146.7；直接采用官方值
gdp_tertiary_q_nominal,CHN,2012-Q3,63471.8,亿元,Q,,https://data.stats.gov.cn/dg/website/publicrelease/web/external/stream/esData,来源指标：第三产业增加值当季值 (亿元)；原始值 63471.8；直接采用官方值
gdp_tertiary_q_nominal,CHN,2012-Q4,67553.2,亿元,Q,,https://data.stats.gov.cn/dg/website/publicrelease/web/external/stream/esData,来源指标：第三产业增加值当季值 (亿元)；原始值 67553.2；直接采用官方值
gdp_tertiary_q_nominal,CHN,2013-Q1,69149.4,亿元,Q,,https://data.stats.gov.cn/dg/website/publicrelease/web/external/stream/esData,来源指标：第三产业增加值当季值 (亿元)；原始值 69149.4；直接采用官方值
gdp_tertiary_q_nominal,CHN,2013-Q2,70593.9,亿元,Q,,https://data.stats.gov.cn/dg/website/publicrelease/web/external/stream/esData,来源指标：第三产业增加值当季值 (亿元)；原始值 70593.9；直接采用官方值
gdp_tertiary_q_nominal,CHN,2013-Q3,72318.4,亿元,Q,,https://data.stats.gov.cn/dg/website/publicrelease/web/external/stream/esData,来源指标：第三产业增加值当季值 (亿元)；原始值 72318.4；直接采用官方值
gdp_tertiary_q_nominal,CHN,2013-Q4,76619.0,亿元,Q,,https://data.stats.gov.cn/dg/website/publicrelease/web/external/stream/esData,来源指标：第三产业增加值当季值 (亿元)；原始值 76619.0；直接采用官方值
gdp_tertiary_q_nominal,CHN,2014-Q1,77271.9,亿元,Q,,https://data.stats.gov.cn/dg/website/publicrelease/web/external/stream/esData,来源指标：第三产业增加值当季值 (亿元)；原始值 77271.9；直接采用官方值
gdp_tertiary_q_nominal,CHN,2014-Q2,78894.7,亿元,Q,,https://data.stats.gov.cn/dg/website/publicrelease/web/external/stream/esData,来源指标：第三产业增加值当季值 (亿元)；原始值 78894.7；直接采用官方值
gdp_tertiary_q_nominal,CHN,2014-Q3,80775.7,亿元,Q,,https://data.stats.gov.cn/dg/website/publicrelease/web/external/stream/esData,来源指标：第三产业增加值当季值 (亿元)；原始值 80775.7；直接采用官方值
gdp_tertiary_q_nominal,CHN,2014-Q4,85931.5,亿元,Q,,https://data.stats.gov.cn/dg/website/publicrelease/web/external/stream/esData,来源指标：第三产业增加值当季值 (亿元)；原始值 85931.5；直接采用官方值
gdp_tertiary_q_nominal,CHN,2015-Q1,86292.2,亿元,Q,,https://data.stats.gov.cn/dg/website/publicrelease/web/external/stream/esData,来源指标：第三产业增加值当季值 (亿元)；原始值 86292.2；直接采用官方值
gdp_tertiary_q_nominal,CHN,2015-Q2,89084.7,亿元,Q,,https://data.stats.gov.cn/dg/website/publicrelease/web/external/stream/esData,来源指标：第三产业增加值当季值 (亿元)；原始值 89084.7；直接采用官方值
gdp_tertiary_q_nominal,CHN,2015-Q3,91418.9,亿元,Q,,https://data.stats.gov.cn/dg/website/publicrelease/web/external/stream/esData,来源指标：第三产业增加值当季值 (亿元)；原始值 91418.9；直接采用官方值
gdp_tertiary_q_nominal,CHN,2015-Q4,96602.0,亿元,Q,,https://data.stats.gov.cn/dg/website/publicrelease/web/external/stream/esData,来源指标：第三产业增加值当季值 (亿元)；原始值 96602.0；直接采用官方值
gdp_tertiary_q_nominal,CHN,2016-Q1,96315.8,亿元,Q,,https://data.stats.gov.cn/dg/website/publicrelease/web/external/stream/esData,来源指标：第三产业增加值当季值 (亿元)；原始值 96315.8；直接采用官方值
gdp_tertiary_q_nominal,CHN,2016-Q2,99029.8,亿元,Q,,https://data.stats.gov.cn/dg/website/publicrelease/web/external/stream/esData,来源指标：第三产业增加值当季值 (亿元)；原始值 99029.8；直接采用官方值
gdp_tertiary_q_nominal,CHN,2016-Q3,101894.7,亿元,Q,,https://data.stats.gov.cn/dg/website/publicrelease/web/external/stream/esData,来源指标：第三产业增加值当季值 (亿元)；原始值 101894.7；直接采用官方值
gdp_tertiary_q_nominal,CHN,2016-Q4,108385.7,亿元,Q,,https://data.stats.gov.cn/dg/website/publicrelease/web/external/stream/esData,来源指标：第三产业增加值当季值 (亿元)；原始值 108385.7；直接采用官方值
gdp_tertiary_q_nominal,CHN,2017-Q1,107753.0,亿元,Q,,https://data.stats.gov.cn/dg/website/publicrelease/web/external/stream/esData,来源指标：第三产业增加值当季值 (亿元)；原始值 107753.0；直接采用官方值
gdp_tertiary_q_nominal,CHN,2017-Q2,110697.7,亿元,Q,,https://data.stats.gov.cn/dg/website/publicrelease/web/external/stream/esData,来源指标：第三产业增加值当季值 (亿元)；原始值 110697.7；直接采用官方值
gdp_tertiary_q_nominal,CHN,2017-Q3,113925.4,亿元,Q,,https://data.stats.gov.cn/dg/website/publicrelease/web/external/stream/esData,来源指标：第三产业增加值当季值 (亿元)；原始值 113925.4；直接采用官方值
gdp_tertiary_q_nominal,CHN,2017-Q4,121326.7,亿元,Q,,https://data.stats.gov.cn/dg/website/publicrelease/web/external/stream/esData,来源指标：第三产业增加值当季值 (亿元)；原始值 121326.7；直接采用官方值
gdp_tertiary_q_nominal,CHN,2018-Q1,120561.4,亿元,Q,,https://data.stats.gov.cn/dg/website/publicrelease/web/external/stream/esData,来源指标：第三产业增加值当季值 (亿元)；原始值 120561.4；直接采用官方值
gdp_tertiary_q_nominal,CHN,2018-Q2,123938.0,亿元,Q,,https://data.stats.gov.cn/dg/website/publicrelease/web/external/stream/esData,来源指标：第三产业增加值当季值 (亿元)；原始值 123938.0；直接采用官方值
gdp_tertiary_q_nominal,CHN,2018-Q3,127457.4,亿元,Q,,https://data.stats.gov.cn/dg/website/publicrelease/web/external/stream/esData,来源指标：第三产业增加值当季值 (亿元)；原始值 127457.4；直接采用官方值
gdp_tertiary_q_nominal,CHN,2018-Q4,134473.0,亿元,Q,,https://data.stats.gov.cn/dg/website/publicrelease/web/external/stream/esData,来源指标：第三产业增加值当季值 (亿元)；原始值 134473.0；直接采用官方值
gdp_tertiary_q_nominal,CHN,2019-Q1,132265.4,亿元,Q,,https://data.stats.gov.cn/dg/website/publicrelease/web/external/stream/esData,来源指标：第三产业增加值当季值 (亿元)；原始值 132265.4；直接采用官方值
gdp_tertiary_q_nominal,CHN,2019-Q2,136048.3,亿元,Q,,https://data.stats.gov.cn/dg/website/publicrelease/web/external/stream/esData,来源指标：第三产业增加值当季值 (亿元)；原始值 136048.3；直接采用官方值
gdp_tertiary_q_nominal,CHN,2019-Q3,139996.3,亿元,Q,,https://data.stats.gov.cn/dg/website/publicrelease/web/external/stream/esData,来源指标：第三产业增加值当季值 (亿元)；原始值 139996.3；直接采用官方值
gdp_tertiary_q_nominal,CHN,2019-Q4,147228.8,亿元,Q,,https://data.stats.gov.cn/dg/website/publicrelease/web/external/stream/esData,来源指标：第三产业增加值当季值 (亿元)；原始值 147228.8；直接采用官方值
gdp_tertiary_q_nominal,CHN,2020-Q1,127356.6,亿元,Q,,https://data.stats.gov.cn/dg/website/publicrelease/web/external/stream/esData,来源指标：第三产业增加值当季值 (亿元)；原始值 127356.6；直接采用官方值
gdp_tertiary_q_nominal,CHN,2020-Q2,140391.9,亿元,Q,,https://data.stats.gov.cn/dg/website/publicrelease/web/external/stream/esData,来源指标：第三产业增加值当季值 (亿元)；原始值 140391.9；直接采用官方值
gdp_tertiary_q_nominal,CHN,2020-Q3,148236.1,亿元,Q,,https://data.stats.gov.cn/dg/website/publicrelease/web/external/stream/esData,来源指标：第三产业增加值当季值 (亿元)；原始值 148236.1；直接采用官方值
gdp_tertiary_q_nominal,CHN,2020-Q4,158866.3,亿元,Q,,https://data.stats.gov.cn/dg/website/publicrelease/web/external/stream/esData,来源指标：第三产业增加值当季值 (亿元)；原始值 158866.3；直接采用官方值
gdp_tertiary_q_nominal,CHN,2021-Q1,151747.2,亿元,Q,,https://data.stats.gov.cn/dg/website/publicrelease/web/external/stream/esData,来源指标：第三产业增加值当季值 (亿元)；原始值 151747.2；直接采用官方值
gdp_tertiary_q_nominal,CHN,2021-Q2,158194.6,亿元,Q,,https://data.stats.gov.cn/dg/website/publicrelease/web/external/stream/esData,来源指标：第三产业增加值当季值 (亿元)；原始值 158194.6；直接采用官方值
gdp_tertiary_q_nominal,CHN,2021-Q3,161811.3,亿元,Q,,https://data.stats.gov.cn/dg/website/publicrelease/web/external/stream/esData,来源指标：第三产业增加值当季值 (亿元)；原始值 161811.3；直接采用官方值
gdp_tertiary_q_nominal,CHN,2021-Q4,171715.3,亿元,Q,,https://data.stats.gov.cn/dg/website/publicrelease/web/external/stream/esData,来源指标：第三产业增加值当季值 (亿元)；原始值 171715.3；直接采用官方值
gdp_tertiary_q_nominal,CHN,2022-Q1,163335.6,亿元,Q,,https://data.stats.gov.cn/dg/website/publicrelease/web/external/stream/esData,来源指标：第三产业增加值当季值 (亿元)；原始值 163335.6；直接采用官方值
gdp_tertiary_q_nominal,CHN,2022-Q2,162239.6,亿元,Q,,https://data.stats.gov.cn/dg/website/publicrelease/web/external/stream/esData,来源指标：第三产业增加值当季值 (亿元)；原始值 162239.6；直接采用官方值
gdp_tertiary_q_nominal,CHN,2022-Q3,171897.6,亿元,Q,,https://data.stats.gov.cn/dg/website/publicrelease/web/external/stream/esData,来源指标：第三产业增加值当季值 (亿元)；原始值 171897.6；直接采用官方值
gdp_tertiary_q_nominal,CHN,2022-Q4,180719.8,亿元,Q,,https://data.stats.gov.cn/dg/website/publicrelease/web/external/stream/esData,来源指标：第三产业增加值当季值 (亿元)；原始值 180719.8；直接采用官方值
gdp_tertiary_q_nominal,CHN,2023-Q1,176288.8,亿元,Q,,https://data.stats.gov.cn/dg/website/publicrelease/web/external/stream/esData,来源指标：第三产业增加值当季值 (亿元)；原始值 176288.8；直接采用官方值
gdp_tertiary_q_nominal,CHN,2023-Q2,177613.2,亿元,Q,,https://data.stats.gov.cn/dg/website/publicrelease/web/external/stream/esData,来源指标：第三产业增加值当季值 (亿元)；原始值 177613.2；直接采用官方值
gdp_tertiary_q_nominal,CHN,2023-Q3,182999.2,亿元,Q,,https://data.stats.gov.cn/dg/website/publicrelease/web/external/stream/esData,来源指标：第三产业增加值当季值 (亿元)；原始值 182999.2；直接采用官方值
gdp_tertiary_q_nominal,CHN,2023-Q4,192265.3,亿元,Q,,https://data.stats.gov.cn/dg/website/publicrelease/web/external/stream/esData,来源指标：第三产业增加值当季值 (亿元)；原始值 192265.3；直接采用官方值
gdp_tertiary_q_nominal,CHN,2024-Q1,185132.0,亿元,Q,,https://data.stats.gov.cn/dg/website/publicrelease/web/external/stream/esData,来源指标：第三产业增加值当季值 (亿元)；原始值 185132.0；直接采用官方值
gdp_tertiary_q_nominal,CHN,2024-Q2,185018.5,亿元,Q,,https://data.stats.gov.cn/dg/website/publicrelease/web/external/stream/esData,来源指标：第三产业增加值当季值 (亿元)；原始值 185018.5；直接采用官方值
gdp_tertiary_q_nominal,CHN,2024-Q3,191668.5,亿元,Q,,https://data.stats.gov.cn/dg/website/publicrelease/web/external/stream/esData,来源指标：第三产业增加值当季值 (亿元)；原始值 191668.5；直接采用官方值
gdp_tertiary_q_nominal,CHN,2024-Q4,204306.0,亿元,Q,,https://data.stats.gov.cn/dg/website/publicrelease/web/external/stream/esData,来源指标：第三产业增加值当季值 (亿元)；原始值 204306.0；直接采用官方值
gdp_tertiary_q_nominal,CHN,2025-Q1,195187.3,亿元,Q,,https://data.stats.gov.cn/dg/website/publicrelease/web/external/stream/esData,来源指标：第三产业增加值当季值 (亿元)；原始值 195187.3；直接采用官方值
gdp_tertiary_q_nominal,CHN,2025-Q2,195176.9,亿元,Q,,https://data.stats.gov.cn/dg/website/publicrelease/web/external/stream/esData,来源指标：第三产业增加值当季值 (亿元)；原始值 195176.9；直接采用官方值
gdp_tertiary_q_nominal,CHN,2025-Q3,202566.8,亿元,Q,,https://data.stats.gov.cn/dg/website/publicrelease/web/external/stream/esData,来源指标：第三产业增加值当季值 (亿元)；原始值 202566.8；直接采用官方值
gdp_tertiary_q_nominal,CHN,2025-Q4,215948.3,亿元,Q,,https://data.stats.gov.cn/dg/website/publicrelease/web/external/stream/esData,来源指标：第三产业增加值当季值 (亿元)；原始值 215948.3；直接采用官方值
gdp_tertiary_q_nominal,CHN,2026-Q1,206117.2,亿元,Q,,https://data.stats.gov.cn/dg/website/publicrelease/web/external/stream/esData,来源指标：第三产业增加值当季值 (亿元)；原始值 206117.2；直接采用官方值
gdp_tertiary_q_nominal,CHN,2026-Q2,207592.0,亿元,Q,,https://data.stats.gov.cn/dg/website/publicrelease/web/external/stream/esData,来源指标：第三产业增加值当季值 (亿元)；原始值 207592.0；直接采用官方值
gdp_tertiary_q_yoy,CHN,1993-Q1,12.0,%,Q,,https://data.stats.gov.cn/dg/website/publicrelease/web/external/stream/esData,来源指标：第三产业增加值指数 (上年同期=100) 当季值；原始值 112.0；不变价同比指数减100得到增长率
gdp_tertiary_q_yoy,CHN,1993-Q2,10.6,%,Q,,https://data.stats.gov.cn/dg/website/publicrelease/web/external/stream/esData,来源指标：第三产业增加值指数 (上年同期=100) 当季值；原始值 110.6；不变价同比指数减100得到增长率
gdp_tertiary_q_yoy,CHN,1993-Q3,12.1,%,Q,,https://data.stats.gov.cn/dg/website/publicrelease/web/external/stream/esData,来源指标：第三产业增加值指数 (上年同期=100) 当季值；原始值 112.1；不变价同比指数减100得到增长率
gdp_tertiary_q_yoy,CHN,1993-Q4,14.4,%,Q,,https://data.stats.gov.cn/dg/website/publicrelease/web/external/stream/esData,来源指标：第三产业增加值指数 (上年同期=100) 当季值；原始值 114.4；不变价同比指数减100得到增长率
gdp_tertiary_q_yoy,CHN,1994-Q1,11.8,%,Q,,https://data.stats.gov.cn/dg/website/publicrelease/web/external/stream/esData,来源指标：第三产业增加值指数 (上年同期=100) 当季值；原始值 111.8；不变价同比指数减100得到增长率
gdp_tertiary_q_yoy,CHN,1994-Q2,11.1,%,Q,,https://data.stats.gov.cn/dg/website/publicrelease/web/external/stream/esData,来源指标：第三产业增加值指数 (上年同期=100) 当季值；原始值 111.1；不变价同比指数减100得到增长率
gdp_tertiary_q_yoy,CHN,1994-Q3,11.8,%,Q,,https://data.stats.gov.cn/dg/website/publicrelease/web/external/stream/esData,来源指标：第三产业增加值指数 (上年同期=100) 当季值；原始值 111.8；不变价同比指数减100得到增长率
gdp_tertiary_q_yoy,CHN,1994-Q4,11.5,%,Q,,https://data.stats.gov.cn/dg/website/publicrelease/web/external/stream/esData,来源指标：第三产业增加值指数 (上年同期=100) 当季值；原始值 111.5；不变价同比指数减100得到增长率
gdp_tertiary_q_yoy,CHN,1995-Q1,10.7,%,Q,,https://data.stats.gov.cn/dg/website/publicrelease/web/external/stream/esData,来源指标：第三产业增加值指数 (上年同期=100) 当季值；原始值 110.7；不变价同比指数减100得到增长率
gdp_tertiary_q_yoy,CHN,1995-Q2,9.2,%,Q,,https://data.stats.gov.cn/dg/website/publicrelease/web/external/stream/esData,来源指标：第三产业增加值指数 (上年同期=100) 当季值；原始值 109.2；不变价同比指数减100得到增长率
gdp_tertiary_q_yoy,CHN,1995-Q3,9.4,%,Q,,https://data.stats.gov.cn/dg/website/publicrelease/web/external/stream/esData,来源指标：第三产业增加值指数 (上年同期=100) 当季值；原始值 109.4；不变价同比指数减100得到增长率
gdp_tertiary_q_yoy,CHN,1995-Q4,11.7,%,Q,,https://data.stats.gov.cn/dg/website/publicrelease/web/external/stream/esData,来源指标：第三产业增加值指数 (上年同期=100) 当季值；原始值 111.7；不变价同比指数减100得到增长率
gdp_tertiary_q_yoy,CHN,1996-Q1,9.8,%,Q,,https://data.stats.gov.cn/dg/website/publicrelease/web/external/stream/esData,来源指标：第三产业增加值指数 (上年同期=100) 当季值；原始值 109.8；不变价同比指数减100得到增长率
gdp_tertiary_q_yoy,CHN,1996-Q2,9.6,%,Q,,https://data.stats.gov.cn/dg/website/publicrelease/web/external/stream/esData,来源指标：第三产业增加值指数 (上年同期=100) 当季值；原始值 109.6；不变价同比指数减100得到增长率
gdp_tertiary_q_yoy,CHN,1996-Q3,8.7,%,Q,,https://data.stats.gov.cn/dg/website/publicrelease/web/external/stream/esData,来源指标：第三产业增加值指数 (上年同期=100) 当季值；原始值 108.7；不变价同比指数减100得到增长率
gdp_tertiary_q_yoy,CHN,1996-Q4,9.4,%,Q,,https://data.stats.gov.cn/dg/website/publicrelease/web/external/stream/esData,来源指标：第三产业增加值指数 (上年同期=100) 当季值；原始值 109.4；不变价同比指数减100得到增长率
gdp_tertiary_q_yoy,CHN,1997-Q1,11.6,%,Q,,https://data.stats.gov.cn/dg/website/publicrelease/web/external/stream/esData,来源指标：第三产业增加值指数 (上年同期=100) 当季值；原始值 111.6；不变价同比指数减100得到增长率
gdp_tertiary_q_yoy,CHN,1997-Q2,11.1,%,Q,,https://data.stats.gov.cn/dg/website/publicrelease/web/external/stream/esData,来源指标：第三产业增加值指数 (上年同期=100) 当季值；原始值 111.1；不变价同比指数减100得到增长率
gdp_tertiary_q_yoy,CHN,1997-Q3,11.1,%,Q,,https://data.stats.gov.cn/dg/website/publicrelease/web/external/stream/esData,来源指标：第三产业增加值指数 (上年同期=100) 当季值；原始值 111.1；不变价同比指数减100得到增长率
gdp_tertiary_q_yoy,CHN,1997-Q4,8.8,%,Q,,https://data.stats.gov.cn/dg/website/publicrelease/web/external/stream/esData,来源指标：第三产业增加值指数 (上年同期=100) 当季值；原始值 108.8；不变价同比指数减100得到增长率
gdp_tertiary_q_yoy,CHN,1998-Q1,8.2,%,Q,,https://data.stats.gov.cn/dg/website/publicrelease/web/external/stream/esData,来源指标：第三产业增加值指数 (上年同期=100) 当季值；原始值 108.2；不变价同比指数减100得到增长率
gdp_tertiary_q_yoy,CHN,1998-Q2,8.0,%,Q,,https://data.stats.gov.cn/dg/website/publicrelease/web/external/stream/esData,来源指标：第三产业增加值指数 (上年同期=100) 当季值；原始值 108.0；不变价同比指数减100得到增长率
gdp_tertiary_q_yoy,CHN,1998-Q3,8.9,%,Q,,https://data.stats.gov.cn/dg/website/publicrelease/web/external/stream/esData,来源指标：第三产业增加值指数 (上年同期=100) 当季值；原始值 108.9；不变价同比指数减100得到增长率
gdp_tertiary_q_yoy,CHN,1998-Q4,9.4,%,Q,,https://data.stats.gov.cn/dg/website/publicrelease/web/external/stream/esData,来源指标：第三产业增加值指数 (上年同期=100) 当季值；原始值 109.4；不变价同比指数减100得到增长率
gdp_tertiary_q_yoy,CHN,1999-Q1,9.4,%,Q,,https://data.stats.gov.cn/dg/website/publicrelease/web/external/stream/esData,来源指标：第三产业增加值指数 (上年同期=100) 当季值；原始值 109.4；不变价同比指数减100得到增长率
gdp_tertiary_q_yoy,CHN,1999-Q2,8.8,%,Q,,https://data.stats.gov.cn/dg/website/publicrelease/web/external/stream/esData,来源指标：第三产业增加值指数 (上年同期=100) 当季值；原始值 108.8；不变价同比指数减100得到增长率
gdp_tertiary_q_yoy,CHN,1999-Q3,9.8,%,Q,,https://data.stats.gov.cn/dg/website/publicrelease/web/external/stream/esData,来源指标：第三产业增加值指数 (上年同期=100) 当季值；原始值 109.8；不变价同比指数减100得到增长率
gdp_tertiary_q_yoy,CHN,1999-Q4,9.9,%,Q,,https://data.stats.gov.cn/dg/website/publicrelease/web/external/stream/esData,来源指标：第三产业增加值指数 (上年同期=100) 当季值；原始值 109.9；不变价同比指数减100得到增长率
gdp_tertiary_q_yoy,CHN,2000-Q1,10.1,%,Q,,https://data.stats.gov.cn/dg/website/publicrelease/web/external/stream/esData,来源指标：第三产业增加值指数 (上年同期=100) 当季值；原始值 110.1；不变价同比指数减100得到增长率
gdp_tertiary_q_yoy,CHN,2000-Q2,11.1,%,Q,,https://data.stats.gov.cn/dg/website/publicrelease/web/external/stream/esData,来源指标：第三产业增加值指数 (上年同期=100) 当季值；原始值 111.1；不变价同比指数减100得到增长率
gdp_tertiary_q_yoy,CHN,2000-Q3,10.4,%,Q,,https://data.stats.gov.cn/dg/website/publicrelease/web/external/stream/esData,来源指标：第三产业增加值指数 (上年同期=100) 当季值；原始值 110.4；不变价同比指数减100得到增长率
gdp_tertiary_q_yoy,CHN,2000-Q4,8.6,%,Q,,https://data.stats.gov.cn/dg/website/publicrelease/web/external/stream/esData,来源指标：第三产业增加值指数 (上年同期=100) 当季值；原始值 108.6；不变价同比指数减100得到增长率
gdp_tertiary_q_yoy,CHN,2001-Q1,10.8,%,Q,,https://data.stats.gov.cn/dg/website/publicrelease/web/external/stream/esData,来源指标：第三产业增加值指数 (上年同期=100) 当季值；原始值 110.8；不变价同比指数减100得到增长率
gdp_tertiary_q_yoy,CHN,2001-Q2,9.7,%,Q,,https://data.stats.gov.cn/dg/website/publicrelease/web/external/stream/esData,来源指标：第三产业增加值指数 (上年同期=100) 当季值；原始值 109.7；不变价同比指数减100得到增长率
gdp_tertiary_q_yoy,CHN,2001-Q3,10.2,%,Q,,https://data.stats.gov.cn/dg/website/publicrelease/web/external/stream/esData,来源指标：第三产业增加值指数 (上年同期=100) 当季值；原始值 110.2；不变价同比指数减100得到增长率
gdp_tertiary_q_yoy,CHN,2001-Q4,10.0,%,Q,,https://data.stats.gov.cn/dg/website/publicrelease/web/external/stream/esData,来源指标：第三产业增加值指数 (上年同期=100) 当季值；原始值 110.0；不变价同比指数减100得到增长率
gdp_tertiary_q_yoy,CHN,2002-Q1,10.3,%,Q,,https://data.stats.gov.cn/dg/website/publicrelease/web/external/stream/esData,来源指标：第三产业增加值指数 (上年同期=100) 当季值；原始值 110.3；不变价同比指数减100得到增长率
gdp_tertiary_q_yoy,CHN,2002-Q2,9.8,%,Q,,https://data.stats.gov.cn/dg/website/publicrelease/web/external/stream/esData,来源指标：第三产业增加值指数 (上年同期=100) 当季值；原始值 109.8；不变价同比指数减100得到增长率
gdp_tertiary_q_yoy,CHN,2002-Q3,11.2,%,Q,,https://data.stats.gov.cn/dg/website/publicrelease/web/external/stream/esData,来源指标：第三产业增加值指数 (上年同期=100) 当季值；原始值 111.2；不变价同比指数减100得到增长率
gdp_tertiary_q_yoy,CHN,2002-Q4,11.5,%,Q,,https://data.stats.gov.cn/dg/website/publicrelease/web/external/stream/esData,来源指标：第三产业增加值指数 (上年同期=100) 当季值；原始值 111.5；不变价同比指数减100得到增长率
gdp_tertiary_q_yoy,CHN,2003-Q1,10.7,%,Q,,https://data.stats.gov.cn/dg/website/publicrelease/web/external/stream/esData,来源指标：第三产业增加值指数 (上年同期=100) 当季值；原始值 110.7；不变价同比指数减100得到增长率
gdp_tertiary_q_yoy,CHN,2003-Q2,8.9,%,Q,,https://data.stats.gov.cn/dg/website/publicrelease/web/external/stream/esData,来源指标：第三产业增加值指数 (上年同期=100) 当季值；原始值 108.9；不变价同比指数减100得到增长率
gdp_tertiary_q_yoy,CHN,2003-Q3,8.9,%,Q,,https://data.stats.gov.cn/dg/website/publicrelease/web/external/stream/esData,来源指标：第三产业增加值指数 (上年同期=100) 当季值；原始值 108.9；不变价同比指数减100得到增长率
gdp_tertiary_q_yoy,CHN,2003-Q4,10.3,%,Q,,https://data.stats.gov.cn/dg/website/publicrelease/web/external/stream/esData,来源指标：第三产业增加值指数 (上年同期=100) 当季值；原始值 110.3；不变价同比指数减100得到增长率
gdp_tertiary_q_yoy,CHN,2004-Q1,10.0,%,Q,,https://data.stats.gov.cn/dg/website/publicrelease/web/external/stream/esData,来源指标：第三产业增加值指数 (上年同期=100) 当季值；原始值 110.0；不变价同比指数减100得到增长率
gdp_tertiary_q_yoy,CHN,2004-Q2,12.8,%,Q,,https://data.stats.gov.cn/dg/website/publicrelease/web/external/stream/esData,来源指标：第三产业增加值指数 (上年同期=100) 当季值；原始值 112.8；不变价同比指数减100得到增长率
gdp_tertiary_q_yoy,CHN,2004-Q3,9.9,%,Q,,https://data.stats.gov.cn/dg/website/publicrelease/web/external/stream/esData,来源指标：第三产业增加值指数 (上年同期=100) 当季值；原始值 109.9；不变价同比指数减100得到增长率
gdp_tertiary_q_yoy,CHN,2004-Q4,8.2,%,Q,,https://data.stats.gov.cn/dg/website/publicrelease/web/external/stream/esData,来源指标：第三产业增加值指数 (上年同期=100) 当季值；原始值 108.2；不变价同比指数减100得到增长率
gdp_tertiary_q_yoy,CHN,2005-Q1,12.1,%,Q,,https://data.stats.gov.cn/dg/website/publicrelease/web/external/stream/esData,来源指标：第三产业增加值指数 (上年同期=100) 当季值；原始值 112.1；不变价同比指数减100得到增长率
gdp_tertiary_q_yoy,CHN,2005-Q2,11.7,%,Q,,https://data.stats.gov.cn/dg/website/publicrelease/web/external/stream/esData,来源指标：第三产业增加值指数 (上年同期=100) 当季值；原始值 111.7；不变价同比指数减100得到增长率
gdp_tertiary_q_yoy,CHN,2005-Q3,12.5,%,Q,,https://data.stats.gov.cn/dg/website/publicrelease/web/external/stream/esData,来源指标：第三产业增加值指数 (上年同期=100) 当季值；原始值 112.5；不变价同比指数减100得到增长率
gdp_tertiary_q_yoy,CHN,2005-Q4,13.6,%,Q,,https://data.stats.gov.cn/dg/website/publicrelease/web/external/stream/esData,来源指标：第三产业增加值指数 (上年同期=100) 当季值；原始值 113.6；不变价同比指数减100得到增长率
gdp_tertiary_q_yoy,CHN,2006-Q1,13.0,%,Q,,https://data.stats.gov.cn/dg/website/publicrelease/web/external/stream/esData,来源指标：第三产业增加值指数 (上年同期=100) 当季值；原始值 113.0；不变价同比指数减100得到增长率
gdp_tertiary_q_yoy,CHN,2006-Q2,13.9,%,Q,,https://data.stats.gov.cn/dg/website/publicrelease/web/external/stream/esData,来源指标：第三产业增加值指数 (上年同期=100) 当季值；原始值 113.9；不变价同比指数减100得到增长率
gdp_tertiary_q_yoy,CHN,2006-Q3,13.8,%,Q,,https://data.stats.gov.cn/dg/website/publicrelease/web/external/stream/esData,来源指标：第三产业增加值指数 (上年同期=100) 当季值；原始值 113.8；不变价同比指数减100得到增长率
gdp_tertiary_q_yoy,CHN,2006-Q4,15.2,%,Q,,https://data.stats.gov.cn/dg/website/publicrelease/web/external/stream/esData,来源指标：第三产业增加值指数 (上年同期=100) 当季值；原始值 115.2；不变价同比指数减100得到增长率
gdp_tertiary_q_yoy,CHN,2007-Q1,13.7,%,Q,,https://data.stats.gov.cn/dg/website/publicrelease/web/external/stream/esData,来源指标：第三产业增加值指数 (上年同期=100) 当季值；原始值 113.7；不变价同比指数减100得到增长率
gdp_tertiary_q_yoy,CHN,2007-Q2,15.8,%,Q,,https://data.stats.gov.cn/dg/website/publicrelease/web/external/stream/esData,来源指标：第三产业增加值指数 (上年同期=100) 当季值；原始值 115.8；不变价同比指数减100得到增长率
gdp_tertiary_q_yoy,CHN,2007-Q3,16.7,%,Q,,https://data.stats.gov.cn/dg/website/publicrelease/web/external/stream/esData,来源指标：第三产业增加值指数 (上年同期=100) 当季值；原始值 116.7；不变价同比指数减100得到增长率
gdp_tertiary_q_yoy,CHN,2007-Q4,17.1,%,Q,,https://data.stats.gov.cn/dg/website/publicrelease/web/external/stream/esData,来源指标：第三产业增加值指数 (上年同期=100) 当季值；原始值 117.1；不变价同比指数减100得到增长率
gdp_tertiary_q_yoy,CHN,2008-Q1,11.6,%,Q,,https://data.stats.gov.cn/dg/website/publicrelease/web/external/stream/esData,来源指标：第三产业增加值指数 (上年同期=100) 当季值；原始值 111.6；不变价同比指数减100得到增长率
gdp_tertiary_q_yoy,CHN,2008-Q2,11.6,%,Q,,https://data.stats.gov.cn/dg/website/publicrelease/web/external/stream/esData,来源指标：第三产业增加值指数 (上年同期=100) 当季值；原始值 111.6；不变价同比指数减100得到增长率
gdp_tertiary_q_yoy,CHN,2008-Q3,10.9,%,Q,,https://data.stats.gov.cn/dg/website/publicrelease/web/external/stream/esData,来源指标：第三产业增加值指数 (上年同期=100) 当季值；原始值 110.9；不变价同比指数减100得到增长率
gdp_tertiary_q_yoy,CHN,2008-Q4,8.1,%,Q,,https://data.stats.gov.cn/dg/website/publicrelease/web/external/stream/esData,来源指标：第三产业增加值指数 (上年同期=100) 当季值；原始值 108.1；不变价同比指数减100得到增长率
gdp_tertiary_q_yoy,CHN,2009-Q1,7.2,%,Q,,https://data.stats.gov.cn/dg/website/publicrelease/web/external/stream/esData,来源指标：第三产业增加值指数 (上年同期=100) 当季值；原始值 107.2；不变价同比指数减100得到增长率
gdp_tertiary_q_yoy,CHN,2009-Q2,9.0,%,Q,,https://data.stats.gov.cn/dg/website/publicrelease/web/external/stream/esData,来源指标：第三产业增加值指数 (上年同期=100) 当季值；原始值 109.0；不变价同比指数减100得到增长率
gdp_tertiary_q_yoy,CHN,2009-Q3,11.2,%,Q,,https://data.stats.gov.cn/dg/website/publicrelease/web/external/stream/esData,来源指标：第三产业增加值指数 (上年同期=100) 当季值；原始值 111.2；不变价同比指数减100得到增长率
gdp_tertiary_q_yoy,CHN,2009-Q4,11.0,%,Q,,https://data.stats.gov.cn/dg/website/publicrelease/web/external/stream/esData,来源指标：第三产业增加值指数 (上年同期=100) 当季值；原始值 111.0；不变价同比指数减100得到增长率
gdp_tertiary_q_yoy,CHN,2010-Q1,10.0,%,Q,,https://data.stats.gov.cn/dg/website/publicrelease/web/external/stream/esData,来源指标：第三产业增加值指数 (上年同期=100) 当季值；原始值 110.0；不变价同比指数减100得到增长率
gdp_tertiary_q_yoy,CHN,2010-Q2,9.5,%,Q,,https://data.stats.gov.cn/dg/website/publicrelease/web/external/stream/esData,来源指标：第三产业增加值指数 (上年同期=100) 当季值；原始值 109.5；不变价同比指数减100得到增长率
gdp_tertiary_q_yoy,CHN,2010-Q3,9.5,%,Q,,https://data.stats.gov.cn/dg/website/publicrelease/web/external/stream/esData,来源指标：第三产业增加值指数 (上年同期=100) 当季值；原始值 109.5；不变价同比指数减100得到增长率
gdp_tertiary_q_yoy,CHN,2010-Q4,9.5,%,Q,,https://data.stats.gov.cn/dg/website/publicrelease/web/external/stream/esData,来源指标：第三产业增加值指数 (上年同期=100) 当季值；原始值 109.5；不变价同比指数减100得到增长率
gdp_tertiary_q_yoy,CHN,2011-Q1,9.7,%,Q,,https://data.stats.gov.cn/dg/website/publicrelease/web/external/stream/esData,来源指标：第三产业增加值指数 (上年同期=100) 当季值；原始值 109.7；不变价同比指数减100得到增长率
gdp_tertiary_q_yoy,CHN,2011-Q2,10.0,%,Q,,https://data.stats.gov.cn/dg/website/publicrelease/web/external/stream/esData,来源指标：第三产业增加值指数 (上年同期=100) 当季值；原始值 110.0；不变价同比指数减100得到增长率
gdp_tertiary_q_yoy,CHN,2011-Q3,9.2,%,Q,,https://data.stats.gov.cn/dg/website/publicrelease/web/external/stream/esData,来源指标：第三产业增加值指数 (上年同期=100) 当季值；原始值 109.2；不变价同比指数减100得到增长率
gdp_tertiary_q_yoy,CHN,2011-Q4,8.3,%,Q,,https://data.stats.gov.cn/dg/website/publicrelease/web/external/stream/esData,来源指标：第三产业增加值指数 (上年同期=100) 当季值；原始值 108.3；不变价同比指数减100得到增长率
gdp_tertiary_q_yoy,CHN,2012-Q1,7.3,%,Q,,https://data.stats.gov.cn/dg/website/publicrelease/web/external/stream/esData,来源指标：第三产业增加值指数 (上年同期=100) 当季值；原始值 107.3；不变价同比指数减100得到增长率
gdp_tertiary_q_yoy,CHN,2012-Q2,7.8,%,Q,,https://data.stats.gov.cn/dg/website/publicrelease/web/external/stream/esData,来源指标：第三产业增加值指数 (上年同期=100) 当季值；原始值 107.8；不变价同比指数减100得到增长率
gdp_tertiary_q_yoy,CHN,2012-Q3,8.2,%,Q,,https://data.stats.gov.cn/dg/website/publicrelease/web/external/stream/esData,来源指标：第三产业增加值指数 (上年同期=100) 当季值；原始值 108.2；不变价同比指数减100得到增长率
gdp_tertiary_q_yoy,CHN,2012-Q4,8.7,%,Q,,https://data.stats.gov.cn/dg/website/publicrelease/web/external/stream/esData,来源指标：第三产业增加值指数 (上年同期=100) 当季值；原始值 108.7；不变价同比指数减100得到增长率
gdp_tertiary_q_yoy,CHN,2013-Q1,8.4,%,Q,,https://data.stats.gov.cn/dg/website/publicrelease/web/external/stream/esData,来源指标：第三产业增加值指数 (上年同期=100) 当季值；原始值 108.4；不变价同比指数减100得到增长率
gdp_tertiary_q_yoy,CHN,2013-Q2,8.3,%,Q,,https://data.stats.gov.cn/dg/website/publicrelease/web/external/stream/esData,来源指标：第三产业增加值指数 (上年同期=100) 当季值；原始值 108.3；不变价同比指数减100得到增长率
gdp_tertiary_q_yoy,CHN,2013-Q3,8.5,%,Q,,https://data.stats.gov.cn/dg/website/publicrelease/web/external/stream/esData,来源指标：第三产业增加值指数 (上年同期=100) 当季值；原始值 108.5；不变价同比指数减100得到增长率
gdp_tertiary_q_yoy,CHN,2013-Q4,8.0,%,Q,,https://data.stats.gov.cn/dg/website/publicrelease/web/external/stream/esData,来源指标：第三产业增加值指数 (上年同期=100) 当季值；原始值 108.0；不变价同比指数减100得到增长率
gdp_tertiary_q_yoy,CHN,2014-Q1,8.2,%,Q,,https://data.stats.gov.cn/dg/website/publicrelease/web/external/stream/esData,来源指标：第三产业增加值指数 (上年同期=100) 当季值；原始值 108.2；不变价同比指数减100得到增长率
gdp_tertiary_q_yoy,CHN,2014-Q2,8.3,%,Q,,https://data.stats.gov.cn/dg/website/publicrelease/web/external/stream/esData,来源指标：第三产业增加值指数 (上年同期=100) 当季值；原始值 108.3；不变价同比指数减100得到增长率
gdp_tertiary_q_yoy,CHN,2014-Q3,8.1,%,Q,,https://data.stats.gov.cn/dg/website/publicrelease/web/external/stream/esData,来源指标：第三产业增加值指数 (上年同期=100) 当季值；原始值 108.1；不变价同比指数减100得到增长率
gdp_tertiary_q_yoy,CHN,2014-Q4,8.9,%,Q,,https://data.stats.gov.cn/dg/website/publicrelease/web/external/stream/esData,来源指标：第三产业增加值指数 (上年同期=100) 当季值；原始值 108.9；不变价同比指数减100得到增长率
gdp_tertiary_q_yoy,CHN,2015-Q1,8.2,%,Q,,https://data.stats.gov.cn/dg/website/publicrelease/web/external/stream/esData,来源指标：第三产业增加值指数 (上年同期=100) 当季值；原始值 108.2；不变价同比指数减100得到增长率
gdp_tertiary_q_yoy,CHN,2015-Q2,8.8,%,Q,,https://data.stats.gov.cn/dg/website/publicrelease/web/external/stream/esData,来源指标：第三产业增加值指数 (上年同期=100) 当季值；原始值 108.8；不变价同比指数减100得到增长率
gdp_tertiary_q_yoy,CHN,2015-Q3,8.9,%,Q,,https://data.stats.gov.cn/dg/website/publicrelease/web/external/stream/esData,来源指标：第三产业增加值指数 (上年同期=100) 当季值；原始值 108.9；不变价同比指数减100得到增长率
gdp_tertiary_q_yoy,CHN,2015-Q4,8.6,%,Q,,https://data.stats.gov.cn/dg/website/publicrelease/web/external/stream/esData,来源指标：第三产业增加值指数 (上年同期=100) 当季值；原始值 108.6；不变价同比指数减100得到增长率
gdp_tertiary_q_yoy,CHN,2016-Q1,7.8,%,Q,,https://data.stats.gov.cn/dg/website/publicrelease/web/external/stream/esData,来源指标：第三产业增加值指数 (上年同期=100) 当季值；原始值 107.8；不变价同比指数减100得到增长率
gdp_tertiary_q_yoy,CHN,2016-Q2,7.7,%,Q,,https://data.stats.gov.cn/dg/website/publicrelease/web/external/stream/esData,来源指标：第三产业增加值指数 (上年同期=100) 当季值；原始值 107.7；不变价同比指数减100得到增长率
gdp_tertiary_q_yoy,CHN,2016-Q3,7.8,%,Q,,https://data.stats.gov.cn/dg/website/publicrelease/web/external/stream/esData,来源指标：第三产业增加值指数 (上年同期=100) 当季值；原始值 107.8；不变价同比指数减100得到增长率
gdp_tertiary_q_yoy,CHN,2016-Q4,8.3,%,Q,,https://data.stats.gov.cn/dg/website/publicrelease/web/external/stream/esData,来源指标：第三产业增加值指数 (上年同期=100) 当季值；原始值 108.3；不变价同比指数减100得到增长率
gdp_tertiary_q_yoy,CHN,2017-Q1,7.9,%,Q,,https://data.stats.gov.cn/dg/website/publicrelease/web/external/stream/esData,来源指标：第三产业增加值指数 (上年同期=100) 当季值；原始值 107.9；不变价同比指数减100得到增长率
gdp_tertiary_q_yoy,CHN,2017-Q2,7.9,%,Q,,https://data.stats.gov.cn/dg/website/publicrelease/web/external/stream/esData,来源指标：第三产业增加值指数 (上年同期=100) 当季值；原始值 107.9；不变价同比指数减100得到增长率
gdp_tertiary_q_yoy,CHN,2017-Q3,8.2,%,Q,,https://data.stats.gov.cn/dg/website/publicrelease/web/external/stream/esData,来源指标：第三产业增加值指数 (上年同期=100) 当季值；原始值 108.2；不变价同比指数减100得到增长率
gdp_tertiary_q_yoy,CHN,2017-Q4,8.4,%,Q,,https://data.stats.gov.cn/dg/website/publicrelease/web/external/stream/esData,来源指标：第三产业增加值指数 (上年同期=100) 当季值；原始值 108.4；不变价同比指数减100得到增长率
gdp_tertiary_q_yoy,CHN,2018-Q1,7.7,%,Q,,https://data.stats.gov.cn/dg/website/publicrelease/web/external/stream/esData,来源指标：第三产业增加值指数 (上年同期=100) 当季值；原始值 107.7；不变价同比指数减100得到增长率
gdp_tertiary_q_yoy,CHN,2018-Q2,8.1,%,Q,,https://data.stats.gov.cn/dg/website/publicrelease/web/external/stream/esData,来源指标：第三产业增加值指数 (上年同期=100) 当季值；原始值 108.1；不变价同比指数减100得到增长率
gdp_tertiary_q_yoy,CHN,2018-Q3,8.3,%,Q,,https://data.stats.gov.cn/dg/website/publicrelease/web/external/stream/esData,来源指标：第三产业增加值指数 (上年同期=100) 当季值；原始值 108.3；不变价同比指数减100得到增长率
gdp_tertiary_q_yoy,CHN,2018-Q4,7.8,%,Q,,https://data.stats.gov.cn/dg/website/publicrelease/web/external/stream/esData,来源指标：第三产业增加值指数 (上年同期=100) 当季值；原始值 107.8；不变价同比指数减100得到增长率
gdp_tertiary_q_yoy,CHN,2019-Q1,7.6,%,Q,,https://data.stats.gov.cn/dg/website/publicrelease/web/external/stream/esData,来源指标：第三产业增加值指数 (上年同期=100) 当季值；原始值 107.6；不变价同比指数减100得到增长率
gdp_tertiary_q_yoy,CHN,2019-Q2,7.6,%,Q,,https://data.stats.gov.cn/dg/website/publicrelease/web/external/stream/esData,来源指标：第三产业增加值指数 (上年同期=100) 当季值；原始值 107.6；不变价同比指数减100得到增长率
gdp_tertiary_q_yoy,CHN,2019-Q3,7.8,%,Q,,https://data.stats.gov.cn/dg/website/publicrelease/web/external/stream/esData,来源指标：第三产业增加值指数 (上年同期=100) 当季值；原始值 107.8；不变价同比指数减100得到增长率
gdp_tertiary_q_yoy,CHN,2019-Q4,7.3,%,Q,,https://data.stats.gov.cn/dg/website/publicrelease/web/external/stream/esData,来源指标：第三产业增加值指数 (上年同期=100) 当季值；原始值 107.3；不变价同比指数减100得到增长率
gdp_tertiary_q_yoy,CHN,2020-Q1,-4.9,%,Q,,https://data.stats.gov.cn/dg/website/publicrelease/web/external/stream/esData,来源指标：第三产业增加值指数 (上年同期=100) 当季值；原始值 95.1；不变价同比指数减100得到增长率
gdp_tertiary_q_yoy,CHN,2020-Q2,2.3,%,Q,,https://data.stats.gov.cn/dg/website/publicrelease/web/external/stream/esData,来源指标：第三产业增加值指数 (上年同期=100) 当季值；原始值 102.3；不变价同比指数减100得到增长率
gdp_tertiary_q_yoy,CHN,2020-Q3,4.6,%,Q,,https://data.stats.gov.cn/dg/website/publicrelease/web/external/stream/esData,来源指标：第三产业增加值指数 (上年同期=100) 当季值；原始值 104.6；不变价同比指数减100得到增长率
gdp_tertiary_q_yoy,CHN,2020-Q4,7.1,%,Q,,https://data.stats.gov.cn/dg/website/publicrelease/web/external/stream/esData,来源指标：第三产业增加值指数 (上年同期=100) 当季值；原始值 107.1；不变价同比指数减100得到增长率
gdp_tertiary_q_yoy,CHN,2021-Q1,16.4,%,Q,,https://data.stats.gov.cn/dg/website/publicrelease/web/external/stream/esData,来源指标：第三产业增加值指数 (上年同期=100) 当季值；原始值 116.4；不变价同比指数减100得到增长率
gdp_tertiary_q_yoy,CHN,2021-Q2,9.1,%,Q,,https://data.stats.gov.cn/dg/website/publicrelease/web/external/stream/esData,来源指标：第三产业增加值指数 (上年同期=100) 当季值；原始值 109.1；不变价同比指数减100得到增长率
gdp_tertiary_q_yoy,CHN,2021-Q3,6.3,%,Q,,https://data.stats.gov.cn/dg/website/publicrelease/web/external/stream/esData,来源指标：第三产业增加值指数 (上年同期=100) 当季值；原始值 106.3；不变价同比指数减100得到增长率
gdp_tertiary_q_yoy,CHN,2021-Q4,5.5,%,Q,,https://data.stats.gov.cn/dg/website/publicrelease/web/external/stream/esData,来源指标：第三产业增加值指数 (上年同期=100) 当季值；原始值 105.5；不变价同比指数减100得到增长率
gdp_tertiary_q_yoy,CHN,2022-Q1,5.3,%,Q,,https://data.stats.gov.cn/dg/website/publicrelease/web/external/stream/esData,来源指标：第三产业增加值指数 (上年同期=100) 当季值；原始值 105.3；不变价同比指数减100得到增长率
gdp_tertiary_q_yoy,CHN,2022-Q2,0.8,%,Q,,https://data.stats.gov.cn/dg/website/publicrelease/web/external/stream/esData,来源指标：第三产业增加值指数 (上年同期=100) 当季值；原始值 100.8；不变价同比指数减100得到增长率
gdp_tertiary_q_yoy,CHN,2022-Q3,4.4,%,Q,,https://data.stats.gov.cn/dg/website/publicrelease/web/external/stream/esData,来源指标：第三产业增加值指数 (上年同期=100) 当季值；原始值 104.4；不变价同比指数减100得到增长率
gdp_tertiary_q_yoy,CHN,2022-Q4,3.6,%,Q,,https://data.stats.gov.cn/dg/website/publicrelease/web/external/stream/esData,来源指标：第三产业增加值指数 (上年同期=100) 当季值；原始值 103.6；不变价同比指数减100得到增长率
gdp_tertiary_q_yoy,CHN,2023-Q1,5.9,%,Q,,https://data.stats.gov.cn/dg/website/publicrelease/web/external/stream/esData,来源指标：第三产业增加值指数 (上年同期=100) 当季值；原始值 105.9；不变价同比指数减100得到增长率
gdp_tertiary_q_yoy,CHN,2023-Q2,7.9,%,Q,,https://data.stats.gov.cn/dg/website/publicrelease/web/external/stream/esData,来源指标：第三产业增加值指数 (上年同期=100) 当季值；原始值 107.9；不变价同比指数减100得到增长率
gdp_tertiary_q_yoy,CHN,2023-Q3,5.6,%,Q,,https://data.stats.gov.cn/dg/website/publicrelease/web/external/stream/esData,来源指标：第三产业增加值指数 (上年同期=100) 当季值；原始值 105.6；不变价同比指数减100得到增长率
gdp_tertiary_q_yoy,CHN,2023-Q4,5.7,%,Q,,https://data.stats.gov.cn/dg/website/publicrelease/web/external/stream/esData,来源指标：第三产业增加值指数 (上年同期=100) 当季值；原始值 105.7；不变价同比指数减100得到增长率
gdp_tertiary_q_yoy,CHN,2024-Q1,5.1,%,Q,,https://data.stats.gov.cn/dg/website/publicrelease/web/external/stream/esData,来源指标：第三产业增加值指数 (上年同期=100) 当季值；原始值 105.1；不变价同比指数减100得到增长率
gdp_tertiary_q_yoy,CHN,2024-Q2,4.3,%,Q,,https://data.stats.gov.cn/dg/website/publicrelease/web/external/stream/esData,来源指标：第三产业增加值指数 (上年同期=100) 当季值；原始值 104.3；不变价同比指数减100得到增长率
gdp_tertiary_q_yoy,CHN,2024-Q3,4.9,%,Q,,https://data.stats.gov.cn/dg/website/publicrelease/web/external/stream/esData,来源指标：第三产业增加值指数 (上年同期=100) 当季值；原始值 104.9；不变价同比指数减100得到增长率
gdp_tertiary_q_yoy,CHN,2024-Q4,5.9,%,Q,,https://data.stats.gov.cn/dg/website/publicrelease/web/external/stream/esData,来源指标：第三产业增加值指数 (上年同期=100) 当季值；原始值 105.9；不变价同比指数减100得到增长率
gdp_tertiary_q_yoy,CHN,2025-Q1,5.3,%,Q,,https://data.stats.gov.cn/dg/website/publicrelease/web/external/stream/esData,来源指标：第三产业增加值指数 (上年同期=100) 当季值；原始值 105.3；不变价同比指数减100得到增长率
gdp_tertiary_q_yoy,CHN,2025-Q2,5.7,%,Q,,https://data.stats.gov.cn/dg/website/publicrelease/web/external/stream/esData,来源指标：第三产业增加值指数 (上年同期=100) 当季值；原始值 105.7；不变价同比指数减100得到增长率
gdp_tertiary_q_yoy,CHN,2025-Q3,5.4,%,Q,,https://data.stats.gov.cn/dg/website/publicrelease/web/external/stream/esData,来源指标：第三产业增加值指数 (上年同期=100) 当季值；原始值 105.4；不变价同比指数减100得到增长率
gdp_tertiary_q_yoy,CHN,2025-Q4,5.2,%,Q,,https://data.stats.gov.cn/dg/website/publicrelease/web/external/stream/esData,来源指标：第三产业增加值指数 (上年同期=100) 当季值；原始值 105.2；不变价同比指数减100得到增长率
gdp_tertiary_q_yoy,CHN,2026-Q1,5.2,%,Q,,https://data.stats.gov.cn/dg/website/publicrelease/web/external/stream/esData,来源指标：第三产业增加值指数 (上年同期=100) 当季值；原始值 105.2；不变价同比指数减100得到增长率
gdp_tertiary_q_yoy,CHN,2026-Q2,5.1,%,Q,,https://data.stats.gov.cn/dg/website/publicrelease/web/external/stream/esData,来源指标：第三产业增加值指数 (上年同期=100) 当季值；原始值 105.1；不变价同比指数减100得到增长率
gdp_ytd_nominal,CHN,1992-Q1,5284.9,亿元,Q,,https://data.stats.gov.cn/dg/website/publicrelease/web/external/stream/esData,来源指标：国内生产总值累计值 (亿元)；原始值 5284.9；直接采用官方值
gdp_ytd_nominal,CHN,1992-Q2,11792.7,亿元,Q,,https://data.stats.gov.cn/dg/website/publicrelease/web/external/stream/esData,来源指标：国内生产总值累计值 (亿元)；原始值 11792.7；直接采用官方值
gdp_ytd_nominal,CHN,1992-Q3,19011.1,亿元,Q,,https://data.stats.gov.cn/dg/website/publicrelease/web/external/stream/esData,来源指标：国内生产总值累计值 (亿元)；原始值 19011.1；直接采用官方值
gdp_ytd_nominal,CHN,1992-Q4,27295.6,亿元,Q,,https://data.stats.gov.cn/dg/website/publicrelease/web/external/stream/esData,来源指标：国内生产总值累计值 (亿元)；原始值 27295.6；直接采用官方值
gdp_ytd_nominal,CHN,1993-Q1,6866.3,亿元,Q,,https://data.stats.gov.cn/dg/website/publicrelease/web/external/stream/esData,来源指标：国内生产总值累计值 (亿元)；原始值 6866.3；直接采用官方值
gdp_ytd_nominal,CHN,1993-Q2,15256.8,亿元,Q,,https://data.stats.gov.cn/dg/website/publicrelease/web/external/stream/esData,来源指标：国内生产总值累计值 (亿元)；原始值 15256.8；直接采用官方值
gdp_ytd_nominal,CHN,1993-Q3,24679.9,亿元,Q,,https://data.stats.gov.cn/dg/website/publicrelease/web/external/stream/esData,来源指标：国内生产总值累计值 (亿元)；原始值 24679.9；直接采用官方值
gdp_ytd_nominal,CHN,1993-Q4,35819.7,亿元,Q,,https://data.stats.gov.cn/dg/website/publicrelease/web/external/stream/esData,来源指标：国内生产总值累计值 (亿元)；原始值 35819.7；直接采用官方值
gdp_ytd_nominal,CHN,1994-Q1,9424.1,亿元,Q,,https://data.stats.gov.cn/dg/website/publicrelease/web/external/stream/esData,来源指标：国内生产总值累计值 (亿元)；原始值 9424.1；直接采用官方值
gdp_ytd_nominal,CHN,1994-Q2,20956.8,亿元,Q,,https://data.stats.gov.cn/dg/website/publicrelease/web/external/stream/esData,来源指标：国内生产总值累计值 (亿元)；原始值 20956.8；直接采用官方值
gdp_ytd_nominal,CHN,1994-Q3,33882.2,亿元,Q,,https://data.stats.gov.cn/dg/website/publicrelease/web/external/stream/esData,来源指标：国内生产总值累计值 (亿元)；原始值 33882.2；直接采用官方值
gdp_ytd_nominal,CHN,1994-Q4,48862.2,亿元,Q,,https://data.stats.gov.cn/dg/website/publicrelease/web/external/stream/esData,来源指标：国内生产总值累计值 (亿元)；原始值 48862.2；直接采用官方值
gdp_ytd_nominal,CHN,1995-Q1,12182.3,亿元,Q,,https://data.stats.gov.cn/dg/website/publicrelease/web/external/stream/esData,来源指标：国内生产总值累计值 (亿元)；原始值 12182.3；直接采用官方值
gdp_ytd_nominal,CHN,1995-Q2,26867.5,亿元,Q,,https://data.stats.gov.cn/dg/website/publicrelease/web/external/stream/esData,来源指标：国内生产总值累计值 (亿元)；原始值 26867.5；直接采用官方值
gdp_ytd_nominal,CHN,1995-Q3,43109.3,亿元,Q,,https://data.stats.gov.cn/dg/website/publicrelease/web/external/stream/esData,来源指标：国内生产总值累计值 (亿元)；原始值 43109.3；直接采用官方值
gdp_ytd_nominal,CHN,1995-Q4,61649.4,亿元,Q,,https://data.stats.gov.cn/dg/website/publicrelease/web/external/stream/esData,来源指标：国内生产总值累计值 (亿元)；原始值 61649.4；直接采用官方值
gdp_ytd_nominal,CHN,1996-Q1,14720.6,亿元,Q,,https://data.stats.gov.cn/dg/website/publicrelease/web/external/stream/esData,来源指标：国内生产总值累计值 (亿元)；原始值 14720.6；直接采用官方值
gdp_ytd_nominal,CHN,1996-Q2,31960.3,亿元,Q,,https://data.stats.gov.cn/dg/website/publicrelease/web/external/stream/esData,来源指标：国内生产总值累计值 (亿元)；原始值 31960.3；直接采用官方值
gdp_ytd_nominal,CHN,1996-Q3,50665.8,亿元,Q,,https://data.stats.gov.cn/dg/website/publicrelease/web/external/stream/esData,来源指标：国内生产总值累计值 (亿元)；原始值 50665.8；直接采用官方值
gdp_ytd_nominal,CHN,1996-Q4,72210.6,亿元,Q,,https://data.stats.gov.cn/dg/website/publicrelease/web/external/stream/esData,来源指标：国内生产总值累计值 (亿元)；原始值 72210.6；直接采用官方值
gdp_ytd_nominal,CHN,1997-Q1,16808.1,亿元,Q,,https://data.stats.gov.cn/dg/website/publicrelease/web/external/stream/esData,来源指标：国内生产总值累计值 (亿元)；原始值 16808.1；直接采用官方值
gdp_ytd_nominal,CHN,1997-Q2,36088.8,亿元,Q,,https://data.stats.gov.cn/dg/website/publicrelease/web/external/stream/esData,来源指标：国内生产总值累计值 (亿元)；原始值 36088.8；直接采用官方值
gdp_ytd_nominal,CHN,1997-Q3,56718.6,亿元,Q,,https://data.stats.gov.cn/dg/website/publicrelease/web/external/stream/esData,来源指标：国内生产总值累计值 (亿元)；原始值 56718.6；直接采用官方值
gdp_ytd_nominal,CHN,1997-Q4,80225.0,亿元,Q,,https://data.stats.gov.cn/dg/website/publicrelease/web/external/stream/esData,来源指标：国内生产总值累计值 (亿元)；原始值 80225.0；直接采用官方值
gdp_ytd_nominal,CHN,1998-Q1,18205.4,亿元,Q,,https://data.stats.gov.cn/dg/website/publicrelease/web/external/stream/esData,来源指标：国内生产总值累计值 (亿元)；原始值 18205.4；直接采用官方值
gdp_ytd_nominal,CHN,1998-Q2,38655.1,亿元,Q,,https://data.stats.gov.cn/dg/website/publicrelease/web/external/stream/esData,来源指标：国内生产总值累计值 (亿元)；原始值 38655.1；直接采用官方值
gdp_ytd_nominal,CHN,1998-Q3,60600.7,亿元,Q,,https://data.stats.gov.cn/dg/website/publicrelease/web/external/stream/esData,来源指标：国内生产总值累计值 (亿元)；原始值 60600.7；直接采用官方值
gdp_ytd_nominal,CHN,1998-Q4,85863.9,亿元,Q,,https://data.stats.gov.cn/dg/website/publicrelease/web/external/stream/esData,来源指标：国内生产总值累计值 (亿元)；原始值 85863.9；直接采用官方值
gdp_ytd_nominal,CHN,1999-Q1,19551.1,亿元,Q,,https://data.stats.gov.cn/dg/website/publicrelease/web/external/stream/esData,来源指标：国内生产总值累计值 (亿元)；原始值 19551.1；直接采用官方值
gdp_ytd_nominal,CHN,1999-Q2,41302.4,亿元,Q,,https://data.stats.gov.cn/dg/website/publicrelease/web/external/stream/esData,来源指标：国内生产总值累计值 (亿元)；原始值 41302.4；直接采用官方值
gdp_ytd_nominal,CHN,1999-Q3,64558.2,亿元,Q,,https://data.stats.gov.cn/dg/website/publicrelease/web/external/stream/esData,来源指标：国内生产总值累计值 (亿元)；原始值 64558.2；直接采用官方值
gdp_ytd_nominal,CHN,1999-Q4,91378.9,亿元,Q,,https://data.stats.gov.cn/dg/website/publicrelease/web/external/stream/esData,来源指标：国内生产总值累计值 (亿元)；原始值 91378.9；直接采用官方值
gdp_ytd_nominal,CHN,2000-Q1,21569.1,亿元,Q,,https://data.stats.gov.cn/dg/website/publicrelease/web/external/stream/esData,来源指标：国内生产总值累计值 (亿元)；原始值 21569.1；直接采用官方值
gdp_ytd_nominal,CHN,2000-Q2,45846.2,亿元,Q,,https://data.stats.gov.cn/dg/website/publicrelease/web/external/stream/esData,来源指标：国内生产总值累计值 (亿元)；原始值 45846.2；直接采用官方值
gdp_ytd_nominal,CHN,2000-Q3,71820.0,亿元,Q,,https://data.stats.gov.cn/dg/website/publicrelease/web/external/stream/esData,来源指标：国内生产总值累计值 (亿元)；原始值 71820.0；直接采用官方值
gdp_ytd_nominal,CHN,2000-Q4,101308.6,亿元,Q,,https://data.stats.gov.cn/dg/website/publicrelease/web/external/stream/esData,来源指标：国内生产总值累计值 (亿元)；原始值 101308.6；直接采用官方值
gdp_ytd_nominal,CHN,2001-Q1,24390.6,亿元,Q,,https://data.stats.gov.cn/dg/website/publicrelease/web/external/stream/esData,来源指标：国内生产总值累计值 (亿元)；原始值 24390.6；直接采用官方值
gdp_ytd_nominal,CHN,2001-Q2,51408.4,亿元,Q,,https://data.stats.gov.cn/dg/website/publicrelease/web/external/stream/esData,来源指标：国内生产总值累计值 (亿元)；原始值 51408.4；直接采用官方值
gdp_ytd_nominal,CHN,2001-Q3,80070.4,亿元,Q,,https://data.stats.gov.cn/dg/website/publicrelease/web/external/stream/esData,来源指标：国内生产总值累计值 (亿元)；原始值 80070.4；直接采用官方值
gdp_ytd_nominal,CHN,2001-Q4,112157.3,亿元,Q,,https://data.stats.gov.cn/dg/website/publicrelease/web/external/stream/esData,来源指标：国内生产总值累计值 (亿元)；原始值 112157.3；直接采用官方值
gdp_ytd_nominal,CHN,2002-Q1,26666.0,亿元,Q,,https://data.stats.gov.cn/dg/website/publicrelease/web/external/stream/esData,来源指标：国内生产总值累计值 (亿元)；原始值 26666.0；直接采用官方值
gdp_ytd_nominal,CHN,2002-Q2,56216.8,亿元,Q,,https://data.stats.gov.cn/dg/website/publicrelease/web/external/stream/esData,来源指标：国内生产总值累计值 (亿元)；原始值 56216.8；直接采用官方值
gdp_ytd_nominal,CHN,2002-Q3,87881.2,亿元,Q,,https://data.stats.gov.cn/dg/website/publicrelease/web/external/stream/esData,来源指标：国内生产总值累计值 (亿元)；原始值 87881.2；直接采用官方值
gdp_ytd_nominal,CHN,2002-Q4,123311.9,亿元,Q,,https://data.stats.gov.cn/dg/website/publicrelease/web/external/stream/esData,来源指标：国内生产总值累计值 (亿元)；原始值 123311.9；直接采用官方值
gdp_ytd_nominal,CHN,2003-Q1,30282.0,亿元,Q,,https://data.stats.gov.cn/dg/website/publicrelease/web/external/stream/esData,来源指标：国内生产总值累计值 (亿元)；原始值 30282.0；直接采用官方值
gdp_ytd_nominal,CHN,2003-Q2,63260.2,亿元,Q,,https://data.stats.gov.cn/dg/website/publicrelease/web/external/stream/esData,来源指标：国内生产总值累计值 (亿元)；原始值 63260.2；直接采用官方值
gdp_ytd_nominal,CHN,2003-Q3,99038.5,亿元,Q,,https://data.stats.gov.cn/dg/website/publicrelease/web/external/stream/esData,来源指标：国内生产总值累计值 (亿元)；原始值 99038.5；直接采用官方值
gdp_ytd_nominal,CHN,2003-Q4,139377.3,亿元,Q,,https://data.stats.gov.cn/dg/website/publicrelease/web/external/stream/esData,来源指标：国内生产总值累计值 (亿元)；原始值 139377.3；直接采用官方值
gdp_ytd_nominal,CHN,2004-Q1,35107.8,亿元,Q,,https://data.stats.gov.cn/dg/website/publicrelease/web/external/stream/esData,来源指标：国内生产总值累计值 (亿元)；原始值 35107.8；直接采用官方值
gdp_ytd_nominal,CHN,2004-Q2,74359.6,亿元,Q,,https://data.stats.gov.cn/dg/website/publicrelease/web/external/stream/esData,来源指标：国内生产总值累计值 (亿元)；原始值 74359.6；直接采用官方值
gdp_ytd_nominal,CHN,2004-Q3,116807.6,亿元,Q,,https://data.stats.gov.cn/dg/website/publicrelease/web/external/stream/esData,来源指标：国内生产总值累计值 (亿元)；原始值 116807.6；直接采用官方值
gdp_ytd_nominal,CHN,2004-Q4,164228.0,亿元,Q,,https://data.stats.gov.cn/dg/website/publicrelease/web/external/stream/esData,来源指标：国内生产总值累计值 (亿元)；原始值 164228.0；直接采用官方值
gdp_ytd_nominal,CHN,2005-Q1,41079.2,亿元,Q,,https://data.stats.gov.cn/dg/website/publicrelease/web/external/stream/esData,来源指标：国内生产总值累计值 (亿元)；原始值 41079.2；直接采用官方值
gdp_ytd_nominal,CHN,2005-Q2,86479.1,亿元,Q,,https://data.stats.gov.cn/dg/website/publicrelease/web/external/stream/esData,来源指标：国内生产总值累计值 (亿元)；原始值 86479.1；直接采用官方值
gdp_ytd_nominal,CHN,2005-Q3,135160.7,亿元,Q,,https://data.stats.gov.cn/dg/website/publicrelease/web/external/stream/esData,来源指标：国内生产总值累计值 (亿元)；原始值 135160.7；直接采用官方值
gdp_ytd_nominal,CHN,2005-Q4,189907.5,亿元,Q,,https://data.stats.gov.cn/dg/website/publicrelease/web/external/stream/esData,来源指标：国内生产总值累计值 (亿元)；原始值 189907.5；直接采用官方值
gdp_ytd_nominal,CHN,2006-Q1,47831.7,亿元,Q,,https://data.stats.gov.cn/dg/website/publicrelease/web/external/stream/esData,来源指标：国内生产总值累计值 (亿元)；原始值 47831.7；直接采用官方值
gdp_ytd_nominal,CHN,2006-Q2,101247.0,亿元,Q,,https://data.stats.gov.cn/dg/website/publicrelease/web/external/stream/esData,来源指标：国内生产总值累计值 (亿元)；原始值 101247.0；直接采用官方值
gdp_ytd_nominal,CHN,2006-Q3,158067.6,亿元,Q,,https://data.stats.gov.cn/dg/website/publicrelease/web/external/stream/esData,来源指标：国内生产总值累计值 (亿元)；原始值 158067.6；直接采用官方值
gdp_ytd_nominal,CHN,2006-Q4,222578.4,亿元,Q,,https://data.stats.gov.cn/dg/website/publicrelease/web/external/stream/esData,来源指标：国内生产总值累计值 (亿元)；原始值 222578.4；直接采用官方值
gdp_ytd_nominal,CHN,2007-Q1,58080.6,亿元,Q,,https://data.stats.gov.cn/dg/website/publicrelease/web/external/stream/esData,来源指标：国内生产总值累计值 (亿元)；原始值 58080.6；直接采用官方值
gdp_ytd_nominal,CHN,2007-Q2,123831.6,亿元,Q,,https://data.stats.gov.cn/dg/website/publicrelease/web/external/stream/esData,来源指标：国内生产总值累计值 (亿元)；原始值 123831.6；直接采用官方值
gdp_ytd_nominal,CHN,2007-Q3,194325.7,亿元,Q,,https://data.stats.gov.cn/dg/website/publicrelease/web/external/stream/esData,来源指标：国内生产总值累计值 (亿元)；原始值 194325.7；直接采用官方值
gdp_ytd_nominal,CHN,2007-Q4,274179.7,亿元,Q,,https://data.stats.gov.cn/dg/website/publicrelease/web/external/stream/esData,来源指标：国内生产总值累计值 (亿元)；原始值 274179.7；直接采用官方值
gdp_ytd_nominal,CHN,2008-Q1,70609.6,亿元,Q,,https://data.stats.gov.cn/dg/website/publicrelease/web/external/stream/esData,来源指标：国内生产总值累计值 (亿元)；原始值 70609.6；直接采用官方值
gdp_ytd_nominal,CHN,2008-Q2,150574.5,亿元,Q,,https://data.stats.gov.cn/dg/website/publicrelease/web/external/stream/esData,来源指标：国内生产总值累计值 (亿元)；原始值 150574.5；直接采用官方值
gdp_ytd_nominal,CHN,2008-Q3,234242.9,亿元,Q,,https://data.stats.gov.cn/dg/website/publicrelease/web/external/stream/esData,来源指标：国内生产总值累计值 (亿元)；原始值 234242.9；直接采用官方值
gdp_ytd_nominal,CHN,2008-Q4,324317.8,亿元,Q,,https://data.stats.gov.cn/dg/website/publicrelease/web/external/stream/esData,来源指标：国内生产总值累计值 (亿元)；原始值 324317.8；直接采用官方值
gdp_ytd_nominal,CHN,2009-Q1,75341.3,亿元,Q,,https://data.stats.gov.cn/dg/website/publicrelease/web/external/stream/esData,来源指标：国内生产总值累计值 (亿元)；原始值 75341.3；直接采用官方值
gdp_ytd_nominal,CHN,2009-Q2,160697.0,亿元,Q,,https://data.stats.gov.cn/dg/website/publicrelease/web/external/stream/esData,来源指标：国内生产总值累计值 (亿元)；原始值 160697.0；直接采用官方值
gdp_ytd_nominal,CHN,2009-Q3,252027.0,亿元,Q,,https://data.stats.gov.cn/dg/website/publicrelease/web/external/stream/esData,来源指标：国内生产总值累计值 (亿元)；原始值 252027.0；直接采用官方值
gdp_ytd_nominal,CHN,2009-Q4,354521.6,亿元,Q,,https://data.stats.gov.cn/dg/website/publicrelease/web/external/stream/esData,来源指标：国内生产总值累计值 (亿元)；原始值 354521.6；直接采用官方值
gdp_ytd_nominal,CHN,2010-Q1,89125.0,亿元,Q,,https://data.stats.gov.cn/dg/website/publicrelease/web/external/stream/esData,来源指标：国内生产总值累计值 (亿元)；原始值 89125.0；直接采用官方值
gdp_ytd_nominal,CHN,2010-Q2,190200.0,亿元,Q,,https://data.stats.gov.cn/dg/website/publicrelease/web/external/stream/esData,来源指标：国内生产总值累计值 (亿元)；原始值 190200.0；直接采用官方值
gdp_ytd_nominal,CHN,2010-Q3,297992.9,亿元,Q,,https://data.stats.gov.cn/dg/website/publicrelease/web/external/stream/esData,来源指标：国内生产总值累计值 (亿元)；原始值 297992.9；直接采用官方值
gdp_ytd_nominal,CHN,2010-Q4,419253.3,亿元,Q,,https://data.stats.gov.cn/dg/website/publicrelease/web/external/stream/esData,来源指标：国内生产总值累计值 (亿元)；原始值 419253.3；直接采用官方值
gdp_ytd_nominal,CHN,2011-Q1,106218.9,亿元,Q,,https://data.stats.gov.cn/dg/website/publicrelease/web/external/stream/esData,来源指标：国内生产总值累计值 (亿元)；原始值 106218.9；直接采用官方值
gdp_ytd_nominal,CHN,2011-Q2,226995.8,亿元,Q,,https://data.stats.gov.cn/dg/website/publicrelease/web/external/stream/esData,来源指标：国内生产总值累计值 (亿元)；原始值 226995.8；直接采用官方值
gdp_ytd_nominal,CHN,2011-Q3,355557.3,亿元,Q,,https://data.stats.gov.cn/dg/website/publicrelease/web/external/stream/esData,来源指标：国内生产总值累计值 (亿元)；原始值 355557.3；直接采用官方值
gdp_ytd_nominal,CHN,2011-Q4,495707.6,亿元,Q,,https://data.stats.gov.cn/dg/website/publicrelease/web/external/stream/esData,来源指标：国内生产总值累计值 (亿元)；原始值 495707.6；直接采用官方值
gdp_ytd_nominal,CHN,2012-Q1,119377.5,亿元,Q,,https://data.stats.gov.cn/dg/website/publicrelease/web/external/stream/esData,来源指标：国内生产总值累计值 (亿元)；原始值 119377.5；直接采用官方值
gdp_ytd_nominal,CHN,2012-Q2,252868.7,亿元,Q,,https://data.stats.gov.cn/dg/website/publicrelease/web/external/stream/esData,来源指标：国内生产总值累计值 (亿元)；原始值 252868.7；直接采用官方值
gdp_ytd_nominal,CHN,2012-Q3,393252.7,亿元,Q,,https://data.stats.gov.cn/dg/website/publicrelease/web/external/stream/esData,来源指标：国内生产总值累计值 (亿元)；原始值 393252.7；直接采用官方值
gdp_ytd_nominal,CHN,2012-Q4,547510.6,亿元,Q,,https://data.stats.gov.cn/dg/website/publicrelease/web/external/stream/esData,来源指标：国内生产总值累计值 (亿元)；原始值 547510.6；直接采用官方值
gdp_ytd_nominal,CHN,2013-Q1,131879.7,亿元,Q,,https://data.stats.gov.cn/dg/website/publicrelease/web/external/stream/esData,来源指标：国内生产总值累计值 (亿元)；原始值 131879.7；直接采用官方值
gdp_ytd_nominal,CHN,2013-Q2,277993.6,亿元,Q,,https://data.stats.gov.cn/dg/website/publicrelease/web/external/stream/esData,来源指标：国内生产总值累计值 (亿元)；原始值 277993.6；直接采用官方值
gdp_ytd_nominal,CHN,2013-Q3,432965.7,亿元,Q,,https://data.stats.gov.cn/dg/website/publicrelease/web/external/stream/esData,来源指标：国内生产总值累计值 (亿元)；原始值 432965.7；直接采用官方值
gdp_ytd_nominal,CHN,2013-Q4,603660.4,亿元,Q,,https://data.stats.gov.cn/dg/website/publicrelease/web/external/stream/esData,来源指标：国内生产总值累计值 (亿元)；原始值 603660.4；直接采用官方值
gdp_ytd_nominal,CHN,2014-Q1,143539.4,亿元,Q,,https://data.stats.gov.cn/dg/website/publicrelease/web/external/stream/esData,来源指标：国内生产总值累计值 (亿元)；原始值 143539.4；直接采用官方值
gdp_ytd_nominal,CHN,2014-Q2,303001.7,亿元,Q,,https://data.stats.gov.cn/dg/website/publicrelease/web/external/stream/esData,来源指标：国内生产总值累计值 (亿元)；原始值 303001.7；直接采用官方值
gdp_ytd_nominal,CHN,2014-Q3,471603.5,亿元,Q,,https://data.stats.gov.cn/dg/website/publicrelease/web/external/stream/esData,来源指标：国内生产总值累计值 (亿元)；原始值 471603.5；直接采用官方值
gdp_ytd_nominal,CHN,2014-Q4,655782.9,亿元,Q,,https://data.stats.gov.cn/dg/website/publicrelease/web/external/stream/esData,来源指标：国内生产总值累计值 (亿元)；原始值 655782.9；直接采用官方值
gdp_ytd_nominal,CHN,2015-Q1,154171.4,亿元,Q,,https://data.stats.gov.cn/dg/website/publicrelease/web/external/stream/esData,来源指标：国内生产总值累计值 (亿元)；原始值 154171.4；直接采用官方值
gdp_ytd_nominal,CHN,2015-Q2,326058.4,亿元,Q,,https://data.stats.gov.cn/dg/website/publicrelease/web/external/stream/esData,来源指标：国内生产总值累计值 (亿元)；原始值 326058.4；直接采用官方值
gdp_ytd_nominal,CHN,2015-Q3,506177.1,亿元,Q,,https://data.stats.gov.cn/dg/website/publicrelease/web/external/stream/esData,来源指标：国内生产总值累计值 (亿元)；原始值 506177.1；直接采用官方值
gdp_ytd_nominal,CHN,2015-Q4,702511.5,亿元,Q,,https://data.stats.gov.cn/dg/website/publicrelease/web/external/stream/esData,来源指标：国内生产总值累计值 (亿元)；原始值 702511.5；直接采用官方值
gdp_ytd_nominal,CHN,2016-Q1,165735.3,亿元,Q,,https://data.stats.gov.cn/dg/website/publicrelease/web/external/stream/esData,来源指标：国内生产总值累计值 (亿元)；原始值 165735.3；直接采用官方值
gdp_ytd_nominal,CHN,2016-Q2,350737.5,亿元,Q,,https://data.stats.gov.cn/dg/website/publicrelease/web/external/stream/esData,来源指标：国内生产总值累计值 (亿元)；原始值 350737.5；直接采用官方值
gdp_ytd_nominal,CHN,2016-Q3,545575.1,亿元,Q,,https://data.stats.gov.cn/dg/website/publicrelease/web/external/stream/esData,来源指标：国内生产总值累计值 (亿元)；原始值 545575.1；直接采用官方值
gdp_ytd_nominal,CHN,2016-Q4,761193.0,亿元,Q,,https://data.stats.gov.cn/dg/website/publicrelease/web/external/stream/esData,来源指标：国内生产总值累计值 (亿元)；原始值 761193.0；直接采用官方值
gdp_ytd_nominal,CHN,2017-Q1,185274.4,亿元,Q,,https://data.stats.gov.cn/dg/website/publicrelease/web/external/stream/esData,来源指标：国内生产总值累计值 (亿元)；原始值 185274.4；直接采用官方值
gdp_ytd_nominal,CHN,2017-Q2,390940.0,亿元,Q,,https://data.stats.gov.cn/dg/website/publicrelease/web/external/stream/esData,来源指标：国内生产总值累计值 (亿元)；原始值 390940.0；直接采用官方值
gdp_ytd_nominal,CHN,2017-Q3,607695.3,亿元,Q,,https://data.stats.gov.cn/dg/website/publicrelease/web/external/stream/esData,来源指标：国内生产总值累计值 (亿元)；原始值 607695.3；直接采用官方值
gdp_ytd_nominal,CHN,2017-Q4,847382.9,亿元,Q,,https://data.stats.gov.cn/dg/website/publicrelease/web/external/stream/esData,来源指标：国内生产总值累计值 (亿元)；原始值 847382.9；直接采用官方值
gdp_ytd_nominal,CHN,2018-Q1,205735.3,亿元,Q,,https://data.stats.gov.cn/dg/website/publicrelease/web/external/stream/esData,来源指标：国内生产总值累计值 (亿元)；原始值 205735.3；直接采用官方值
gdp_ytd_nominal,CHN,2018-Q2,433777.7,亿元,Q,,https://data.stats.gov.cn/dg/website/publicrelease/web/external/stream/esData,来源指标：国内生产总值累计值 (亿元)；原始值 433777.7；直接采用官方值
gdp_ytd_nominal,CHN,2018-Q3,672574.5,亿元,Q,,https://data.stats.gov.cn/dg/website/publicrelease/web/external/stream/esData,来源指标：国内生产总值累计值 (亿元)；原始值 672574.5；直接采用官方值
gdp_ytd_nominal,CHN,2018-Q4,936010.1,亿元,Q,,https://data.stats.gov.cn/dg/website/publicrelease/web/external/stream/esData,来源指标：国内生产总值累计值 (亿元)；原始值 936010.1；直接采用官方值
gdp_ytd_nominal,CHN,2019-Q1,221453.9,亿元,Q,,https://data.stats.gov.cn/dg/website/publicrelease/web/external/stream/esData,来源指标：国内生产总值累计值 (亿元)；原始值 221453.9；直接采用官方值
gdp_ytd_nominal,CHN,2019-Q2,467647.8,亿元,Q,,https://data.stats.gov.cn/dg/website/publicrelease/web/external/stream/esData,来源指标：国内生产总值累计值 (亿元)；原始值 467647.8；直接采用官方值
gdp_ytd_nominal,CHN,2019-Q3,723671.0,亿元,Q,,https://data.stats.gov.cn/dg/website/publicrelease/web/external/stream/esData,来源指标：国内生产总值累计值 (亿元)；原始值 723671.0；直接采用官方值
gdp_ytd_nominal,CHN,2019-Q4,1005872.4,亿元,Q,,https://data.stats.gov.cn/dg/website/publicrelease/web/external/stream/esData,来源指标：国内生产总值累计值 (亿元)；原始值 1005872.4；直接采用官方值
gdp_ytd_nominal,CHN,2020-Q1,209671.1,亿元,Q,,https://data.stats.gov.cn/dg/website/publicrelease/web/external/stream/esData,来源指标：国内生产总值累计值 (亿元)；原始值 209671.1；直接采用官方值
gdp_ytd_nominal,CHN,2020-Q2,463121.1,亿元,Q,,https://data.stats.gov.cn/dg/website/publicrelease/web/external/stream/esData,来源指标：国内生产总值累计值 (亿元)；原始值 463121.1；直接采用官方值
gdp_ytd_nominal,CHN,2020-Q3,733031.4,亿元,Q,,https://data.stats.gov.cn/dg/website/publicrelease/web/external/stream/esData,来源指标：国内生产总值累计值 (亿元)；原始值 733031.4；直接采用官方值
gdp_ytd_nominal,CHN,2020-Q4,1034867.6,亿元,Q,,https://data.stats.gov.cn/dg/website/publicrelease/web/external/stream/esData,来源指标：国内生产总值累计值 (亿元)；原始值 1034867.6；直接采用官方值
gdp_ytd_nominal,CHN,2021-Q1,255055.2,亿元,Q,,https://data.stats.gov.cn/dg/website/publicrelease/web/external/stream/esData,来源指标：国内生产总值累计值 (亿元)；原始值 255055.2；直接采用官方值
gdp_ytd_nominal,CHN,2021-Q2,543034.4,亿元,Q,,https://data.stats.gov.cn/dg/website/publicrelease/web/external/stream/esData,来源指标：国内生产总值累计值 (亿元)；原始值 543034.4；直接采用官方值
gdp_ytd_nominal,CHN,2021-Q3,840996.2,亿元,Q,,https://data.stats.gov.cn/dg/website/publicrelease/web/external/stream/esData,来源指标：国内生产总值累计值 (亿元)；原始值 840996.2；直接采用官方值
gdp_ytd_nominal,CHN,2021-Q4,1173823.0,亿元,Q,,https://data.stats.gov.cn/dg/website/publicrelease/web/external/stream/esData,来源指标：国内生产总值累计值 (亿元)；原始值 1173823.0；直接采用官方值
gdp_ytd_nominal,CHN,2022-Q1,277175.8,亿元,Q,,https://data.stats.gov.cn/dg/website/publicrelease/web/external/stream/esData,来源指标：国内生产总值累计值 (亿元)；原始值 277175.8；直接采用官方值
gdp_ytd_nominal,CHN,2022-Q2,576287.3,亿元,Q,,https://data.stats.gov.cn/dg/website/publicrelease/web/external/stream/esData,来源指标：国内生产总值累计值 (亿元)；原始值 576287.3；直接采用官方值
gdp_ytd_nominal,CHN,2022-Q3,891687.0,亿元,Q,,https://data.stats.gov.cn/dg/website/publicrelease/web/external/stream/esData,来源指标：国内生产总值累计值 (亿元)；原始值 891687.0；直接采用官方值
gdp_ytd_nominal,CHN,2022-Q4,1234029.4,亿元,Q,,https://data.stats.gov.cn/dg/website/publicrelease/web/external/stream/esData,来源指标：国内生产总值累计值 (亿元)；原始值 1234029.4；直接采用官方值
gdp_ytd_nominal,CHN,2023-Q1,292368.8,亿元,Q,,https://data.stats.gov.cn/dg/website/publicrelease/web/external/stream/esData,来源指标：国内生产总值累计值 (亿元)；原始值 292368.8；直接采用官方值
gdp_ytd_nominal,CHN,2023-Q2,608606.3,亿元,Q,,https://data.stats.gov.cn/dg/website/publicrelease/web/external/stream/esData,来源指标：国内生产总值累计值 (亿元)；原始值 608606.3；直接采用官方值
gdp_ytd_nominal,CHN,2023-Q3,937047.0,亿元,Q,,https://data.stats.gov.cn/dg/website/publicrelease/web/external/stream/esData,来源指标：国内生产总值累计值 (亿元)；原始值 937047.0；直接采用官方值
gdp_ytd_nominal,CHN,2023-Q4,1294271.7,亿元,Q,,https://data.stats.gov.cn/dg/website/publicrelease/web/external/stream/esData,来源指标：国内生产总值累计值 (亿元)；原始值 1294271.7；直接采用官方值
gdp_ytd_nominal,CHN,2024-Q1,304525.2,亿元,Q,,https://data.stats.gov.cn/dg/website/publicrelease/web/external/stream/esData,来源指标：国内生产总值累计值 (亿元)；原始值 304525.2；直接采用官方值
gdp_ytd_nominal,CHN,2024-Q2,633110.6,亿元,Q,,https://data.stats.gov.cn/dg/website/publicrelease/web/external/stream/esData,来源指标：国内生产总值累计值 (亿元)；原始值 633110.6；直接采用官方值
gdp_ytd_nominal,CHN,2024-Q3,974553.8,亿元,Q,,https://data.stats.gov.cn/dg/website/publicrelease/web/external/stream/esData,来源指标：国内生产总值累计值 (亿元)；原始值 974553.8；直接采用官方值
gdp_ytd_nominal,CHN,2024-Q4,1348066.2,亿元,Q,,https://data.stats.gov.cn/dg/website/publicrelease/web/external/stream/esData,来源指标：国内生产总值累计值 (亿元)；原始值 1348066.2；直接采用官方值
gdp_ytd_nominal,CHN,2025-Q1,318466.4,亿元,Q,,https://data.stats.gov.cn/dg/website/publicrelease/web/external/stream/esData,来源指标：国内生产总值累计值 (亿元)；原始值 318466.4；直接采用官方值
gdp_ytd_nominal,CHN,2025-Q2,659861.6,亿元,Q,,https://data.stats.gov.cn/dg/website/publicrelease/web/external/stream/esData,来源指标：国内生产总值累计值 (亿元)；原始值 659861.6；直接采用官方值
gdp_ytd_nominal,CHN,2025-Q3,1013967.9,亿元,Q,,https://data.stats.gov.cn/dg/website/publicrelease/web/external/stream/esData,来源指标：国内生产总值累计值 (亿元)；原始值 1013967.9；直接采用官方值
gdp_ytd_nominal,CHN,2025-Q4,1401879.2,亿元,Q,,https://data.stats.gov.cn/dg/website/publicrelease/web/external/stream/esData,来源指标：国内生产总值累计值 (亿元)；原始值 1401879.2；直接采用官方值
gdp_ytd_nominal,CHN,2026-Q1,334192.9,亿元,Q,,https://data.stats.gov.cn/dg/website/publicrelease/web/external/stream/esData,来源指标：国内生产总值累计值 (亿元)；原始值 334192.9；直接采用官方值
gdp_ytd_nominal,CHN,2026-Q2,695704.0,亿元,Q,,https://data.stats.gov.cn/dg/website/publicrelease/web/external/stream/esData,来源指标：国内生产总值累计值 (亿元)；原始值 695704.0；直接采用官方值
gdp_ytd_yoy,CHN,1993-Q1,15.3,%,Q,,https://data.stats.gov.cn/dg/website/publicrelease/web/external/stream/esData,来源指标：国内生产总值指数 (上年同期=100) 累计值；原始值 115.3；不变价同比指数减100得到增长率
gdp_ytd_yoy,CHN,1993-Q2,14.3,%,Q,,https://data.stats.gov.cn/dg/website/publicrelease/web/external/stream/esData,来源指标：国内生产总值指数 (上年同期=100) 累计值；原始值 114.3；不变价同比指数减100得到增长率
gdp_ytd_yoy,CHN,1993-Q3,13.8,%,Q,,https://data.stats.gov.cn/dg/website/publicrelease/web/external/stream/esData,来源指标：国内生产总值指数 (上年同期=100) 累计值；原始值 113.8；不变价同比指数减100得到增长率
gdp_ytd_yoy,CHN,1993-Q4,13.9,%,Q,,https://data.stats.gov.cn/dg/website/publicrelease/web/external/stream/esData,来源指标：国内生产总值指数 (上年同期=100) 累计值；原始值 113.9；不变价同比指数减100得到增长率
gdp_ytd_yoy,CHN,1994-Q1,14.2,%,Q,,https://data.stats.gov.cn/dg/website/publicrelease/web/external/stream/esData,来源指标：国内生产总值指数 (上年同期=100) 累计值；原始值 114.2；不变价同比指数减100得到增长率
gdp_ytd_yoy,CHN,1994-Q2,13.7,%,Q,,https://data.stats.gov.cn/dg/website/publicrelease/web/external/stream/esData,来源指标：国内生产总值指数 (上年同期=100) 累计值；原始值 113.7；不变价同比指数减100得到增长率
gdp_ytd_yoy,CHN,1994-Q3,13.5,%,Q,,https://data.stats.gov.cn/dg/website/publicrelease/web/external/stream/esData,来源指标：国内生产总值指数 (上年同期=100) 累计值；原始值 113.5；不变价同比指数减100得到增长率
gdp_ytd_yoy,CHN,1994-Q4,13.1,%,Q,,https://data.stats.gov.cn/dg/website/publicrelease/web/external/stream/esData,来源指标：国内生产总值指数 (上年同期=100) 累计值；原始值 113.1；不变价同比指数减100得到增长率
gdp_ytd_yoy,CHN,1995-Q1,12.0,%,Q,,https://data.stats.gov.cn/dg/website/publicrelease/web/external/stream/esData,来源指标：国内生产总值指数 (上年同期=100) 累计值；原始值 112.0；不变价同比指数减100得到增长率
gdp_ytd_yoy,CHN,1995-Q2,11.5,%,Q,,https://data.stats.gov.cn/dg/website/publicrelease/web/external/stream/esData,来源指标：国内生产总值指数 (上年同期=100) 累计值；原始值 111.5；不变价同比指数减100得到增长率
gdp_ytd_yoy,CHN,1995-Q3,11.1,%,Q,,https://data.stats.gov.cn/dg/website/publicrelease/web/external/stream/esData,来源指标：国内生产总值指数 (上年同期=100) 累计值；原始值 111.1；不变价同比指数减100得到增长率
gdp_ytd_yoy,CHN,1995-Q4,11.0,%,Q,,https://data.stats.gov.cn/dg/website/publicrelease/web/external/stream/esData,来源指标：国内生产总值指数 (上年同期=100) 累计值；原始值 111.0；不变价同比指数减100得到增长率
gdp_ytd_yoy,CHN,1996-Q1,11.0,%,Q,,https://data.stats.gov.cn/dg/website/publicrelease/web/external/stream/esData,来源指标：国内生产总值指数 (上年同期=100) 累计值；原始值 111.0；不变价同比指数减100得到增长率
gdp_ytd_yoy,CHN,1996-Q2,10.1,%,Q,,https://data.stats.gov.cn/dg/website/publicrelease/web/external/stream/esData,来源指标：国内生产总值指数 (上年同期=100) 累计值；原始值 110.1；不变价同比指数减100得到增长率
gdp_ytd_yoy,CHN,1996-Q3,9.8,%,Q,,https://data.stats.gov.cn/dg/website/publicrelease/web/external/stream/esData,来源指标：国内生产总值指数 (上年同期=100) 累计值；原始值 109.8；不变价同比指数减100得到增长率
gdp_ytd_yoy,CHN,1996-Q4,10.0,%,Q,,https://data.stats.gov.cn/dg/website/publicrelease/web/external/stream/esData,来源指标：国内生产总值指数 (上年同期=100) 累计值；原始值 110.0；不变价同比指数减100得到增长率
gdp_ytd_yoy,CHN,1997-Q1,10.2,%,Q,,https://data.stats.gov.cn/dg/website/publicrelease/web/external/stream/esData,来源指标：国内生产总值指数 (上年同期=100) 累计值；原始值 110.2；不变价同比指数减100得到增长率
gdp_ytd_yoy,CHN,1997-Q2,10.1,%,Q,,https://data.stats.gov.cn/dg/website/publicrelease/web/external/stream/esData,来源指标：国内生产总值指数 (上年同期=100) 累计值；原始值 110.1；不变价同比指数减100得到增长率
gdp_ytd_yoy,CHN,1997-Q3,9.6,%,Q,,https://data.stats.gov.cn/dg/website/publicrelease/web/external/stream/esData,来源指标：国内生产总值指数 (上年同期=100) 累计值；原始值 109.6；不变价同比指数减100得到增长率
gdp_ytd_yoy,CHN,1997-Q4,9.3,%,Q,,https://data.stats.gov.cn/dg/website/publicrelease/web/external/stream/esData,来源指标：国内生产总值指数 (上年同期=100) 累计值；原始值 109.3；不变价同比指数减100得到增长率
gdp_ytd_yoy,CHN,1998-Q1,7.3,%,Q,,https://data.stats.gov.cn/dg/website/publicrelease/web/external/stream/esData,来源指标：国内生产总值指数 (上年同期=100) 累计值；原始值 107.3；不变价同比指数减100得到增长率
gdp_ytd_yoy,CHN,1998-Q2,7.1,%,Q,,https://data.stats.gov.cn/dg/website/publicrelease/web/external/stream/esData,来源指标：国内生产总值指数 (上年同期=100) 累计值；原始值 107.1；不变价同比指数减100得到增长率
gdp_ytd_yoy,CHN,1998-Q3,7.4,%,Q,,https://data.stats.gov.cn/dg/website/publicrelease/web/external/stream/esData,来源指标：国内生产总值指数 (上年同期=100) 累计值；原始值 107.4；不变价同比指数减100得到增长率
gdp_ytd_yoy,CHN,1998-Q4,7.9,%,Q,,https://data.stats.gov.cn/dg/website/publicrelease/web/external/stream/esData,来源指标：国内生产总值指数 (上年同期=100) 累计值；原始值 107.9；不变价同比指数减100得到增长率
gdp_ytd_yoy,CHN,1999-Q1,9.0,%,Q,,https://data.stats.gov.cn/dg/website/publicrelease/web/external/stream/esData,来源指标：国内生产总值指数 (上年同期=100) 累计值；原始值 109.0；不变价同比指数减100得到增长率
gdp_ytd_yoy,CHN,1999-Q2,8.4,%,Q,,https://data.stats.gov.cn/dg/website/publicrelease/web/external/stream/esData,来源指标：国内生产总值指数 (上年同期=100) 累计值；原始值 108.4；不变价同比指数减100得到增长率
gdp_ytd_yoy,CHN,1999-Q3,8.1,%,Q,,https://data.stats.gov.cn/dg/website/publicrelease/web/external/stream/esData,来源指标：国内生产总值指数 (上年同期=100) 累计值；原始值 108.1；不变价同比指数减100得到增长率
gdp_ytd_yoy,CHN,1999-Q4,7.7,%,Q,,https://data.stats.gov.cn/dg/website/publicrelease/web/external/stream/esData,来源指标：国内生产总值指数 (上年同期=100) 累计值；原始值 107.7；不变价同比指数减100得到增长率
gdp_ytd_yoy,CHN,2000-Q1,8.8,%,Q,,https://data.stats.gov.cn/dg/website/publicrelease/web/external/stream/esData,来源指标：国内生产总值指数 (上年同期=100) 累计值；原始值 108.8；不变价同比指数减100得到增长率
gdp_ytd_yoy,CHN,2000-Q2,9.0,%,Q,,https://data.stats.gov.cn/dg/website/publicrelease/web/external/stream/esData,来源指标：国内生产总值指数 (上年同期=100) 累计值；原始值 109.0；不变价同比指数减100得到增长率
gdp_ytd_yoy,CHN,2000-Q3,9.0,%,Q,,https://data.stats.gov.cn/dg/website/publicrelease/web/external/stream/esData,来源指标：国内生产总值指数 (上年同期=100) 累计值；原始值 109.0；不变价同比指数减100得到增长率
gdp_ytd_yoy,CHN,2000-Q4,8.6,%,Q,,https://data.stats.gov.cn/dg/website/publicrelease/web/external/stream/esData,来源指标：国内生产总值指数 (上年同期=100) 累计值；原始值 108.6；不变价同比指数减100得到增长率
gdp_ytd_yoy,CHN,2001-Q1,9.5,%,Q,,https://data.stats.gov.cn/dg/website/publicrelease/web/external/stream/esData,来源指标：国内生产总值指数 (上年同期=100) 累计值；原始值 109.5；不变价同比指数减100得到增长率
gdp_ytd_yoy,CHN,2001-Q2,9.0,%,Q,,https://data.stats.gov.cn/dg/website/publicrelease/web/external/stream/esData,来源指标：国内生产总值指数 (上年同期=100) 累计值；原始值 109.0；不变价同比指数减100得到增长率
gdp_ytd_yoy,CHN,2001-Q3,8.6,%,Q,,https://data.stats.gov.cn/dg/website/publicrelease/web/external/stream/esData,来源指标：国内生产总值指数 (上年同期=100) 累计值；原始值 108.6；不变价同比指数减100得到增长率
gdp_ytd_yoy,CHN,2001-Q4,8.3,%,Q,,https://data.stats.gov.cn/dg/website/publicrelease/web/external/stream/esData,来源指标：国内生产总值指数 (上年同期=100) 累计值；原始值 108.3；不变价同比指数减100得到增长率
gdp_ytd_yoy,CHN,2002-Q1,9.0,%,Q,,https://data.stats.gov.cn/dg/website/publicrelease/web/external/stream/esData,来源指标：国内生产总值指数 (上年同期=100) 累计值；原始值 109.0；不变价同比指数减100得到增长率
gdp_ytd_yoy,CHN,2002-Q2,8.9,%,Q,,https://data.stats.gov.cn/dg/website/publicrelease/web/external/stream/esData,来源指标：国内生产总值指数 (上年同期=100) 累计值；原始值 108.9；不变价同比指数减100得到增长率
gdp_ytd_yoy,CHN,2002-Q3,9.2,%,Q,,https://data.stats.gov.cn/dg/website/publicrelease/web/external/stream/esData,来源指标：国内生产总值指数 (上年同期=100) 累计值；原始值 109.2；不变价同比指数减100得到增长率
gdp_ytd_yoy,CHN,2002-Q4,9.2,%,Q,,https://data.stats.gov.cn/dg/website/publicrelease/web/external/stream/esData,来源指标：国内生产总值指数 (上年同期=100) 累计值；原始值 109.2；不变价同比指数减100得到增长率
gdp_ytd_yoy,CHN,2003-Q1,11.2,%,Q,,https://data.stats.gov.cn/dg/website/publicrelease/web/external/stream/esData,来源指标：国内生产总值指数 (上年同期=100) 累计值；原始值 111.2；不变价同比指数减100得到增长率
gdp_ytd_yoy,CHN,2003-Q2,10.1,%,Q,,https://data.stats.gov.cn/dg/website/publicrelease/web/external/stream/esData,来源指标：国内生产总值指数 (上年同期=100) 累计值；原始值 110.1；不变价同比指数减100得到增长率
gdp_ytd_yoy,CHN,2003-Q3,10.1,%,Q,,https://data.stats.gov.cn/dg/website/publicrelease/web/external/stream/esData,来源指标：国内生产总值指数 (上年同期=100) 累计值；原始值 110.1；不变价同比指数减100得到增长率
gdp_ytd_yoy,CHN,2003-Q4,10.1,%,Q,,https://data.stats.gov.cn/dg/website/publicrelease/web/external/stream/esData,来源指标：国内生产总值指数 (上年同期=100) 累计值；原始值 110.1；不变价同比指数减100得到增长率
gdp_ytd_yoy,CHN,2004-Q1,10.6,%,Q,,https://data.stats.gov.cn/dg/website/publicrelease/web/external/stream/esData,来源指标：国内生产总值指数 (上年同期=100) 累计值；原始值 110.6；不变价同比指数减100得到增长率
gdp_ytd_yoy,CHN,2004-Q2,11.1,%,Q,,https://data.stats.gov.cn/dg/website/publicrelease/web/external/stream/esData,来源指标：国内生产总值指数 (上年同期=100) 累计值；原始值 111.1；不变价同比指数减100得到增长率
gdp_ytd_yoy,CHN,2004-Q3,10.7,%,Q,,https://data.stats.gov.cn/dg/website/publicrelease/web/external/stream/esData,来源指标：国内生产总值指数 (上年同期=100) 累计值；原始值 110.7；不变价同比指数减100得到增长率
gdp_ytd_yoy,CHN,2004-Q4,10.1,%,Q,,https://data.stats.gov.cn/dg/website/publicrelease/web/external/stream/esData,来源指标：国内生产总值指数 (上年同期=100) 累计值；原始值 110.1；不变价同比指数减100得到增长率
gdp_ytd_yoy,CHN,2005-Q1,11.2,%,Q,,https://data.stats.gov.cn/dg/website/publicrelease/web/external/stream/esData,来源指标：国内生产总值指数 (上年同期=100) 累计值；原始值 111.2；不变价同比指数减100得到增长率
gdp_ytd_yoy,CHN,2005-Q2,11.2,%,Q,,https://data.stats.gov.cn/dg/website/publicrelease/web/external/stream/esData,来源指标：国内生产总值指数 (上年同期=100) 累计值；原始值 111.2；不变价同比指数减100得到增长率
gdp_ytd_yoy,CHN,2005-Q3,11.1,%,Q,,https://data.stats.gov.cn/dg/website/publicrelease/web/external/stream/esData,来源指标：国内生产总值指数 (上年同期=100) 累计值；原始值 111.1；不变价同比指数减100得到增长率
gdp_ytd_yoy,CHN,2005-Q4,11.5,%,Q,,https://data.stats.gov.cn/dg/website/publicrelease/web/external/stream/esData,来源指标：国内生产总值指数 (上年同期=100) 累计值；原始值 111.5；不变价同比指数减100得到增长率
gdp_ytd_yoy,CHN,2006-Q1,12.4,%,Q,,https://data.stats.gov.cn/dg/website/publicrelease/web/external/stream/esData,来源指标：国内生产总值指数 (上年同期=100) 累计值；原始值 112.4；不变价同比指数减100得到增长率
gdp_ytd_yoy,CHN,2006-Q2,13.1,%,Q,,https://data.stats.gov.cn/dg/website/publicrelease/web/external/stream/esData,来源指标：国内生产总值指数 (上年同期=100) 累计值；原始值 113.1；不变价同比指数减100得到增长率
gdp_ytd_yoy,CHN,2006-Q3,12.7,%,Q,,https://data.stats.gov.cn/dg/website/publicrelease/web/external/stream/esData,来源指标：国内生产总值指数 (上年同期=100) 累计值；原始值 112.7；不变价同比指数减100得到增长率
gdp_ytd_yoy,CHN,2006-Q4,12.7,%,Q,,https://data.stats.gov.cn/dg/website/publicrelease/web/external/stream/esData,来源指标：国内生产总值指数 (上年同期=100) 累计值；原始值 112.7；不变价同比指数减100得到增长率
gdp_ytd_yoy,CHN,2007-Q1,13.6,%,Q,,https://data.stats.gov.cn/dg/website/publicrelease/web/external/stream/esData,来源指标：国内生产总值指数 (上年同期=100) 累计值；原始值 113.6；不变价同比指数减100得到增长率
gdp_ytd_yoy,CHN,2007-Q2,14.3,%,Q,,https://data.stats.gov.cn/dg/website/publicrelease/web/external/stream/esData,来源指标：国内生产总值指数 (上年同期=100) 累计值；原始值 114.3；不变价同比指数减100得到增长率
gdp_ytd_yoy,CHN,2007-Q3,14.3,%,Q,,https://data.stats.gov.cn/dg/website/publicrelease/web/external/stream/esData,来源指标：国内生产总值指数 (上年同期=100) 累计值；原始值 114.3；不变价同比指数减100得到增长率
gdp_ytd_yoy,CHN,2007-Q4,14.2,%,Q,,https://data.stats.gov.cn/dg/website/publicrelease/web/external/stream/esData,来源指标：国内生产总值指数 (上年同期=100) 累计值；原始值 114.2；不变价同比指数减100得到增长率
gdp_ytd_yoy,CHN,2008-Q1,11.6,%,Q,,https://data.stats.gov.cn/dg/website/publicrelease/web/external/stream/esData,来源指标：国内生产总值指数 (上年同期=100) 累计值；原始值 111.6；不变价同比指数减100得到增长率
gdp_ytd_yoy,CHN,2008-Q2,11.3,%,Q,,https://data.stats.gov.cn/dg/website/publicrelease/web/external/stream/esData,来源指标：国内生产总值指数 (上年同期=100) 累计值；原始值 111.3；不变价同比指数减100得到增长率
gdp_ytd_yoy,CHN,2008-Q3,10.7,%,Q,,https://data.stats.gov.cn/dg/website/publicrelease/web/external/stream/esData,来源指标：国内生产总值指数 (上年同期=100) 累计值；原始值 110.7；不变价同比指数减100得到增长率
gdp_ytd_yoy,CHN,2008-Q4,9.7,%,Q,,https://data.stats.gov.cn/dg/website/publicrelease/web/external/stream/esData,来源指标：国内生产总值指数 (上年同期=100) 累计值；原始值 109.7；不变价同比指数减100得到增长率
gdp_ytd_yoy,CHN,2009-Q1,6.4,%,Q,,https://data.stats.gov.cn/dg/website/publicrelease/web/external/stream/esData,来源指标：国内生产总值指数 (上年同期=100) 累计值；原始值 106.4；不变价同比指数减100得到增长率
gdp_ytd_yoy,CHN,2009-Q2,7.3,%,Q,,https://data.stats.gov.cn/dg/website/publicrelease/web/external/stream/esData,来源指标：国内生产总值指数 (上年同期=100) 累计值；原始值 107.3；不变价同比指数减100得到增长率
gdp_ytd_yoy,CHN,2009-Q3,8.5,%,Q,,https://data.stats.gov.cn/dg/website/publicrelease/web/external/stream/esData,来源指标：国内生产总值指数 (上年同期=100) 累计值；原始值 108.5；不变价同比指数减100得到增长率
gdp_ytd_yoy,CHN,2009-Q4,9.4,%,Q,,https://data.stats.gov.cn/dg/website/publicrelease/web/external/stream/esData,来源指标：国内生产总值指数 (上年同期=100) 累计值；原始值 109.4；不变价同比指数减100得到增长率
gdp_ytd_yoy,CHN,2010-Q1,12.2,%,Q,,https://data.stats.gov.cn/dg/website/publicrelease/web/external/stream/esData,来源指标：国内生产总值指数 (上年同期=100) 累计值；原始值 112.2；不变价同比指数减100得到增长率
gdp_ytd_yoy,CHN,2010-Q2,11.4,%,Q,,https://data.stats.gov.cn/dg/website/publicrelease/web/external/stream/esData,来源指标：国内生产总值指数 (上年同期=100) 累计值；原始值 111.4；不变价同比指数减100得到增长率
gdp_ytd_yoy,CHN,2010-Q3,10.8,%,Q,,https://data.stats.gov.cn/dg/website/publicrelease/web/external/stream/esData,来源指标：国内生产总值指数 (上年同期=100) 累计值；原始值 110.8；不变价同比指数减100得到增长率
gdp_ytd_yoy,CHN,2010-Q4,10.6,%,Q,,https://data.stats.gov.cn/dg/website/publicrelease/web/external/stream/esData,来源指标：国内生产总值指数 (上年同期=100) 累计值；原始值 110.6；不变价同比指数减100得到增长率
gdp_ytd_yoy,CHN,2011-Q1,10.1,%,Q,,https://data.stats.gov.cn/dg/website/publicrelease/web/external/stream/esData,来源指标：国内生产总值指数 (上年同期=100) 累计值；原始值 110.1；不变价同比指数减100得到增长率
gdp_ytd_yoy,CHN,2011-Q2,10.0,%,Q,,https://data.stats.gov.cn/dg/website/publicrelease/web/external/stream/esData,来源指标：国内生产总值指数 (上年同期=100) 累计值；原始值 110.0；不变价同比指数减100得到增长率
gdp_ytd_yoy,CHN,2011-Q3,9.8,%,Q,,https://data.stats.gov.cn/dg/website/publicrelease/web/external/stream/esData,来源指标：国内生产总值指数 (上年同期=100) 累计值；原始值 109.8；不变价同比指数减100得到增长率
gdp_ytd_yoy,CHN,2011-Q4,9.5,%,Q,,https://data.stats.gov.cn/dg/website/publicrelease/web/external/stream/esData,来源指标：国内生产总值指数 (上年同期=100) 累计值；原始值 109.5；不变价同比指数减100得到增长率
gdp_ytd_yoy,CHN,2012-Q1,8.1,%,Q,,https://data.stats.gov.cn/dg/website/publicrelease/web/external/stream/esData,来源指标：国内生产总值指数 (上年同期=100) 累计值；原始值 108.1；不变价同比指数减100得到增长率
gdp_ytd_yoy,CHN,2012-Q2,7.9,%,Q,,https://data.stats.gov.cn/dg/website/publicrelease/web/external/stream/esData,来源指标：国内生产总值指数 (上年同期=100) 累计值；原始值 107.9；不变价同比指数减100得到增长率
gdp_ytd_yoy,CHN,2012-Q3,7.7,%,Q,,https://data.stats.gov.cn/dg/website/publicrelease/web/external/stream/esData,来源指标：国内生产总值指数 (上年同期=100) 累计值；原始值 107.7；不变价同比指数减100得到增长率
gdp_ytd_yoy,CHN,2012-Q4,7.9,%,Q,,https://data.stats.gov.cn/dg/website/publicrelease/web/external/stream/esData,来源指标：国内生产总值指数 (上年同期=100) 累计值；原始值 107.9；不变价同比指数减100得到增长率
gdp_ytd_yoy,CHN,2013-Q1,7.9,%,Q,,https://data.stats.gov.cn/dg/website/publicrelease/web/external/stream/esData,来源指标：国内生产总值指数 (上年同期=100) 累计值；原始值 107.9；不变价同比指数减100得到增长率
gdp_ytd_yoy,CHN,2013-Q2,7.7,%,Q,,https://data.stats.gov.cn/dg/website/publicrelease/web/external/stream/esData,来源指标：国内生产总值指数 (上年同期=100) 累计值；原始值 107.7；不变价同比指数减100得到增长率
gdp_ytd_yoy,CHN,2013-Q3,7.8,%,Q,,https://data.stats.gov.cn/dg/website/publicrelease/web/external/stream/esData,来源指标：国内生产总值指数 (上年同期=100) 累计值；原始值 107.8；不变价同比指数减100得到增长率
gdp_ytd_yoy,CHN,2013-Q4,7.8,%,Q,,https://data.stats.gov.cn/dg/website/publicrelease/web/external/stream/esData,来源指标：国内生产总值指数 (上年同期=100) 累计值；原始值 107.8；不变价同比指数减100得到增长率
gdp_ytd_yoy,CHN,2014-Q1,7.6,%,Q,,https://data.stats.gov.cn/dg/website/publicrelease/web/external/stream/esData,来源指标：国内生产总值指数 (上年同期=100) 累计值；原始值 107.6；不变价同比指数减100得到增长率
gdp_ytd_yoy,CHN,2014-Q2,7.6,%,Q,,https://data.stats.gov.cn/dg/website/publicrelease/web/external/stream/esData,来源指标：国内生产总值指数 (上年同期=100) 累计值；原始值 107.6；不变价同比指数减100得到增长率
gdp_ytd_yoy,CHN,2014-Q3,7.5,%,Q,,https://data.stats.gov.cn/dg/website/publicrelease/web/external/stream/esData,来源指标：国内生产总值指数 (上年同期=100) 累计值；原始值 107.5；不变价同比指数减100得到增长率
gdp_ytd_yoy,CHN,2014-Q4,7.5,%,Q,,https://data.stats.gov.cn/dg/website/publicrelease/web/external/stream/esData,来源指标：国内生产总值指数 (上年同期=100) 累计值；原始值 107.5；不变价同比指数减100得到增长率
gdp_ytd_yoy,CHN,2015-Q1,7.1,%,Q,,https://data.stats.gov.cn/dg/website/publicrelease/web/external/stream/esData,来源指标：国内生产总值指数 (上年同期=100) 累计值；原始值 107.1；不变价同比指数减100得到增长率
gdp_ytd_yoy,CHN,2015-Q2,7.1,%,Q,,https://data.stats.gov.cn/dg/website/publicrelease/web/external/stream/esData,来源指标：国内生产总值指数 (上年同期=100) 累计值；原始值 107.1；不变价同比指数减100得到增长率
gdp_ytd_yoy,CHN,2015-Q3,7.0,%,Q,,https://data.stats.gov.cn/dg/website/publicrelease/web/external/stream/esData,来源指标：国内生产总值指数 (上年同期=100) 累计值；原始值 107.0；不变价同比指数减100得到增长率
gdp_ytd_yoy,CHN,2015-Q4,7.0,%,Q,,https://data.stats.gov.cn/dg/website/publicrelease/web/external/stream/esData,来源指标：国内生产总值指数 (上年同期=100) 累计值；原始值 107.0；不变价同比指数减100得到增长率
gdp_ytd_yoy,CHN,2016-Q1,6.8,%,Q,,https://data.stats.gov.cn/dg/website/publicrelease/web/external/stream/esData,来源指标：国内生产总值指数 (上年同期=100) 累计值；原始值 106.8；不变价同比指数减100得到增长率
gdp_ytd_yoy,CHN,2016-Q2,6.8,%,Q,,https://data.stats.gov.cn/dg/website/publicrelease/web/external/stream/esData,来源指标：国内生产总值指数 (上年同期=100) 累计值；原始值 106.8；不变价同比指数减100得到增长率
gdp_ytd_yoy,CHN,2016-Q3,6.8,%,Q,,https://data.stats.gov.cn/dg/website/publicrelease/web/external/stream/esData,来源指标：国内生产总值指数 (上年同期=100) 累计值；原始值 106.8；不变价同比指数减100得到增长率
gdp_ytd_yoy,CHN,2016-Q4,6.8,%,Q,,https://data.stats.gov.cn/dg/website/publicrelease/web/external/stream/esData,来源指标：国内生产总值指数 (上年同期=100) 累计值；原始值 106.8；不变价同比指数减100得到增长率
gdp_ytd_yoy,CHN,2017-Q1,7.0,%,Q,,https://data.stats.gov.cn/dg/website/publicrelease/web/external/stream/esData,来源指标：国内生产总值指数 (上年同期=100) 累计值；原始值 107.0；不变价同比指数减100得到增长率
gdp_ytd_yoy,CHN,2017-Q2,7.0,%,Q,,https://data.stats.gov.cn/dg/website/publicrelease/web/external/stream/esData,来源指标：国内生产总值指数 (上年同期=100) 累计值；原始值 107.0；不变价同比指数减100得到增长率
gdp_ytd_yoy,CHN,2017-Q3,6.9,%,Q,,https://data.stats.gov.cn/dg/website/publicrelease/web/external/stream/esData,来源指标：国内生产总值指数 (上年同期=100) 累计值；原始值 106.9；不变价同比指数减100得到增长率
gdp_ytd_yoy,CHN,2017-Q4,6.9,%,Q,,https://data.stats.gov.cn/dg/website/publicrelease/web/external/stream/esData,来源指标：国内生产总值指数 (上年同期=100) 累计值；原始值 106.9；不变价同比指数减100得到增长率
gdp_ytd_yoy,CHN,2018-Q1,6.9,%,Q,,https://data.stats.gov.cn/dg/website/publicrelease/web/external/stream/esData,来源指标：国内生产总值指数 (上年同期=100) 累计值；原始值 106.9；不变价同比指数减100得到增长率
gdp_ytd_yoy,CHN,2018-Q2,6.9,%,Q,,https://data.stats.gov.cn/dg/website/publicrelease/web/external/stream/esData,来源指标：国内生产总值指数 (上年同期=100) 累计值；原始值 106.9；不变价同比指数减100得到增长率
gdp_ytd_yoy,CHN,2018-Q3,6.8,%,Q,,https://data.stats.gov.cn/dg/website/publicrelease/web/external/stream/esData,来源指标：国内生产总值指数 (上年同期=100) 累计值；原始值 106.8；不变价同比指数减100得到增长率
gdp_ytd_yoy,CHN,2018-Q4,6.8,%,Q,,https://data.stats.gov.cn/dg/website/publicrelease/web/external/stream/esData,来源指标：国内生产总值指数 (上年同期=100) 累计值；原始值 106.8；不变价同比指数减100得到增长率
gdp_ytd_yoy,CHN,2019-Q1,6.4,%,Q,,https://data.stats.gov.cn/dg/website/publicrelease/web/external/stream/esData,来源指标：国内生产总值指数 (上年同期=100) 累计值；原始值 106.4；不变价同比指数减100得到增长率
gdp_ytd_yoy,CHN,2019-Q2,6.2,%,Q,,https://data.stats.gov.cn/dg/website/publicrelease/web/external/stream/esData,来源指标：国内生产总值指数 (上年同期=100) 累计值；原始值 106.2；不变价同比指数减100得到增长率
gdp_ytd_yoy,CHN,2019-Q3,6.1,%,Q,,https://data.stats.gov.cn/dg/website/publicrelease/web/external/stream/esData,来源指标：国内生产总值指数 (上年同期=100) 累计值；原始值 106.1；不变价同比指数减100得到增长率
gdp_ytd_yoy,CHN,2019-Q4,6.1,%,Q,,https://data.stats.gov.cn/dg/website/publicrelease/web/external/stream/esData,来源指标：国内生产总值指数 (上年同期=100) 累计值；原始值 106.1；不变价同比指数减100得到增长率
gdp_ytd_yoy,CHN,2020-Q1,-6.8,%,Q,,https://data.stats.gov.cn/dg/website/publicrelease/web/external/stream/esData,来源指标：国内生产总值指数 (上年同期=100) 累计值；原始值 93.2；不变价同比指数减100得到增长率
gdp_ytd_yoy,CHN,2020-Q2,-1.6,%,Q,,https://data.stats.gov.cn/dg/website/publicrelease/web/external/stream/esData,来源指标：国内生产总值指数 (上年同期=100) 累计值；原始值 98.4；不变价同比指数减100得到增长率
gdp_ytd_yoy,CHN,2020-Q3,0.7,%,Q,,https://data.stats.gov.cn/dg/website/publicrelease/web/external/stream/esData,来源指标：国内生产总值指数 (上年同期=100) 累计值；原始值 100.7；不变价同比指数减100得到增长率
gdp_ytd_yoy,CHN,2020-Q4,2.3,%,Q,,https://data.stats.gov.cn/dg/website/publicrelease/web/external/stream/esData,来源指标：国内生产总值指数 (上年同期=100) 累计值；原始值 102.3；不变价同比指数减100得到增长率
gdp_ytd_yoy,CHN,2021-Q1,18.9,%,Q,,https://data.stats.gov.cn/dg/website/publicrelease/web/external/stream/esData,来源指标：国内生产总值指数 (上年同期=100) 累计值；原始值 118.9；不变价同比指数减100得到增长率
gdp_ytd_yoy,CHN,2021-Q2,13.0,%,Q,,https://data.stats.gov.cn/dg/website/publicrelease/web/external/stream/esData,来源指标：国内生产总值指数 (上年同期=100) 累计值；原始值 113.0；不变价同比指数减100得到增长率
gdp_ytd_yoy,CHN,2021-Q3,10.2,%,Q,,https://data.stats.gov.cn/dg/website/publicrelease/web/external/stream/esData,来源指标：国内生产总值指数 (上年同期=100) 累计值；原始值 110.2；不变价同比指数减100得到增长率
gdp_ytd_yoy,CHN,2021-Q4,8.6,%,Q,,https://data.stats.gov.cn/dg/website/publicrelease/web/external/stream/esData,来源指标：国内生产总值指数 (上年同期=100) 累计值；原始值 108.6；不变价同比指数减100得到增长率
gdp_ytd_yoy,CHN,2022-Q1,4.8,%,Q,,https://data.stats.gov.cn/dg/website/publicrelease/web/external/stream/esData,来源指标：国内生产总值指数 (上年同期=100) 累计值；原始值 104.8；不变价同比指数减100得到增长率
gdp_ytd_yoy,CHN,2022-Q2,2.7,%,Q,,https://data.stats.gov.cn/dg/website/publicrelease/web/external/stream/esData,来源指标：国内生产总值指数 (上年同期=100) 累计值；原始值 102.7；不变价同比指数减100得到增长率
gdp_ytd_yoy,CHN,2022-Q3,3.2,%,Q,,https://data.stats.gov.cn/dg/website/publicrelease/web/external/stream/esData,来源指标：国内生产总值指数 (上年同期=100) 累计值；原始值 103.2；不变价同比指数减100得到增长率
gdp_ytd_yoy,CHN,2022-Q4,3.1,%,Q,,https://data.stats.gov.cn/dg/website/publicrelease/web/external/stream/esData,来源指标：国内生产总值指数 (上年同期=100) 累计值；原始值 103.1；不变价同比指数减100得到增长率
gdp_ytd_yoy,CHN,2023-Q1,4.7,%,Q,,https://data.stats.gov.cn/dg/website/publicrelease/web/external/stream/esData,来源指标：国内生产总值指数 (上年同期=100) 累计值；原始值 104.7；不变价同比指数减100得到增长率
gdp_ytd_yoy,CHN,2023-Q2,5.7,%,Q,,https://data.stats.gov.cn/dg/website/publicrelease/web/external/stream/esData,来源指标：国内生产总值指数 (上年同期=100) 累计值；原始值 105.7；不变价同比指数减100得到增长率
gdp_ytd_yoy,CHN,2023-Q3,5.4,%,Q,,https://data.stats.gov.cn/dg/website/publicrelease/web/external/stream/esData,来源指标：国内生产总值指数 (上年同期=100) 累计值；原始值 105.4；不变价同比指数减100得到增长率
gdp_ytd_yoy,CHN,2023-Q4,5.4,%,Q,,https://data.stats.gov.cn/dg/website/publicrelease/web/external/stream/esData,来源指标：国内生产总值指数 (上年同期=100) 累计值；原始值 105.4；不变价同比指数减100得到增长率
gdp_ytd_yoy,CHN,2024-Q1,5.3,%,Q,,https://data.stats.gov.cn/dg/website/publicrelease/web/external/stream/esData,来源指标：国内生产总值指数 (上年同期=100) 累计值；原始值 105.3；不变价同比指数减100得到增长率
gdp_ytd_yoy,CHN,2024-Q2,4.9,%,Q,,https://data.stats.gov.cn/dg/website/publicrelease/web/external/stream/esData,来源指标：国内生产总值指数 (上年同期=100) 累计值；原始值 104.9；不变价同比指数减100得到增长率
gdp_ytd_yoy,CHN,2024-Q3,4.8,%,Q,,https://data.stats.gov.cn/dg/website/publicrelease/web/external/stream/esData,来源指标：国内生产总值指数 (上年同期=100) 累计值；原始值 104.8；不变价同比指数减100得到增长率
gdp_ytd_yoy,CHN,2024-Q4,5.0,%,Q,,https://data.stats.gov.cn/dg/website/publicrelease/web/external/stream/esData,来源指标：国内生产总值指数 (上年同期=100) 累计值；原始值 105.0；不变价同比指数减100得到增长率
gdp_ytd_yoy,CHN,2025-Q1,5.4,%,Q,,https://data.stats.gov.cn/dg/website/publicrelease/web/external/stream/esData,来源指标：国内生产总值指数 (上年同期=100) 累计值；原始值 105.4；不变价同比指数减100得到增长率
gdp_ytd_yoy,CHN,2025-Q2,5.3,%,Q,,https://data.stats.gov.cn/dg/website/publicrelease/web/external/stream/esData,来源指标：国内生产总值指数 (上年同期=100) 累计值；原始值 105.3；不变价同比指数减100得到增长率
gdp_ytd_yoy,CHN,2025-Q3,5.2,%,Q,,https://data.stats.gov.cn/dg/website/publicrelease/web/external/stream/esData,来源指标：国内生产总值指数 (上年同期=100) 累计值；原始值 105.2；不变价同比指数减100得到增长率
gdp_ytd_yoy,CHN,2025-Q4,5.0,%,Q,,https://data.stats.gov.cn/dg/website/publicrelease/web/external/stream/esData,来源指标：国内生产总值指数 (上年同期=100) 累计值；原始值 105.0；不变价同比指数减100得到增长率
gdp_ytd_yoy,CHN,2026-Q1,5.0,%,Q,,https://data.stats.gov.cn/dg/website/publicrelease/web/external/stream/esData,来源指标：国内生产总值指数 (上年同期=100) 累计值；原始值 105.0；不变价同比指数减100得到增长率
gdp_ytd_yoy,CHN,2026-Q2,4.7,%,Q,,https://data.stats.gov.cn/dg/website/publicrelease/web/external/stream/esData,来源指标：国内生产总值指数 (上年同期=100) 累计值；原始值 104.7；不变价同比指数减100得到增长率
