series_id,country,period,value,unit,frequency,published_at,source_url,note
lpr_1y,CHN,2024-01,3.45,%,M,,https://www.chinamoney.com.cn/ags/ms/cm-u-bk-currency/LprChrtCSV?startDate=2019-01-01,月内观察日 2024-01-31，不是报价发布日期
lpr_1y,CHN,2024-02,3.45,%,M,,https://www.chinamoney.com.cn/ags/ms/cm-u-bk-currency/LprChrtCSV?startDate=2019-01-01,月内观察日 2024-02-29，不是报价发布日期
lpr_1y,CHN,2024-03,3.45,%,M,,https://www.chinamoney.com.cn/ags/ms/cm-u-bk-currency/LprChrtCSV?startDate=2019-01-01,月内观察日 2024-03-29，不是报价发布日期
lpr_1y,CHN,2024-04,3.45,%,M,,https://www.chinamoney.com.cn/ags/ms/cm-u-bk-currency/LprChrtCSV?startDate=2019-01-01,月内观察日 2024-04-30，不是报价发布日期
lpr_1y,CHN,2024-05,3.45,%,M,,https://www.chinamoney.com.cn/ags/ms/cm-u-bk-currency/LprChrtCSV?startDate=2019-01-01,月内观察日 2024-05-31，不是报价发布日期
lpr_1y,CHN,2024-06,3.45,%,M,,https://www.chinamoney.com.cn/ags/ms/cm-u-bk-currency/LprChrtCSV?startDate=2019-01-01,月内观察日 2024-06-28，不是报价发布日期
lpr_1y,CHN,2024-07,3.35,%,M,,https://www.chinamoney.com.cn/ags/ms/cm-u-bk-currency/LprChrtCSV?startDate=2019-01-01,月内观察日 2024-07-31，不是报价发布日期
lpr_1y,CHN,2024-08,3.35,%,M,,https://www.chinamoney.com.cn/ags/ms/cm-u-bk-currency/LprChrtCSV?startDate=2019-01-01,月内观察日 2024-08-30，不是报价发布日期
lpr_1y,CHN,2024-09,3.35,%,M,,https://www.chinamoney.com.cn/ags/ms/cm-u-bk-currency/LprChrtCSV?startDate=2019-01-01,月内观察日 2024-09-30，不是报价发布日期
lpr_1y,CHN,2024-10,3.1,%,M,,https://www.chinamoney.com.cn/ags/ms/cm-u-bk-currency/LprChrtCSV?startDate=2019-01-01,月内观察日 2024-10-31，不是报价发布日期
lpr_1y,CHN,2024-11,3.1,%,M,,https://www.chinamoney.com.cn/ags/ms/cm-u-bk-currency/LprChrtCSV?startDate=2019-01-01,月内观察日 2024-11-29，不是报价发布日期
lpr_1y,CHN,2024-12,3.1,%,M,,https://www.chinamoney.com.cn/ags/ms/cm-u-bk-currency/LprChrtCSV?startDate=2019-01-01,月内观察日 2024-12-31，不是报价发布日期
lpr_1y,CHN,2025-01,3.1,%,M,,https://www.chinamoney.com.cn/ags/ms/cm-u-bk-currency/LprChrtCSV?startDate=2019-01-01,月内观察日 2025-01-27，不是报价发布日期
lpr_1y,CHN,2025-02,3.1,%,M,,https://www.chinamoney.com.cn/ags/ms/cm-u-bk-currency/LprChrtCSV?startDate=2019-01-01,月内观察日 2025-02-28，不是报价发布日期
lpr_1y,CHN,2025-03,3.1,%,M,,https://www.chinamoney.com.cn/ags/ms/cm-u-bk-currency/LprChrtCSV?startDate=2019-01-01,月内观察日 2025-03-31，不是报价发布日期
lpr_1y,CHN,2025-04,3.1,%,M,,https://www.chinamoney.com.cn/ags/ms/cm-u-bk-currency/LprChrtCSV?startDate=2019-01-01,月内观察日 2025-04-30，不是报价发布日期
lpr_1y,CHN,2025-05,3.0,%,M,,https://www.chinamoney.com.cn/ags/ms/cm-u-bk-currency/LprChrtCSV?startDate=2019-01-01,月内观察日 2025-05-30，不是报价发布日期
lpr_1y,CHN,2025-06,3.0,%,M,,https://www.chinamoney.com.cn/ags/ms/cm-u-bk-currency/LprChrtCSV?startDate=2019-01-01,月内观察日 2025-06-30，不是报价发布日期
lpr_1y,CHN,2025-07,3.0,%,M,,https://www.chinamoney.com.cn/ags/ms/cm-u-bk-currency/LprChrtCSV?startDate=2019-01-01,月内观察日 2025-07-31，不是报价发布日期
lpr_1y,CHN,2025-08,3.0,%,M,,https://www.chinamoney.com.cn/ags/ms/cm-u-bk-currency/LprChrtCSV?startDate=2019-01-01,月内观察日 2025-08-29，不是报价发布日期
lpr_1y,CHN,2025-09,3.0,%,M,,https://www.chinamoney.com.cn/ags/ms/cm-u-bk-currency/LprChrtCSV?startDate=2019-01-01,月内观察日 2025-09-30，不是报价发布日期
lpr_1y,CHN,2025-10,3.0,%,M,,https://www.chinamoney.com.cn/ags/ms/cm-u-bk-currency/LprChrtCSV?startDate=2019-01-01,月内观察日 2025-10-31，不是报价发布日期
lpr_1y,CHN,2025-11,3.0,%,M,,https://www.chinamoney.com.cn/ags/ms/cm-u-bk-currency/LprChrtCSV?startDate=2019-01-01,月内观察日 2025-11-28，不是报价发布日期
lpr_1y,CHN,2025-12,3.0,%,M,,https://www.chinamoney.com.cn/ags/ms/cm-u-bk-currency/LprChrtCSV?startDate=2019-01-01,月内观察日 2025-12-31，不是报价发布日期
lpr_1y,CHN,2026-01,3.0,%,M,,https://www.chinamoney.com.cn/ags/ms/cm-u-bk-currency/LprChrtCSV?startDate=2019-01-01,月内观察日 2026-01-30，不是报价发布日期
lpr_1y,CHN,2026-02,3.0,%,M,,https://www.chinamoney.com.cn/ags/ms/cm-u-bk-currency/LprChrtCSV?startDate=2019-01-01,月内观察日 2026-02-28，不是报价发布日期
lpr_1y,CHN,2026-03,3.0,%,M,,https://www.chinamoney.com.cn/ags/ms/cm-u-bk-currency/LprChrtCSV?startDate=2019-01-01,月内观察日 2026-03-31，不是报价发布日期
lpr_1y,CHN,2026-04,3.0,%,M,,https://www.chinamoney.com.cn/ags/ms/cm-u-bk-currency/LprChrtCSV?startDate=2019-01-01,月内观察日 2026-04-30，不是报价发布日期
lpr_1y,CHN,2026-05,3.0,%,M,,https://www.chinamoney.com.cn/ags/ms/cm-u-bk-currency/LprChrtCSV?startDate=2019-01-01,月内观察日 2026-05-29，不是报价发布日期
lpr_1y,CHN,2026-06,3.0,%,M,,https://www.chinamoney.com.cn/ags/ms/cm-u-bk-currency/LprChrtCSV?startDate=2019-01-01,月内观察日 2026-06-30，不是报价发布日期
lpr_1y,CHN,2026-07,3.0,%,M,,https://www.chinamoney.com.cn/ags/ms/cm-u-bk-currency/LprChrtCSV?startDate=2019-01-01,月内观察日 2026-07-31，不是报价发布日期
lpr_1y,CHN,2026-08,3.0,%,M,,https://www.chinamoney.com.cn/ags/ms/cm-u-bk-currency/LprChrtCSV?startDate=2019-01-01,月内观察日 2026-08-31，不是报价发布日期
lpr_1y,CHN,2026-09,3.0,%,M,,https://www.chinamoney.com.cn/ags/ms/cm-u-bk-currency/LprChrtCSV?startDate=2019-01-01,月内观察日 2026-09-20，不是报价发布日期
lpr_5y,CHN,2024-01,4.2,%,M,,https://www.chinamoney.com.cn/ags/ms/cm-u-bk-currency/LprChrtCSV?startDate=2019-01-01,月内观察日 2024-01-31，不是报价发布日期
lpr_5y,CHN,2024-02,3.95,%,M,,https://www.chinamoney.com.cn/ags/ms/cm-u-bk-currency/LprChrtCSV?startDate=2019-01-01,月内观察日 2024-02-29，不是报价发布日期
lpr_5y,CHN,2024-03,3.95,%,M,,https://www.chinamoney.com.cn/ags/ms/cm-u-bk-currency/LprChrtCSV?startDate=2019-01-01,月内观察日 2024-03-29，不是报价发布日期
lpr_5y,CHN,2024-04,3.95,%,M,,https://www.chinamoney.com.cn/ags/ms/cm-u-bk-currency/LprChrtCSV?startDate=2019-01-01,月内观察日 2024-04-30，不是报价发布日期
lpr_5y,CHN,2024-05,3.95,%,M,,https://www.chinamoney.com.cn/ags/ms/cm-u-bk-currency/LprChrtCSV?startDate=2019-01-01,月内观察日 2024-05-31，不是报价发布日期
lpr_5y,CHN,2024-06,3.95,%,M,,https://www.chinamoney.com.cn/ags/ms/cm-u-bk-currency/LprChrtCSV?startDate=2019-01-01,月内观察日 2024-06-28，不是报价发布日期
lpr_5y,CHN,2024-07,3.85,%,M,,https://www.chinamoney.com.cn/ags/ms/cm-u-bk-currency/LprChrtCSV?startDate=2019-01-01,月内观察日 2024-07-31，不是报价发布日期
lpr_5y,CHN,2024-08,3.85,%,M,,https://www.chinamoney.com.cn/ags/ms/cm-u-bk-currency/LprChrtCSV?startDate=2019-01-01,月内观察日 2024-08-30，不是报价发布日期
lpr_5y,CHN,2024-09,3.85,%,M,,https://www.chinamoney.com.cn/ags/ms/cm-u-bk-currency/LprChrtCSV?startDate=2019-01-01,月内观察日 2024-09-30，不是报价发布日期
lpr_5y,CHN,2024-10,3.6,%,M,,https://www.chinamoney.com.cn/ags/ms/cm-u-bk-currency/LprChrtCSV?startDate=2019-01-01,月内观察日 2024-10-31，不是报价发布日期
lpr_5y,CHN,2024-11,3.6,%,M,,https://www.chinamoney.com.cn/ags/ms/cm-u-bk-currency/LprChrtCSV?startDate=2019-01-01,月内观察日 2024-11-29，不是报价发布日期
lpr_5y,CHN,2024-12,3.6,%,M,,https://www.chinamoney.com.cn/ags/ms/cm-u-bk-currency/LprChrtCSV?startDate=2019-01-01,月内观察日 2024-12-31，不是报价发布日期
lpr_5y,CHN,2025-01,3.6,%,M,,https://www.chinamoney.com.cn/ags/ms/cm-u-bk-currency/LprChrtCSV?startDate=2019-01-01,月内观察日 2025-01-27，不是报价发布日期
lpr_5y,CHN,2025-02,3.6,%,M,,https://www.chinamoney.com.cn/ags/ms/cm-u-bk-currency/LprChrtCSV?startDate=2019-01-01,月内观察日 2025-02-28，不是报价发布日期
lpr_5y,CHN,2025-03,3.6,%,M,,https://www.chinamoney.com.cn/ags/ms/cm-u-bk-currency/LprChrtCSV?startDate=2019-01-01,月内观察日 2025-03-31，不是报价发布日期
lpr_5y,CHN,2025-04,3.6,%,M,,https://www.chinamoney.com.cn/ags/ms/cm-u-bk-currency/LprChrtCSV?startDate=2019-01-01,月内观察日 2025-04-30，不是报价发布日期
lpr_5y,CHN,2025-05,3.5,%,M,,https://www.chinamoney.com.cn/ags/ms/cm-u-bk-currency/LprChrtCSV?startDate=2019-01-01,月内观察日 2025-05-30，不是报价发布日期
lpr_5y,CHN,2025-06,3.5,%,M,,https://www.chinamoney.com.cn/ags/ms/cm-u-bk-currency/LprChrtCSV?startDate=2019-01-01,月内观察日 2025-06-30，不是报价发布日期
lpr_5y,CHN,2025-07,3.5,%,M,,https://www.chinamoney.com.cn/ags/ms/cm-u-bk-currency/LprChrtCSV?startDate=2019-01-01,月内观察日 2025-07-31，不是报价发布日期
lpr_5y,CHN,2025-08,3.5,%,M,,https://www.chinamoney.com.cn/ags/ms/cm-u-bk-currency/LprChrtCSV?startDate=2019-01-01,月内观察日 2025-08-29，不是报价发布日期
lpr_5y,CHN,2025-09,3.5,%,M,,https://www.chinamoney.com.cn/ags/ms/cm-u-bk-currency/LprChrtCSV?startDate=2019-01-01,月内观察日 2025-09-30，不是报价发布日期
lpr_5y,CHN,2025-10,3.5,%,M,,https://www.chinamoney.com.cn/ags/ms/cm-u-bk-currency/LprChrtCSV?startDate=2019-01-01,月内观察日 2025-10-31，不是报价发布日期
lpr_5y,CHN,2025-11,3.5,%,M,,https://www.chinamoney.com.cn/ags/ms/cm-u-bk-currency/LprChrtCSV?startDate=2019-01-01,月内观察日 2025-11-28，不是报价发布日期
lpr_5y,CHN,2025-12,3.5,%,M,,https://www.chinamoney.com.cn/ags/ms/cm-u-bk-currency/LprChrtCSV?startDate=2019-01-01,月内观察日 2025-12-31，不是报价发布日期
lpr_5y,CHN,2026-01,3.5,%,M,,https://www.chinamoney.com.cn/ags/ms/cm-u-bk-currency/LprChrtCSV?startDate=2019-01-01,月内观察日 2026-01-30，不是报价发布日期
lpr_5y,CHN,2026-02,3.5,%,M,,https://www.chinamoney.com.cn/ags/ms/cm-u-bk-currency/LprChrtCSV?startDate=2019-01-01,月内观察日 2026-02-28，不是报价发布日期
lpr_5y,CHN,2026-03,3.5,%,M,,https://www.chinamoney.com.cn/ags/ms/cm-u-bk-currency/LprChrtCSV?startDate=2019-01-01,月内观察日 2026-03-31，不是报价发布日期
lpr_5y,CHN,2026-04,3.5,%,M,,https://www.chinamoney.com.cn/ags/ms/cm-u-bk-currency/LprChrtCSV?startDate=2019-01-01,月内观察日 2026-04-30，不是报价发布日期
lpr_5y,CHN,2026-05,3.5,%,M,,https://www.chinamoney.com.cn/ags/ms/cm-u-bk-currency/LprChrtCSV?startDate=2019-01-01,月内观察日 2026-05-29，不是报价发布日期
lpr_5y,CHN,2026-06,3.5,%,M,,https://www.chinamoney.com.cn/ags/ms/cm-u-bk-currency/LprChrtCSV?startDate=2019-01-01,月内观察日 2026-06-30，不是报价发布日期
lpr_5y,CHN,2026-07,3.5,%,M,,https://www.chinamoney.com.cn/ags/ms/cm-u-bk-currency/LprChrtCSV?startDate=2019-01-01,月内观察日 2026-07-31，不是报价发布日期
lpr_5y,CHN,2026-08,3.5,%,M,,https://www.chinamoney.com.cn/ags/ms/cm-u-bk-currency/LprChrtCSV?startDate=2019-01-01,月内观察日 2026-08-31，不是报价发布日期
lpr_5y,CHN,2026-09,3.5,%,M,,https://www.chinamoney.com.cn/ags/ms/cm-u-bk-currency/LprChrtCSV?startDate=2019-01-01,月内观察日 2026-09-20，不是报价发布日期
repo_7d,CHN,2026-07-13,1.40,%,D,2026-07-13,https://www.pbc.gov.cn/zhengcehuobisi/125207/125213/125431/125475/2026071309002690755/index.html,7 天期实际操作；未操作日无观测
repo_7d,CHN,2026-07-14,1.40,%,D,2026-07-14,https://www.pbc.gov.cn/zhengcehuobisi/125207/125213/125431/125475/2026071409063784437/index.html,7 天期实际操作；未操作日无观测
repo_7d,CHN,2026-07-15,1.40,%,D,2026-07-15,https://www.pbc.gov.cn/zhengcehuobisi/125207/125213/125431/125475/2026071508544082234/index.html,7 天期实际操作；未操作日无观测
repo_7d,CHN,2026-07-16,1.40,%,D,2026-07-16,https://www.pbc.gov.cn/zhengcehuobisi/125207/125213/125431/125475/2026071609052055487/index.html,7 天期实际操作；未操作日无观测
repo_7d,CHN,2026-07-17,1.40,%,D,2026-07-17,https://www.pbc.gov.cn/zhengcehuobisi/125207/125213/125431/125475/2026071709025367244/index.html,7 天期实际操作；未操作日无观测
repo_7d,CHN,2026-07-20,1.40,%,D,2026-07-20,https://www.pbc.gov.cn/zhengcehuobisi/125207/125213/125431/125475/2026072009014349986/index.html,7 天期实际操作；未操作日无观测
repo_7d,CHN,2026-07-21,1.40,%,D,2026-07-21,https://www.pbc.gov.cn/zhengcehuobisi/125207/125213/125431/125475/2026072108522816729/index.html,7 天期实际操作；未操作日无观测
repo_7d,CHN,2026-07-22,1.40,%,D,2026-07-22,https://www.pbc.gov.cn/zhengcehuobisi/125207/125213/125431/125475/2026072208543945580/index.html,7 天期实际操作；未操作日无观测
repo_7d,CHN,2026-07-23,1.40,%,D,2026-07-23,https://www.pbc.gov.cn/zhengcehuobisi/125207/125213/125431/125475/2026072308553472442/index.html,7 天期实际操作；未操作日无观测
repo_7d,CHN,2026-07-24,1.40,%,D,2026-07-24,https://www.pbc.gov.cn/zhengcehuobisi/125207/125213/125431/125475/2026072408553811650/index.html,7 天期实际操作；未操作日无观测
repo_7d,CHN,2026-07-27,1.40,%,D,2026-07-27,https://www.pbc.gov.cn/zhengcehuobisi/125207/125213/125431/125475/2026072709025211011/index.html,7 天期实际操作；未操作日无观测
repo_7d,CHN,2026-07-28,1.40,%,D,2026-07-28,https://www.pbc.gov.cn/zhengcehuobisi/125207/125213/125431/125475/2026072809054729238/index.html,7 天期实际操作；未操作日无观测
repo_7d,CHN,2026-07-29,1.40,%,D,2026-07-29,https://www.pbc.gov.cn/zhengcehuobisi/125207/125213/125431/125475/2026072908500887071/index.html,7 天期实际操作；未操作日无观测
repo_7d,CHN,2026-07-30,1.40,%,D,2026-07-30,https://www.pbc.gov.cn/zhengcehuobisi/125207/125213/125431/125475/2026073009012172928/index.html,7 天期实际操作；未操作日无观测
repo_7d,CHN,2026-07-31,1.40,%,D,2026-07-31,https://www.pbc.gov.cn/zhengcehuobisi/125207/125213/125431/125475/2026073108575959224/index.html,7 天期实际操作；未操作日无观测
repo_7d,CHN,2026-08-03,1.40,%,D,2026-08-03,https://www.pbc.gov.cn/zhengcehuobisi/125207/125213/125431/125475/2026080308511890481/index.html,7 天期实际操作；未操作日无观测
repo_7d,CHN,2026-08-04,1.40,%,D,2026-08-04,https://www.pbc.gov.cn/zhengcehuobisi/125207/125213/125431/125475/2026080409004579424/index.html,7 天期实际操作；未操作日无观测
repo_7d,CHN,2026-08-05,1.40,%,D,2026-08-05,https://www.pbc.gov.cn/zhengcehuobisi/125207/125213/125431/125475/2026080509015322425/index.html,7 天期实际操作；未操作日无观测
repo_7d,CHN,2026-08-06,1.40,%,D,2026-08-06,https://www.pbc.gov.cn/zhengcehuobisi/125207/125213/125431/125475/2026080608581014813/index.html,7 天期实际操作；未操作日无观测
repo_7d,CHN,2026-08-07,1.40,%,D,2026-08-07,https://www.pbc.gov.cn/zhengcehuobisi/125207/125213/125431/125475/2026080708590296440/index.html,7 天期实际操作；未操作日无观测
repo_7d,CHN,2026-08-10,1.40,%,D,2026-08-10,https://www.pbc.gov.cn/zhengcehuobisi/125207/125213/125431/125475/2026081008522023544/index.html,7 天期实际操作；未操作日无观测
repo_7d,CHN,2026-08-21,1.40,%,D,2026-08-21,https://www.pbc.gov.cn/zhengcehuobisi/125207/125213/125431/125475/2026082108525095972/index.html,7 天期实际操作；未操作日无观测
repo_7d,CHN,2026-08-24,1.40,%,D,2026-08-24,https://www.pbc.gov.cn/zhengcehuobisi/125207/125213/125431/125475/2026082408541077708/index.html,7 天期实际操作；未操作日无观测
repo_7d,CHN,2026-08-25,1.40,%,D,2026-08-25,https://www.pbc.gov.cn/zhengcehuobisi/125207/125213/125431/125475/2026082509031244236/index.html,7 天期实际操作；未操作日无观测
repo_7d,CHN,2026-08-26,1.40,%,D,2026-08-26,https://www.pbc.gov.cn/zhengcehuobisi/125207/125213/125431/125475/2026082609043256964/index.html,7 天期实际操作；未操作日无观测
repo_7d,CHN,2026-08-27,1.40,%,D,2026-08-27,https://www.pbc.gov.cn/zhengcehuobisi/125207/125213/125431/125475/2026082709072028572/index.html,7 天期实际操作；未操作日无观测
repo_7d,CHN,2026-08-28,1.40,%,D,2026-08-28,https://www.pbc.gov.cn/zhengcehuobisi/125207/125213/125431/125475/2026082808585347002/index.html,7 天期实际操作；未操作日无观测
repo_7d,CHN,2026-08-31,1.40,%,D,2026-08-31,https://www.pbc.gov.cn/zhengcehuobisi/125207/125213/125431/125475/2026083108481886588/index.html,7 天期实际操作；未操作日无观测
repo_7d,CHN,2026-09-01,1.40,%,D,2026-09-01,https://www.pbc.gov.cn/zhengcehuobisi/125207/125213/125431/125475/2026090108544487779/index.html,7 天期实际操作；未操作日无观测
repo_7d,CHN,2026-09-07,1.40,%,D,2026-09-07,https://www.pbc.gov.cn/zhengcehuobisi/125207/125213/125431/125475/2026090709060799588/index.html,7 天期实际操作；未操作日无观测
repo_7d,CHN,2026-09-08,1.40,%,D,2026-09-08,https://www.pbc.gov.cn/zhengcehuobisi/125207/125213/125431/125475/2026090808550785449/index.html,7 天期实际操作；未操作日无观测
repo_7d,CHN,2026-09-10,1.40,%,D,2026-09-10,https://www.pbc.gov.cn/zhengcehuobisi/125207/125213/125431/125475/2026091008503564628/index.html,7 天期实际操作；未操作日无观测
repo_7d,CHN,2026-09-11,1.40,%,D,2026-09-11,https://www.pbc.gov.cn/zhengcehuobisi/125207/125213/125431/125475/2026091108502869867/index.html,7 天期实际操作；未操作日无观测
repo_7d,CHN,2026-09-16,1.40,%,D,2026-09-16,https://www.pbc.gov.cn/zhengcehuobisi/125207/125213/125431/125475/2026091609061192765/index.html,7 天期实际操作；未操作日无观测
repo_7d,CHN,2026-09-17,1.40,%,D,2026-09-17,https://www.pbc.gov.cn/zhengcehuobisi/125207/125213/125431/125475/2026091708554047079/index.html,7 天期实际操作；未操作日无观测
repo_7d,CHN,2026-09-18,1.40,%,D,2026-09-18,https://www.pbc.gov.cn/zhengcehuobisi/125207/125213/125431/125475/2026091809070584602/index.html,7 天期实际操作；未操作日无观测
repo_7d,CHN,2026-09-20,1.40,%,D,2026-09-20,https://www.pbc.gov.cn/zhengcehuobisi/125207/125213/125431/125475/2026092008452664293/index.html,7 天期实际操作；未操作日无观测
repo_7d,CHN,2026-09-21,1.40,%,D,2026-09-21,https://www.pbc.gov.cn/zhengcehuobisi/125207/125213/125431/125475/2026092108482838501/index.html,7 天期实际操作；未操作日无观测
repo_7d,CHN,2026-09-22,1.40,%,D,2026-09-22,https://www.pbc.gov.cn/zhengcehuobisi/125207/125213/125431/125475/2026092208451519789/index.html,7 天期实际操作；未操作日无观测
repo_7d,CHN,2026-09-23,1.40,%,D,2026-09-23,https://www.pbc.gov.cn/zhengcehuobisi/125207/125213/125431/125475/2026092308513432696/index.html,7 天期实际操作；未操作日无观测
repo_7d,CHN,2026-09-24,1.40,%,D,2026-09-24,https://www.pbc.gov.cn/zhengcehuobisi/125207/125213/125431/125475/2026092408454713496/index.html,7 天期实际操作；未操作日无观测
repo_7d,CHN,2026-09-28,1.40,%,D,2026-09-28,https://www.pbc.gov.cn/zhengcehuobisi/125207/125213/125431/125475/2026092808454683233/index.html,7 天期实际操作；未操作日无观测
repo_7d,CHN,2026-09-29,1.40,%,D,2026-09-29,https://www.pbc.gov.cn/zhengcehuobisi/125207/125213/125431/125475/2026092908461628271/index.html,7 天期实际操作；未操作日无观测
yield_10y,CHN,2025-10-09,1.8466,%,D,,https://yield.chinabond.com.cn/cbweb-pbc-web/pbc/historyQuery?startDate=2025-10-01&endDate=2025-10-31&gjqx=0&qxId=hzsylqx&locale=zh_CN,
yield_10y,CHN,2025-10-10,1.8460,%,D,,https://yield.chinabond.com.cn/cbweb-pbc-web/pbc/historyQuery?startDate=2025-10-01&endDate=2025-10-31&gjqx=0&qxId=hzsylqx&locale=zh_CN,
yield_10y,CHN,2025-10-11,1.8206,%,D,,https://yield.chinabond.com.cn/cbweb-pbc-web/pbc/historyQuery?startDate=2025-10-01&endDate=2025-10-31&gjqx=0&qxId=hzsylqx&locale=zh_CN,
yield_10y,CHN,2025-10-13,1.8383,%,D,,https://yield.chinabond.com.cn/cbweb-pbc-web/pbc/historyQuery?startDate=2025-10-01&endDate=2025-10-31&gjqx=0&qxId=hzsylqx&locale=zh_CN,
yield_10y,CHN,2025-10-14,1.8368,%,D,,https://yield.chinabond.com.cn/cbweb-pbc-web/pbc/historyQuery?startDate=2025-10-01&endDate=2025-10-31&gjqx=0&qxId=hzsylqx&locale=zh_CN,
yield_10y,CHN,2025-10-15,1.8449,%,D,,https://yield.chinabond.com.cn/cbweb-pbc-web/pbc/historyQuery?startDate=2025-10-01&endDate=2025-10-31&gjqx=0&qxId=hzsylqx&locale=zh_CN,
yield_10y,CHN,2025-10-16,1.8407,%,D,,https://yield.chinabond.com.cn/cbweb-pbc-web/pbc/historyQuery?startDate=2025-10-01&endDate=2025-10-31&gjqx=0&qxId=hzsylqx&locale=zh_CN,
yield_10y,CHN,2025-10-17,1.8246,%,D,,https://yield.chinabond.com.cn/cbweb-pbc-web/pbc/historyQuery?startDate=2025-10-01&endDate=2025-10-31&gjqx=0&qxId=hzsylqx&locale=zh_CN,
yield_10y,CHN,2025-10-20,1.8498,%,D,,https://yield.chinabond.com.cn/cbweb-pbc-web/pbc/historyQuery?startDate=2025-10-01&endDate=2025-10-31&gjqx=0&qxId=hzsylqx&locale=zh_CN,
yield_10y,CHN,2025-10-21,1.8357,%,D,,https://yield.chinabond.com.cn/cbweb-pbc-web/pbc/historyQuery?startDate=2025-10-01&endDate=2025-10-31&gjqx=0&qxId=hzsylqx&locale=zh_CN,
yield_10y,CHN,2025-10-22,1.8293,%,D,,https://yield.chinabond.com.cn/cbweb-pbc-web/pbc/historyQuery?startDate=2025-10-01&endDate=2025-10-31&gjqx=0&qxId=hzsylqx&locale=zh_CN,
yield_10y,CHN,2025-10-23,1.8391,%,D,,https://yield.chinabond.com.cn/cbweb-pbc-web/pbc/historyQuery?startDate=2025-10-01&endDate=2025-10-31&gjqx=0&qxId=hzsylqx&locale=zh_CN,
yield_10y,CHN,2025-10-24,1.8486,%,D,,https://yield.chinabond.com.cn/cbweb-pbc-web/pbc/historyQuery?startDate=2025-10-01&endDate=2025-10-31&gjqx=0&qxId=hzsylqx&locale=zh_CN,
yield_10y,CHN,2025-10-27,1.8423,%,D,,https://yield.chinabond.com.cn/cbweb-pbc-web/pbc/historyQuery?startDate=2025-10-01&endDate=2025-10-31&gjqx=0&qxId=hzsylqx&locale=zh_CN,
yield_10y,CHN,2025-10-28,1.8179,%,D,,https://yield.chinabond.com.cn/cbweb-pbc-web/pbc/historyQuery?startDate=2025-10-01&endDate=2025-10-31&gjqx=0&qxId=hzsylqx&locale=zh_CN,
yield_10y,CHN,2025-10-29,1.8208,%,D,,https://yield.chinabond.com.cn/cbweb-pbc-web/pbc/historyQuery?startDate=2025-10-01&endDate=2025-10-31&gjqx=0&qxId=hzsylqx&locale=zh_CN,
yield_10y,CHN,2025-10-30,1.8098,%,D,,https://yield.chinabond.com.cn/cbweb-pbc-web/pbc/historyQuery?startDate=2025-10-01&endDate=2025-10-31&gjqx=0&qxId=hzsylqx&locale=zh_CN,
yield_10y,CHN,2025-10-31,1.7954,%,D,,https://yield.chinabond.com.cn/cbweb-pbc-web/pbc/historyQuery?startDate=2025-10-01&endDate=2025-10-31&gjqx=0&qxId=hzsylqx&locale=zh_CN,
yield_10y,CHN,2025-11-03,1.7944,%,D,,https://yield.chinabond.com.cn/cbweb-pbc-web/pbc/historyQuery?startDate=2025-11-01&endDate=2025-11-30&gjqx=0&qxId=hzsylqx&locale=zh_CN,
yield_10y,CHN,2025-11-04,1.7984,%,D,,https://yield.chinabond.com.cn/cbweb-pbc-web/pbc/historyQuery?startDate=2025-11-01&endDate=2025-11-30&gjqx=0&qxId=hzsylqx&locale=zh_CN,
yield_10y,CHN,2025-11-05,1.7964,%,D,,https://yield.chinabond.com.cn/cbweb-pbc-web/pbc/historyQuery?startDate=2025-11-01&endDate=2025-11-30&gjqx=0&qxId=hzsylqx&locale=zh_CN,
yield_10y,CHN,2025-11-06,1.8100,%,D,,https://yield.chinabond.com.cn/cbweb-pbc-web/pbc/historyQuery?startDate=2025-11-01&endDate=2025-11-30&gjqx=0&qxId=hzsylqx&locale=zh_CN,
yield_10y,CHN,2025-11-07,1.8142,%,D,,https://yield.chinabond.com.cn/cbweb-pbc-web/pbc/historyQuery?startDate=2025-11-01&endDate=2025-11-30&gjqx=0&qxId=hzsylqx&locale=zh_CN,
yield_10y,CHN,2025-11-10,1.8139,%,D,,https://yield.chinabond.com.cn/cbweb-pbc-web/pbc/historyQuery?startDate=2025-11-01&endDate=2025-11-30&gjqx=0&qxId=hzsylqx&locale=zh_CN,
yield_10y,CHN,2025-11-11,1.8119,%,D,,https://yield.chinabond.com.cn/cbweb-pbc-web/pbc/historyQuery?startDate=2025-11-01&endDate=2025-11-30&gjqx=0&qxId=hzsylqx&locale=zh_CN,
yield_10y,CHN,2025-11-12,1.8071,%,D,,https://yield.chinabond.com.cn/cbweb-pbc-web/pbc/historyQuery?startDate=2025-11-01&endDate=2025-11-30&gjqx=0&qxId=hzsylqx&locale=zh_CN,
yield_10y,CHN,2025-11-13,1.8126,%,D,,https://yield.chinabond.com.cn/cbweb-pbc-web/pbc/historyQuery?startDate=2025-11-01&endDate=2025-11-30&gjqx=0&qxId=hzsylqx&locale=zh_CN,
yield_10y,CHN,2025-11-14,1.8140,%,D,,https://yield.chinabond.com.cn/cbweb-pbc-web/pbc/historyQuery?startDate=2025-11-01&endDate=2025-11-30&gjqx=0&qxId=hzsylqx&locale=zh_CN,
yield_10y,CHN,2025-11-17,1.8109,%,D,,https://yield.chinabond.com.cn/cbweb-pbc-web/pbc/historyQuery?startDate=2025-11-01&endDate=2025-11-30&gjqx=0&qxId=hzsylqx&locale=zh_CN,
yield_10y,CHN,2025-11-18,1.8121,%,D,,https://yield.chinabond.com.cn/cbweb-pbc-web/pbc/historyQuery?startDate=2025-11-01&endDate=2025-11-30&gjqx=0&qxId=hzsylqx&locale=zh_CN,
yield_10y,CHN,2025-11-19,1.8179,%,D,,https://yield.chinabond.com.cn/cbweb-pbc-web/pbc/historyQuery?startDate=2025-11-01&endDate=2025-11-30&gjqx=0&qxId=hzsylqx&locale=zh_CN,
yield_10y,CHN,2025-11-20,1.8135,%,D,,https://yield.chinabond.com.cn/cbweb-pbc-web/pbc/historyQuery?startDate=2025-11-01&endDate=2025-11-30&gjqx=0&qxId=hzsylqx&locale=zh_CN,
yield_10y,CHN,2025-11-21,1.8166,%,D,,https://yield.chinabond.com.cn/cbweb-pbc-web/pbc/historyQuery?startDate=2025-11-01&endDate=2025-11-30&gjqx=0&qxId=hzsylqx&locale=zh_CN,
yield_10y,CHN,2025-11-24,1.8210,%,D,,https://yield.chinabond.com.cn/cbweb-pbc-web/pbc/historyQuery?startDate=2025-11-01&endDate=2025-11-30&gjqx=0&qxId=hzsylqx&locale=zh_CN,
yield_10y,CHN,2025-11-25,1.8301,%,D,,https://yield.chinabond.com.cn/cbweb-pbc-web/pbc/historyQuery?startDate=2025-11-01&endDate=2025-11-30&gjqx=0&qxId=hzsylqx&locale=zh_CN,
yield_10y,CHN,2025-11-26,1.8462,%,D,,https://yield.chinabond.com.cn/cbweb-pbc-web/pbc/historyQuery?startDate=2025-11-01&endDate=2025-11-30&gjqx=0&qxId=hzsylqx&locale=zh_CN,
yield_10y,CHN,2025-11-27,1.8537,%,D,,https://yield.chinabond.com.cn/cbweb-pbc-web/pbc/historyQuery?startDate=2025-11-01&endDate=2025-11-30&gjqx=0&qxId=hzsylqx&locale=zh_CN,
yield_10y,CHN,2025-11-28,1.8412,%,D,,https://yield.chinabond.com.cn/cbweb-pbc-web/pbc/historyQuery?startDate=2025-11-01&endDate=2025-11-30&gjqx=0&qxId=hzsylqx&locale=zh_CN,
yield_10y,CHN,2025-12-01,1.8366,%,D,,https://yield.chinabond.com.cn/cbweb-pbc-web/pbc/historyQuery?startDate=2025-12-01&endDate=2025-12-31&gjqx=0&qxId=hzsylqx&locale=zh_CN,
yield_10y,CHN,2025-12-02,1.8442,%,D,,https://yield.chinabond.com.cn/cbweb-pbc-web/pbc/historyQuery?startDate=2025-12-01&endDate=2025-12-31&gjqx=0&qxId=hzsylqx&locale=zh_CN,
yield_10y,CHN,2025-12-03,1.8519,%,D,,https://yield.chinabond.com.cn/cbweb-pbc-web/pbc/historyQuery?startDate=2025-12-01&endDate=2025-12-31&gjqx=0&qxId=hzsylqx&locale=zh_CN,
yield_10y,CHN,2025-12-04,1.8718,%,D,,https://yield.chinabond.com.cn/cbweb-pbc-web/pbc/historyQuery?startDate=2025-12-01&endDate=2025-12-31&gjqx=0&qxId=hzsylqx&locale=zh_CN,
yield_10y,CHN,2025-12-05,1.8480,%,D,,https://yield.chinabond.com.cn/cbweb-pbc-web/pbc/historyQuery?startDate=2025-12-01&endDate=2025-12-31&gjqx=0&qxId=hzsylqx&locale=zh_CN,
yield_10y,CHN,2025-12-08,1.8499,%,D,,https://yield.chinabond.com.cn/cbweb-pbc-web/pbc/historyQuery?startDate=2025-12-01&endDate=2025-12-31&gjqx=0&qxId=hzsylqx&locale=zh_CN,
yield_10y,CHN,2025-12-09,1.8425,%,D,,https://yield.chinabond.com.cn/cbweb-pbc-web/pbc/historyQuery?startDate=2025-12-01&endDate=2025-12-31&gjqx=0&qxId=hzsylqx&locale=zh_CN,
yield_10y,CHN,2025-12-10,1.8447,%,D,,https://yield.chinabond.com.cn/cbweb-pbc-web/pbc/historyQuery?startDate=2025-12-01&endDate=2025-12-31&gjqx=0&qxId=hzsylqx&locale=zh_CN,
yield_10y,CHN,2025-12-11,1.8404,%,D,,https://yield.chinabond.com.cn/cbweb-pbc-web/pbc/historyQuery?startDate=2025-12-01&endDate=2025-12-31&gjqx=0&qxId=hzsylqx&locale=zh_CN,
yield_10y,CHN,2025-12-12,1.8396,%,D,,https://yield.chinabond.com.cn/cbweb-pbc-web/pbc/historyQuery?startDate=2025-12-01&endDate=2025-12-31&gjqx=0&qxId=hzsylqx&locale=zh_CN,
yield_10y,CHN,2025-12-15,1.8488,%,D,,https://yield.chinabond.com.cn/cbweb-pbc-web/pbc/historyQuery?startDate=2025-12-01&endDate=2025-12-31&gjqx=0&qxId=hzsylqx&locale=zh_CN,
yield_10y,CHN,2025-12-16,1.8458,%,D,,https://yield.chinabond.com.cn/cbweb-pbc-web/pbc/historyQuery?startDate=2025-12-01&endDate=2025-12-31&gjqx=0&qxId=hzsylqx&locale=zh_CN,
yield_10y,CHN,2025-12-17,1.8340,%,D,,https://yield.chinabond.com.cn/cbweb-pbc-web/pbc/historyQuery?startDate=2025-12-01&endDate=2025-12-31&gjqx=0&qxId=hzsylqx&locale=zh_CN,
yield_10y,CHN,2025-12-18,1.8356,%,D,,https://yield.chinabond.com.cn/cbweb-pbc-web/pbc/historyQuery?startDate=2025-12-01&endDate=2025-12-31&gjqx=0&qxId=hzsylqx&locale=zh_CN,
yield_10y,CHN,2025-12-19,1.8308,%,D,,https://yield.chinabond.com.cn/cbweb-pbc-web/pbc/historyQuery?startDate=2025-12-01&endDate=2025-12-31&gjqx=0&qxId=hzsylqx&locale=zh_CN,
yield_10y,CHN,2025-12-22,1.8415,%,D,,https://yield.chinabond.com.cn/cbweb-pbc-web/pbc/historyQuery?startDate=2025-12-01&endDate=2025-12-31&gjqx=0&qxId=hzsylqx&locale=zh_CN,
yield_10y,CHN,2025-12-23,1.8352,%,D,,https://yield.chinabond.com.cn/cbweb-pbc-web/pbc/historyQuery?startDate=2025-12-01&endDate=2025-12-31&gjqx=0&qxId=hzsylqx&locale=zh_CN,
yield_10y,CHN,2025-12-24,1.8356,%,D,,https://yield.chinabond.com.cn/cbweb-pbc-web/pbc/historyQuery?startDate=2025-12-01&endDate=2025-12-31&gjqx=0&qxId=hzsylqx&locale=zh_CN,
yield_10y,CHN,2025-12-25,1.8386,%,D,,https://yield.chinabond.com.cn/cbweb-pbc-web/pbc/historyQuery?startDate=2025-12-01&endDate=2025-12-31&gjqx=0&qxId=hzsylqx&locale=zh_CN,
yield_10y,CHN,2025-12-26,1.8376,%,D,,https://yield.chinabond.com.cn/cbweb-pbc-web/pbc/historyQuery?startDate=2025-12-01&endDate=2025-12-31&gjqx=0&qxId=hzsylqx&locale=zh_CN,
yield_10y,CHN,2025-12-29,1.8584,%,D,,https://yield.chinabond.com.cn/cbweb-pbc-web/pbc/historyQuery?startDate=2025-12-01&endDate=2025-12-31&gjqx=0&qxId=hzsylqx&locale=zh_CN,
yield_10y,CHN,2025-12-30,1.8582,%,D,,https://yield.chinabond.com.cn/cbweb-pbc-web/pbc/historyQuery?startDate=2025-12-01&endDate=2025-12-31&gjqx=0&qxId=hzsylqx&locale=zh_CN,
yield_10y,CHN,2025-12-31,1.8473,%,D,,https://yield.chinabond.com.cn/cbweb-pbc-web/pbc/historyQuery?startDate=2025-12-01&endDate=2025-12-31&gjqx=0&qxId=hzsylqx&locale=zh_CN,
yield_10y,CHN,2026-01-04,1.8427,%,D,,https://yield.chinabond.com.cn/cbweb-pbc-web/pbc/historyQuery?startDate=2026-01-01&endDate=2026-01-31&gjqx=0&qxId=hzsylqx&locale=zh_CN,
yield_10y,CHN,2026-01-05,1.8584,%,D,,https://yield.chinabond.com.cn/cbweb-pbc-web/pbc/historyQuery?startDate=2026-01-01&endDate=2026-01-31&gjqx=0&qxId=hzsylqx&locale=zh_CN,
yield_10y,CHN,2026-01-06,1.8829,%,D,,https://yield.chinabond.com.cn/cbweb-pbc-web/pbc/historyQuery?startDate=2026-01-01&endDate=2026-01-31&gjqx=0&qxId=hzsylqx&locale=zh_CN,
yield_10y,CHN,2026-01-07,1.9019,%,D,,https://yield.chinabond.com.cn/cbweb-pbc-web/pbc/historyQuery?startDate=2026-01-01&endDate=2026-01-31&gjqx=0&qxId=hzsylqx&locale=zh_CN,
yield_10y,CHN,2026-01-08,1.8905,%,D,,https://yield.chinabond.com.cn/cbweb-pbc-web/pbc/historyQuery?startDate=2026-01-01&endDate=2026-01-31&gjqx=0&qxId=hzsylqx&locale=zh_CN,
yield_10y,CHN,2026-01-09,1.8782,%,D,,https://yield.chinabond.com.cn/cbweb-pbc-web/pbc/historyQuery?startDate=2026-01-01&endDate=2026-01-31&gjqx=0&qxId=hzsylqx&locale=zh_CN,
yield_10y,CHN,2026-01-12,1.8585,%,D,,https://yield.chinabond.com.cn/cbweb-pbc-web/pbc/historyQuery?startDate=2026-01-01&endDate=2026-01-31&gjqx=0&qxId=hzsylqx&locale=zh_CN,
yield_10y,CHN,2026-01-13,1.8519,%,D,,https://yield.chinabond.com.cn/cbweb-pbc-web/pbc/historyQuery?startDate=2026-01-01&endDate=2026-01-31&gjqx=0&qxId=hzsylqx&locale=zh_CN,
yield_10y,CHN,2026-01-14,1.8494,%,D,,https://yield.chinabond.com.cn/cbweb-pbc-web/pbc/historyQuery?startDate=2026-01-01&endDate=2026-01-31&gjqx=0&qxId=hzsylqx&locale=zh_CN,
yield_10y,CHN,2026-01-15,1.8544,%,D,,https://yield.chinabond.com.cn/cbweb-pbc-web/pbc/historyQuery?startDate=2026-01-01&endDate=2026-01-31&gjqx=0&qxId=hzsylqx&locale=zh_CN,
yield_10y,CHN,2026-01-16,1.8424,%,D,,https://yield.chinabond.com.cn/cbweb-pbc-web/pbc/historyQuery?startDate=2026-01-01&endDate=2026-01-31&gjqx=0&qxId=hzsylqx&locale=zh_CN,
yield_10y,CHN,2026-01-19,1.8393,%,D,,https://yield.chinabond.com.cn/cbweb-pbc-web/pbc/historyQuery?startDate=2026-01-01&endDate=2026-01-31&gjqx=0&qxId=hzsylqx&locale=zh_CN,
yield_10y,CHN,2026-01-20,1.8326,%,D,,https://yield.chinabond.com.cn/cbweb-pbc-web/pbc/historyQuery?startDate=2026-01-01&endDate=2026-01-31&gjqx=0&qxId=hzsylqx&locale=zh_CN,
yield_10y,CHN,2026-01-21,1.8312,%,D,,https://yield.chinabond.com.cn/cbweb-pbc-web/pbc/historyQuery?startDate=2026-01-01&endDate=2026-01-31&gjqx=0&qxId=hzsylqx&locale=zh_CN,
yield_10y,CHN,2026-01-22,1.8425,%,D,,https://yield.chinabond.com.cn/cbweb-pbc-web/pbc/historyQuery?startDate=2026-01-01&endDate=2026-01-31&gjqx=0&qxId=hzsylqx&locale=zh_CN,
yield_10y,CHN,2026-01-23,1.8298,%,D,,https://yield.chinabond.com.cn/cbweb-pbc-web/pbc/historyQuery?startDate=2026-01-01&endDate=2026-01-31&gjqx=0&qxId=hzsylqx&locale=zh_CN,
yield_10y,CHN,2026-01-26,1.8242,%,D,,https://yield.chinabond.com.cn/cbweb-pbc-web/pbc/historyQuery?startDate=2026-01-01&endDate=2026-01-31&gjqx=0&qxId=hzsylqx&locale=zh_CN,
yield_10y,CHN,2026-01-27,1.8311,%,D,,https://yield.chinabond.com.cn/cbweb-pbc-web/pbc/historyQuery?startDate=2026-01-01&endDate=2026-01-31&gjqx=0&qxId=hzsylqx&locale=zh_CN,
yield_10y,CHN,2026-01-28,1.8164,%,D,,https://yield.chinabond.com.cn/cbweb-pbc-web/pbc/historyQuery?startDate=2026-01-01&endDate=2026-01-31&gjqx=0&qxId=hzsylqx&locale=zh_CN,
yield_10y,CHN,2026-01-29,1.8174,%,D,,https://yield.chinabond.com.cn/cbweb-pbc-web/pbc/historyQuery?startDate=2026-01-01&endDate=2026-01-31&gjqx=0&qxId=hzsylqx&locale=zh_CN,
yield_10y,CHN,2026-01-30,1.8112,%,D,,https://yield.chinabond.com.cn/cbweb-pbc-web/pbc/historyQuery?startDate=2026-01-01&endDate=2026-01-31&gjqx=0&qxId=hzsylqx&locale=zh_CN,
yield_10y,CHN,2026-02-02,1.8200,%,D,,https://yield.chinabond.com.cn/cbweb-pbc-web/pbc/historyQuery?startDate=2026-02-01&endDate=2026-02-28&gjqx=0&qxId=hzsylqx&locale=zh_CN,
yield_10y,CHN,2026-02-03,1.8172,%,D,,https://yield.chinabond.com.cn/cbweb-pbc-web/pbc/historyQuery?startDate=2026-02-01&endDate=2026-02-28&gjqx=0&qxId=hzsylqx&locale=zh_CN,
yield_10y,CHN,2026-02-04,1.8193,%,D,,https://yield.chinabond.com.cn/cbweb-pbc-web/pbc/historyQuery?startDate=2026-02-01&endDate=2026-02-28&gjqx=0&qxId=hzsylqx&locale=zh_CN,
yield_10y,CHN,2026-02-05,1.8169,%,D,,https://yield.chinabond.com.cn/cbweb-pbc-web/pbc/historyQuery?startDate=2026-02-01&endDate=2026-02-28&gjqx=0&qxId=hzsylqx&locale=zh_CN,
yield_10y,CHN,2026-02-06,1.8102,%,D,,https://yield.chinabond.com.cn/cbweb-pbc-web/pbc/historyQuery?startDate=2026-02-01&endDate=2026-02-28&gjqx=0&qxId=hzsylqx&locale=zh_CN,
yield_10y,CHN,2026-02-09,1.8114,%,D,,https://yield.chinabond.com.cn/cbweb-pbc-web/pbc/historyQuery?startDate=2026-02-01&endDate=2026-02-28&gjqx=0&qxId=hzsylqx&locale=zh_CN,
yield_10y,CHN,2026-02-10,1.8094,%,D,,https://yield.chinabond.com.cn/cbweb-pbc-web/pbc/historyQuery?startDate=2026-02-01&endDate=2026-02-28&gjqx=0&qxId=hzsylqx&locale=zh_CN,
yield_10y,CHN,2026-02-11,1.7994,%,D,,https://yield.chinabond.com.cn/cbweb-pbc-web/pbc/historyQuery?startDate=2026-02-01&endDate=2026-02-28&gjqx=0&qxId=hzsylqx&locale=zh_CN,
yield_10y,CHN,2026-02-12,1.7893,%,D,,https://yield.chinabond.com.cn/cbweb-pbc-web/pbc/historyQuery?startDate=2026-02-01&endDate=2026-02-28&gjqx=0&qxId=hzsylqx&locale=zh_CN,
yield_10y,CHN,2026-02-13,1.7928,%,D,,https://yield.chinabond.com.cn/cbweb-pbc-web/pbc/historyQuery?startDate=2026-02-01&endDate=2026-02-28&gjqx=0&qxId=hzsylqx&locale=zh_CN,
yield_10y,CHN,2026-02-14,1.7899,%,D,,https://yield.chinabond.com.cn/cbweb-pbc-web/pbc/historyQuery?startDate=2026-02-01&endDate=2026-02-28&gjqx=0&qxId=hzsylqx&locale=zh_CN,
yield_10y,CHN,2026-02-24,1.8023,%,D,,https://yield.chinabond.com.cn/cbweb-pbc-web/pbc/historyQuery?startDate=2026-02-01&endDate=2026-02-28&gjqx=0&qxId=hzsylqx&locale=zh_CN,
yield_10y,CHN,2026-02-25,1.8158,%,D,,https://yield.chinabond.com.cn/cbweb-pbc-web/pbc/historyQuery?startDate=2026-02-01&endDate=2026-02-28&gjqx=0&qxId=hzsylqx&locale=zh_CN,
yield_10y,CHN,2026-02-26,1.8288,%,D,,https://yield.chinabond.com.cn/cbweb-pbc-web/pbc/historyQuery?startDate=2026-02-01&endDate=2026-02-28&gjqx=0&qxId=hzsylqx&locale=zh_CN,
yield_10y,CHN,2026-02-27,1.7877,%,D,,https://yield.chinabond.com.cn/cbweb-pbc-web/pbc/historyQuery?startDate=2026-02-01&endDate=2026-02-28&gjqx=0&qxId=hzsylqx&locale=zh_CN,
yield_10y,CHN,2026-02-28,1.7753,%,D,,https://yield.chinabond.com.cn/cbweb-pbc-web/pbc/historyQuery?startDate=2026-02-01&endDate=2026-02-28&gjqx=0&qxId=hzsylqx&locale=zh_CN,
yield_10y,CHN,2026-03-02,1.7761,%,D,,https://yield.chinabond.com.cn/cbweb-pbc-web/pbc/historyQuery?startDate=2026-03-01&endDate=2026-03-31&gjqx=0&qxId=hzsylqx&locale=zh_CN,
yield_10y,CHN,2026-03-03,1.7807,%,D,,https://yield.chinabond.com.cn/cbweb-pbc-web/pbc/historyQuery?startDate=2026-03-01&endDate=2026-03-31&gjqx=0&qxId=hzsylqx&locale=zh_CN,
yield_10y,CHN,2026-03-04,1.7768,%,D,,https://yield.chinabond.com.cn/cbweb-pbc-web/pbc/historyQuery?startDate=2026-03-01&endDate=2026-03-31&gjqx=0&qxId=hzsylqx&locale=zh_CN,
yield_10y,CHN,2026-03-05,1.7779,%,D,,https://yield.chinabond.com.cn/cbweb-pbc-web/pbc/historyQuery?startDate=2026-03-01&endDate=2026-03-31&gjqx=0&qxId=hzsylqx&locale=zh_CN,
yield_10y,CHN,2026-03-06,1.7810,%,D,,https://yield.chinabond.com.cn/cbweb-pbc-web/pbc/historyQuery?startDate=2026-03-01&endDate=2026-03-31&gjqx=0&qxId=hzsylqx&locale=zh_CN,
yield_10y,CHN,2026-03-09,1.8054,%,D,,https://yield.chinabond.com.cn/cbweb-pbc-web/pbc/historyQuery?startDate=2026-03-01&endDate=2026-03-31&gjqx=0&qxId=hzsylqx&locale=zh_CN,
yield_10y,CHN,2026-03-10,1.8055,%,D,,https://yield.chinabond.com.cn/cbweb-pbc-web/pbc/historyQuery?startDate=2026-03-01&endDate=2026-03-31&gjqx=0&qxId=hzsylqx&locale=zh_CN,
yield_10y,CHN,2026-03-11,1.8075,%,D,,https://yield.chinabond.com.cn/cbweb-pbc-web/pbc/historyQuery?startDate=2026-03-01&endDate=2026-03-31&gjqx=0&qxId=hzsylqx&locale=zh_CN,
yield_10y,CHN,2026-03-12,1.8052,%,D,,https://yield.chinabond.com.cn/cbweb-pbc-web/pbc/historyQuery?startDate=2026-03-01&endDate=2026-03-31&gjqx=0&qxId=hzsylqx&locale=zh_CN,
yield_10y,CHN,2026-03-13,1.8143,%,D,,https://yield.chinabond.com.cn/cbweb-pbc-web/pbc/historyQuery?startDate=2026-03-01&endDate=2026-03-31&gjqx=0&qxId=hzsylqx&locale=zh_CN,
yield_10y,CHN,2026-03-16,1.8312,%,D,,https://yield.chinabond.com.cn/cbweb-pbc-web/pbc/historyQuery?startDate=2026-03-01&endDate=2026-03-31&gjqx=0&qxId=hzsylqx&locale=zh_CN,
yield_10y,CHN,2026-03-17,1.8314,%,D,,https://yield.chinabond.com.cn/cbweb-pbc-web/pbc/historyQuery?startDate=2026-03-01&endDate=2026-03-31&gjqx=0&qxId=hzsylqx&locale=zh_CN,
yield_10y,CHN,2026-03-18,1.8175,%,D,,https://yield.chinabond.com.cn/cbweb-pbc-web/pbc/historyQuery?startDate=2026-03-01&endDate=2026-03-31&gjqx=0&qxId=hzsylqx&locale=zh_CN,
yield_10y,CHN,2026-03-19,1.8252,%,D,,https://yield.chinabond.com.cn/cbweb-pbc-web/pbc/historyQuery?startDate=2026-03-01&endDate=2026-03-31&gjqx=0&qxId=hzsylqx&locale=zh_CN,
yield_10y,CHN,2026-03-20,1.8299,%,D,,https://yield.chinabond.com.cn/cbweb-pbc-web/pbc/historyQuery?startDate=2026-03-01&endDate=2026-03-31&gjqx=0&qxId=hzsylqx&locale=zh_CN,
yield_10y,CHN,2026-03-23,1.8316,%,D,,https://yield.chinabond.com.cn/cbweb-pbc-web/pbc/historyQuery?startDate=2026-03-01&endDate=2026-03-31&gjqx=0&qxId=hzsylqx&locale=zh_CN,
yield_10y,CHN,2026-03-24,1.8272,%,D,,https://yield.chinabond.com.cn/cbweb-pbc-web/pbc/historyQuery?startDate=2026-03-01&endDate=2026-03-31&gjqx=0&qxId=hzsylqx&locale=zh_CN,
yield_10y,CHN,2026-03-25,1.8233,%,D,,https://yield.chinabond.com.cn/cbweb-pbc-web/pbc/historyQuery?startDate=2026-03-01&endDate=2026-03-31&gjqx=0&qxId=hzsylqx&locale=zh_CN,
yield_10y,CHN,2026-03-26,1.8194,%,D,,https://yield.chinabond.com.cn/cbweb-pbc-web/pbc/historyQuery?startDate=2026-03-01&endDate=2026-03-31&gjqx=0&qxId=hzsylqx&locale=zh_CN,
yield_10y,CHN,2026-03-27,1.8172,%,D,,https://yield.chinabond.com.cn/cbweb-pbc-web/pbc/historyQuery?startDate=2026-03-01&endDate=2026-03-31&gjqx=0&qxId=hzsylqx&locale=zh_CN,
yield_10y,CHN,2026-03-30,1.8063,%,D,,https://yield.chinabond.com.cn/cbweb-pbc-web/pbc/historyQuery?startDate=2026-03-01&endDate=2026-03-31&gjqx=0&qxId=hzsylqx&locale=zh_CN,
yield_10y,CHN,2026-03-31,1.8171,%,D,,https://yield.chinabond.com.cn/cbweb-pbc-web/pbc/historyQuery?startDate=2026-03-01&endDate=2026-03-31&gjqx=0&qxId=hzsylqx&locale=zh_CN,
yield_10y,CHN,2026-04-01,1.8244,%,D,,https://yield.chinabond.com.cn/cbweb-pbc-web/pbc/historyQuery?startDate=2026-04-01&endDate=2026-04-30&gjqx=0&qxId=hzsylqx&locale=zh_CN,
yield_10y,CHN,2026-04-02,1.8209,%,D,,https://yield.chinabond.com.cn/cbweb-pbc-web/pbc/historyQuery?startDate=2026-04-01&endDate=2026-04-30&gjqx=0&qxId=hzsylqx&locale=zh_CN,
yield_10y,CHN,2026-04-03,1.8199,%,D,,https://yield.chinabond.com.cn/cbweb-pbc-web/pbc/historyQuery?startDate=2026-04-01&endDate=2026-04-30&gjqx=0&qxId=hzsylqx&locale=zh_CN,
yield_10y,CHN,2026-04-07,1.8171,%,D,,https://yield.chinabond.com.cn/cbweb-pbc-web/pbc/historyQuery?startDate=2026-04-01&endDate=2026-04-30&gjqx=0&qxId=hzsylqx&locale=zh_CN,
yield_10y,CHN,2026-04-08,1.8136,%,D,,https://yield.chinabond.com.cn/cbweb-pbc-web/pbc/historyQuery?startDate=2026-04-01&endDate=2026-04-30&gjqx=0&qxId=hzsylqx&locale=zh_CN,
yield_10y,CHN,2026-04-09,1.8192,%,D,,https://yield.chinabond.com.cn/cbweb-pbc-web/pbc/historyQuery?startDate=2026-04-01&endDate=2026-04-30&gjqx=0&qxId=hzsylqx&locale=zh_CN,
yield_10y,CHN,2026-04-10,1.8128,%,D,,https://yield.chinabond.com.cn/cbweb-pbc-web/pbc/historyQuery?startDate=2026-04-01&endDate=2026-04-30&gjqx=0&qxId=hzsylqx&locale=zh_CN,
yield_10y,CHN,2026-04-13,1.7933,%,D,,https://yield.chinabond.com.cn/cbweb-pbc-web/pbc/historyQuery?startDate=2026-04-01&endDate=2026-04-30&gjqx=0&qxId=hzsylqx&locale=zh_CN,
yield_10y,CHN,2026-04-14,1.7829,%,D,,https://yield.chinabond.com.cn/cbweb-pbc-web/pbc/historyQuery?startDate=2026-04-01&endDate=2026-04-30&gjqx=0&qxId=hzsylqx&locale=zh_CN,
yield_10y,CHN,2026-04-15,1.7809,%,D,,https://yield.chinabond.com.cn/cbweb-pbc-web/pbc/historyQuery?startDate=2026-04-01&endDate=2026-04-30&gjqx=0&qxId=hzsylqx&locale=zh_CN,
yield_10y,CHN,2026-04-16,1.7812,%,D,,https://yield.chinabond.com.cn/cbweb-pbc-web/pbc/historyQuery?startDate=2026-04-01&endDate=2026-04-30&gjqx=0&qxId=hzsylqx&locale=zh_CN,
yield_10y,CHN,2026-04-17,1.7623,%,D,,https://yield.chinabond.com.cn/cbweb-pbc-web/pbc/historyQuery?startDate=2026-04-01&endDate=2026-04-30&gjqx=0&qxId=hzsylqx&locale=zh_CN,
yield_10y,CHN,2026-04-20,1.7627,%,D,,https://yield.chinabond.com.cn/cbweb-pbc-web/pbc/historyQuery?startDate=2026-04-01&endDate=2026-04-30&gjqx=0&qxId=hzsylqx&locale=zh_CN,
yield_10y,CHN,2026-04-21,1.7510,%,D,,https://yield.chinabond.com.cn/cbweb-pbc-web/pbc/historyQuery?startDate=2026-04-01&endDate=2026-04-30&gjqx=0&qxId=hzsylqx&locale=zh_CN,
yield_10y,CHN,2026-04-22,1.7389,%,D,,https://yield.chinabond.com.cn/cbweb-pbc-web/pbc/historyQuery?startDate=2026-04-01&endDate=2026-04-30&gjqx=0&qxId=hzsylqx&locale=zh_CN,
yield_10y,CHN,2026-04-23,1.7548,%,D,,https://yield.chinabond.com.cn/cbweb-pbc-web/pbc/historyQuery?startDate=2026-04-01&endDate=2026-04-30&gjqx=0&qxId=hzsylqx&locale=zh_CN,
yield_10y,CHN,2026-04-24,1.7601,%,D,,https://yield.chinabond.com.cn/cbweb-pbc-web/pbc/historyQuery?startDate=2026-04-01&endDate=2026-04-30&gjqx=0&qxId=hzsylqx&locale=zh_CN,
yield_10y,CHN,2026-04-27,1.7697,%,D,,https://yield.chinabond.com.cn/cbweb-pbc-web/pbc/historyQuery?startDate=2026-04-01&endDate=2026-04-30&gjqx=0&qxId=hzsylqx&locale=zh_CN,
yield_10y,CHN,2026-04-28,1.7654,%,D,,https://yield.chinabond.com.cn/cbweb-pbc-web/pbc/historyQuery?startDate=2026-04-01&endDate=2026-04-30&gjqx=0&qxId=hzsylqx&locale=zh_CN,
yield_10y,CHN,2026-04-29,1.7444,%,D,,https://yield.chinabond.com.cn/cbweb-pbc-web/pbc/historyQuery?startDate=2026-04-01&endDate=2026-04-30&gjqx=0&qxId=hzsylqx&locale=zh_CN,
yield_10y,CHN,2026-04-30,1.7473,%,D,,https://yield.chinabond.com.cn/cbweb-pbc-web/pbc/historyQuery?startDate=2026-04-01&endDate=2026-04-30&gjqx=0&qxId=hzsylqx&locale=zh_CN,
yield_10y,CHN,2026-05-06,1.7654,%,D,,https://yield.chinabond.com.cn/cbweb-pbc-web/pbc/historyQuery?startDate=2026-05-01&endDate=2026-05-31&gjqx=0&qxId=hzsylqx&locale=zh_CN,
yield_10y,CHN,2026-05-07,1.7631,%,D,,https://yield.chinabond.com.cn/cbweb-pbc-web/pbc/historyQuery?startDate=2026-05-01&endDate=2026-05-31&gjqx=0&qxId=hzsylqx&locale=zh_CN,
yield_10y,CHN,2026-05-08,1.7648,%,D,,https://yield.chinabond.com.cn/cbweb-pbc-web/pbc/historyQuery?startDate=2026-05-01&endDate=2026-05-31&gjqx=0&qxId=hzsylqx&locale=zh_CN,
yield_10y,CHN,2026-05-09,1.7670,%,D,,https://yield.chinabond.com.cn/cbweb-pbc-web/pbc/historyQuery?startDate=2026-05-01&endDate=2026-05-31&gjqx=0&qxId=hzsylqx&locale=zh_CN,
yield_10y,CHN,2026-05-11,1.7622,%,D,,https://yield.chinabond.com.cn/cbweb-pbc-web/pbc/historyQuery?startDate=2026-05-01&endDate=2026-05-31&gjqx=0&qxId=hzsylqx&locale=zh_CN,
yield_10y,CHN,2026-05-12,1.7592,%,D,,https://yield.chinabond.com.cn/cbweb-pbc-web/pbc/historyQuery?startDate=2026-05-01&endDate=2026-05-31&gjqx=0&qxId=hzsylqx&locale=zh_CN,
yield_10y,CHN,2026-05-13,1.7514,%,D,,https://yield.chinabond.com.cn/cbweb-pbc-web/pbc/historyQuery?startDate=2026-05-01&endDate=2026-05-31&gjqx=0&qxId=hzsylqx&locale=zh_CN,
yield_10y,CHN,2026-05-14,1.7588,%,D,,https://yield.chinabond.com.cn/cbweb-pbc-web/pbc/historyQuery?startDate=2026-05-01&endDate=2026-05-31&gjqx=0&qxId=hzsylqx&locale=zh_CN,
yield_10y,CHN,2026-05-15,1.7658,%,D,,https://yield.chinabond.com.cn/cbweb-pbc-web/pbc/historyQuery?startDate=2026-05-01&endDate=2026-05-31&gjqx=0&qxId=hzsylqx&locale=zh_CN,
yield_10y,CHN,2026-05-18,1.7585,%,D,,https://yield.chinabond.com.cn/cbweb-pbc-web/pbc/historyQuery?startDate=2026-05-01&endDate=2026-05-31&gjqx=0&qxId=hzsylqx&locale=zh_CN,
yield_10y,CHN,2026-05-19,1.7345,%,D,,https://yield.chinabond.com.cn/cbweb-pbc-web/pbc/historyQuery?startDate=2026-05-01&endDate=2026-05-31&gjqx=0&qxId=hzsylqx&locale=zh_CN,
yield_10y,CHN,2026-05-20,1.7382,%,D,,https://yield.chinabond.com.cn/cbweb-pbc-web/pbc/historyQuery?startDate=2026-05-01&endDate=2026-05-31&gjqx=0&qxId=hzsylqx&locale=zh_CN,
yield_10y,CHN,2026-05-21,1.7448,%,D,,https://yield.chinabond.com.cn/cbweb-pbc-web/pbc/historyQuery?startDate=2026-05-01&endDate=2026-05-31&gjqx=0&qxId=hzsylqx&locale=zh_CN,
yield_10y,CHN,2026-05-22,1.7519,%,D,,https://yield.chinabond.com.cn/cbweb-pbc-web/pbc/historyQuery?startDate=2026-05-01&endDate=2026-05-31&gjqx=0&qxId=hzsylqx&locale=zh_CN,
yield_10y,CHN,2026-05-25,1.7484,%,D,,https://yield.chinabond.com.cn/cbweb-pbc-web/pbc/historyQuery?startDate=2026-05-01&endDate=2026-05-31&gjqx=0&qxId=hzsylqx&locale=zh_CN,
yield_10y,CHN,2026-05-26,1.7405,%,D,,https://yield.chinabond.com.cn/cbweb-pbc-web/pbc/historyQuery?startDate=2026-05-01&endDate=2026-05-31&gjqx=0&qxId=hzsylqx&locale=zh_CN,
yield_10y,CHN,2026-05-27,1.7216,%,D,,https://yield.chinabond.com.cn/cbweb-pbc-web/pbc/historyQuery?startDate=2026-05-01&endDate=2026-05-31&gjqx=0&qxId=hzsylqx&locale=zh_CN,
yield_10y,CHN,2026-05-28,1.7193,%,D,,https://yield.chinabond.com.cn/cbweb-pbc-web/pbc/historyQuery?startDate=2026-05-01&endDate=2026-05-31&gjqx=0&qxId=hzsylqx&locale=zh_CN,
yield_10y,CHN,2026-05-29,1.7090,%,D,,https://yield.chinabond.com.cn/cbweb-pbc-web/pbc/historyQuery?startDate=2026-05-01&endDate=2026-05-31&gjqx=0&qxId=hzsylqx&locale=zh_CN,
yield_10y,CHN,2026-06-01,1.7009,%,D,,https://yield.chinabond.com.cn/cbweb-pbc-web/pbc/historyQuery?startDate=2026-06-01&endDate=2026-06-30&gjqx=0&qxId=hzsylqx&locale=zh_CN,
yield_10y,CHN,2026-06-02,1.7036,%,D,,https://yield.chinabond.com.cn/cbweb-pbc-web/pbc/historyQuery?startDate=2026-06-01&endDate=2026-06-30&gjqx=0&qxId=hzsylqx&locale=zh_CN,
yield_10y,CHN,2026-06-03,1.7128,%,D,,https://yield.chinabond.com.cn/cbweb-pbc-web/pbc/historyQuery?startDate=2026-06-01&endDate=2026-06-30&gjqx=0&qxId=hzsylqx&locale=zh_CN,
yield_10y,CHN,2026-06-04,1.7081,%,D,,https://yield.chinabond.com.cn/cbweb-pbc-web/pbc/historyQuery?startDate=2026-06-01&endDate=2026-06-30&gjqx=0&qxId=hzsylqx&locale=zh_CN,
yield_10y,CHN,2026-06-05,1.7207,%,D,,https://yield.chinabond.com.cn/cbweb-pbc-web/pbc/historyQuery?startDate=2026-06-01&endDate=2026-06-30&gjqx=0&qxId=hzsylqx&locale=zh_CN,
yield_10y,CHN,2026-06-08,1.7275,%,D,,https://yield.chinabond.com.cn/cbweb-pbc-web/pbc/historyQuery?startDate=2026-06-01&endDate=2026-06-30&gjqx=0&qxId=hzsylqx&locale=zh_CN,
yield_10y,CHN,2026-06-09,1.7376,%,D,,https://yield.chinabond.com.cn/cbweb-pbc-web/pbc/historyQuery?startDate=2026-06-01&endDate=2026-06-30&gjqx=0&qxId=hzsylqx&locale=zh_CN,
yield_10y,CHN,2026-06-10,1.7476,%,D,,https://yield.chinabond.com.cn/cbweb-pbc-web/pbc/historyQuery?startDate=2026-06-01&endDate=2026-06-30&gjqx=0&qxId=hzsylqx&locale=zh_CN,
yield_10y,CHN,2026-06-11,1.7475,%,D,,https://yield.chinabond.com.cn/cbweb-pbc-web/pbc/historyQuery?startDate=2026-06-01&endDate=2026-06-30&gjqx=0&qxId=hzsylqx&locale=zh_CN,
yield_10y,CHN,2026-06-12,1.7427,%,D,,https://yield.chinabond.com.cn/cbweb-pbc-web/pbc/historyQuery?startDate=2026-06-01&endDate=2026-06-30&gjqx=0&qxId=hzsylqx&locale=zh_CN,
yield_10y,CHN,2026-06-15,1.7446,%,D,,https://yield.chinabond.com.cn/cbweb-pbc-web/pbc/historyQuery?startDate=2026-06-01&endDate=2026-06-30&gjqx=0&qxId=hzsylqx&locale=zh_CN,
yield_10y,CHN,2026-06-16,1.7324,%,D,,https://yield.chinabond.com.cn/cbweb-pbc-web/pbc/historyQuery?startDate=2026-06-01&endDate=2026-06-30&gjqx=0&qxId=hzsylqx&locale=zh_CN,
yield_10y,CHN,2026-06-17,1.7270,%,D,,https://yield.chinabond.com.cn/cbweb-pbc-web/pbc/historyQuery?startDate=2026-06-01&endDate=2026-06-30&gjqx=0&qxId=hzsylqx&locale=zh_CN,
yield_10y,CHN,2026-06-18,1.7299,%,D,,https://yield.chinabond.com.cn/cbweb-pbc-web/pbc/historyQuery?startDate=2026-06-01&endDate=2026-06-30&gjqx=0&qxId=hzsylqx&locale=zh_CN,
yield_10y,CHN,2026-06-22,1.7375,%,D,,https://yield.chinabond.com.cn/cbweb-pbc-web/pbc/historyQuery?startDate=2026-06-01&endDate=2026-06-30&gjqx=0&qxId=hzsylqx&locale=zh_CN,
yield_10y,CHN,2026-06-23,1.7437,%,D,,https://yield.chinabond.com.cn/cbweb-pbc-web/pbc/historyQuery?startDate=2026-06-01&endDate=2026-06-30&gjqx=0&qxId=hzsylqx&locale=zh_CN,
yield_10y,CHN,2026-06-24,1.7454,%,D,,https://yield.chinabond.com.cn/cbweb-pbc-web/pbc/historyQuery?startDate=2026-06-01&endDate=2026-06-30&gjqx=0&qxId=hzsylqx&locale=zh_CN,
yield_10y,CHN,2026-06-25,1.7351,%,D,,https://yield.chinabond.com.cn/cbweb-pbc-web/pbc/historyQuery?startDate=2026-06-01&endDate=2026-06-30&gjqx=0&qxId=hzsylqx&locale=zh_CN,
yield_10y,CHN,2026-06-26,1.7314,%,D,,https://yield.chinabond.com.cn/cbweb-pbc-web/pbc/historyQuery?startDate=2026-06-01&endDate=2026-06-30&gjqx=0&qxId=hzsylqx&locale=zh_CN,
yield_10y,CHN,2026-06-29,1.7170,%,D,,https://yield.chinabond.com.cn/cbweb-pbc-web/pbc/historyQuery?startDate=2026-06-01&endDate=2026-06-30&gjqx=0&qxId=hzsylqx&locale=zh_CN,
yield_10y,CHN,2026-06-30,1.7330,%,D,,https://yield.chinabond.com.cn/cbweb-pbc-web/pbc/historyQuery?startDate=2026-06-01&endDate=2026-06-30&gjqx=0&qxId=hzsylqx&locale=zh_CN,
yield_10y,CHN,2026-07-01,1.7448,%,D,,https://yield.chinabond.com.cn/cbweb-pbc-web/pbc/historyQuery?startDate=2026-07-01&endDate=2026-07-31&gjqx=0&qxId=hzsylqx&locale=zh_CN,
yield_10y,CHN,2026-07-02,1.7410,%,D,,https://yield.chinabond.com.cn/cbweb-pbc-web/pbc/historyQuery?startDate=2026-07-01&endDate=2026-07-31&gjqx=0&qxId=hzsylqx&locale=zh_CN,
yield_10y,CHN,2026-07-03,1.7463,%,D,,https://yield.chinabond.com.cn/cbweb-pbc-web/pbc/historyQuery?startDate=2026-07-01&endDate=2026-07-31&gjqx=0&qxId=hzsylqx&locale=zh_CN,
yield_10y,CHN,2026-07-06,1.7379,%,D,,https://yield.chinabond.com.cn/cbweb-pbc-web/pbc/historyQuery?startDate=2026-07-01&endDate=2026-07-31&gjqx=0&qxId=hzsylqx&locale=zh_CN,
yield_10y,CHN,2026-07-07,1.7406,%,D,,https://yield.chinabond.com.cn/cbweb-pbc-web/pbc/historyQuery?startDate=2026-07-01&endDate=2026-07-31&gjqx=0&qxId=hzsylqx&locale=zh_CN,
yield_10y,CHN,2026-07-08,1.7385,%,D,,https://yield.chinabond.com.cn/cbweb-pbc-web/pbc/historyQuery?startDate=2026-07-01&endDate=2026-07-31&gjqx=0&qxId=hzsylqx&locale=zh_CN,
yield_10y,CHN,2026-07-09,1.7376,%,D,,https://yield.chinabond.com.cn/cbweb-pbc-web/pbc/historyQuery?startDate=2026-07-01&endDate=2026-07-31&gjqx=0&qxId=hzsylqx&locale=zh_CN,
yield_10y,CHN,2026-07-10,1.7398,%,D,,https://yield.chinabond.com.cn/cbweb-pbc-web/pbc/historyQuery?startDate=2026-07-01&endDate=2026-07-31&gjqx=0&qxId=hzsylqx&locale=zh_CN,
yield_10y,CHN,2026-07-13,1.7442,%,D,,https://yield.chinabond.com.cn/cbweb-pbc-web/pbc/historyQuery?startDate=2026-07-01&endDate=2026-07-31&gjqx=0&qxId=hzsylqx&locale=zh_CN,
yield_10y,CHN,2026-07-14,1.7402,%,D,,https://yield.chinabond.com.cn/cbweb-pbc-web/pbc/historyQuery?startDate=2026-07-01&endDate=2026-07-31&gjqx=0&qxId=hzsylqx&locale=zh_CN,
yield_10y,CHN,2026-07-15,1.7406,%,D,,https://yield.chinabond.com.cn/cbweb-pbc-web/pbc/historyQuery?startDate=2026-07-01&endDate=2026-07-31&gjqx=0&qxId=hzsylqx&locale=zh_CN,
yield_10y,CHN,2026-07-16,1.7437,%,D,,https://yield.chinabond.com.cn/cbweb-pbc-web/pbc/historyQuery?startDate=2026-07-01&endDate=2026-07-31&gjqx=0&qxId=hzsylqx&locale=zh_CN,
yield_10y,CHN,2026-07-17,1.7404,%,D,,https://yield.chinabond.com.cn/cbweb-pbc-web/pbc/historyQuery?startDate=2026-07-01&endDate=2026-07-31&gjqx=0&qxId=hzsylqx&locale=zh_CN,
yield_10y,CHN,2026-07-20,1.7453,%,D,,https://yield.chinabond.com.cn/cbweb-pbc-web/pbc/historyQuery?startDate=2026-07-01&endDate=2026-07-31&gjqx=0&qxId=hzsylqx&locale=zh_CN,
yield_10y,CHN,2026-07-21,1.7450,%,D,,https://yield.chinabond.com.cn/cbweb-pbc-web/pbc/historyQuery?startDate=2026-07-01&endDate=2026-07-31&gjqx=0&qxId=hzsylqx&locale=zh_CN,
yield_10y,CHN,2026-07-22,1.7297,%,D,,https://yield.chinabond.com.cn/cbweb-pbc-web/pbc/historyQuery?startDate=2026-07-01&endDate=2026-07-31&gjqx=0&qxId=hzsylqx&locale=zh_CN,
yield_10y,CHN,2026-07-23,1.7325,%,D,,https://yield.chinabond.com.cn/cbweb-pbc-web/pbc/historyQuery?startDate=2026-07-01&endDate=2026-07-31&gjqx=0&qxId=hzsylqx&locale=zh_CN,
yield_10y,CHN,2026-07-24,1.7282,%,D,,https://yield.chinabond.com.cn/cbweb-pbc-web/pbc/historyQuery?startDate=2026-07-01&endDate=2026-07-31&gjqx=0&qxId=hzsylqx&locale=zh_CN,
yield_10y,CHN,2026-07-27,1.7337,%,D,,https://yield.chinabond.com.cn/cbweb-pbc-web/pbc/historyQuery?startDate=2026-07-01&endDate=2026-07-31&gjqx=0&qxId=hzsylqx&locale=zh_CN,
yield_10y,CHN,2026-07-28,1.7351,%,D,,https://yield.chinabond.com.cn/cbweb-pbc-web/pbc/historyQuery?startDate=2026-07-01&endDate=2026-07-31&gjqx=0&qxId=hzsylqx&locale=zh_CN,
yield_10y,CHN,2026-07-29,1.7329,%,D,,https://yield.chinabond.com.cn/cbweb-pbc-web/pbc/historyQuery?startDate=2026-07-01&endDate=2026-07-31&gjqx=0&qxId=hzsylqx&locale=zh_CN,
yield_10y,CHN,2026-07-30,1.7196,%,D,,https://yield.chinabond.com.cn/cbweb-pbc-web/pbc/historyQuery?startDate=2026-07-01&endDate=2026-07-31&gjqx=0&qxId=hzsylqx&locale=zh_CN,
yield_10y,CHN,2026-07-31,1.7141,%,D,,https://yield.chinabond.com.cn/cbweb-pbc-web/pbc/historyQuery?startDate=2026-07-01&endDate=2026-07-31&gjqx=0&qxId=hzsylqx&locale=zh_CN,
yield_10y,CHN,2026-08-03,1.7169,%,D,,https://yield.chinabond.com.cn/cbweb-pbc-web/pbc/historyQuery?startDate=2026-08-01&endDate=2026-08-31&gjqx=0&qxId=hzsylqx&locale=zh_CN,
yield_10y,CHN,2026-08-04,1.7126,%,D,,https://yield.chinabond.com.cn/cbweb-pbc-web/pbc/historyQuery?startDate=2026-08-01&endDate=2026-08-31&gjqx=0&qxId=hzsylqx&locale=zh_CN,
yield_10y,CHN,2026-08-05,1.7137,%,D,,https://yield.chinabond.com.cn/cbweb-pbc-web/pbc/historyQuery?startDate=2026-08-01&endDate=2026-08-31&gjqx=0&qxId=hzsylqx&locale=zh_CN,
yield_10y,CHN,2026-08-06,1.7143,%,D,,https://yield.chinabond.com.cn/cbweb-pbc-web/pbc/historyQuery?startDate=2026-08-01&endDate=2026-08-31&gjqx=0&qxId=hzsylqx&locale=zh_CN,
yield_10y,CHN,2026-08-07,1.7114,%,D,,https://yield.chinabond.com.cn/cbweb-pbc-web/pbc/historyQuery?startDate=2026-08-01&endDate=2026-08-31&gjqx=0&qxId=hzsylqx&locale=zh_CN,
yield_10y,CHN,2026-08-10,1.7074,%,D,,https://yield.chinabond.com.cn/cbweb-pbc-web/pbc/historyQuery?startDate=2026-08-01&endDate=2026-08-31&gjqx=0&qxId=hzsylqx&locale=zh_CN,
yield_10y,CHN,2026-08-11,1.7161,%,D,,https://yield.chinabond.com.cn/cbweb-pbc-web/pbc/historyQuery?startDate=2026-08-01&endDate=2026-08-31&gjqx=0&qxId=hzsylqx&locale=zh_CN,
yield_10y,CHN,2026-08-12,1.7141,%,D,,https://yield.chinabond.com.cn/cbweb-pbc-web/pbc/historyQuery?startDate=2026-08-01&endDate=2026-08-31&gjqx=0&qxId=hzsylqx&locale=zh_CN,
yield_10y,CHN,2026-08-13,1.7032,%,D,,https://yield.chinabond.com.cn/cbweb-pbc-web/pbc/historyQuery?startDate=2026-08-01&endDate=2026-08-31&gjqx=0&qxId=hzsylqx&locale=zh_CN,
yield_10y,CHN,2026-08-14,1.6964,%,D,,https://yield.chinabond.com.cn/cbweb-pbc-web/pbc/historyQuery?startDate=2026-08-01&endDate=2026-08-31&gjqx=0&qxId=hzsylqx&locale=zh_CN,
yield_10y,CHN,2026-08-17,1.6924,%,D,,https://yield.chinabond.com.cn/cbweb-pbc-web/pbc/historyQuery?startDate=2026-08-01&endDate=2026-08-31&gjqx=0&qxId=hzsylqx&locale=zh_CN,
yield_10y,CHN,2026-08-18,1.6864,%,D,,https://yield.chinabond.com.cn/cbweb-pbc-web/pbc/historyQuery?startDate=2026-08-01&endDate=2026-08-31&gjqx=0&qxId=hzsylqx&locale=zh_CN,
yield_10y,CHN,2026-08-19,1.6831,%,D,,https://yield.chinabond.com.cn/cbweb-pbc-web/pbc/historyQuery?startDate=2026-08-01&endDate=2026-08-31&gjqx=0&qxId=hzsylqx&locale=zh_CN,
yield_10y,CHN,2026-08-20,1.6832,%,D,,https://yield.chinabond.com.cn/cbweb-pbc-web/pbc/historyQuery?startDate=2026-08-01&endDate=2026-08-31&gjqx=0&qxId=hzsylqx&locale=zh_CN,
yield_10y,CHN,2026-08-21,1.6839,%,D,,https://yield.chinabond.com.cn/cbweb-pbc-web/pbc/historyQuery?startDate=2026-08-01&endDate=2026-08-31&gjqx=0&qxId=hzsylqx&locale=zh_CN,
yield_10y,CHN,2026-08-24,1.6794,%,D,,https://yield.chinabond.com.cn/cbweb-pbc-web/pbc/historyQuery?startDate=2026-08-01&endDate=2026-08-31&gjqx=0&qxId=hzsylqx&locale=zh_CN,
yield_10y,CHN,2026-08-25,1.6815,%,D,,https://yield.chinabond.com.cn/cbweb-pbc-web/pbc/historyQuery?startDate=2026-08-01&endDate=2026-08-31&gjqx=0&qxId=hzsylqx&locale=zh_CN,
yield_10y,CHN,2026-08-26,1.6887,%,D,,https://yield.chinabond.com.cn/cbweb-pbc-web/pbc/historyQuery?startDate=2026-08-01&endDate=2026-08-31&gjqx=0&qxId=hzsylqx&locale=zh_CN,
yield_10y,CHN,2026-08-27,1.6988,%,D,,https://yield.chinabond.com.cn/cbweb-pbc-web/pbc/historyQuery?startDate=2026-08-01&endDate=2026-08-31&gjqx=0&qxId=hzsylqx&locale=zh_CN,
yield_10y,CHN,2026-08-28,1.6949,%,D,,https://yield.chinabond.com.cn/cbweb-pbc-web/pbc/historyQuery?startDate=2026-08-01&endDate=2026-08-31&gjqx=0&qxId=hzsylqx&locale=zh_CN,
yield_10y,CHN,2026-08-31,1.6883,%,D,,https://yield.chinabond.com.cn/cbweb-pbc-web/pbc/historyQuery?startDate=2026-08-01&endDate=2026-08-31&gjqx=0&qxId=hzsylqx&locale=zh_CN,
yield_10y,CHN,2026-09-01,1.6834,%,D,,https://yield.chinabond.com.cn/cbweb-pbc-web/pbc/historyQuery?startDate=2026-09-01&endDate=2026-09-30&gjqx=0&qxId=hzsylqx&locale=zh_CN,
yield_10y,CHN,2026-09-02,1.6861,%,D,,https://yield.chinabond.com.cn/cbweb-pbc-web/pbc/historyQuery?startDate=2026-09-01&endDate=2026-09-30&gjqx=0&qxId=hzsylqx&locale=zh_CN,
yield_10y,CHN,2026-09-03,1.6798,%,D,,https://yield.chinabond.com.cn/cbweb-pbc-web/pbc/historyQuery?startDate=2026-09-01&endDate=2026-09-30&gjqx=0&qxId=hzsylqx&locale=zh_CN,
yield_10y,CHN,2026-09-04,1.6804,%,D,,https://yield.chinabond.com.cn/cbweb-pbc-web/pbc/historyQuery?startDate=2026-09-01&endDate=2026-09-30&gjqx=0&qxId=hzsylqx&locale=zh_CN,
yield_10y,CHN,2026-09-07,1.6798,%,D,,https://yield.chinabond.com.cn/cbweb-pbc-web/pbc/historyQuery?startDate=2026-09-01&endDate=2026-09-30&gjqx=0&qxId=hzsylqx&locale=zh_CN,
yield_10y,CHN,2026-09-08,1.6815,%,D,,https://yield.chinabond.com.cn/cbweb-pbc-web/pbc/historyQuery?startDate=2026-09-01&endDate=2026-09-30&gjqx=0&qxId=hzsylqx&locale=zh_CN,
yield_10y,CHN,2026-09-09,1.6816,%,D,,https://yield.chinabond.com.cn/cbweb-pbc-web/pbc/historyQuery?startDate=2026-09-01&endDate=2026-09-30&gjqx=0&qxId=hzsylqx&locale=zh_CN,
yield_10y,CHN,2026-09-10,1.6797,%,D,,https://yield.chinabond.com.cn/cbweb-pbc-web/pbc/historyQuery?startDate=2026-09-01&endDate=2026-09-30&gjqx=0&qxId=hzsylqx&locale=zh_CN,
yield_10y,CHN,2026-09-11,1.6899,%,D,,https://yield.chinabond.com.cn/cbweb-pbc-web/pbc/historyQuery?startDate=2026-09-01&endDate=2026-09-30&gjqx=0&qxId=hzsylqx&locale=zh_CN,
yield_10y,CHN,2026-09-14,1.6888,%,D,,https://yield.chinabond.com.cn/cbweb-pbc-web/pbc/historyQuery?startDate=2026-09-01&endDate=2026-09-30&gjqx=0&qxId=hzsylqx&locale=zh_CN,
yield_10y,CHN,2026-09-15,1.6865,%,D,,https://yield.chinabond.com.cn/cbweb-pbc-web/pbc/historyQuery?startDate=2026-09-01&endDate=2026-09-30&gjqx=0&qxId=hzsylqx&locale=zh_CN,
yield_10y,CHN,2026-09-16,1.6858,%,D,,https://yield.chinabond.com.cn/cbweb-pbc-web/pbc/historyQuery?startDate=2026-09-01&endDate=2026-09-30&gjqx=0&qxId=hzsylqx&locale=zh_CN,
yield_10y,CHN,2026-09-17,1.6862,%,D,,https://yield.chinabond.com.cn/cbweb-pbc-web/pbc/historyQuery?startDate=2026-09-01&endDate=2026-09-30&gjqx=0&qxId=hzsylqx&locale=zh_CN,
yield_10y,CHN,2026-09-18,1.6820,%,D,,https://yield.chinabond.com.cn/cbweb-pbc-web/pbc/historyQuery?startDate=2026-09-01&endDate=2026-09-30&gjqx=0&qxId=hzsylqx&locale=zh_CN,
yield_10y,CHN,2026-09-20,1.6818,%,D,,https://yield.chinabond.com.cn/cbweb-pbc-web/pbc/historyQuery?startDate=2026-09-01&endDate=2026-09-30&gjqx=0&qxId=hzsylqx&locale=zh_CN,
yield_10y,CHN,2026-09-21,1.6829,%,D,,https://yield.chinabond.com.cn/cbweb-pbc-web/pbc/historyQuery?startDate=2026-09-01&endDate=2026-09-30&gjqx=0&qxId=hzsylqx&locale=zh_CN,
yield_10y,CHN,2026-09-22,1.6791,%,D,,https://yield.chinabond.com.cn/cbweb-pbc-web/pbc/historyQuery?startDate=2026-09-01&endDate=2026-09-30&gjqx=0&qxId=hzsylqx&locale=zh_CN,
yield_10y,CHN,2026-09-23,1.6807,%,D,,https://yield.chinabond.com.cn/cbweb-pbc-web/pbc/historyQuery?startDate=2026-09-01&endDate=2026-09-30&gjqx=0&qxId=hzsylqx&locale=zh_CN,
yield_10y,CHN,2026-09-24,1.6738,%,D,,https://yield.chinabond.com.cn/cbweb-pbc-web/pbc/historyQuery?startDate=2026-09-01&endDate=2026-09-30&gjqx=0&qxId=hzsylqx&locale=zh_CN,
yield_10y,CHN,2026-09-28,1.6790,%,D,,https://yield.chinabond.com.cn/cbweb-pbc-web/pbc/historyQuery?startDate=2026-09-01&endDate=2026-09-30&gjqx=0&qxId=hzsylqx&locale=zh_CN,
yield_10y,CHN,2026-09-29,1.6670,%,D,,https://yield.chinabond.com.cn/cbweb-pbc-web/pbc/historyQuery?startDate=2026-09-01&endDate=2026-09-30&gjqx=0&qxId=hzsylqx&locale=zh_CN,
yield_10y,CHN,2026-09-30,1.6822,%,D,,https://yield.chinabond.com.cn/cbweb-pbc-web/pbc/historyQuery?startDate=2026-09-01&endDate=2026-09-30&gjqx=0&qxId=hzsylqx&locale=zh_CN,
yield_1y,CHN,2025-10-09,1.3741,%,D,,https://yield.chinabond.com.cn/cbweb-pbc-web/pbc/historyQuery?startDate=2025-10-01&endDate=2025-10-31&gjqx=0&qxId=hzsylqx&locale=zh_CN,
yield_1y,CHN,2025-10-10,1.3741,%,D,,https://yield.chinabond.com.cn/cbweb-pbc-web/pbc/historyQuery?startDate=2025-10-01&endDate=2025-10-31&gjqx=0&qxId=hzsylqx&locale=zh_CN,
yield_1y,CHN,2025-10-11,1.3691,%,D,,https://yield.chinabond.com.cn/cbweb-pbc-web/pbc/historyQuery?startDate=2025-10-01&endDate=2025-10-31&gjqx=0&qxId=hzsylqx&locale=zh_CN,
yield_1y,CHN,2025-10-13,1.3841,%,D,,https://yield.chinabond.com.cn/cbweb-pbc-web/pbc/historyQuery?startDate=2025-10-01&endDate=2025-10-31&gjqx=0&qxId=hzsylqx&locale=zh_CN,
yield_1y,CHN,2025-10-14,1.4091,%,D,,https://yield.chinabond.com.cn/cbweb-pbc-web/pbc/historyQuery?startDate=2025-10-01&endDate=2025-10-31&gjqx=0&qxId=hzsylqx&locale=zh_CN,
yield_1y,CHN,2025-10-15,1.4166,%,D,,https://yield.chinabond.com.cn/cbweb-pbc-web/pbc/historyQuery?startDate=2025-10-01&endDate=2025-10-31&gjqx=0&qxId=hzsylqx&locale=zh_CN,
yield_1y,CHN,2025-10-16,1.4166,%,D,,https://yield.chinabond.com.cn/cbweb-pbc-web/pbc/historyQuery?startDate=2025-10-01&endDate=2025-10-31&gjqx=0&qxId=hzsylqx&locale=zh_CN,
yield_1y,CHN,2025-10-17,1.4434,%,D,,https://yield.chinabond.com.cn/cbweb-pbc-web/pbc/historyQuery?startDate=2025-10-01&endDate=2025-10-31&gjqx=0&qxId=hzsylqx&locale=zh_CN,
yield_1y,CHN,2025-10-20,1.4713,%,D,,https://yield.chinabond.com.cn/cbweb-pbc-web/pbc/historyQuery?startDate=2025-10-01&endDate=2025-10-31&gjqx=0&qxId=hzsylqx&locale=zh_CN,
yield_1y,CHN,2025-10-21,1.4737,%,D,,https://yield.chinabond.com.cn/cbweb-pbc-web/pbc/historyQuery?startDate=2025-10-01&endDate=2025-10-31&gjqx=0&qxId=hzsylqx&locale=zh_CN,
yield_1y,CHN,2025-10-22,1.4789,%,D,,https://yield.chinabond.com.cn/cbweb-pbc-web/pbc/historyQuery?startDate=2025-10-01&endDate=2025-10-31&gjqx=0&qxId=hzsylqx&locale=zh_CN,
yield_1y,CHN,2025-10-23,1.4764,%,D,,https://yield.chinabond.com.cn/cbweb-pbc-web/pbc/historyQuery?startDate=2025-10-01&endDate=2025-10-31&gjqx=0&qxId=hzsylqx&locale=zh_CN,
yield_1y,CHN,2025-10-24,1.4716,%,D,,https://yield.chinabond.com.cn/cbweb-pbc-web/pbc/historyQuery?startDate=2025-10-01&endDate=2025-10-31&gjqx=0&qxId=hzsylqx&locale=zh_CN,
yield_1y,CHN,2025-10-27,1.4621,%,D,,https://yield.chinabond.com.cn/cbweb-pbc-web/pbc/historyQuery?startDate=2025-10-01&endDate=2025-10-31&gjqx=0&qxId=hzsylqx&locale=zh_CN,
yield_1y,CHN,2025-10-28,1.4311,%,D,,https://yield.chinabond.com.cn/cbweb-pbc-web/pbc/historyQuery?startDate=2025-10-01&endDate=2025-10-31&gjqx=0&qxId=hzsylqx&locale=zh_CN,
yield_1y,CHN,2025-10-29,1.3918,%,D,,https://yield.chinabond.com.cn/cbweb-pbc-web/pbc/historyQuery?startDate=2025-10-01&endDate=2025-10-31&gjqx=0&qxId=hzsylqx&locale=zh_CN,
yield_1y,CHN,2025-10-30,1.3831,%,D,,https://yield.chinabond.com.cn/cbweb-pbc-web/pbc/historyQuery?startDate=2025-10-01&endDate=2025-10-31&gjqx=0&qxId=hzsylqx&locale=zh_CN,
yield_1y,CHN,2025-10-31,1.3826,%,D,,https://yield.chinabond.com.cn/cbweb-pbc-web/pbc/historyQuery?startDate=2025-10-01&endDate=2025-10-31&gjqx=0&qxId=hzsylqx&locale=zh_CN,
yield_1y,CHN,2025-11-03,1.3892,%,D,,https://yield.chinabond.com.cn/cbweb-pbc-web/pbc/historyQuery?startDate=2025-11-01&endDate=2025-11-30&gjqx=0&qxId=hzsylqx&locale=zh_CN,
yield_1y,CHN,2025-11-04,1.3926,%,D,,https://yield.chinabond.com.cn/cbweb-pbc-web/pbc/historyQuery?startDate=2025-11-01&endDate=2025-11-30&gjqx=0&qxId=hzsylqx&locale=zh_CN,
yield_1y,CHN,2025-11-05,1.4040,%,D,,https://yield.chinabond.com.cn/cbweb-pbc-web/pbc/historyQuery?startDate=2025-11-01&endDate=2025-11-30&gjqx=0&qxId=hzsylqx&locale=zh_CN,
yield_1y,CHN,2025-11-06,1.4011,%,D,,https://yield.chinabond.com.cn/cbweb-pbc-web/pbc/historyQuery?startDate=2025-11-01&endDate=2025-11-30&gjqx=0&qxId=hzsylqx&locale=zh_CN,
yield_1y,CHN,2025-11-07,1.4045,%,D,,https://yield.chinabond.com.cn/cbweb-pbc-web/pbc/historyQuery?startDate=2025-11-01&endDate=2025-11-30&gjqx=0&qxId=hzsylqx&locale=zh_CN,
yield_1y,CHN,2025-11-10,1.3994,%,D,,https://yield.chinabond.com.cn/cbweb-pbc-web/pbc/historyQuery?startDate=2025-11-01&endDate=2025-11-30&gjqx=0&qxId=hzsylqx&locale=zh_CN,
yield_1y,CHN,2025-11-11,1.4048,%,D,,https://yield.chinabond.com.cn/cbweb-pbc-web/pbc/historyQuery?startDate=2025-11-01&endDate=2025-11-30&gjqx=0&qxId=hzsylqx&locale=zh_CN,
yield_1y,CHN,2025-11-12,1.4090,%,D,,https://yield.chinabond.com.cn/cbweb-pbc-web/pbc/historyQuery?startDate=2025-11-01&endDate=2025-11-30&gjqx=0&qxId=hzsylqx&locale=zh_CN,
yield_1y,CHN,2025-11-13,1.4090,%,D,,https://yield.chinabond.com.cn/cbweb-pbc-web/pbc/historyQuery?startDate=2025-11-01&endDate=2025-11-30&gjqx=0&qxId=hzsylqx&locale=zh_CN,
yield_1y,CHN,2025-11-14,1.4104,%,D,,https://yield.chinabond.com.cn/cbweb-pbc-web/pbc/historyQuery?startDate=2025-11-01&endDate=2025-11-30&gjqx=0&qxId=hzsylqx&locale=zh_CN,
yield_1y,CHN,2025-11-17,1.4064,%,D,,https://yield.chinabond.com.cn/cbweb-pbc-web/pbc/historyQuery?startDate=2025-11-01&endDate=2025-11-30&gjqx=0&qxId=hzsylqx&locale=zh_CN,
yield_1y,CHN,2025-11-18,1.4056,%,D,,https://yield.chinabond.com.cn/cbweb-pbc-web/pbc/historyQuery?startDate=2025-11-01&endDate=2025-11-30&gjqx=0&qxId=hzsylqx&locale=zh_CN,
yield_1y,CHN,2025-11-19,1.4027,%,D,,https://yield.chinabond.com.cn/cbweb-pbc-web/pbc/historyQuery?startDate=2025-11-01&endDate=2025-11-30&gjqx=0&qxId=hzsylqx&locale=zh_CN,
yield_1y,CHN,2025-11-20,1.4040,%,D,,https://yield.chinabond.com.cn/cbweb-pbc-web/pbc/historyQuery?startDate=2025-11-01&endDate=2025-11-30&gjqx=0&qxId=hzsylqx&locale=zh_CN,
yield_1y,CHN,2025-11-21,1.4008,%,D,,https://yield.chinabond.com.cn/cbweb-pbc-web/pbc/historyQuery?startDate=2025-11-01&endDate=2025-11-30&gjqx=0&qxId=hzsylqx&locale=zh_CN,
yield_1y,CHN,2025-11-24,1.4034,%,D,,https://yield.chinabond.com.cn/cbweb-pbc-web/pbc/historyQuery?startDate=2025-11-01&endDate=2025-11-30&gjqx=0&qxId=hzsylqx&locale=zh_CN,
yield_1y,CHN,2025-11-25,1.4052,%,D,,https://yield.chinabond.com.cn/cbweb-pbc-web/pbc/historyQuery?startDate=2025-11-01&endDate=2025-11-30&gjqx=0&qxId=hzsylqx&locale=zh_CN,
yield_1y,CHN,2025-11-26,1.4067,%,D,,https://yield.chinabond.com.cn/cbweb-pbc-web/pbc/historyQuery?startDate=2025-11-01&endDate=2025-11-30&gjqx=0&qxId=hzsylqx&locale=zh_CN,
yield_1y,CHN,2025-11-27,1.4093,%,D,,https://yield.chinabond.com.cn/cbweb-pbc-web/pbc/historyQuery?startDate=2025-11-01&endDate=2025-11-30&gjqx=0&qxId=hzsylqx&locale=zh_CN,
yield_1y,CHN,2025-11-28,1.4017,%,D,,https://yield.chinabond.com.cn/cbweb-pbc-web/pbc/historyQuery?startDate=2025-11-01&endDate=2025-11-30&gjqx=0&qxId=hzsylqx&locale=zh_CN,
yield_1y,CHN,2025-12-01,1.4116,%,D,,https://yield.chinabond.com.cn/cbweb-pbc-web/pbc/historyQuery?startDate=2025-12-01&endDate=2025-12-31&gjqx=0&qxId=hzsylqx&locale=zh_CN,
yield_1y,CHN,2025-12-02,1.4081,%,D,,https://yield.chinabond.com.cn/cbweb-pbc-web/pbc/historyQuery?startDate=2025-12-01&endDate=2025-12-31&gjqx=0&qxId=hzsylqx&locale=zh_CN,
yield_1y,CHN,2025-12-03,1.4116,%,D,,https://yield.chinabond.com.cn/cbweb-pbc-web/pbc/historyQuery?startDate=2025-12-01&endDate=2025-12-31&gjqx=0&qxId=hzsylqx&locale=zh_CN,
yield_1y,CHN,2025-12-04,1.4034,%,D,,https://yield.chinabond.com.cn/cbweb-pbc-web/pbc/historyQuery?startDate=2025-12-01&endDate=2025-12-31&gjqx=0&qxId=hzsylqx&locale=zh_CN,
yield_1y,CHN,2025-12-05,1.4016,%,D,,https://yield.chinabond.com.cn/cbweb-pbc-web/pbc/historyQuery?startDate=2025-12-01&endDate=2025-12-31&gjqx=0&qxId=hzsylqx&locale=zh_CN,
yield_1y,CHN,2025-12-08,1.4014,%,D,,https://yield.chinabond.com.cn/cbweb-pbc-web/pbc/historyQuery?startDate=2025-12-01&endDate=2025-12-31&gjqx=0&qxId=hzsylqx&locale=zh_CN,
yield_1y,CHN,2025-12-09,1.3969,%,D,,https://yield.chinabond.com.cn/cbweb-pbc-web/pbc/historyQuery?startDate=2025-12-01&endDate=2025-12-31&gjqx=0&qxId=hzsylqx&locale=zh_CN,
yield_1y,CHN,2025-12-10,1.3951,%,D,,https://yield.chinabond.com.cn/cbweb-pbc-web/pbc/historyQuery?startDate=2025-12-01&endDate=2025-12-31&gjqx=0&qxId=hzsylqx&locale=zh_CN,
yield_1y,CHN,2025-12-11,1.3879,%,D,,https://yield.chinabond.com.cn/cbweb-pbc-web/pbc/historyQuery?startDate=2025-12-01&endDate=2025-12-31&gjqx=0&qxId=hzsylqx&locale=zh_CN,
yield_1y,CHN,2025-12-12,1.3879,%,D,,https://yield.chinabond.com.cn/cbweb-pbc-web/pbc/historyQuery?startDate=2025-12-01&endDate=2025-12-31&gjqx=0&qxId=hzsylqx&locale=zh_CN,
yield_1y,CHN,2025-12-15,1.3872,%,D,,https://yield.chinabond.com.cn/cbweb-pbc-web/pbc/historyQuery?startDate=2025-12-01&endDate=2025-12-31&gjqx=0&qxId=hzsylqx&locale=zh_CN,
yield_1y,CHN,2025-12-16,1.3822,%,D,,https://yield.chinabond.com.cn/cbweb-pbc-web/pbc/historyQuery?startDate=2025-12-01&endDate=2025-12-31&gjqx=0&qxId=hzsylqx&locale=zh_CN,
yield_1y,CHN,2025-12-17,1.3797,%,D,,https://yield.chinabond.com.cn/cbweb-pbc-web/pbc/historyQuery?startDate=2025-12-01&endDate=2025-12-31&gjqx=0&qxId=hzsylqx&locale=zh_CN,
yield_1y,CHN,2025-12-18,1.3747,%,D,,https://yield.chinabond.com.cn/cbweb-pbc-web/pbc/historyQuery?startDate=2025-12-01&endDate=2025-12-31&gjqx=0&qxId=hzsylqx&locale=zh_CN,
yield_1y,CHN,2025-12-19,1.3547,%,D,,https://yield.chinabond.com.cn/cbweb-pbc-web/pbc/historyQuery?startDate=2025-12-01&endDate=2025-12-31&gjqx=0&qxId=hzsylqx&locale=zh_CN,
yield_1y,CHN,2025-12-22,1.3547,%,D,,https://yield.chinabond.com.cn/cbweb-pbc-web/pbc/historyQuery?startDate=2025-12-01&endDate=2025-12-31&gjqx=0&qxId=hzsylqx&locale=zh_CN,
yield_1y,CHN,2025-12-23,1.3422,%,D,,https://yield.chinabond.com.cn/cbweb-pbc-web/pbc/historyQuery?startDate=2025-12-01&endDate=2025-12-31&gjqx=0&qxId=hzsylqx&locale=zh_CN,
yield_1y,CHN,2025-12-24,1.3372,%,D,,https://yield.chinabond.com.cn/cbweb-pbc-web/pbc/historyQuery?startDate=2025-12-01&endDate=2025-12-31&gjqx=0&qxId=hzsylqx&locale=zh_CN,
yield_1y,CHN,2025-12-25,1.3072,%,D,,https://yield.chinabond.com.cn/cbweb-pbc-web/pbc/historyQuery?startDate=2025-12-01&endDate=2025-12-31&gjqx=0&qxId=hzsylqx&locale=zh_CN,
yield_1y,CHN,2025-12-26,1.2872,%,D,,https://yield.chinabond.com.cn/cbweb-pbc-web/pbc/historyQuery?startDate=2025-12-01&endDate=2025-12-31&gjqx=0&qxId=hzsylqx&locale=zh_CN,
yield_1y,CHN,2025-12-29,1.3322,%,D,,https://yield.chinabond.com.cn/cbweb-pbc-web/pbc/historyQuery?startDate=2025-12-01&endDate=2025-12-31&gjqx=0&qxId=hzsylqx&locale=zh_CN,
yield_1y,CHN,2025-12-30,1.3372,%,D,,https://yield.chinabond.com.cn/cbweb-pbc-web/pbc/historyQuery?startDate=2025-12-01&endDate=2025-12-31&gjqx=0&qxId=hzsylqx&locale=zh_CN,
yield_1y,CHN,2025-12-31,1.3372,%,D,,https://yield.chinabond.com.cn/cbweb-pbc-web/pbc/historyQuery?startDate=2025-12-01&endDate=2025-12-31&gjqx=0&qxId=hzsylqx&locale=zh_CN,
yield_1y,CHN,2026-01-04,1.3322,%,D,,https://yield.chinabond.com.cn/cbweb-pbc-web/pbc/historyQuery?startDate=2026-01-01&endDate=2026-01-31&gjqx=0&qxId=hzsylqx&locale=zh_CN,
yield_1y,CHN,2026-01-05,1.3562,%,D,,https://yield.chinabond.com.cn/cbweb-pbc-web/pbc/historyQuery?startDate=2026-01-01&endDate=2026-01-31&gjqx=0&qxId=hzsylqx&locale=zh_CN,
yield_1y,CHN,2026-01-06,1.3562,%,D,,https://yield.chinabond.com.cn/cbweb-pbc-web/pbc/historyQuery?startDate=2026-01-01&endDate=2026-01-31&gjqx=0&qxId=hzsylqx&locale=zh_CN,
yield_1y,CHN,2026-01-07,1.3562,%,D,,https://yield.chinabond.com.cn/cbweb-pbc-web/pbc/historyQuery?startDate=2026-01-01&endDate=2026-01-31&gjqx=0&qxId=hzsylqx&locale=zh_CN,
yield_1y,CHN,2026-01-08,1.3237,%,D,,https://yield.chinabond.com.cn/cbweb-pbc-web/pbc/historyQuery?startDate=2026-01-01&endDate=2026-01-31&gjqx=0&qxId=hzsylqx&locale=zh_CN,
yield_1y,CHN,2026-01-09,1.2887,%,D,,https://yield.chinabond.com.cn/cbweb-pbc-web/pbc/historyQuery?startDate=2026-01-01&endDate=2026-01-31&gjqx=0&qxId=hzsylqx&locale=zh_CN,
yield_1y,CHN,2026-01-12,1.2537,%,D,,https://yield.chinabond.com.cn/cbweb-pbc-web/pbc/historyQuery?startDate=2026-01-01&endDate=2026-01-31&gjqx=0&qxId=hzsylqx&locale=zh_CN,
yield_1y,CHN,2026-01-13,1.2562,%,D,,https://yield.chinabond.com.cn/cbweb-pbc-web/pbc/historyQuery?startDate=2026-01-01&endDate=2026-01-31&gjqx=0&qxId=hzsylqx&locale=zh_CN,
yield_1y,CHN,2026-01-14,1.2712,%,D,,https://yield.chinabond.com.cn/cbweb-pbc-web/pbc/historyQuery?startDate=2026-01-01&endDate=2026-01-31&gjqx=0&qxId=hzsylqx&locale=zh_CN,
yield_1y,CHN,2026-01-15,1.2611,%,D,,https://yield.chinabond.com.cn/cbweb-pbc-web/pbc/historyQuery?startDate=2026-01-01&endDate=2026-01-31&gjqx=0&qxId=hzsylqx&locale=zh_CN,
yield_1y,CHN,2026-01-16,1.2424,%,D,,https://yield.chinabond.com.cn/cbweb-pbc-web/pbc/historyQuery?startDate=2026-01-01&endDate=2026-01-31&gjqx=0&qxId=hzsylqx&locale=zh_CN,
yield_1y,CHN,2026-01-19,1.2884,%,D,,https://yield.chinabond.com.cn/cbweb-pbc-web/pbc/historyQuery?startDate=2026-01-01&endDate=2026-01-31&gjqx=0&qxId=hzsylqx&locale=zh_CN,
yield_1y,CHN,2026-01-20,1.2738,%,D,,https://yield.chinabond.com.cn/cbweb-pbc-web/pbc/historyQuery?startDate=2026-01-01&endDate=2026-01-31&gjqx=0&qxId=hzsylqx&locale=zh_CN,
yield_1y,CHN,2026-01-21,1.2854,%,D,,https://yield.chinabond.com.cn/cbweb-pbc-web/pbc/historyQuery?startDate=2026-01-01&endDate=2026-01-31&gjqx=0&qxId=hzsylqx&locale=zh_CN,
yield_1y,CHN,2026-01-22,1.2863,%,D,,https://yield.chinabond.com.cn/cbweb-pbc-web/pbc/historyQuery?startDate=2026-01-01&endDate=2026-01-31&gjqx=0&qxId=hzsylqx&locale=zh_CN,
yield_1y,CHN,2026-01-23,1.2819,%,D,,https://yield.chinabond.com.cn/cbweb-pbc-web/pbc/historyQuery?startDate=2026-01-01&endDate=2026-01-31&gjqx=0&qxId=hzsylqx&locale=zh_CN,
yield_1y,CHN,2026-01-26,1.2948,%,D,,https://yield.chinabond.com.cn/cbweb-pbc-web/pbc/historyQuery?startDate=2026-01-01&endDate=2026-01-31&gjqx=0&qxId=hzsylqx&locale=zh_CN,
yield_1y,CHN,2026-01-27,1.3029,%,D,,https://yield.chinabond.com.cn/cbweb-pbc-web/pbc/historyQuery?startDate=2026-01-01&endDate=2026-01-31&gjqx=0&qxId=hzsylqx&locale=zh_CN,
yield_1y,CHN,2026-01-28,1.3053,%,D,,https://yield.chinabond.com.cn/cbweb-pbc-web/pbc/historyQuery?startDate=2026-01-01&endDate=2026-01-31&gjqx=0&qxId=hzsylqx&locale=zh_CN,
yield_1y,CHN,2026-01-29,1.3008,%,D,,https://yield.chinabond.com.cn/cbweb-pbc-web/pbc/historyQuery?startDate=2026-01-01&endDate=2026-01-31&gjqx=0&qxId=hzsylqx&locale=zh_CN,
yield_1y,CHN,2026-01-30,1.2999,%,D,,https://yield.chinabond.com.cn/cbweb-pbc-web/pbc/historyQuery?startDate=2026-01-01&endDate=2026-01-31&gjqx=0&qxId=hzsylqx&locale=zh_CN,
yield_1y,CHN,2026-02-02,1.3076,%,D,,https://yield.chinabond.com.cn/cbweb-pbc-web/pbc/historyQuery?startDate=2026-02-01&endDate=2026-02-28&gjqx=0&qxId=hzsylqx&locale=zh_CN,
yield_1y,CHN,2026-02-03,1.3073,%,D,,https://yield.chinabond.com.cn/cbweb-pbc-web/pbc/historyQuery?startDate=2026-02-01&endDate=2026-02-28&gjqx=0&qxId=hzsylqx&locale=zh_CN,
yield_1y,CHN,2026-02-04,1.3078,%,D,,https://yield.chinabond.com.cn/cbweb-pbc-web/pbc/historyQuery?startDate=2026-02-01&endDate=2026-02-28&gjqx=0&qxId=hzsylqx&locale=zh_CN,
yield_1y,CHN,2026-02-05,1.3104,%,D,,https://yield.chinabond.com.cn/cbweb-pbc-web/pbc/historyQuery?startDate=2026-02-01&endDate=2026-02-28&gjqx=0&qxId=hzsylqx&locale=zh_CN,
yield_1y,CHN,2026-02-06,1.3207,%,D,,https://yield.chinabond.com.cn/cbweb-pbc-web/pbc/historyQuery?startDate=2026-02-01&endDate=2026-02-28&gjqx=0&qxId=hzsylqx&locale=zh_CN,
yield_1y,CHN,2026-02-09,1.3153,%,D,,https://yield.chinabond.com.cn/cbweb-pbc-web/pbc/historyQuery?startDate=2026-02-01&endDate=2026-02-28&gjqx=0&qxId=hzsylqx&locale=zh_CN,
yield_1y,CHN,2026-02-10,1.3151,%,D,,https://yield.chinabond.com.cn/cbweb-pbc-web/pbc/historyQuery?startDate=2026-02-01&endDate=2026-02-28&gjqx=0&qxId=hzsylqx&locale=zh_CN,
yield_1y,CHN,2026-02-11,1.3141,%,D,,https://yield.chinabond.com.cn/cbweb-pbc-web/pbc/historyQuery?startDate=2026-02-01&endDate=2026-02-28&gjqx=0&qxId=hzsylqx&locale=zh_CN,
yield_1y,CHN,2026-02-12,1.3164,%,D,,https://yield.chinabond.com.cn/cbweb-pbc-web/pbc/historyQuery?startDate=2026-02-01&endDate=2026-02-28&gjqx=0&qxId=hzsylqx&locale=zh_CN,
yield_1y,CHN,2026-02-13,1.3168,%,D,,https://yield.chinabond.com.cn/cbweb-pbc-web/pbc/historyQuery?startDate=2026-02-01&endDate=2026-02-28&gjqx=0&qxId=hzsylqx&locale=zh_CN,
yield_1y,CHN,2026-02-14,1.3145,%,D,,https://yield.chinabond.com.cn/cbweb-pbc-web/pbc/historyQuery?startDate=2026-02-01&endDate=2026-02-28&gjqx=0&qxId=hzsylqx&locale=zh_CN,
yield_1y,CHN,2026-02-24,1.3150,%,D,,https://yield.chinabond.com.cn/cbweb-pbc-web/pbc/historyQuery?startDate=2026-02-01&endDate=2026-02-28&gjqx=0&qxId=hzsylqx&locale=zh_CN,
yield_1y,CHN,2026-02-25,1.3218,%,D,,https://yield.chinabond.com.cn/cbweb-pbc-web/pbc/historyQuery?startDate=2026-02-01&endDate=2026-02-28&gjqx=0&qxId=hzsylqx&locale=zh_CN,
yield_1y,CHN,2026-02-26,1.3272,%,D,,https://yield.chinabond.com.cn/cbweb-pbc-web/pbc/historyQuery?startDate=2026-02-01&endDate=2026-02-28&gjqx=0&qxId=hzsylqx&locale=zh_CN,
yield_1y,CHN,2026-02-27,1.3216,%,D,,https://yield.chinabond.com.cn/cbweb-pbc-web/pbc/historyQuery?startDate=2026-02-01&endDate=2026-02-28&gjqx=0&qxId=hzsylqx&locale=zh_CN,
yield_1y,CHN,2026-02-28,1.3168,%,D,,https://yield.chinabond.com.cn/cbweb-pbc-web/pbc/historyQuery?startDate=2026-02-01&endDate=2026-02-28&gjqx=0&qxId=hzsylqx&locale=zh_CN,
yield_1y,CHN,2026-03-02,1.3093,%,D,,https://yield.chinabond.com.cn/cbweb-pbc-web/pbc/historyQuery?startDate=2026-03-01&endDate=2026-03-31&gjqx=0&qxId=hzsylqx&locale=zh_CN,
yield_1y,CHN,2026-03-03,1.3018,%,D,,https://yield.chinabond.com.cn/cbweb-pbc-web/pbc/historyQuery?startDate=2026-03-01&endDate=2026-03-31&gjqx=0&qxId=hzsylqx&locale=zh_CN,
yield_1y,CHN,2026-03-04,1.2918,%,D,,https://yield.chinabond.com.cn/cbweb-pbc-web/pbc/historyQuery?startDate=2026-03-01&endDate=2026-03-31&gjqx=0&qxId=hzsylqx&locale=zh_CN,
yield_1y,CHN,2026-03-05,1.2918,%,D,,https://yield.chinabond.com.cn/cbweb-pbc-web/pbc/historyQuery?startDate=2026-03-01&endDate=2026-03-31&gjqx=0&qxId=hzsylqx&locale=zh_CN,
yield_1y,CHN,2026-03-06,1.2858,%,D,,https://yield.chinabond.com.cn/cbweb-pbc-web/pbc/historyQuery?startDate=2026-03-01&endDate=2026-03-31&gjqx=0&qxId=hzsylqx&locale=zh_CN,
yield_1y,CHN,2026-03-09,1.2868,%,D,,https://yield.chinabond.com.cn/cbweb-pbc-web/pbc/historyQuery?startDate=2026-03-01&endDate=2026-03-31&gjqx=0&qxId=hzsylqx&locale=zh_CN,
yield_1y,CHN,2026-03-10,1.2818,%,D,,https://yield.chinabond.com.cn/cbweb-pbc-web/pbc/historyQuery?startDate=2026-03-01&endDate=2026-03-31&gjqx=0&qxId=hzsylqx&locale=zh_CN,
yield_1y,CHN,2026-03-11,1.2768,%,D,,https://yield.chinabond.com.cn/cbweb-pbc-web/pbc/historyQuery?startDate=2026-03-01&endDate=2026-03-31&gjqx=0&qxId=hzsylqx&locale=zh_CN,
yield_1y,CHN,2026-03-12,1.2643,%,D,,https://yield.chinabond.com.cn/cbweb-pbc-web/pbc/historyQuery?startDate=2026-03-01&endDate=2026-03-31&gjqx=0&qxId=hzsylqx&locale=zh_CN,
yield_1y,CHN,2026-03-13,1.2768,%,D,,https://yield.chinabond.com.cn/cbweb-pbc-web/pbc/historyQuery?startDate=2026-03-01&endDate=2026-03-31&gjqx=0&qxId=hzsylqx&locale=zh_CN,
yield_1y,CHN,2026-03-16,1.2768,%,D,,https://yield.chinabond.com.cn/cbweb-pbc-web/pbc/historyQuery?startDate=2026-03-01&endDate=2026-03-31&gjqx=0&qxId=hzsylqx&locale=zh_CN,
yield_1y,CHN,2026-03-17,1.2693,%,D,,https://yield.chinabond.com.cn/cbweb-pbc-web/pbc/historyQuery?startDate=2026-03-01&endDate=2026-03-31&gjqx=0&qxId=hzsylqx&locale=zh_CN,
yield_1y,CHN,2026-03-18,1.2618,%,D,,https://yield.chinabond.com.cn/cbweb-pbc-web/pbc/historyQuery?startDate=2026-03-01&endDate=2026-03-31&gjqx=0&qxId=hzsylqx&locale=zh_CN,
yield_1y,CHN,2026-03-19,1.2568,%,D,,https://yield.chinabond.com.cn/cbweb-pbc-web/pbc/historyQuery?startDate=2026-03-01&endDate=2026-03-31&gjqx=0&qxId=hzsylqx&locale=zh_CN,
yield_1y,CHN,2026-03-20,1.2568,%,D,,https://yield.chinabond.com.cn/cbweb-pbc-web/pbc/historyQuery?startDate=2026-03-01&endDate=2026-03-31&gjqx=0&qxId=hzsylqx&locale=zh_CN,
yield_1y,CHN,2026-03-23,1.2568,%,D,,https://yield.chinabond.com.cn/cbweb-pbc-web/pbc/historyQuery?startDate=2026-03-01&endDate=2026-03-31&gjqx=0&qxId=hzsylqx&locale=zh_CN,
yield_1y,CHN,2026-03-24,1.2618,%,D,,https://yield.chinabond.com.cn/cbweb-pbc-web/pbc/historyQuery?startDate=2026-03-01&endDate=2026-03-31&gjqx=0&qxId=hzsylqx&locale=zh_CN,
yield_1y,CHN,2026-03-25,1.2668,%,D,,https://yield.chinabond.com.cn/cbweb-pbc-web/pbc/historyQuery?startDate=2026-03-01&endDate=2026-03-31&gjqx=0&qxId=hzsylqx&locale=zh_CN,
yield_1y,CHN,2026-03-26,1.2568,%,D,,https://yield.chinabond.com.cn/cbweb-pbc-web/pbc/historyQuery?startDate=2026-03-01&endDate=2026-03-31&gjqx=0&qxId=hzsylqx&locale=zh_CN,
yield_1y,CHN,2026-03-27,1.2518,%,D,,https://yield.chinabond.com.cn/cbweb-pbc-web/pbc/historyQuery?startDate=2026-03-01&endDate=2026-03-31&gjqx=0&qxId=hzsylqx&locale=zh_CN,
yield_1y,CHN,2026-03-30,1.2112,%,D,,https://yield.chinabond.com.cn/cbweb-pbc-web/pbc/historyQuery?startDate=2026-03-01&endDate=2026-03-31&gjqx=0&qxId=hzsylqx&locale=zh_CN,
yield_1y,CHN,2026-03-31,1.2212,%,D,,https://yield.chinabond.com.cn/cbweb-pbc-web/pbc/historyQuery?startDate=2026-03-01&endDate=2026-03-31&gjqx=0&qxId=hzsylqx&locale=zh_CN,
yield_1y,CHN,2026-04-01,1.2312,%,D,,https://yield.chinabond.com.cn/cbweb-pbc-web/pbc/historyQuery?startDate=2026-04-01&endDate=2026-04-30&gjqx=0&qxId=hzsylqx&locale=zh_CN,
yield_1y,CHN,2026-04-02,1.2412,%,D,,https://yield.chinabond.com.cn/cbweb-pbc-web/pbc/historyQuery?startDate=2026-04-01&endDate=2026-04-30&gjqx=0&qxId=hzsylqx&locale=zh_CN,
yield_1y,CHN,2026-04-03,1.2362,%,D,,https://yield.chinabond.com.cn/cbweb-pbc-web/pbc/historyQuery?startDate=2026-04-01&endDate=2026-04-30&gjqx=0&qxId=hzsylqx&locale=zh_CN,
yield_1y,CHN,2026-04-07,1.2213,%,D,,https://yield.chinabond.com.cn/cbweb-pbc-web/pbc/historyQuery?startDate=2026-04-01&endDate=2026-04-30&gjqx=0&qxId=hzsylqx&locale=zh_CN,
yield_1y,CHN,2026-04-08,1.2138,%,D,,https://yield.chinabond.com.cn/cbweb-pbc-web/pbc/historyQuery?startDate=2026-04-01&endDate=2026-04-30&gjqx=0&qxId=hzsylqx&locale=zh_CN,
yield_1y,CHN,2026-04-09,1.2063,%,D,,https://yield.chinabond.com.cn/cbweb-pbc-web/pbc/historyQuery?startDate=2026-04-01&endDate=2026-04-30&gjqx=0&qxId=hzsylqx&locale=zh_CN,
yield_1y,CHN,2026-04-10,1.2113,%,D,,https://yield.chinabond.com.cn/cbweb-pbc-web/pbc/historyQuery?startDate=2026-04-01&endDate=2026-04-30&gjqx=0&qxId=hzsylqx&locale=zh_CN,
yield_1y,CHN,2026-04-13,1.1938,%,D,,https://yield.chinabond.com.cn/cbweb-pbc-web/pbc/historyQuery?startDate=2026-04-01&endDate=2026-04-30&gjqx=0&qxId=hzsylqx&locale=zh_CN,
yield_1y,CHN,2026-04-14,1.1888,%,D,,https://yield.chinabond.com.cn/cbweb-pbc-web/pbc/historyQuery?startDate=2026-04-01&endDate=2026-04-30&gjqx=0&qxId=hzsylqx&locale=zh_CN,
yield_1y,CHN,2026-04-15,1.1613,%,D,,https://yield.chinabond.com.cn/cbweb-pbc-web/pbc/historyQuery?startDate=2026-04-01&endDate=2026-04-30&gjqx=0&qxId=hzsylqx&locale=zh_CN,
yield_1y,CHN,2026-04-16,1.1613,%,D,,https://yield.chinabond.com.cn/cbweb-pbc-web/pbc/historyQuery?startDate=2026-04-01&endDate=2026-04-30&gjqx=0&qxId=hzsylqx&locale=zh_CN,
yield_1y,CHN,2026-04-17,1.1613,%,D,,https://yield.chinabond.com.cn/cbweb-pbc-web/pbc/historyQuery?startDate=2026-04-01&endDate=2026-04-30&gjqx=0&qxId=hzsylqx&locale=zh_CN,
yield_1y,CHN,2026-04-20,1.1613,%,D,,https://yield.chinabond.com.cn/cbweb-pbc-web/pbc/historyQuery?startDate=2026-04-01&endDate=2026-04-30&gjqx=0&qxId=hzsylqx&locale=zh_CN,
yield_1y,CHN,2026-04-21,1.1538,%,D,,https://yield.chinabond.com.cn/cbweb-pbc-web/pbc/historyQuery?startDate=2026-04-01&endDate=2026-04-30&gjqx=0&qxId=hzsylqx&locale=zh_CN,
yield_1y,CHN,2026-04-22,1.1513,%,D,,https://yield.chinabond.com.cn/cbweb-pbc-web/pbc/historyQuery?startDate=2026-04-01&endDate=2026-04-30&gjqx=0&qxId=hzsylqx&locale=zh_CN,
yield_1y,CHN,2026-04-23,1.1488,%,D,,https://yield.chinabond.com.cn/cbweb-pbc-web/pbc/historyQuery?startDate=2026-04-01&endDate=2026-04-30&gjqx=0&qxId=hzsylqx&locale=zh_CN,
yield_1y,CHN,2026-04-24,1.1438,%,D,,https://yield.chinabond.com.cn/cbweb-pbc-web/pbc/historyQuery?startDate=2026-04-01&endDate=2026-04-30&gjqx=0&qxId=hzsylqx&locale=zh_CN,
yield_1y,CHN,2026-04-27,1.1463,%,D,,https://yield.chinabond.com.cn/cbweb-pbc-web/pbc/historyQuery?startDate=2026-04-01&endDate=2026-04-30&gjqx=0&qxId=hzsylqx&locale=zh_CN,
yield_1y,CHN,2026-04-28,1.1513,%,D,,https://yield.chinabond.com.cn/cbweb-pbc-web/pbc/historyQuery?startDate=2026-04-01&endDate=2026-04-30&gjqx=0&qxId=hzsylqx&locale=zh_CN,
yield_1y,CHN,2026-04-29,1.1667,%,D,,https://yield.chinabond.com.cn/cbweb-pbc-web/pbc/historyQuery?startDate=2026-04-01&endDate=2026-04-30&gjqx=0&qxId=hzsylqx&locale=zh_CN,
yield_1y,CHN,2026-04-30,1.1620,%,D,,https://yield.chinabond.com.cn/cbweb-pbc-web/pbc/historyQuery?startDate=2026-04-01&endDate=2026-04-30&gjqx=0&qxId=hzsylqx&locale=zh_CN,
yield_1y,CHN,2026-05-06,1.1782,%,D,,https://yield.chinabond.com.cn/cbweb-pbc-web/pbc/historyQuery?startDate=2026-05-01&endDate=2026-05-31&gjqx=0&qxId=hzsylqx&locale=zh_CN,
yield_1y,CHN,2026-05-07,1.1814,%,D,,https://yield.chinabond.com.cn/cbweb-pbc-web/pbc/historyQuery?startDate=2026-05-01&endDate=2026-05-31&gjqx=0&qxId=hzsylqx&locale=zh_CN,
yield_1y,CHN,2026-05-08,1.1871,%,D,,https://yield.chinabond.com.cn/cbweb-pbc-web/pbc/historyQuery?startDate=2026-05-01&endDate=2026-05-31&gjqx=0&qxId=hzsylqx&locale=zh_CN,
yield_1y,CHN,2026-05-09,1.1871,%,D,,https://yield.chinabond.com.cn/cbweb-pbc-web/pbc/historyQuery?startDate=2026-05-01&endDate=2026-05-31&gjqx=0&qxId=hzsylqx&locale=zh_CN,
yield_1y,CHN,2026-05-11,1.1897,%,D,,https://yield.chinabond.com.cn/cbweb-pbc-web/pbc/historyQuery?startDate=2026-05-01&endDate=2026-05-31&gjqx=0&qxId=hzsylqx&locale=zh_CN,
yield_1y,CHN,2026-05-12,1.1945,%,D,,https://yield.chinabond.com.cn/cbweb-pbc-web/pbc/historyQuery?startDate=2026-05-01&endDate=2026-05-31&gjqx=0&qxId=hzsylqx&locale=zh_CN,
yield_1y,CHN,2026-05-13,1.2057,%,D,,https://yield.chinabond.com.cn/cbweb-pbc-web/pbc/historyQuery?startDate=2026-05-01&endDate=2026-05-31&gjqx=0&qxId=hzsylqx&locale=zh_CN,
yield_1y,CHN,2026-05-14,1.2106,%,D,,https://yield.chinabond.com.cn/cbweb-pbc-web/pbc/historyQuery?startDate=2026-05-01&endDate=2026-05-31&gjqx=0&qxId=hzsylqx&locale=zh_CN,
yield_1y,CHN,2026-05-15,1.2066,%,D,,https://yield.chinabond.com.cn/cbweb-pbc-web/pbc/historyQuery?startDate=2026-05-01&endDate=2026-05-31&gjqx=0&qxId=hzsylqx&locale=zh_CN,
yield_1y,CHN,2026-05-18,1.2032,%,D,,https://yield.chinabond.com.cn/cbweb-pbc-web/pbc/historyQuery?startDate=2026-05-01&endDate=2026-05-31&gjqx=0&qxId=hzsylqx&locale=zh_CN,
yield_1y,CHN,2026-05-19,1.1924,%,D,,https://yield.chinabond.com.cn/cbweb-pbc-web/pbc/historyQuery?startDate=2026-05-01&endDate=2026-05-31&gjqx=0&qxId=hzsylqx&locale=zh_CN,
yield_1y,CHN,2026-05-20,1.1785,%,D,,https://yield.chinabond.com.cn/cbweb-pbc-web/pbc/historyQuery?startDate=2026-05-01&endDate=2026-05-31&gjqx=0&qxId=hzsylqx&locale=zh_CN,
yield_1y,CHN,2026-05-21,1.1768,%,D,,https://yield.chinabond.com.cn/cbweb-pbc-web/pbc/historyQuery?startDate=2026-05-01&endDate=2026-05-31&gjqx=0&qxId=hzsylqx&locale=zh_CN,
yield_1y,CHN,2026-05-22,1.1750,%,D,,https://yield.chinabond.com.cn/cbweb-pbc-web/pbc/historyQuery?startDate=2026-05-01&endDate=2026-05-31&gjqx=0&qxId=hzsylqx&locale=zh_CN,
yield_1y,CHN,2026-05-25,1.1797,%,D,,https://yield.chinabond.com.cn/cbweb-pbc-web/pbc/historyQuery?startDate=2026-05-01&endDate=2026-05-31&gjqx=0&qxId=hzsylqx&locale=zh_CN,
yield_1y,CHN,2026-05-26,1.1747,%,D,,https://yield.chinabond.com.cn/cbweb-pbc-web/pbc/historyQuery?startDate=2026-05-01&endDate=2026-05-31&gjqx=0&qxId=hzsylqx&locale=zh_CN,
yield_1y,CHN,2026-05-27,1.1672,%,D,,https://yield.chinabond.com.cn/cbweb-pbc-web/pbc/historyQuery?startDate=2026-05-01&endDate=2026-05-31&gjqx=0&qxId=hzsylqx&locale=zh_CN,
yield_1y,CHN,2026-05-28,1.1563,%,D,,https://yield.chinabond.com.cn/cbweb-pbc-web/pbc/historyQuery?startDate=2026-05-01&endDate=2026-05-31&gjqx=0&qxId=hzsylqx&locale=zh_CN,
yield_1y,CHN,2026-05-29,1.1578,%,D,,https://yield.chinabond.com.cn/cbweb-pbc-web/pbc/historyQuery?startDate=2026-05-01&endDate=2026-05-31&gjqx=0&qxId=hzsylqx&locale=zh_CN,
yield_1y,CHN,2026-06-01,1.1588,%,D,,https://yield.chinabond.com.cn/cbweb-pbc-web/pbc/historyQuery?startDate=2026-06-01&endDate=2026-06-30&gjqx=0&qxId=hzsylqx&locale=zh_CN,
yield_1y,CHN,2026-06-02,1.1538,%,D,,https://yield.chinabond.com.cn/cbweb-pbc-web/pbc/historyQuery?startDate=2026-06-01&endDate=2026-06-30&gjqx=0&qxId=hzsylqx&locale=zh_CN,
yield_1y,CHN,2026-06-03,1.1577,%,D,,https://yield.chinabond.com.cn/cbweb-pbc-web/pbc/historyQuery?startDate=2026-06-01&endDate=2026-06-30&gjqx=0&qxId=hzsylqx&locale=zh_CN,
yield_1y,CHN,2026-06-04,1.1638,%,D,,https://yield.chinabond.com.cn/cbweb-pbc-web/pbc/historyQuery?startDate=2026-06-01&endDate=2026-06-30&gjqx=0&qxId=hzsylqx&locale=zh_CN,
yield_1y,CHN,2026-06-05,1.1775,%,D,,https://yield.chinabond.com.cn/cbweb-pbc-web/pbc/historyQuery?startDate=2026-06-01&endDate=2026-06-30&gjqx=0&qxId=hzsylqx&locale=zh_CN,
yield_1y,CHN,2026-06-08,1.1790,%,D,,https://yield.chinabond.com.cn/cbweb-pbc-web/pbc/historyQuery?startDate=2026-06-01&endDate=2026-06-30&gjqx=0&qxId=hzsylqx&locale=zh_CN,
yield_1y,CHN,2026-06-09,1.1817,%,D,,https://yield.chinabond.com.cn/cbweb-pbc-web/pbc/historyQuery?startDate=2026-06-01&endDate=2026-06-30&gjqx=0&qxId=hzsylqx&locale=zh_CN,
yield_1y,CHN,2026-06-10,1.1892,%,D,,https://yield.chinabond.com.cn/cbweb-pbc-web/pbc/historyQuery?startDate=2026-06-01&endDate=2026-06-30&gjqx=0&qxId=hzsylqx&locale=zh_CN,
yield_1y,CHN,2026-06-11,1.1967,%,D,,https://yield.chinabond.com.cn/cbweb-pbc-web/pbc/historyQuery?startDate=2026-06-01&endDate=2026-06-30&gjqx=0&qxId=hzsylqx&locale=zh_CN,
yield_1y,CHN,2026-06-12,1.1967,%,D,,https://yield.chinabond.com.cn/cbweb-pbc-web/pbc/historyQuery?startDate=2026-06-01&endDate=2026-06-30&gjqx=0&qxId=hzsylqx&locale=zh_CN,
yield_1y,CHN,2026-06-15,1.2017,%,D,,https://yield.chinabond.com.cn/cbweb-pbc-web/pbc/historyQuery?startDate=2026-06-01&endDate=2026-06-30&gjqx=0&qxId=hzsylqx&locale=zh_CN,
yield_1y,CHN,2026-06-16,1.1967,%,D,,https://yield.chinabond.com.cn/cbweb-pbc-web/pbc/historyQuery?startDate=2026-06-01&endDate=2026-06-30&gjqx=0&qxId=hzsylqx&locale=zh_CN,
yield_1y,CHN,2026-06-17,1.1892,%,D,,https://yield.chinabond.com.cn/cbweb-pbc-web/pbc/historyQuery?startDate=2026-06-01&endDate=2026-06-30&gjqx=0&qxId=hzsylqx&locale=zh_CN,
yield_1y,CHN,2026-06-18,1.1717,%,D,,https://yield.chinabond.com.cn/cbweb-pbc-web/pbc/historyQuery?startDate=2026-06-01&endDate=2026-06-30&gjqx=0&qxId=hzsylqx&locale=zh_CN,
yield_1y,CHN,2026-06-22,1.1667,%,D,,https://yield.chinabond.com.cn/cbweb-pbc-web/pbc/historyQuery?startDate=2026-06-01&endDate=2026-06-30&gjqx=0&qxId=hzsylqx&locale=zh_CN,
yield_1y,CHN,2026-06-23,1.1667,%,D,,https://yield.chinabond.com.cn/cbweb-pbc-web/pbc/historyQuery?startDate=2026-06-01&endDate=2026-06-30&gjqx=0&qxId=hzsylqx&locale=zh_CN,
yield_1y,CHN,2026-06-24,1.1642,%,D,,https://yield.chinabond.com.cn/cbweb-pbc-web/pbc/historyQuery?startDate=2026-06-01&endDate=2026-06-30&gjqx=0&qxId=hzsylqx&locale=zh_CN,
yield_1y,CHN,2026-06-25,1.1467,%,D,,https://yield.chinabond.com.cn/cbweb-pbc-web/pbc/historyQuery?startDate=2026-06-01&endDate=2026-06-30&gjqx=0&qxId=hzsylqx&locale=zh_CN,
yield_1y,CHN,2026-06-26,1.1292,%,D,,https://yield.chinabond.com.cn/cbweb-pbc-web/pbc/historyQuery?startDate=2026-06-01&endDate=2026-06-30&gjqx=0&qxId=hzsylqx&locale=zh_CN,
yield_1y,CHN,2026-06-29,1.1017,%,D,,https://yield.chinabond.com.cn/cbweb-pbc-web/pbc/historyQuery?startDate=2026-06-01&endDate=2026-06-30&gjqx=0&qxId=hzsylqx&locale=zh_CN,
yield_1y,CHN,2026-06-30,1.1217,%,D,,https://yield.chinabond.com.cn/cbweb-pbc-web/pbc/historyQuery?startDate=2026-06-01&endDate=2026-06-30&gjqx=0&qxId=hzsylqx&locale=zh_CN,
yield_1y,CHN,2026-07-01,1.1317,%,D,,https://yield.chinabond.com.cn/cbweb-pbc-web/pbc/historyQuery?startDate=2026-07-01&endDate=2026-07-31&gjqx=0&qxId=hzsylqx&locale=zh_CN,
yield_1y,CHN,2026-07-02,1.1367,%,D,,https://yield.chinabond.com.cn/cbweb-pbc-web/pbc/historyQuery?startDate=2026-07-01&endDate=2026-07-31&gjqx=0&qxId=hzsylqx&locale=zh_CN,
yield_1y,CHN,2026-07-03,1.1392,%,D,,https://yield.chinabond.com.cn/cbweb-pbc-web/pbc/historyQuery?startDate=2026-07-01&endDate=2026-07-31&gjqx=0&qxId=hzsylqx&locale=zh_CN,
yield_1y,CHN,2026-07-06,1.1197,%,D,,https://yield.chinabond.com.cn/cbweb-pbc-web/pbc/historyQuery?startDate=2026-07-01&endDate=2026-07-31&gjqx=0&qxId=hzsylqx&locale=zh_CN,
yield_1y,CHN,2026-07-07,1.1172,%,D,,https://yield.chinabond.com.cn/cbweb-pbc-web/pbc/historyQuery?startDate=2026-07-01&endDate=2026-07-31&gjqx=0&qxId=hzsylqx&locale=zh_CN,
yield_1y,CHN,2026-07-08,1.1147,%,D,,https://yield.chinabond.com.cn/cbweb-pbc-web/pbc/historyQuery?startDate=2026-07-01&endDate=2026-07-31&gjqx=0&qxId=hzsylqx&locale=zh_CN,
yield_1y,CHN,2026-07-09,1.1122,%,D,,https://yield.chinabond.com.cn/cbweb-pbc-web/pbc/historyQuery?startDate=2026-07-01&endDate=2026-07-31&gjqx=0&qxId=hzsylqx&locale=zh_CN,
yield_1y,CHN,2026-07-10,1.1097,%,D,,https://yield.chinabond.com.cn/cbweb-pbc-web/pbc/historyQuery?startDate=2026-07-01&endDate=2026-07-31&gjqx=0&qxId=hzsylqx&locale=zh_CN,
yield_1y,CHN,2026-07-13,1.1147,%,D,,https://yield.chinabond.com.cn/cbweb-pbc-web/pbc/historyQuery?startDate=2026-07-01&endDate=2026-07-31&gjqx=0&qxId=hzsylqx&locale=zh_CN,
yield_1y,CHN,2026-07-14,1.1197,%,D,,https://yield.chinabond.com.cn/cbweb-pbc-web/pbc/historyQuery?startDate=2026-07-01&endDate=2026-07-31&gjqx=0&qxId=hzsylqx&locale=zh_CN,
yield_1y,CHN,2026-07-15,1.1197,%,D,,https://yield.chinabond.com.cn/cbweb-pbc-web/pbc/historyQuery?startDate=2026-07-01&endDate=2026-07-31&gjqx=0&qxId=hzsylqx&locale=zh_CN,
yield_1y,CHN,2026-07-16,1.1297,%,D,,https://yield.chinabond.com.cn/cbweb-pbc-web/pbc/historyQuery?startDate=2026-07-01&endDate=2026-07-31&gjqx=0&qxId=hzsylqx&locale=zh_CN,
yield_1y,CHN,2026-07-17,1.1441,%,D,,https://yield.chinabond.com.cn/cbweb-pbc-web/pbc/historyQuery?startDate=2026-07-01&endDate=2026-07-31&gjqx=0&qxId=hzsylqx&locale=zh_CN,
yield_1y,CHN,2026-07-20,1.1449,%,D,,https://yield.chinabond.com.cn/cbweb-pbc-web/pbc/historyQuery?startDate=2026-07-01&endDate=2026-07-31&gjqx=0&qxId=hzsylqx&locale=zh_CN,
yield_1y,CHN,2026-07-21,1.1420,%,D,,https://yield.chinabond.com.cn/cbweb-pbc-web/pbc/historyQuery?startDate=2026-07-01&endDate=2026-07-31&gjqx=0&qxId=hzsylqx&locale=zh_CN,
yield_1y,CHN,2026-07-22,1.1375,%,D,,https://yield.chinabond.com.cn/cbweb-pbc-web/pbc/historyQuery?startDate=2026-07-01&endDate=2026-07-31&gjqx=0&qxId=hzsylqx&locale=zh_CN,
yield_1y,CHN,2026-07-23,1.1372,%,D,,https://yield.chinabond.com.cn/cbweb-pbc-web/pbc/historyQuery?startDate=2026-07-01&endDate=2026-07-31&gjqx=0&qxId=hzsylqx&locale=zh_CN,
yield_1y,CHN,2026-07-24,1.1389,%,D,,https://yield.chinabond.com.cn/cbweb-pbc-web/pbc/historyQuery?startDate=2026-07-01&endDate=2026-07-31&gjqx=0&qxId=hzsylqx&locale=zh_CN,
yield_1y,CHN,2026-07-27,1.1409,%,D,,https://yield.chinabond.com.cn/cbweb-pbc-web/pbc/historyQuery?startDate=2026-07-01&endDate=2026-07-31&gjqx=0&qxId=hzsylqx&locale=zh_CN,
yield_1y,CHN,2026-07-28,1.1464,%,D,,https://yield.chinabond.com.cn/cbweb-pbc-web/pbc/historyQuery?startDate=2026-07-01&endDate=2026-07-31&gjqx=0&qxId=hzsylqx&locale=zh_CN,
yield_1y,CHN,2026-07-29,1.1522,%,D,,https://yield.chinabond.com.cn/cbweb-pbc-web/pbc/historyQuery?startDate=2026-07-01&endDate=2026-07-31&gjqx=0&qxId=hzsylqx&locale=zh_CN,
yield_1y,CHN,2026-07-30,1.1573,%,D,,https://yield.chinabond.com.cn/cbweb-pbc-web/pbc/historyQuery?startDate=2026-07-01&endDate=2026-07-31&gjqx=0&qxId=hzsylqx&locale=zh_CN,
yield_1y,CHN,2026-07-31,1.1460,%,D,,https://yield.chinabond.com.cn/cbweb-pbc-web/pbc/historyQuery?startDate=2026-07-01&endDate=2026-07-31&gjqx=0&qxId=hzsylqx&locale=zh_CN,
yield_1y,CHN,2026-08-03,1.1622,%,D,,https://yield.chinabond.com.cn/cbweb-pbc-web/pbc/historyQuery?startDate=2026-08-01&endDate=2026-08-31&gjqx=0&qxId=hzsylqx&locale=zh_CN,
yield_1y,CHN,2026-08-04,1.1624,%,D,,https://yield.chinabond.com.cn/cbweb-pbc-web/pbc/historyQuery?startDate=2026-08-01&endDate=2026-08-31&gjqx=0&qxId=hzsylqx&locale=zh_CN,
yield_1y,CHN,2026-08-05,1.1635,%,D,,https://yield.chinabond.com.cn/cbweb-pbc-web/pbc/historyQuery?startDate=2026-08-01&endDate=2026-08-31&gjqx=0&qxId=hzsylqx&locale=zh_CN,
yield_1y,CHN,2026-08-06,1.1631,%,D,,https://yield.chinabond.com.cn/cbweb-pbc-web/pbc/historyQuery?startDate=2026-08-01&endDate=2026-08-31&gjqx=0&qxId=hzsylqx&locale=zh_CN,
yield_1y,CHN,2026-08-07,1.2043,%,D,,https://yield.chinabond.com.cn/cbweb-pbc-web/pbc/historyQuery?startDate=2026-08-01&endDate=2026-08-31&gjqx=0&qxId=hzsylqx&locale=zh_CN,
yield_1y,CHN,2026-08-10,1.2076,%,D,,https://yield.chinabond.com.cn/cbweb-pbc-web/pbc/historyQuery?startDate=2026-08-01&endDate=2026-08-31&gjqx=0&qxId=hzsylqx&locale=zh_CN,
yield_1y,CHN,2026-08-11,1.2145,%,D,,https://yield.chinabond.com.cn/cbweb-pbc-web/pbc/historyQuery?startDate=2026-08-01&endDate=2026-08-31&gjqx=0&qxId=hzsylqx&locale=zh_CN,
yield_1y,CHN,2026-08-12,1.2112,%,D,,https://yield.chinabond.com.cn/cbweb-pbc-web/pbc/historyQuery?startDate=2026-08-01&endDate=2026-08-31&gjqx=0&qxId=hzsylqx&locale=zh_CN,
yield_1y,CHN,2026-08-13,1.2079,%,D,,https://yield.chinabond.com.cn/cbweb-pbc-web/pbc/historyQuery?startDate=2026-08-01&endDate=2026-08-31&gjqx=0&qxId=hzsylqx&locale=zh_CN,
yield_1y,CHN,2026-08-14,1.2065,%,D,,https://yield.chinabond.com.cn/cbweb-pbc-web/pbc/historyQuery?startDate=2026-08-01&endDate=2026-08-31&gjqx=0&qxId=hzsylqx&locale=zh_CN,
yield_1y,CHN,2026-08-17,1.2063,%,D,,https://yield.chinabond.com.cn/cbweb-pbc-web/pbc/historyQuery?startDate=2026-08-01&endDate=2026-08-31&gjqx=0&qxId=hzsylqx&locale=zh_CN,
yield_1y,CHN,2026-08-18,1.2008,%,D,,https://yield.chinabond.com.cn/cbweb-pbc-web/pbc/historyQuery?startDate=2026-08-01&endDate=2026-08-31&gjqx=0&qxId=hzsylqx&locale=zh_CN,
yield_1y,CHN,2026-08-19,1.1987,%,D,,https://yield.chinabond.com.cn/cbweb-pbc-web/pbc/historyQuery?startDate=2026-08-01&endDate=2026-08-31&gjqx=0&qxId=hzsylqx&locale=zh_CN,
yield_1y,CHN,2026-08-20,1.1999,%,D,,https://yield.chinabond.com.cn/cbweb-pbc-web/pbc/historyQuery?startDate=2026-08-01&endDate=2026-08-31&gjqx=0&qxId=hzsylqx&locale=zh_CN,
yield_1y,CHN,2026-08-21,1.2028,%,D,,https://yield.chinabond.com.cn/cbweb-pbc-web/pbc/historyQuery?startDate=2026-08-01&endDate=2026-08-31&gjqx=0&qxId=hzsylqx&locale=zh_CN,
yield_1y,CHN,2026-08-24,1.2020,%,D,,https://yield.chinabond.com.cn/cbweb-pbc-web/pbc/historyQuery?startDate=2026-08-01&endDate=2026-08-31&gjqx=0&qxId=hzsylqx&locale=zh_CN,
yield_1y,CHN,2026-08-25,1.2030,%,D,,https://yield.chinabond.com.cn/cbweb-pbc-web/pbc/historyQuery?startDate=2026-08-01&endDate=2026-08-31&gjqx=0&qxId=hzsylqx&locale=zh_CN,
yield_1y,CHN,2026-08-26,1.2069,%,D,,https://yield.chinabond.com.cn/cbweb-pbc-web/pbc/historyQuery?startDate=2026-08-01&endDate=2026-08-31&gjqx=0&qxId=hzsylqx&locale=zh_CN,
yield_1y,CHN,2026-08-27,1.2159,%,D,,https://yield.chinabond.com.cn/cbweb-pbc-web/pbc/historyQuery?startDate=2026-08-01&endDate=2026-08-31&gjqx=0&qxId=hzsylqx&locale=zh_CN,
yield_1y,CHN,2026-08-28,1.2132,%,D,,https://yield.chinabond.com.cn/cbweb-pbc-web/pbc/historyQuery?startDate=2026-08-01&endDate=2026-08-31&gjqx=0&qxId=hzsylqx&locale=zh_CN,
yield_1y,CHN,2026-08-31,1.2232,%,D,,https://yield.chinabond.com.cn/cbweb-pbc-web/pbc/historyQuery?startDate=2026-08-01&endDate=2026-08-31&gjqx=0&qxId=hzsylqx&locale=zh_CN,
yield_1y,CHN,2026-09-01,1.2252,%,D,,https://yield.chinabond.com.cn/cbweb-pbc-web/pbc/historyQuery?startDate=2026-09-01&endDate=2026-09-30&gjqx=0&qxId=hzsylqx&locale=zh_CN,
yield_1y,CHN,2026-09-02,1.2232,%,D,,https://yield.chinabond.com.cn/cbweb-pbc-web/pbc/historyQuery?startDate=2026-09-01&endDate=2026-09-30&gjqx=0&qxId=hzsylqx&locale=zh_CN,
yield_1y,CHN,2026-09-03,1.2232,%,D,,https://yield.chinabond.com.cn/cbweb-pbc-web/pbc/historyQuery?startDate=2026-09-01&endDate=2026-09-30&gjqx=0&qxId=hzsylqx&locale=zh_CN,
yield_1y,CHN,2026-09-04,1.2337,%,D,,https://yield.chinabond.com.cn/cbweb-pbc-web/pbc/historyQuery?startDate=2026-09-01&endDate=2026-09-30&gjqx=0&qxId=hzsylqx&locale=zh_CN,
yield_1y,CHN,2026-09-07,1.2307,%,D,,https://yield.chinabond.com.cn/cbweb-pbc-web/pbc/historyQuery?startDate=2026-09-01&endDate=2026-09-30&gjqx=0&qxId=hzsylqx&locale=zh_CN,
yield_1y,CHN,2026-09-08,1.2342,%,D,,https://yield.chinabond.com.cn/cbweb-pbc-web/pbc/historyQuery?startDate=2026-09-01&endDate=2026-09-30&gjqx=0&qxId=hzsylqx&locale=zh_CN,
yield_1y,CHN,2026-09-09,1.2342,%,D,,https://yield.chinabond.com.cn/cbweb-pbc-web/pbc/historyQuery?startDate=2026-09-01&endDate=2026-09-30&gjqx=0&qxId=hzsylqx&locale=zh_CN,
yield_1y,CHN,2026-09-10,1.2302,%,D,,https://yield.chinabond.com.cn/cbweb-pbc-web/pbc/historyQuery?startDate=2026-09-01&endDate=2026-09-30&gjqx=0&qxId=hzsylqx&locale=zh_CN,
yield_1y,CHN,2026-09-11,1.2292,%,D,,https://yield.chinabond.com.cn/cbweb-pbc-web/pbc/historyQuery?startDate=2026-09-01&endDate=2026-09-30&gjqx=0&qxId=hzsylqx&locale=zh_CN,
yield_1y,CHN,2026-09-14,1.2312,%,D,,https://yield.chinabond.com.cn/cbweb-pbc-web/pbc/historyQuery?startDate=2026-09-01&endDate=2026-09-30&gjqx=0&qxId=hzsylqx&locale=zh_CN,
yield_1y,CHN,2026-09-15,1.2302,%,D,,https://yield.chinabond.com.cn/cbweb-pbc-web/pbc/historyQuery?startDate=2026-09-01&endDate=2026-09-30&gjqx=0&qxId=hzsylqx&locale=zh_CN,
yield_1y,CHN,2026-09-16,1.2302,%,D,,https://yield.chinabond.com.cn/cbweb-pbc-web/pbc/historyQuery?startDate=2026-09-01&endDate=2026-09-30&gjqx=0&qxId=hzsylqx&locale=zh_CN,
yield_1y,CHN,2026-09-17,1.2303,%,D,,https://yield.chinabond.com.cn/cbweb-pbc-web/pbc/historyQuery?startDate=2026-09-01&endDate=2026-09-30&gjqx=0&qxId=hzsylqx&locale=zh_CN,
yield_1y,CHN,2026-09-18,1.2298,%,D,,https://yield.chinabond.com.cn/cbweb-pbc-web/pbc/historyQuery?startDate=2026-09-01&endDate=2026-09-30&gjqx=0&qxId=hzsylqx&locale=zh_CN,
yield_1y,CHN,2026-09-20,1.2298,%,D,,https://yield.chinabond.com.cn/cbweb-pbc-web/pbc/historyQuery?startDate=2026-09-01&endDate=2026-09-30&gjqx=0&qxId=hzsylqx&locale=zh_CN,
yield_1y,CHN,2026-09-21,1.2317,%,D,,https://yield.chinabond.com.cn/cbweb-pbc-web/pbc/historyQuery?startDate=2026-09-01&endDate=2026-09-30&gjqx=0&qxId=hzsylqx&locale=zh_CN,
yield_1y,CHN,2026-09-22,1.2317,%,D,,https://yield.chinabond.com.cn/cbweb-pbc-web/pbc/historyQuery?startDate=2026-09-01&endDate=2026-09-30&gjqx=0&qxId=hzsylqx&locale=zh_CN,
yield_1y,CHN,2026-09-23,1.2347,%,D,,https://yield.chinabond.com.cn/cbweb-pbc-web/pbc/historyQuery?startDate=2026-09-01&endDate=2026-09-30&gjqx=0&qxId=hzsylqx&locale=zh_CN,
yield_1y,CHN,2026-09-24,1.2327,%,D,,https://yield.chinabond.com.cn/cbweb-pbc-web/pbc/historyQuery?startDate=2026-09-01&endDate=2026-09-30&gjqx=0&qxId=hzsylqx&locale=zh_CN,
yield_1y,CHN,2026-09-28,1.2257,%,D,,https://yield.chinabond.com.cn/cbweb-pbc-web/pbc/historyQuery?startDate=2026-09-01&endDate=2026-09-30&gjqx=0&qxId=hzsylqx&locale=zh_CN,
yield_1y,CHN,2026-09-29,1.2197,%,D,,https://yield.chinabond.com.cn/cbweb-pbc-web/pbc/historyQuery?startDate=2026-09-01&endDate=2026-09-30&gjqx=0&qxId=hzsylqx&locale=zh_CN,
yield_1y,CHN,2026-09-30,1.2197,%,D,,https://yield.chinabond.com.cn/cbweb-pbc-web/pbc/historyQuery?startDate=2026-09-01&endDate=2026-09-30&gjqx=0&qxId=hzsylqx&locale=zh_CN,
